ACTIVATE ch[0] ra[0] bg[0] ba[0] ro[0] co[0] @2 tag : 
WRITE ch[0] ra[0] bg[0] ba[0] ro[0] co[0] @12
WRITE ch[0] ra[0] bg[0] ba[0] ro[0] co[1] @16
WRITE ch[0] ra[0] bg[0] ba[0] ro[0] co[2] @20
WRITE ch[0] ra[0] bg[0] ba[0] ro[0] co[3] @24
WRITE ch[0] ra[0] bg[0] ba[0] ro[0] co[4] @28
WRITE ch[0] ra[0] bg[0] ba[0] ro[0] co[5] @32
WRITE ch[0] ra[0] bg[0] ba[0] ro[0] co[6] @36
WRITE ch[0] ra[0] bg[0] ba[0] ro[0] co[7] @40
WRITE ch[0] ra[0] bg[0] ba[0] ro[0] co[8] @44
WRITE ch[0] ra[0] bg[0] ba[0] ro[0] co[9] @48
WRITE ch[0] ra[0] bg[0] ba[0] ro[0] co[10] @52
WRITE ch[0] ra[0] bg[0] ba[0] ro[0] co[11] @56
WRITE ch[0] ra[0] bg[0] ba[0] ro[0] co[12] @60
WRITE ch[0] ra[0] bg[0] ba[0] ro[0] co[13] @64
ACTIVATE ch[0] ra[0] bg[0] ba[2] ro[0] co[0] @66 tag : 
WRITE ch[0] ra[0] bg[0] ba[0] ro[0] co[14] @68
WRITE ch[0] ra[0] bg[0] ba[0] ro[0] co[15] @72
WRITE ch[0] ra[0] bg[0] ba[0] ro[0] co[16] @76
WRITE ch[0] ra[0] bg[0] ba[0] ro[0] co[17] @80
WRITE ch[0] ra[0] bg[0] ba[0] ro[0] co[18] @84
WRITE ch[0] ra[0] bg[0] ba[0] ro[0] co[19] @88
WRITE ch[0] ra[0] bg[0] ba[0] ro[0] co[20] @92
WRITE ch[0] ra[0] bg[0] ba[0] ro[0] co[21] @96
WRITE ch[0] ra[0] bg[0] ba[0] ro[0] co[22] @100
WRITE ch[0] ra[0] bg[0] ba[0] ro[0] co[23] @104
WRITE ch[0] ra[0] bg[0] ba[0] ro[0] co[24] @108
WRITE ch[0] ra[0] bg[0] ba[0] ro[0] co[25] @112
WRITE ch[0] ra[0] bg[0] ba[0] ro[0] co[26] @116
WRITE ch[0] ra[0] bg[0] ba[0] ro[0] co[27] @120
WRITE ch[0] ra[0] bg[0] ba[0] ro[0] co[28] @124
WRITE ch[0] ra[0] bg[0] ba[0] ro[0] co[29] @128
WRITE ch[0] ra[0] bg[0] ba[0] ro[0] co[30] @132
WRITE ch[0] ra[0] bg[0] ba[0] ro[0] co[31] @136
WRITE ch[0] ra[0] bg[0] ba[2] ro[0] co[0] @140
WRITE ch[0] ra[0] bg[0] ba[2] ro[0] co[1] @144
WRITE ch[0] ra[0] bg[0] ba[2] ro[0] co[2] @148
WRITE ch[0] ra[0] bg[0] ba[2] ro[0] co[3] @152
WRITE ch[0] ra[0] bg[0] ba[2] ro[0] co[4] @156
WRITE ch[0] ra[0] bg[0] ba[2] ro[0] co[5] @160
PRECHARGE ch[0] ra[0] bg[0] ba[0] ro[0] @162
WRITE ch[0] ra[0] bg[0] ba[2] ro[0] co[6] @164
WRITE ch[0] ra[0] bg[0] ba[2] ro[0] co[7] @168
WRITE ch[0] ra[0] bg[0] ba[2] ro[0] co[8] @172
WRITE ch[0] ra[0] bg[0] ba[2] ro[0] co[9] @176
ACTIVATE ch[0] ra[0] bg[0] ba[0] ro[1] co[0] @177 tag : 
WRITE ch[0] ra[0] bg[0] ba[2] ro[0] co[10] @180
WRITE ch[0] ra[0] bg[0] ba[2] ro[0] co[11] @184
WRITE ch[0] ra[0] bg[0] ba[0] ro[1] co[0] @188
WRITE ch[0] ra[0] bg[0] ba[0] ro[1] co[1] @192
WRITE ch[0] ra[0] bg[0] ba[0] ro[1] co[2] @196
WRITE ch[0] ra[0] bg[0] ba[0] ro[1] co[3] @200
WRITE ch[0] ra[0] bg[0] ba[0] ro[1] co[4] @204
WRITE ch[0] ra[0] bg[0] ba[0] ro[1] co[5] @208
WRITE ch[0] ra[0] bg[0] ba[0] ro[1] co[6] @212
WRITE ch[0] ra[0] bg[0] ba[0] ro[1] co[7] @216
WRITE ch[0] ra[0] bg[0] ba[0] ro[1] co[8] @220
WRITE ch[0] ra[0] bg[0] ba[0] ro[1] co[9] @224
WRITE ch[0] ra[0] bg[0] ba[0] ro[1] co[10] @228
WRITE ch[0] ra[0] bg[0] ba[0] ro[1] co[11] @232
WRITE ch[0] ra[0] bg[0] ba[0] ro[1] co[12] @236
WRITE ch[0] ra[0] bg[0] ba[0] ro[1] co[13] @240
WRITE ch[0] ra[0] bg[0] ba[0] ro[1] co[14] @244
WRITE ch[0] ra[0] bg[0] ba[0] ro[1] co[15] @248
WRITE ch[0] ra[0] bg[0] ba[0] ro[1] co[16] @252
WRITE ch[0] ra[0] bg[0] ba[0] ro[1] co[17] @256
WRITE ch[0] ra[0] bg[0] ba[0] ro[1] co[18] @260
WRITE ch[0] ra[0] bg[0] ba[0] ro[1] co[19] @264
WRITE ch[0] ra[0] bg[0] ba[0] ro[1] co[20] @268
ACTIVATE ch[0] ra[0] bg[1] ba[4] ro[0] co[0] @269 tag : 
WRITE ch[0] ra[0] bg[0] ba[0] ro[1] co[21] @272
WRITE ch[0] ra[0] bg[0] ba[0] ro[1] co[22] @276
WRITE ch[0] ra[0] bg[1] ba[4] ro[0] co[0] @279
WRITE ch[0] ra[0] bg[0] ba[0] ro[1] co[23] @281
WRITE ch[0] ra[0] bg[1] ba[4] ro[0] co[1] @283
WRITE ch[0] ra[0] bg[0] ba[0] ro[1] co[24] @285
WRITE ch[0] ra[0] bg[1] ba[4] ro[0] co[2] @287
WRITE ch[0] ra[0] bg[0] ba[0] ro[1] co[25] @289
WRITE ch[0] ra[0] bg[1] ba[4] ro[0] co[3] @291
WRITE ch[0] ra[0] bg[0] ba[0] ro[1] co[26] @293
WRITE ch[0] ra[0] bg[1] ba[4] ro[0] co[4] @295
WRITE ch[0] ra[0] bg[0] ba[0] ro[1] co[27] @297
WRITE ch[0] ra[0] bg[1] ba[4] ro[0] co[5] @299
WRITE ch[0] ra[0] bg[0] ba[0] ro[1] co[28] @301
WRITE ch[0] ra[0] bg[1] ba[4] ro[0] co[6] @303
WRITE ch[0] ra[0] bg[0] ba[0] ro[1] co[29] @305
WRITE ch[0] ra[0] bg[1] ba[4] ro[0] co[7] @307
WRITE ch[0] ra[0] bg[0] ba[0] ro[1] co[30] @309
WRITE ch[0] ra[0] bg[1] ba[4] ro[0] co[8] @311
WRITE ch[0] ra[0] bg[0] ba[0] ro[1] co[31] @313
WRITE ch[0] ra[0] bg[1] ba[4] ro[0] co[9] @315
WRITE ch[0] ra[0] bg[0] ba[2] ro[0] co[12] @317
WRITE ch[0] ra[0] bg[1] ba[4] ro[0] co[10] @319
WRITE ch[0] ra[0] bg[0] ba[2] ro[0] co[13] @321
WRITE ch[0] ra[0] bg[1] ba[4] ro[0] co[11] @323
WRITE ch[0] ra[0] bg[0] ba[2] ro[0] co[14] @325
WRITE ch[0] ra[0] bg[1] ba[4] ro[0] co[12] @327
WRITE ch[0] ra[0] bg[0] ba[2] ro[0] co[15] @329
WRITE ch[0] ra[0] bg[1] ba[4] ro[0] co[13] @331
WRITE ch[0] ra[0] bg[0] ba[2] ro[0] co[16] @333
WRITE ch[0] ra[0] bg[1] ba[4] ro[0] co[14] @335
WRITE ch[0] ra[0] bg[0] ba[2] ro[0] co[17] @337
WRITE ch[0] ra[0] bg[1] ba[4] ro[0] co[15] @339
PRECHARGE ch[0] ra[0] bg[0] ba[0] ro[1] @340
WRITE ch[0] ra[0] bg[0] ba[2] ro[0] co[18] @341
WRITE ch[0] ra[0] bg[1] ba[4] ro[0] co[16] @343
WRITE ch[0] ra[0] bg[0] ba[2] ro[0] co[19] @345
WRITE ch[0] ra[0] bg[1] ba[4] ro[0] co[17] @347
WRITE ch[0] ra[0] bg[0] ba[2] ro[0] co[20] @349
WRITE ch[0] ra[0] bg[1] ba[4] ro[0] co[18] @351
WRITE ch[0] ra[0] bg[0] ba[2] ro[0] co[21] @353
WRITE ch[0] ra[0] bg[1] ba[4] ro[0] co[19] @355
WRITE ch[0] ra[0] bg[0] ba[2] ro[0] co[22] @357
WRITE ch[0] ra[0] bg[1] ba[4] ro[0] co[20] @359
WRITE ch[0] ra[0] bg[0] ba[2] ro[0] co[23] @361
WRITE ch[0] ra[0] bg[1] ba[4] ro[0] co[21] @363
WRITE ch[0] ra[0] bg[0] ba[2] ro[0] co[24] @365
WRITE ch[0] ra[0] bg[1] ba[4] ro[0] co[22] @367
WRITE ch[0] ra[0] bg[0] ba[2] ro[0] co[25] @369
WRITE ch[0] ra[0] bg[1] ba[4] ro[0] co[23] @371
WRITE ch[0] ra[0] bg[0] ba[2] ro[0] co[26] @373
WRITE ch[0] ra[0] bg[1] ba[4] ro[0] co[24] @375
WRITE ch[0] ra[0] bg[0] ba[2] ro[0] co[27] @377
WRITE ch[0] ra[0] bg[1] ba[4] ro[0] co[25] @379
WRITE ch[0] ra[0] bg[0] ba[2] ro[0] co[28] @381
WRITE ch[0] ra[0] bg[1] ba[4] ro[0] co[26] @383
WRITE ch[0] ra[0] bg[0] ba[2] ro[0] co[29] @385
WRITE ch[0] ra[0] bg[1] ba[4] ro[0] co[27] @387
WRITE ch[0] ra[0] bg[0] ba[2] ro[0] co[30] @389
WRITE ch[0] ra[0] bg[1] ba[4] ro[0] co[28] @391
WRITE ch[0] ra[0] bg[0] ba[2] ro[0] co[31] @393
WRITE ch[0] ra[0] bg[1] ba[4] ro[0] co[29] @395
WRITE ch[0] ra[0] bg[1] ba[4] ro[0] co[30] @399
WRITE ch[0] ra[0] bg[1] ba[4] ro[0] co[31] @403
PRECHARGE ch[0] ra[0] bg[0] ba[2] ro[0] @419
PRECHARGE ch[0] ra[0] bg[1] ba[4] ro[0] @429
ACTIVATE ch[0] ra[0] bg[0] ba[2] ro[1] co[0] @433 tag : 
WRITE ch[0] ra[0] bg[0] ba[2] ro[1] co[0] @443
ACTIVATE ch[0] ra[0] bg[1] ba[4] ro[1] co[0] @444 tag : 
WRITE ch[0] ra[0] bg[0] ba[2] ro[1] co[1] @447
ACTIVATE ch[0] ra[0] bg[1] ba[6] ro[0] co[0] @450 tag : 
WRITE ch[0] ra[0] bg[0] ba[2] ro[1] co[2] @451
WRITE ch[0] ra[0] bg[1] ba[4] ro[1] co[0] @454
WRITE ch[0] ra[0] bg[0] ba[2] ro[1] co[3] @456
WRITE ch[0] ra[0] bg[1] ba[4] ro[1] co[1] @458
WRITE ch[0] ra[0] bg[0] ba[2] ro[1] co[4] @460
WRITE ch[0] ra[0] bg[1] ba[4] ro[1] co[2] @462
WRITE ch[0] ra[0] bg[0] ba[2] ro[1] co[5] @464
WRITE ch[0] ra[0] bg[1] ba[4] ro[1] co[3] @466
WRITE ch[0] ra[0] bg[0] ba[2] ro[1] co[6] @468
WRITE ch[0] ra[0] bg[1] ba[4] ro[1] co[4] @470
WRITE ch[0] ra[0] bg[0] ba[2] ro[1] co[7] @472
WRITE ch[0] ra[0] bg[1] ba[4] ro[1] co[5] @474
WRITE ch[0] ra[0] bg[0] ba[2] ro[1] co[8] @476
WRITE ch[0] ra[0] bg[1] ba[4] ro[1] co[6] @478
WRITE ch[0] ra[0] bg[0] ba[2] ro[1] co[9] @480
WRITE ch[0] ra[0] bg[1] ba[4] ro[1] co[7] @482
WRITE ch[0] ra[0] bg[0] ba[2] ro[1] co[10] @484
WRITE ch[0] ra[0] bg[1] ba[4] ro[1] co[8] @486
WRITE ch[0] ra[0] bg[0] ba[2] ro[1] co[11] @488
WRITE ch[0] ra[0] bg[1] ba[4] ro[1] co[9] @490
WRITE ch[0] ra[0] bg[0] ba[2] ro[1] co[12] @492
WRITE ch[0] ra[0] bg[1] ba[4] ro[1] co[10] @494
WRITE ch[0] ra[0] bg[0] ba[2] ro[1] co[13] @496
WRITE ch[0] ra[0] bg[1] ba[4] ro[1] co[11] @498
WRITE ch[0] ra[0] bg[0] ba[2] ro[1] co[14] @500
WRITE ch[0] ra[0] bg[1] ba[4] ro[1] co[12] @502
WRITE ch[0] ra[0] bg[0] ba[2] ro[1] co[15] @504
WRITE ch[0] ra[0] bg[1] ba[4] ro[1] co[13] @506
WRITE ch[0] ra[0] bg[0] ba[2] ro[1] co[16] @508
WRITE ch[0] ra[0] bg[1] ba[4] ro[1] co[14] @510
WRITE ch[0] ra[0] bg[0] ba[2] ro[1] co[17] @512
WRITE ch[0] ra[0] bg[1] ba[4] ro[1] co[15] @514
WRITE ch[0] ra[0] bg[0] ba[2] ro[1] co[18] @516
WRITE ch[0] ra[0] bg[1] ba[4] ro[1] co[16] @518
WRITE ch[0] ra[0] bg[0] ba[2] ro[1] co[19] @520
WRITE ch[0] ra[0] bg[1] ba[4] ro[1] co[17] @522
WRITE ch[0] ra[0] bg[0] ba[2] ro[1] co[20] @524
WRITE ch[0] ra[0] bg[1] ba[4] ro[1] co[18] @526
WRITE ch[0] ra[0] bg[0] ba[2] ro[1] co[21] @528
WRITE ch[0] ra[0] bg[1] ba[4] ro[1] co[19] @530
WRITE ch[0] ra[0] bg[0] ba[2] ro[1] co[22] @532
WRITE ch[0] ra[0] bg[1] ba[4] ro[1] co[20] @534
WRITE ch[0] ra[0] bg[0] ba[2] ro[1] co[23] @536
WRITE ch[0] ra[0] bg[1] ba[4] ro[1] co[21] @538
WRITE ch[0] ra[0] bg[0] ba[2] ro[1] co[24] @540
WRITE ch[0] ra[0] bg[1] ba[4] ro[1] co[22] @542
WRITE ch[0] ra[0] bg[0] ba[2] ro[1] co[25] @544
WRITE ch[0] ra[0] bg[1] ba[4] ro[1] co[23] @546
WRITE ch[0] ra[0] bg[0] ba[2] ro[1] co[26] @548
WRITE ch[0] ra[0] bg[1] ba[4] ro[1] co[24] @550
WRITE ch[0] ra[0] bg[0] ba[2] ro[1] co[27] @552
WRITE ch[0] ra[0] bg[1] ba[4] ro[1] co[25] @554
WRITE ch[0] ra[0] bg[0] ba[2] ro[1] co[28] @556
WRITE ch[0] ra[0] bg[1] ba[4] ro[1] co[26] @558
WRITE ch[0] ra[0] bg[0] ba[2] ro[1] co[29] @560
WRITE ch[0] ra[0] bg[1] ba[4] ro[1] co[27] @562
WRITE ch[0] ra[0] bg[0] ba[2] ro[1] co[30] @564
WRITE ch[0] ra[0] bg[1] ba[4] ro[1] co[28] @566
WRITE ch[0] ra[0] bg[0] ba[2] ro[1] co[31] @568
WRITE ch[0] ra[0] bg[1] ba[4] ro[1] co[29] @570
WRITE ch[0] ra[0] bg[1] ba[4] ro[1] co[30] @574
WRITE ch[0] ra[0] bg[1] ba[4] ro[1] co[31] @578
WRITE ch[0] ra[0] bg[1] ba[6] ro[0] co[0] @582
ACTIVATE ch[0] ra[0] bg[2] ba[8] ro[0] co[0] @583 tag : 
WRITE ch[0] ra[0] bg[1] ba[6] ro[0] co[1] @586
WRITE ch[0] ra[0] bg[1] ba[6] ro[0] co[2] @590
WRITE ch[0] ra[0] bg[2] ba[8] ro[0] co[0] @593
PRECHARGE ch[0] ra[0] bg[0] ba[2] ro[1] @594
WRITE ch[0] ra[0] bg[1] ba[6] ro[0] co[3] @595
WRITE ch[0] ra[0] bg[2] ba[8] ro[0] co[1] @597
WRITE ch[0] ra[0] bg[1] ba[6] ro[0] co[4] @599
WRITE ch[0] ra[0] bg[2] ba[8] ro[0] co[2] @601
WRITE ch[0] ra[0] bg[1] ba[6] ro[0] co[5] @603
PRECHARGE ch[0] ra[0] bg[1] ba[4] ro[1] @604
WRITE ch[0] ra[0] bg[2] ba[8] ro[0] co[3] @605
WRITE ch[0] ra[0] bg[1] ba[6] ro[0] co[6] @607
WRITE ch[0] ra[0] bg[2] ba[8] ro[0] co[4] @609
WRITE ch[0] ra[0] bg[1] ba[6] ro[0] co[7] @611
WRITE ch[0] ra[0] bg[2] ba[8] ro[0] co[5] @613
WRITE ch[0] ra[0] bg[1] ba[6] ro[0] co[8] @615
WRITE ch[0] ra[0] bg[2] ba[8] ro[0] co[6] @617
WRITE ch[0] ra[0] bg[1] ba[6] ro[0] co[9] @619
WRITE ch[0] ra[0] bg[2] ba[8] ro[0] co[7] @621
WRITE ch[0] ra[0] bg[1] ba[6] ro[0] co[10] @623
WRITE ch[0] ra[0] bg[2] ba[8] ro[0] co[8] @625
WRITE ch[0] ra[0] bg[1] ba[6] ro[0] co[11] @627
WRITE ch[0] ra[0] bg[2] ba[8] ro[0] co[9] @629
WRITE ch[0] ra[0] bg[1] ba[6] ro[0] co[12] @631
WRITE ch[0] ra[0] bg[2] ba[8] ro[0] co[10] @633
WRITE ch[0] ra[0] bg[1] ba[6] ro[0] co[13] @635
WRITE ch[0] ra[0] bg[2] ba[8] ro[0] co[11] @637
WRITE ch[0] ra[0] bg[1] ba[6] ro[0] co[14] @639
WRITE ch[0] ra[0] bg[2] ba[8] ro[0] co[12] @641
WRITE ch[0] ra[0] bg[1] ba[6] ro[0] co[15] @643
WRITE ch[0] ra[0] bg[2] ba[8] ro[0] co[13] @645
WRITE ch[0] ra[0] bg[1] ba[6] ro[0] co[16] @647
WRITE ch[0] ra[0] bg[2] ba[8] ro[0] co[14] @649
WRITE ch[0] ra[0] bg[1] ba[6] ro[0] co[17] @651
WRITE ch[0] ra[0] bg[2] ba[8] ro[0] co[15] @653
WRITE ch[0] ra[0] bg[1] ba[6] ro[0] co[18] @655
WRITE ch[0] ra[0] bg[2] ba[8] ro[0] co[16] @657
WRITE ch[0] ra[0] bg[1] ba[6] ro[0] co[19] @659
WRITE ch[0] ra[0] bg[2] ba[8] ro[0] co[17] @661
WRITE ch[0] ra[0] bg[1] ba[6] ro[0] co[20] @663
WRITE ch[0] ra[0] bg[2] ba[8] ro[0] co[18] @665
WRITE ch[0] ra[0] bg[1] ba[6] ro[0] co[21] @667
WRITE ch[0] ra[0] bg[2] ba[8] ro[0] co[19] @669
WRITE ch[0] ra[0] bg[1] ba[6] ro[0] co[22] @671
WRITE ch[0] ra[0] bg[2] ba[8] ro[0] co[20] @673
WRITE ch[0] ra[0] bg[1] ba[6] ro[0] co[23] @675
WRITE ch[0] ra[0] bg[2] ba[8] ro[0] co[21] @677
WRITE ch[0] ra[0] bg[1] ba[6] ro[0] co[24] @679
WRITE ch[0] ra[0] bg[2] ba[8] ro[0] co[22] @681
WRITE ch[0] ra[0] bg[1] ba[6] ro[0] co[25] @683
WRITE ch[0] ra[0] bg[2] ba[8] ro[0] co[23] @685
WRITE ch[0] ra[0] bg[1] ba[6] ro[0] co[26] @687
WRITE ch[0] ra[0] bg[2] ba[8] ro[0] co[24] @689
WRITE ch[0] ra[0] bg[1] ba[6] ro[0] co[27] @691
WRITE ch[0] ra[0] bg[2] ba[8] ro[0] co[25] @693
WRITE ch[0] ra[0] bg[1] ba[6] ro[0] co[28] @695
WRITE ch[0] ra[0] bg[2] ba[8] ro[0] co[26] @697
WRITE ch[0] ra[0] bg[1] ba[6] ro[0] co[29] @699
WRITE ch[0] ra[0] bg[2] ba[8] ro[0] co[27] @701
WRITE ch[0] ra[0] bg[1] ba[6] ro[0] co[30] @703
WRITE ch[0] ra[0] bg[2] ba[8] ro[0] co[28] @705
WRITE ch[0] ra[0] bg[1] ba[6] ro[0] co[31] @707
WRITE ch[0] ra[0] bg[2] ba[8] ro[0] co[29] @709
WRITE ch[0] ra[0] bg[2] ba[8] ro[0] co[30] @713
WRITE ch[0] ra[0] bg[2] ba[8] ro[0] co[31] @717
PRECHARGE ch[0] ra[0] bg[1] ba[6] ro[0] @733
PRECHARGE ch[0] ra[0] bg[2] ba[8] ro[0] @743
ACTIVATE ch[0] ra[0] bg[1] ba[6] ro[1] co[0] @747 tag : 
WRITE ch[0] ra[0] bg[1] ba[6] ro[1] co[0] @757
ACTIVATE ch[0] ra[0] bg[2] ba[8] ro[1] co[0] @758 tag : 
WRITE ch[0] ra[0] bg[1] ba[6] ro[1] co[1] @761
ACTIVATE ch[0] ra[0] bg[2] ba[10] ro[0] co[0] @764 tag : 
WRITE ch[0] ra[0] bg[1] ba[6] ro[1] co[2] @765
WRITE ch[0] ra[0] bg[2] ba[8] ro[1] co[0] @768
WRITE ch[0] ra[0] bg[1] ba[6] ro[1] co[3] @770
WRITE ch[0] ra[0] bg[2] ba[8] ro[1] co[1] @772
WRITE ch[0] ra[0] bg[1] ba[6] ro[1] co[4] @774
WRITE ch[0] ra[0] bg[2] ba[8] ro[1] co[2] @776
WRITE ch[0] ra[0] bg[1] ba[6] ro[1] co[5] @778
WRITE ch[0] ra[0] bg[2] ba[8] ro[1] co[3] @780
WRITE ch[0] ra[0] bg[1] ba[6] ro[1] co[6] @782
WRITE ch[0] ra[0] bg[2] ba[8] ro[1] co[4] @784
WRITE ch[0] ra[0] bg[1] ba[6] ro[1] co[7] @786
WRITE ch[0] ra[0] bg[2] ba[8] ro[1] co[5] @788
WRITE ch[0] ra[0] bg[1] ba[6] ro[1] co[8] @790
WRITE ch[0] ra[0] bg[2] ba[8] ro[1] co[6] @792
WRITE ch[0] ra[0] bg[1] ba[6] ro[1] co[9] @794
WRITE ch[0] ra[0] bg[2] ba[8] ro[1] co[7] @796
WRITE ch[0] ra[0] bg[1] ba[6] ro[1] co[10] @798
WRITE ch[0] ra[0] bg[2] ba[8] ro[1] co[8] @800
WRITE ch[0] ra[0] bg[1] ba[6] ro[1] co[11] @802
WRITE ch[0] ra[0] bg[2] ba[8] ro[1] co[9] @804
WRITE ch[0] ra[0] bg[1] ba[6] ro[1] co[12] @806
WRITE ch[0] ra[0] bg[2] ba[8] ro[1] co[10] @808
WRITE ch[0] ra[0] bg[1] ba[6] ro[1] co[13] @810
WRITE ch[0] ra[0] bg[2] ba[8] ro[1] co[11] @812
WRITE ch[0] ra[0] bg[1] ba[6] ro[1] co[14] @814
WRITE ch[0] ra[0] bg[2] ba[8] ro[1] co[12] @816
WRITE ch[0] ra[0] bg[1] ba[6] ro[1] co[15] @818
WRITE ch[0] ra[0] bg[2] ba[8] ro[1] co[13] @820
WRITE ch[0] ra[0] bg[1] ba[6] ro[1] co[16] @822
WRITE ch[0] ra[0] bg[2] ba[8] ro[1] co[14] @824
WRITE ch[0] ra[0] bg[1] ba[6] ro[1] co[17] @826
WRITE ch[0] ra[0] bg[2] ba[8] ro[1] co[15] @828
WRITE ch[0] ra[0] bg[1] ba[6] ro[1] co[18] @830
WRITE ch[0] ra[0] bg[2] ba[8] ro[1] co[16] @832
WRITE ch[0] ra[0] bg[1] ba[6] ro[1] co[19] @834
WRITE ch[0] ra[0] bg[2] ba[8] ro[1] co[17] @836
WRITE ch[0] ra[0] bg[1] ba[6] ro[1] co[20] @838
WRITE ch[0] ra[0] bg[2] ba[8] ro[1] co[18] @840
WRITE ch[0] ra[0] bg[1] ba[6] ro[1] co[21] @842
WRITE ch[0] ra[0] bg[2] ba[8] ro[1] co[19] @844
WRITE ch[0] ra[0] bg[1] ba[6] ro[1] co[22] @846
WRITE ch[0] ra[0] bg[2] ba[8] ro[1] co[20] @848
WRITE ch[0] ra[0] bg[1] ba[6] ro[1] co[23] @850
WRITE ch[0] ra[0] bg[2] ba[8] ro[1] co[21] @852
WRITE ch[0] ra[0] bg[1] ba[6] ro[1] co[24] @854
WRITE ch[0] ra[0] bg[2] ba[8] ro[1] co[22] @856
WRITE ch[0] ra[0] bg[1] ba[6] ro[1] co[25] @858
WRITE ch[0] ra[0] bg[2] ba[8] ro[1] co[23] @860
WRITE ch[0] ra[0] bg[1] ba[6] ro[1] co[26] @862
WRITE ch[0] ra[0] bg[2] ba[8] ro[1] co[24] @864
WRITE ch[0] ra[0] bg[1] ba[6] ro[1] co[27] @866
WRITE ch[0] ra[0] bg[2] ba[8] ro[1] co[25] @868
WRITE ch[0] ra[0] bg[1] ba[6] ro[1] co[28] @870
WRITE ch[0] ra[0] bg[2] ba[8] ro[1] co[26] @872
WRITE ch[0] ra[0] bg[1] ba[6] ro[1] co[29] @874
WRITE ch[0] ra[0] bg[2] ba[8] ro[1] co[27] @876
WRITE ch[0] ra[0] bg[1] ba[6] ro[1] co[30] @878
WRITE ch[0] ra[0] bg[2] ba[8] ro[1] co[28] @880
WRITE ch[0] ra[0] bg[1] ba[6] ro[1] co[31] @882
WRITE ch[0] ra[0] bg[2] ba[8] ro[1] co[29] @884
WRITE ch[0] ra[0] bg[2] ba[8] ro[1] co[30] @888
WRITE ch[0] ra[0] bg[2] ba[8] ro[1] co[31] @892
WRITE ch[0] ra[0] bg[2] ba[10] ro[0] co[0] @896
ACTIVATE ch[0] ra[0] bg[3] ba[12] ro[0] co[0] @897 tag : 
WRITE ch[0] ra[0] bg[2] ba[10] ro[0] co[1] @900
WRITE ch[0] ra[0] bg[2] ba[10] ro[0] co[2] @904
WRITE ch[0] ra[0] bg[3] ba[12] ro[0] co[0] @907
PRECHARGE ch[0] ra[0] bg[1] ba[6] ro[1] @908
WRITE ch[0] ra[0] bg[2] ba[10] ro[0] co[3] @909
WRITE ch[0] ra[0] bg[3] ba[12] ro[0] co[1] @911
WRITE ch[0] ra[0] bg[2] ba[10] ro[0] co[4] @913
WRITE ch[0] ra[0] bg[3] ba[12] ro[0] co[2] @915
WRITE ch[0] ra[0] bg[2] ba[10] ro[0] co[5] @917
PRECHARGE ch[0] ra[0] bg[2] ba[8] ro[1] @918
WRITE ch[0] ra[0] bg[3] ba[12] ro[0] co[3] @919
WRITE ch[0] ra[0] bg[2] ba[10] ro[0] co[6] @921
WRITE ch[0] ra[0] bg[3] ba[12] ro[0] co[4] @923
WRITE ch[0] ra[0] bg[2] ba[10] ro[0] co[7] @925
WRITE ch[0] ra[0] bg[3] ba[12] ro[0] co[5] @927
WRITE ch[0] ra[0] bg[2] ba[10] ro[0] co[8] @929
WRITE ch[0] ra[0] bg[3] ba[12] ro[0] co[6] @931
WRITE ch[0] ra[0] bg[2] ba[10] ro[0] co[9] @933
WRITE ch[0] ra[0] bg[3] ba[12] ro[0] co[7] @935
WRITE ch[0] ra[0] bg[2] ba[10] ro[0] co[10] @937
WRITE ch[0] ra[0] bg[3] ba[12] ro[0] co[8] @939
WRITE ch[0] ra[0] bg[2] ba[10] ro[0] co[11] @941
WRITE ch[0] ra[0] bg[3] ba[12] ro[0] co[9] @943
WRITE ch[0] ra[0] bg[2] ba[10] ro[0] co[12] @945
WRITE ch[0] ra[0] bg[3] ba[12] ro[0] co[10] @947
WRITE ch[0] ra[0] bg[2] ba[10] ro[0] co[13] @949
WRITE ch[0] ra[0] bg[3] ba[12] ro[0] co[11] @951
WRITE ch[0] ra[0] bg[2] ba[10] ro[0] co[14] @953
WRITE ch[0] ra[0] bg[3] ba[12] ro[0] co[12] @955
WRITE ch[0] ra[0] bg[2] ba[10] ro[0] co[15] @957
WRITE ch[0] ra[0] bg[3] ba[12] ro[0] co[13] @959
WRITE ch[0] ra[0] bg[2] ba[10] ro[0] co[16] @961
WRITE ch[0] ra[0] bg[3] ba[12] ro[0] co[14] @963
WRITE ch[0] ra[0] bg[2] ba[10] ro[0] co[17] @965
WRITE ch[0] ra[0] bg[3] ba[12] ro[0] co[15] @967
WRITE ch[0] ra[0] bg[2] ba[10] ro[0] co[18] @969
WRITE ch[0] ra[0] bg[3] ba[12] ro[0] co[16] @971
WRITE ch[0] ra[0] bg[2] ba[10] ro[0] co[19] @973
WRITE ch[0] ra[0] bg[3] ba[12] ro[0] co[17] @975
WRITE ch[0] ra[0] bg[2] ba[10] ro[0] co[20] @977
WRITE ch[0] ra[0] bg[3] ba[12] ro[0] co[18] @979
WRITE ch[0] ra[0] bg[2] ba[10] ro[0] co[21] @981
WRITE ch[0] ra[0] bg[3] ba[12] ro[0] co[19] @983
WRITE ch[0] ra[0] bg[2] ba[10] ro[0] co[22] @985
WRITE ch[0] ra[0] bg[3] ba[12] ro[0] co[20] @987
WRITE ch[0] ra[0] bg[2] ba[10] ro[0] co[23] @989
WRITE ch[0] ra[0] bg[3] ba[12] ro[0] co[21] @991
WRITE ch[0] ra[0] bg[2] ba[10] ro[0] co[24] @993
WRITE ch[0] ra[0] bg[3] ba[12] ro[0] co[22] @995
WRITE ch[0] ra[0] bg[2] ba[10] ro[0] co[25] @997
WRITE ch[0] ra[0] bg[3] ba[12] ro[0] co[23] @999
WRITE ch[0] ra[0] bg[2] ba[10] ro[0] co[26] @1001
WRITE ch[0] ra[0] bg[3] ba[12] ro[0] co[24] @1003
WRITE ch[0] ra[0] bg[2] ba[10] ro[0] co[27] @1005
WRITE ch[0] ra[0] bg[3] ba[12] ro[0] co[25] @1007
WRITE ch[0] ra[0] bg[2] ba[10] ro[0] co[28] @1009
WRITE ch[0] ra[0] bg[3] ba[12] ro[0] co[26] @1011
WRITE ch[0] ra[0] bg[2] ba[10] ro[0] co[29] @1013
WRITE ch[0] ra[0] bg[3] ba[12] ro[0] co[27] @1015
WRITE ch[0] ra[0] bg[2] ba[10] ro[0] co[30] @1017
WRITE ch[0] ra[0] bg[3] ba[12] ro[0] co[28] @1019
WRITE ch[0] ra[0] bg[2] ba[10] ro[0] co[31] @1021
WRITE ch[0] ra[0] bg[3] ba[12] ro[0] co[29] @1023
WRITE ch[0] ra[0] bg[3] ba[12] ro[0] co[30] @1027
WRITE ch[0] ra[0] bg[3] ba[12] ro[0] co[31] @1031
PRECHARGE ch[0] ra[0] bg[2] ba[10] ro[0] @1047
PRECHARGE ch[0] ra[0] bg[3] ba[12] ro[0] @1057
ACTIVATE ch[0] ra[0] bg[2] ba[10] ro[1] co[0] @1061 tag : 
WRITE ch[0] ra[0] bg[2] ba[10] ro[1] co[0] @1071
ACTIVATE ch[0] ra[0] bg[3] ba[12] ro[1] co[0] @1072 tag : 
WRITE ch[0] ra[0] bg[2] ba[10] ro[1] co[1] @1075
ACTIVATE ch[0] ra[0] bg[3] ba[14] ro[0] co[0] @1078 tag : 
WRITE ch[0] ra[0] bg[2] ba[10] ro[1] co[2] @1079
WRITE ch[0] ra[0] bg[3] ba[12] ro[1] co[0] @1082
WRITE ch[0] ra[0] bg[2] ba[10] ro[1] co[3] @1084
WRITE ch[0] ra[0] bg[3] ba[12] ro[1] co[1] @1086
WRITE ch[0] ra[0] bg[2] ba[10] ro[1] co[4] @1088
WRITE ch[0] ra[0] bg[3] ba[12] ro[1] co[2] @1090
WRITE ch[0] ra[0] bg[2] ba[10] ro[1] co[5] @1092
WRITE ch[0] ra[0] bg[3] ba[12] ro[1] co[3] @1094
WRITE ch[0] ra[0] bg[2] ba[10] ro[1] co[6] @1096
WRITE ch[0] ra[0] bg[3] ba[12] ro[1] co[4] @1098
WRITE ch[0] ra[0] bg[2] ba[10] ro[1] co[7] @1100
WRITE ch[0] ra[0] bg[3] ba[12] ro[1] co[5] @1102
WRITE ch[0] ra[0] bg[2] ba[10] ro[1] co[8] @1104
WRITE ch[0] ra[0] bg[3] ba[12] ro[1] co[6] @1106
WRITE ch[0] ra[0] bg[2] ba[10] ro[1] co[9] @1108
WRITE ch[0] ra[0] bg[3] ba[12] ro[1] co[7] @1110
WRITE ch[0] ra[0] bg[2] ba[10] ro[1] co[10] @1112
WRITE ch[0] ra[0] bg[3] ba[12] ro[1] co[8] @1114
WRITE ch[0] ra[0] bg[2] ba[10] ro[1] co[11] @1116
WRITE ch[0] ra[0] bg[3] ba[12] ro[1] co[9] @1118
WRITE ch[0] ra[0] bg[2] ba[10] ro[1] co[12] @1120
WRITE ch[0] ra[0] bg[3] ba[12] ro[1] co[10] @1122
WRITE ch[0] ra[0] bg[2] ba[10] ro[1] co[13] @1124
WRITE ch[0] ra[0] bg[3] ba[12] ro[1] co[11] @1126
WRITE ch[0] ra[0] bg[2] ba[10] ro[1] co[14] @1128
WRITE ch[0] ra[0] bg[3] ba[12] ro[1] co[12] @1130
WRITE ch[0] ra[0] bg[2] ba[10] ro[1] co[15] @1132
WRITE ch[0] ra[0] bg[3] ba[12] ro[1] co[13] @1134
WRITE ch[0] ra[0] bg[2] ba[10] ro[1] co[16] @1136
WRITE ch[0] ra[0] bg[3] ba[12] ro[1] co[14] @1138
WRITE ch[0] ra[0] bg[2] ba[10] ro[1] co[17] @1140
WRITE ch[0] ra[0] bg[3] ba[12] ro[1] co[15] @1142
WRITE ch[0] ra[0] bg[2] ba[10] ro[1] co[18] @1144
WRITE ch[0] ra[0] bg[3] ba[12] ro[1] co[16] @1146
WRITE ch[0] ra[0] bg[2] ba[10] ro[1] co[19] @1148
WRITE ch[0] ra[0] bg[3] ba[12] ro[1] co[17] @1150
WRITE ch[0] ra[0] bg[2] ba[10] ro[1] co[20] @1152
WRITE ch[0] ra[0] bg[3] ba[12] ro[1] co[18] @1154
WRITE ch[0] ra[0] bg[2] ba[10] ro[1] co[21] @1156
WRITE ch[0] ra[0] bg[3] ba[12] ro[1] co[19] @1158
WRITE ch[0] ra[0] bg[2] ba[10] ro[1] co[22] @1160
WRITE ch[0] ra[0] bg[3] ba[12] ro[1] co[20] @1162
WRITE ch[0] ra[0] bg[2] ba[10] ro[1] co[23] @1164
WRITE ch[0] ra[0] bg[3] ba[12] ro[1] co[21] @1166
WRITE ch[0] ra[0] bg[2] ba[10] ro[1] co[24] @1168
WRITE ch[0] ra[0] bg[3] ba[12] ro[1] co[22] @1170
WRITE ch[0] ra[0] bg[2] ba[10] ro[1] co[25] @1172
WRITE ch[0] ra[0] bg[3] ba[12] ro[1] co[23] @1174
WRITE ch[0] ra[0] bg[2] ba[10] ro[1] co[26] @1176
WRITE ch[0] ra[0] bg[3] ba[12] ro[1] co[24] @1178
WRITE ch[0] ra[0] bg[2] ba[10] ro[1] co[27] @1180
WRITE ch[0] ra[0] bg[3] ba[12] ro[1] co[25] @1182
WRITE ch[0] ra[0] bg[2] ba[10] ro[1] co[28] @1184
WRITE ch[0] ra[0] bg[3] ba[12] ro[1] co[26] @1186
WRITE ch[0] ra[0] bg[2] ba[10] ro[1] co[29] @1188
WRITE ch[0] ra[0] bg[3] ba[12] ro[1] co[27] @1190
WRITE ch[0] ra[0] bg[2] ba[10] ro[1] co[30] @1192
WRITE ch[0] ra[0] bg[3] ba[12] ro[1] co[28] @1194
WRITE ch[0] ra[0] bg[2] ba[10] ro[1] co[31] @1196
WRITE ch[0] ra[0] bg[3] ba[12] ro[1] co[29] @1198
WRITE ch[0] ra[0] bg[3] ba[12] ro[1] co[30] @1202
WRITE ch[0] ra[0] bg[3] ba[12] ro[1] co[31] @1206
WRITE ch[0] ra[0] bg[3] ba[14] ro[0] co[0] @1210
ACTIVATE ch[0] ra[0] bg[0] ba[1] ro[0] co[0] @1211 tag : 
WRITE ch[0] ra[0] bg[3] ba[14] ro[0] co[1] @1214
WRITE ch[0] ra[0] bg[3] ba[14] ro[0] co[2] @1218
WRITE ch[0] ra[0] bg[0] ba[1] ro[0] co[0] @1221
PRECHARGE ch[0] ra[0] bg[2] ba[10] ro[1] @1222
WRITE ch[0] ra[0] bg[3] ba[14] ro[0] co[3] @1223
WRITE ch[0] ra[0] bg[0] ba[1] ro[0] co[1] @1225
WRITE ch[0] ra[0] bg[3] ba[14] ro[0] co[4] @1227
WRITE ch[0] ra[0] bg[0] ba[1] ro[0] co[2] @1229
WRITE ch[0] ra[0] bg[3] ba[14] ro[0] co[5] @1231
PRECHARGE ch[0] ra[0] bg[3] ba[12] ro[1] @1232
WRITE ch[0] ra[0] bg[0] ba[1] ro[0] co[3] @1233
WRITE ch[0] ra[0] bg[3] ba[14] ro[0] co[6] @1235
WRITE ch[0] ra[0] bg[0] ba[1] ro[0] co[4] @1237
WRITE ch[0] ra[0] bg[3] ba[14] ro[0] co[7] @1239
WRITE ch[0] ra[0] bg[0] ba[1] ro[0] co[5] @1241
WRITE ch[0] ra[0] bg[3] ba[14] ro[0] co[8] @1243
WRITE ch[0] ra[0] bg[0] ba[1] ro[0] co[6] @1245
WRITE ch[0] ra[0] bg[3] ba[14] ro[0] co[9] @1247
WRITE ch[0] ra[0] bg[0] ba[1] ro[0] co[7] @1249
WRITE ch[0] ra[0] bg[3] ba[14] ro[0] co[10] @1251
WRITE ch[0] ra[0] bg[0] ba[1] ro[0] co[8] @1253
WRITE ch[0] ra[0] bg[3] ba[14] ro[0] co[11] @1255
WRITE ch[0] ra[0] bg[0] ba[1] ro[0] co[9] @1257
WRITE ch[0] ra[0] bg[3] ba[14] ro[0] co[12] @1259
WRITE ch[0] ra[0] bg[0] ba[1] ro[0] co[10] @1261
WRITE ch[0] ra[0] bg[3] ba[14] ro[0] co[13] @1263
WRITE ch[0] ra[0] bg[0] ba[1] ro[0] co[11] @1265
WRITE ch[0] ra[0] bg[3] ba[14] ro[0] co[14] @1267
WRITE ch[0] ra[0] bg[0] ba[1] ro[0] co[12] @1269
WRITE ch[0] ra[0] bg[3] ba[14] ro[0] co[15] @1271
WRITE ch[0] ra[0] bg[0] ba[1] ro[0] co[13] @1273
WRITE ch[0] ra[0] bg[3] ba[14] ro[0] co[16] @1275
WRITE ch[0] ra[0] bg[0] ba[1] ro[0] co[14] @1277
WRITE ch[0] ra[0] bg[3] ba[14] ro[0] co[17] @1279
WRITE ch[0] ra[0] bg[0] ba[1] ro[0] co[15] @1281
WRITE ch[0] ra[0] bg[3] ba[14] ro[0] co[18] @1283
WRITE ch[0] ra[0] bg[0] ba[1] ro[0] co[16] @1285
WRITE ch[0] ra[0] bg[3] ba[14] ro[0] co[19] @1287
WRITE ch[0] ra[0] bg[0] ba[1] ro[0] co[17] @1289
WRITE ch[0] ra[0] bg[3] ba[14] ro[0] co[20] @1291
WRITE ch[0] ra[0] bg[0] ba[1] ro[0] co[18] @1293
WRITE ch[0] ra[0] bg[3] ba[14] ro[0] co[21] @1295
WRITE ch[0] ra[0] bg[0] ba[1] ro[0] co[19] @1297
WRITE ch[0] ra[0] bg[3] ba[14] ro[0] co[22] @1299
WRITE ch[0] ra[0] bg[0] ba[1] ro[0] co[20] @1301
WRITE ch[0] ra[0] bg[3] ba[14] ro[0] co[23] @1303
WRITE ch[0] ra[0] bg[0] ba[1] ro[0] co[21] @1305
WRITE ch[0] ra[0] bg[3] ba[14] ro[0] co[24] @1307
WRITE ch[0] ra[0] bg[0] ba[1] ro[0] co[22] @1309
WRITE ch[0] ra[0] bg[3] ba[14] ro[0] co[25] @1311
WRITE ch[0] ra[0] bg[0] ba[1] ro[0] co[23] @1313
WRITE ch[0] ra[0] bg[3] ba[14] ro[0] co[26] @1315
WRITE ch[0] ra[0] bg[0] ba[1] ro[0] co[24] @1317
WRITE ch[0] ra[0] bg[3] ba[14] ro[0] co[27] @1319
WRITE ch[0] ra[0] bg[0] ba[1] ro[0] co[25] @1321
WRITE ch[0] ra[0] bg[3] ba[14] ro[0] co[28] @1323
WRITE ch[0] ra[0] bg[0] ba[1] ro[0] co[26] @1325
WRITE ch[0] ra[0] bg[3] ba[14] ro[0] co[29] @1327
WRITE ch[0] ra[0] bg[0] ba[1] ro[0] co[27] @1329
WRITE ch[0] ra[0] bg[3] ba[14] ro[0] co[30] @1331
WRITE ch[0] ra[0] bg[0] ba[1] ro[0] co[28] @1333
WRITE ch[0] ra[0] bg[3] ba[14] ro[0] co[31] @1335
WRITE ch[0] ra[0] bg[0] ba[1] ro[0] co[29] @1337
WRITE ch[0] ra[0] bg[0] ba[1] ro[0] co[30] @1341
WRITE ch[0] ra[0] bg[0] ba[1] ro[0] co[31] @1345
PRECHARGE ch[0] ra[0] bg[3] ba[14] ro[0] @1361
PRECHARGE ch[0] ra[0] bg[0] ba[1] ro[0] @1371
ACTIVATE ch[0] ra[0] bg[3] ba[14] ro[1] co[0] @1375 tag : 
WRITE ch[0] ra[0] bg[3] ba[14] ro[1] co[0] @1385
ACTIVATE ch[0] ra[0] bg[0] ba[1] ro[1] co[0] @1386 tag : 
WRITE ch[0] ra[0] bg[3] ba[14] ro[1] co[1] @1389
ACTIVATE ch[0] ra[0] bg[0] ba[3] ro[0] co[0] @1392 tag : 
WRITE ch[0] ra[0] bg[3] ba[14] ro[1] co[2] @1393
WRITE ch[0] ra[0] bg[0] ba[1] ro[1] co[0] @1396
WRITE ch[0] ra[0] bg[3] ba[14] ro[1] co[3] @1398
WRITE ch[0] ra[0] bg[0] ba[1] ro[1] co[1] @1400
WRITE ch[0] ra[0] bg[3] ba[14] ro[1] co[4] @1402
WRITE ch[0] ra[0] bg[0] ba[1] ro[1] co[2] @1404
WRITE ch[0] ra[0] bg[3] ba[14] ro[1] co[5] @1406
WRITE ch[0] ra[0] bg[0] ba[1] ro[1] co[3] @1408
WRITE ch[0] ra[0] bg[3] ba[14] ro[1] co[6] @1410
WRITE ch[0] ra[0] bg[0] ba[1] ro[1] co[4] @1412
WRITE ch[0] ra[0] bg[3] ba[14] ro[1] co[7] @1414
WRITE ch[0] ra[0] bg[0] ba[1] ro[1] co[5] @1416
WRITE ch[0] ra[0] bg[3] ba[14] ro[1] co[8] @1418
WRITE ch[0] ra[0] bg[0] ba[1] ro[1] co[6] @1420
WRITE ch[0] ra[0] bg[3] ba[14] ro[1] co[9] @1422
WRITE ch[0] ra[0] bg[0] ba[1] ro[1] co[7] @1424
WRITE ch[0] ra[0] bg[3] ba[14] ro[1] co[10] @1426
WRITE ch[0] ra[0] bg[0] ba[1] ro[1] co[8] @1428
WRITE ch[0] ra[0] bg[3] ba[14] ro[1] co[11] @1430
WRITE ch[0] ra[0] bg[0] ba[1] ro[1] co[9] @1432
WRITE ch[0] ra[0] bg[3] ba[14] ro[1] co[12] @1434
WRITE ch[0] ra[0] bg[0] ba[1] ro[1] co[10] @1436
WRITE ch[0] ra[0] bg[3] ba[14] ro[1] co[13] @1438
WRITE ch[0] ra[0] bg[0] ba[1] ro[1] co[11] @1440
WRITE ch[0] ra[0] bg[3] ba[14] ro[1] co[14] @1442
WRITE ch[0] ra[0] bg[0] ba[1] ro[1] co[12] @1444
WRITE ch[0] ra[0] bg[3] ba[14] ro[1] co[15] @1446
WRITE ch[0] ra[0] bg[0] ba[1] ro[1] co[13] @1448
WRITE ch[0] ra[0] bg[3] ba[14] ro[1] co[16] @1450
WRITE ch[0] ra[0] bg[0] ba[1] ro[1] co[14] @1452
WRITE ch[0] ra[0] bg[3] ba[14] ro[1] co[17] @1454
WRITE ch[0] ra[0] bg[0] ba[1] ro[1] co[15] @1456
WRITE ch[0] ra[0] bg[3] ba[14] ro[1] co[18] @1458
WRITE ch[0] ra[0] bg[0] ba[1] ro[1] co[16] @1460
WRITE ch[0] ra[0] bg[3] ba[14] ro[1] co[19] @1462
WRITE ch[0] ra[0] bg[0] ba[1] ro[1] co[17] @1464
WRITE ch[0] ra[0] bg[3] ba[14] ro[1] co[20] @1466
WRITE ch[0] ra[0] bg[0] ba[1] ro[1] co[18] @1468
WRITE ch[0] ra[0] bg[3] ba[14] ro[1] co[21] @1470
WRITE ch[0] ra[0] bg[0] ba[1] ro[1] co[19] @1472
WRITE ch[0] ra[0] bg[3] ba[14] ro[1] co[22] @1474
WRITE ch[0] ra[0] bg[0] ba[1] ro[1] co[20] @1476
WRITE ch[0] ra[0] bg[3] ba[14] ro[1] co[23] @1478
WRITE ch[0] ra[0] bg[0] ba[1] ro[1] co[21] @1480
WRITE ch[0] ra[0] bg[3] ba[14] ro[1] co[24] @1482
WRITE ch[0] ra[0] bg[0] ba[1] ro[1] co[22] @1484
WRITE ch[0] ra[0] bg[3] ba[14] ro[1] co[25] @1486
WRITE ch[0] ra[0] bg[0] ba[1] ro[1] co[23] @1488
WRITE ch[0] ra[0] bg[3] ba[14] ro[1] co[26] @1490
WRITE ch[0] ra[0] bg[0] ba[1] ro[1] co[24] @1492
WRITE ch[0] ra[0] bg[3] ba[14] ro[1] co[27] @1494
WRITE ch[0] ra[0] bg[0] ba[1] ro[1] co[25] @1496
WRITE ch[0] ra[0] bg[3] ba[14] ro[1] co[28] @1498
WRITE ch[0] ra[0] bg[0] ba[1] ro[1] co[26] @1500
WRITE ch[0] ra[0] bg[3] ba[14] ro[1] co[29] @1502
WRITE ch[0] ra[0] bg[0] ba[1] ro[1] co[27] @1504
WRITE ch[0] ra[0] bg[3] ba[14] ro[1] co[30] @1506
WRITE ch[0] ra[0] bg[0] ba[1] ro[1] co[28] @1508
WRITE ch[0] ra[0] bg[3] ba[14] ro[1] co[31] @1510
WRITE ch[0] ra[0] bg[0] ba[1] ro[1] co[29] @1512
WRITE ch[0] ra[0] bg[0] ba[1] ro[1] co[30] @1516
WRITE ch[0] ra[0] bg[0] ba[1] ro[1] co[31] @1520
WRITE ch[0] ra[0] bg[0] ba[3] ro[0] co[0] @1524
ACTIVATE ch[0] ra[0] bg[1] ba[5] ro[0] co[0] @1525 tag : 
WRITE ch[0] ra[0] bg[0] ba[3] ro[0] co[1] @1528
WRITE ch[0] ra[0] bg[0] ba[3] ro[0] co[2] @1532
WRITE ch[0] ra[0] bg[1] ba[5] ro[0] co[0] @1535
PRECHARGE ch[0] ra[0] bg[3] ba[14] ro[1] @1536
WRITE ch[0] ra[0] bg[0] ba[3] ro[0] co[3] @1537
WRITE ch[0] ra[0] bg[1] ba[5] ro[0] co[1] @1539
WRITE ch[0] ra[0] bg[0] ba[3] ro[0] co[4] @1541
WRITE ch[0] ra[0] bg[1] ba[5] ro[0] co[2] @1543
WRITE ch[0] ra[0] bg[0] ba[3] ro[0] co[5] @1545
PRECHARGE ch[0] ra[0] bg[0] ba[1] ro[1] @1546
WRITE ch[0] ra[0] bg[1] ba[5] ro[0] co[3] @1547
WRITE ch[0] ra[0] bg[0] ba[3] ro[0] co[6] @1549
WRITE ch[0] ra[0] bg[1] ba[5] ro[0] co[4] @1551
WRITE ch[0] ra[0] bg[0] ba[3] ro[0] co[7] @1553
WRITE ch[0] ra[0] bg[1] ba[5] ro[0] co[5] @1555
WRITE ch[0] ra[0] bg[0] ba[3] ro[0] co[8] @1557
WRITE ch[0] ra[0] bg[1] ba[5] ro[0] co[6] @1559
WRITE ch[0] ra[0] bg[0] ba[3] ro[0] co[9] @1561
WRITE ch[0] ra[0] bg[1] ba[5] ro[0] co[7] @1563
WRITE ch[0] ra[0] bg[0] ba[3] ro[0] co[10] @1565
WRITE ch[0] ra[0] bg[1] ba[5] ro[0] co[8] @1567
WRITE ch[0] ra[0] bg[0] ba[3] ro[0] co[11] @1569
WRITE ch[0] ra[0] bg[1] ba[5] ro[0] co[9] @1571
WRITE ch[0] ra[0] bg[0] ba[3] ro[0] co[12] @1573
WRITE ch[0] ra[0] bg[1] ba[5] ro[0] co[10] @1575
WRITE ch[0] ra[0] bg[0] ba[3] ro[0] co[13] @1577
WRITE ch[0] ra[0] bg[1] ba[5] ro[0] co[11] @1579
WRITE ch[0] ra[0] bg[0] ba[3] ro[0] co[14] @1581
WRITE ch[0] ra[0] bg[1] ba[5] ro[0] co[12] @1583
WRITE ch[0] ra[0] bg[0] ba[3] ro[0] co[15] @1585
WRITE ch[0] ra[0] bg[1] ba[5] ro[0] co[13] @1587
WRITE ch[0] ra[0] bg[0] ba[3] ro[0] co[16] @1589
WRITE ch[0] ra[0] bg[1] ba[5] ro[0] co[14] @1591
WRITE ch[0] ra[0] bg[0] ba[3] ro[0] co[17] @1593
WRITE ch[0] ra[0] bg[1] ba[5] ro[0] co[15] @1595
WRITE ch[0] ra[0] bg[0] ba[3] ro[0] co[18] @1597
WRITE ch[0] ra[0] bg[1] ba[5] ro[0] co[16] @1599
WRITE ch[0] ra[0] bg[0] ba[3] ro[0] co[19] @1601
WRITE ch[0] ra[0] bg[1] ba[5] ro[0] co[17] @1603
WRITE ch[0] ra[0] bg[0] ba[3] ro[0] co[20] @1605
WRITE ch[0] ra[0] bg[1] ba[5] ro[0] co[18] @1607
WRITE ch[0] ra[0] bg[0] ba[3] ro[0] co[21] @1609
WRITE ch[0] ra[0] bg[1] ba[5] ro[0] co[19] @1611
WRITE ch[0] ra[0] bg[0] ba[3] ro[0] co[22] @1613
WRITE ch[0] ra[0] bg[1] ba[5] ro[0] co[20] @1615
WRITE ch[0] ra[0] bg[0] ba[3] ro[0] co[23] @1617
WRITE ch[0] ra[0] bg[1] ba[5] ro[0] co[21] @1619
WRITE ch[0] ra[0] bg[0] ba[3] ro[0] co[24] @1621
WRITE ch[0] ra[0] bg[1] ba[5] ro[0] co[22] @1623
WRITE ch[0] ra[0] bg[0] ba[3] ro[0] co[25] @1625
WRITE ch[0] ra[0] bg[1] ba[5] ro[0] co[23] @1627
WRITE ch[0] ra[0] bg[0] ba[3] ro[0] co[26] @1629
WRITE ch[0] ra[0] bg[1] ba[5] ro[0] co[24] @1631
WRITE ch[0] ra[0] bg[0] ba[3] ro[0] co[27] @1633
WRITE ch[0] ra[0] bg[1] ba[5] ro[0] co[25] @1635
WRITE ch[0] ra[0] bg[0] ba[3] ro[0] co[28] @1637
WRITE ch[0] ra[0] bg[1] ba[5] ro[0] co[26] @1639
WRITE ch[0] ra[0] bg[0] ba[3] ro[0] co[29] @1641
WRITE ch[0] ra[0] bg[1] ba[5] ro[0] co[27] @1643
WRITE ch[0] ra[0] bg[0] ba[3] ro[0] co[30] @1645
WRITE ch[0] ra[0] bg[1] ba[5] ro[0] co[28] @1647
WRITE ch[0] ra[0] bg[0] ba[3] ro[0] co[31] @1649
WRITE ch[0] ra[0] bg[1] ba[5] ro[0] co[29] @1651
WRITE ch[0] ra[0] bg[1] ba[5] ro[0] co[30] @1655
WRITE ch[0] ra[0] bg[1] ba[5] ro[0] co[31] @1659
PRECHARGE ch[0] ra[0] bg[0] ba[3] ro[0] @1675
PRECHARGE ch[0] ra[0] bg[1] ba[5] ro[0] @1685
ACTIVATE ch[0] ra[0] bg[0] ba[3] ro[1] co[0] @1689 tag : 
WRITE ch[0] ra[0] bg[0] ba[3] ro[1] co[0] @1699
ACTIVATE ch[0] ra[0] bg[1] ba[5] ro[1] co[0] @1700 tag : 
WRITE ch[0] ra[0] bg[0] ba[3] ro[1] co[1] @1703
ACTIVATE ch[0] ra[0] bg[1] ba[7] ro[0] co[0] @1706 tag : 
WRITE ch[0] ra[0] bg[0] ba[3] ro[1] co[2] @1707
WRITE ch[0] ra[0] bg[1] ba[5] ro[1] co[0] @1710
WRITE ch[0] ra[0] bg[0] ba[3] ro[1] co[3] @1712
WRITE ch[0] ra[0] bg[1] ba[5] ro[1] co[1] @1714
WRITE ch[0] ra[0] bg[0] ba[3] ro[1] co[4] @1716
WRITE ch[0] ra[0] bg[1] ba[5] ro[1] co[2] @1718
WRITE ch[0] ra[0] bg[0] ba[3] ro[1] co[5] @1720
WRITE ch[0] ra[0] bg[1] ba[5] ro[1] co[3] @1722
WRITE ch[0] ra[0] bg[0] ba[3] ro[1] co[6] @1724
WRITE ch[0] ra[0] bg[1] ba[5] ro[1] co[4] @1726
WRITE ch[0] ra[0] bg[0] ba[3] ro[1] co[7] @1728
WRITE ch[0] ra[0] bg[1] ba[5] ro[1] co[5] @1730
WRITE ch[0] ra[0] bg[0] ba[3] ro[1] co[8] @1732
WRITE ch[0] ra[0] bg[1] ba[5] ro[1] co[6] @1734
WRITE ch[0] ra[0] bg[0] ba[3] ro[1] co[9] @1736
WRITE ch[0] ra[0] bg[1] ba[5] ro[1] co[7] @1738
WRITE ch[0] ra[0] bg[0] ba[3] ro[1] co[10] @1740
WRITE ch[0] ra[0] bg[1] ba[5] ro[1] co[8] @1742
WRITE ch[0] ra[0] bg[0] ba[3] ro[1] co[11] @1744
WRITE ch[0] ra[0] bg[1] ba[5] ro[1] co[9] @1746
WRITE ch[0] ra[0] bg[0] ba[3] ro[1] co[12] @1748
WRITE ch[0] ra[0] bg[1] ba[5] ro[1] co[10] @1750
WRITE ch[0] ra[0] bg[0] ba[3] ro[1] co[13] @1752
WRITE ch[0] ra[0] bg[1] ba[5] ro[1] co[11] @1754
WRITE ch[0] ra[0] bg[0] ba[3] ro[1] co[14] @1756
WRITE ch[0] ra[0] bg[1] ba[5] ro[1] co[12] @1758
WRITE ch[0] ra[0] bg[0] ba[3] ro[1] co[15] @1760
WRITE ch[0] ra[0] bg[1] ba[5] ro[1] co[13] @1762
WRITE ch[0] ra[0] bg[0] ba[3] ro[1] co[16] @1764
WRITE ch[0] ra[0] bg[1] ba[5] ro[1] co[14] @1766
WRITE ch[0] ra[0] bg[0] ba[3] ro[1] co[17] @1768
WRITE ch[0] ra[0] bg[1] ba[5] ro[1] co[15] @1770
WRITE ch[0] ra[0] bg[0] ba[3] ro[1] co[18] @1772
WRITE ch[0] ra[0] bg[1] ba[5] ro[1] co[16] @1774
WRITE ch[0] ra[0] bg[0] ba[3] ro[1] co[19] @1776
WRITE ch[0] ra[0] bg[1] ba[5] ro[1] co[17] @1778
WRITE ch[0] ra[0] bg[0] ba[3] ro[1] co[20] @1780
WRITE ch[0] ra[0] bg[1] ba[5] ro[1] co[18] @1782
WRITE ch[0] ra[0] bg[0] ba[3] ro[1] co[21] @1784
WRITE ch[0] ra[0] bg[1] ba[5] ro[1] co[19] @1786
WRITE ch[0] ra[0] bg[0] ba[3] ro[1] co[22] @1788
WRITE ch[0] ra[0] bg[1] ba[5] ro[1] co[20] @1790
WRITE ch[0] ra[0] bg[0] ba[3] ro[1] co[23] @1792
WRITE ch[0] ra[0] bg[1] ba[5] ro[1] co[21] @1794
WRITE ch[0] ra[0] bg[0] ba[3] ro[1] co[24] @1796
WRITE ch[0] ra[0] bg[1] ba[5] ro[1] co[22] @1798
WRITE ch[0] ra[0] bg[0] ba[3] ro[1] co[25] @1800
WRITE ch[0] ra[0] bg[1] ba[5] ro[1] co[23] @1802
WRITE ch[0] ra[0] bg[0] ba[3] ro[1] co[26] @1804
WRITE ch[0] ra[0] bg[1] ba[5] ro[1] co[24] @1806
WRITE ch[0] ra[0] bg[0] ba[3] ro[1] co[27] @1808
WRITE ch[0] ra[0] bg[1] ba[5] ro[1] co[25] @1810
WRITE ch[0] ra[0] bg[0] ba[3] ro[1] co[28] @1812
WRITE ch[0] ra[0] bg[1] ba[5] ro[1] co[26] @1814
WRITE ch[0] ra[0] bg[0] ba[3] ro[1] co[29] @1816
WRITE ch[0] ra[0] bg[1] ba[5] ro[1] co[27] @1818
WRITE ch[0] ra[0] bg[0] ba[3] ro[1] co[30] @1820
WRITE ch[0] ra[0] bg[1] ba[5] ro[1] co[28] @1822
WRITE ch[0] ra[0] bg[0] ba[3] ro[1] co[31] @1824
WRITE ch[0] ra[0] bg[1] ba[5] ro[1] co[29] @1826
WRITE ch[0] ra[0] bg[1] ba[5] ro[1] co[30] @1830
WRITE ch[0] ra[0] bg[1] ba[5] ro[1] co[31] @1834
WRITE ch[0] ra[0] bg[1] ba[7] ro[0] co[0] @1838
ACTIVATE ch[0] ra[0] bg[2] ba[9] ro[0] co[0] @1839 tag : 
WRITE ch[0] ra[0] bg[1] ba[7] ro[0] co[1] @1842
WRITE ch[0] ra[0] bg[1] ba[7] ro[0] co[2] @1846
WRITE ch[0] ra[0] bg[2] ba[9] ro[0] co[0] @1849
PRECHARGE ch[0] ra[0] bg[0] ba[3] ro[1] @1850
WRITE ch[0] ra[0] bg[1] ba[7] ro[0] co[3] @1851
WRITE ch[0] ra[0] bg[2] ba[9] ro[0] co[1] @1853
WRITE ch[0] ra[0] bg[1] ba[7] ro[0] co[4] @1855
WRITE ch[0] ra[0] bg[2] ba[9] ro[0] co[2] @1857
WRITE ch[0] ra[0] bg[1] ba[7] ro[0] co[5] @1859
PRECHARGE ch[0] ra[0] bg[1] ba[5] ro[1] @1860
WRITE ch[0] ra[0] bg[2] ba[9] ro[0] co[3] @1861
WRITE ch[0] ra[0] bg[1] ba[7] ro[0] co[6] @1863
WRITE ch[0] ra[0] bg[2] ba[9] ro[0] co[4] @1865
WRITE ch[0] ra[0] bg[1] ba[7] ro[0] co[7] @1867
WRITE ch[0] ra[0] bg[2] ba[9] ro[0] co[5] @1869
WRITE ch[0] ra[0] bg[1] ba[7] ro[0] co[8] @1871
WRITE ch[0] ra[0] bg[2] ba[9] ro[0] co[6] @1873
WRITE ch[0] ra[0] bg[1] ba[7] ro[0] co[9] @1875
WRITE ch[0] ra[0] bg[2] ba[9] ro[0] co[7] @1877
WRITE ch[0] ra[0] bg[1] ba[7] ro[0] co[10] @1879
WRITE ch[0] ra[0] bg[2] ba[9] ro[0] co[8] @1881
WRITE ch[0] ra[0] bg[1] ba[7] ro[0] co[11] @1883
WRITE ch[0] ra[0] bg[2] ba[9] ro[0] co[9] @1885
WRITE ch[0] ra[0] bg[1] ba[7] ro[0] co[12] @1887
WRITE ch[0] ra[0] bg[2] ba[9] ro[0] co[10] @1889
WRITE ch[0] ra[0] bg[1] ba[7] ro[0] co[13] @1891
WRITE ch[0] ra[0] bg[2] ba[9] ro[0] co[11] @1893
WRITE ch[0] ra[0] bg[1] ba[7] ro[0] co[14] @1895
WRITE ch[0] ra[0] bg[2] ba[9] ro[0] co[12] @1897
WRITE ch[0] ra[0] bg[1] ba[7] ro[0] co[15] @1899
WRITE ch[0] ra[0] bg[2] ba[9] ro[0] co[13] @1901
WRITE ch[0] ra[0] bg[1] ba[7] ro[0] co[16] @1903
WRITE ch[0] ra[0] bg[2] ba[9] ro[0] co[14] @1905
WRITE ch[0] ra[0] bg[1] ba[7] ro[0] co[17] @1907
WRITE ch[0] ra[0] bg[2] ba[9] ro[0] co[15] @1909
WRITE ch[0] ra[0] bg[1] ba[7] ro[0] co[18] @1911
WRITE ch[0] ra[0] bg[2] ba[9] ro[0] co[16] @1913
WRITE ch[0] ra[0] bg[1] ba[7] ro[0] co[19] @1915
WRITE ch[0] ra[0] bg[2] ba[9] ro[0] co[17] @1917
WRITE ch[0] ra[0] bg[1] ba[7] ro[0] co[20] @1919
WRITE ch[0] ra[0] bg[2] ba[9] ro[0] co[18] @1921
WRITE ch[0] ra[0] bg[1] ba[7] ro[0] co[21] @1923
WRITE ch[0] ra[0] bg[2] ba[9] ro[0] co[19] @1925
WRITE ch[0] ra[0] bg[1] ba[7] ro[0] co[22] @1927
WRITE ch[0] ra[0] bg[2] ba[9] ro[0] co[20] @1929
WRITE ch[0] ra[0] bg[1] ba[7] ro[0] co[23] @1931
WRITE ch[0] ra[0] bg[2] ba[9] ro[0] co[21] @1933
WRITE ch[0] ra[0] bg[1] ba[7] ro[0] co[24] @1935
WRITE ch[0] ra[0] bg[2] ba[9] ro[0] co[22] @1937
WRITE ch[0] ra[0] bg[1] ba[7] ro[0] co[25] @1939
WRITE ch[0] ra[0] bg[2] ba[9] ro[0] co[23] @1941
WRITE ch[0] ra[0] bg[1] ba[7] ro[0] co[26] @1943
WRITE ch[0] ra[0] bg[2] ba[9] ro[0] co[24] @1945
WRITE ch[0] ra[0] bg[1] ba[7] ro[0] co[27] @1947
WRITE ch[0] ra[0] bg[2] ba[9] ro[0] co[25] @1949
WRITE ch[0] ra[0] bg[1] ba[7] ro[0] co[28] @1951
WRITE ch[0] ra[0] bg[2] ba[9] ro[0] co[26] @1953
WRITE ch[0] ra[0] bg[1] ba[7] ro[0] co[29] @1955
WRITE ch[0] ra[0] bg[2] ba[9] ro[0] co[27] @1957
WRITE ch[0] ra[0] bg[1] ba[7] ro[0] co[30] @1959
WRITE ch[0] ra[0] bg[2] ba[9] ro[0] co[28] @1961
WRITE ch[0] ra[0] bg[1] ba[7] ro[0] co[31] @1963
WRITE ch[0] ra[0] bg[2] ba[9] ro[0] co[29] @1965
WRITE ch[0] ra[0] bg[2] ba[9] ro[0] co[30] @1969
WRITE ch[0] ra[0] bg[2] ba[9] ro[0] co[31] @1973
PRECHARGE ch[0] ra[0] bg[1] ba[7] ro[0] @1989
PRECHARGE ch[0] ra[0] bg[2] ba[9] ro[0] @1999
REF ch[0] ra[0] @2000
ACTIVATE ch[0] ra[0] bg[1] ba[7] ro[1] co[0] @2350 tag : 
ACTIVATE ch[0] ra[0] bg[2] ba[9] ro[1] co[0] @2354 tag : 
WRITE ch[0] ra[0] bg[1] ba[7] ro[1] co[0] @2360
ACTIVATE ch[0] ra[0] bg[2] ba[11] ro[0] co[0] @2361 tag : 
WRITE ch[0] ra[0] bg[1] ba[7] ro[1] co[1] @2364
WRITE ch[0] ra[0] bg[2] ba[9] ro[1] co[0] @2366
WRITE ch[0] ra[0] bg[1] ba[7] ro[1] co[2] @2368
WRITE ch[0] ra[0] bg[2] ba[9] ro[1] co[1] @2370
WRITE ch[0] ra[0] bg[1] ba[7] ro[1] co[3] @2372
WRITE ch[0] ra[0] bg[2] ba[9] ro[1] co[2] @2374
WRITE ch[0] ra[0] bg[1] ba[7] ro[1] co[4] @2376
WRITE ch[0] ra[0] bg[2] ba[9] ro[1] co[3] @2378
WRITE ch[0] ra[0] bg[1] ba[7] ro[1] co[5] @2380
WRITE ch[0] ra[0] bg[2] ba[9] ro[1] co[4] @2382
WRITE ch[0] ra[0] bg[1] ba[7] ro[1] co[6] @2384
WRITE ch[0] ra[0] bg[2] ba[9] ro[1] co[5] @2386
WRITE ch[0] ra[0] bg[1] ba[7] ro[1] co[7] @2388
WRITE ch[0] ra[0] bg[2] ba[9] ro[1] co[6] @2390
WRITE ch[0] ra[0] bg[1] ba[7] ro[1] co[8] @2392
WRITE ch[0] ra[0] bg[2] ba[9] ro[1] co[7] @2394
WRITE ch[0] ra[0] bg[1] ba[7] ro[1] co[9] @2396
WRITE ch[0] ra[0] bg[2] ba[9] ro[1] co[8] @2398
WRITE ch[0] ra[0] bg[1] ba[7] ro[1] co[10] @2400
WRITE ch[0] ra[0] bg[2] ba[9] ro[1] co[9] @2402
WRITE ch[0] ra[0] bg[1] ba[7] ro[1] co[11] @2404
WRITE ch[0] ra[0] bg[2] ba[9] ro[1] co[10] @2406
WRITE ch[0] ra[0] bg[1] ba[7] ro[1] co[12] @2408
WRITE ch[0] ra[0] bg[2] ba[9] ro[1] co[11] @2410
WRITE ch[0] ra[0] bg[1] ba[7] ro[1] co[13] @2412
WRITE ch[0] ra[0] bg[2] ba[9] ro[1] co[12] @2414
WRITE ch[0] ra[0] bg[1] ba[7] ro[1] co[14] @2416
WRITE ch[0] ra[0] bg[2] ba[9] ro[1] co[13] @2418
WRITE ch[0] ra[0] bg[1] ba[7] ro[1] co[15] @2420
WRITE ch[0] ra[0] bg[2] ba[9] ro[1] co[14] @2422
WRITE ch[0] ra[0] bg[1] ba[7] ro[1] co[16] @2424
WRITE ch[0] ra[0] bg[2] ba[9] ro[1] co[15] @2426
WRITE ch[0] ra[0] bg[1] ba[7] ro[1] co[17] @2428
WRITE ch[0] ra[0] bg[2] ba[9] ro[1] co[16] @2430
WRITE ch[0] ra[0] bg[1] ba[7] ro[1] co[18] @2432
WRITE ch[0] ra[0] bg[2] ba[9] ro[1] co[17] @2434
WRITE ch[0] ra[0] bg[1] ba[7] ro[1] co[19] @2436
WRITE ch[0] ra[0] bg[2] ba[9] ro[1] co[18] @2438
WRITE ch[0] ra[0] bg[1] ba[7] ro[1] co[20] @2440
WRITE ch[0] ra[0] bg[2] ba[9] ro[1] co[19] @2442
WRITE ch[0] ra[0] bg[1] ba[7] ro[1] co[21] @2444
WRITE ch[0] ra[0] bg[2] ba[9] ro[1] co[20] @2446
WRITE ch[0] ra[0] bg[1] ba[7] ro[1] co[22] @2448
WRITE ch[0] ra[0] bg[2] ba[9] ro[1] co[21] @2450
WRITE ch[0] ra[0] bg[1] ba[7] ro[1] co[23] @2452
WRITE ch[0] ra[0] bg[2] ba[9] ro[1] co[22] @2454
WRITE ch[0] ra[0] bg[1] ba[7] ro[1] co[24] @2456
WRITE ch[0] ra[0] bg[2] ba[9] ro[1] co[23] @2458
WRITE ch[0] ra[0] bg[1] ba[7] ro[1] co[25] @2460
WRITE ch[0] ra[0] bg[2] ba[9] ro[1] co[24] @2462
WRITE ch[0] ra[0] bg[1] ba[7] ro[1] co[26] @2464
WRITE ch[0] ra[0] bg[2] ba[9] ro[1] co[25] @2466
WRITE ch[0] ra[0] bg[1] ba[7] ro[1] co[27] @2468
WRITE ch[0] ra[0] bg[2] ba[9] ro[1] co[26] @2470
WRITE ch[0] ra[0] bg[1] ba[7] ro[1] co[28] @2472
WRITE ch[0] ra[0] bg[2] ba[9] ro[1] co[27] @2474
WRITE ch[0] ra[0] bg[1] ba[7] ro[1] co[29] @2476
WRITE ch[0] ra[0] bg[2] ba[9] ro[1] co[28] @2478
WRITE ch[0] ra[0] bg[1] ba[7] ro[1] co[30] @2480
WRITE ch[0] ra[0] bg[2] ba[9] ro[1] co[29] @2482
WRITE ch[0] ra[0] bg[1] ba[7] ro[1] co[31] @2484
WRITE ch[0] ra[0] bg[2] ba[9] ro[1] co[30] @2486
WRITE ch[0] ra[0] bg[2] ba[9] ro[1] co[31] @2490
WRITE ch[0] ra[0] bg[2] ba[11] ro[0] co[0] @2494
ACTIVATE ch[0] ra[0] bg[3] ba[13] ro[0] co[0] @2495 tag : 
WRITE ch[0] ra[0] bg[2] ba[11] ro[0] co[1] @2498
WRITE ch[0] ra[0] bg[2] ba[11] ro[0] co[2] @2502
WRITE ch[0] ra[0] bg[3] ba[13] ro[0] co[0] @2505
WRITE ch[0] ra[0] bg[2] ba[11] ro[0] co[3] @2507
WRITE ch[0] ra[0] bg[3] ba[13] ro[0] co[1] @2509
PRECHARGE ch[0] ra[0] bg[1] ba[7] ro[1] @2510
WRITE ch[0] ra[0] bg[2] ba[11] ro[0] co[4] @2511
WRITE ch[0] ra[0] bg[3] ba[13] ro[0] co[2] @2513
WRITE ch[0] ra[0] bg[2] ba[11] ro[0] co[5] @2515
PRECHARGE ch[0] ra[0] bg[2] ba[9] ro[1] @2516
WRITE ch[0] ra[0] bg[3] ba[13] ro[0] co[3] @2517
WRITE ch[0] ra[0] bg[2] ba[11] ro[0] co[6] @2519
WRITE ch[0] ra[0] bg[3] ba[13] ro[0] co[4] @2521
WRITE ch[0] ra[0] bg[2] ba[11] ro[0] co[7] @2523
WRITE ch[0] ra[0] bg[3] ba[13] ro[0] co[5] @2525
WRITE ch[0] ra[0] bg[2] ba[11] ro[0] co[8] @2527
WRITE ch[0] ra[0] bg[3] ba[13] ro[0] co[6] @2529
WRITE ch[0] ra[0] bg[2] ba[11] ro[0] co[9] @2531
WRITE ch[0] ra[0] bg[3] ba[13] ro[0] co[7] @2533
WRITE ch[0] ra[0] bg[2] ba[11] ro[0] co[10] @2535
WRITE ch[0] ra[0] bg[3] ba[13] ro[0] co[8] @2537
WRITE ch[0] ra[0] bg[2] ba[11] ro[0] co[11] @2539
WRITE ch[0] ra[0] bg[3] ba[13] ro[0] co[9] @2541
WRITE ch[0] ra[0] bg[2] ba[11] ro[0] co[12] @2543
WRITE ch[0] ra[0] bg[3] ba[13] ro[0] co[10] @2545
WRITE ch[0] ra[0] bg[2] ba[11] ro[0] co[13] @2547
WRITE ch[0] ra[0] bg[3] ba[13] ro[0] co[11] @2549
WRITE ch[0] ra[0] bg[2] ba[11] ro[0] co[14] @2551
WRITE ch[0] ra[0] bg[3] ba[13] ro[0] co[12] @2553
WRITE ch[0] ra[0] bg[2] ba[11] ro[0] co[15] @2555
WRITE ch[0] ra[0] bg[3] ba[13] ro[0] co[13] @2557
WRITE ch[0] ra[0] bg[2] ba[11] ro[0] co[16] @2559
WRITE ch[0] ra[0] bg[3] ba[13] ro[0] co[14] @2561
WRITE ch[0] ra[0] bg[2] ba[11] ro[0] co[17] @2563
WRITE ch[0] ra[0] bg[3] ba[13] ro[0] co[15] @2565
WRITE ch[0] ra[0] bg[2] ba[11] ro[0] co[18] @2567
WRITE ch[0] ra[0] bg[3] ba[13] ro[0] co[16] @2569
WRITE ch[0] ra[0] bg[2] ba[11] ro[0] co[19] @2571
WRITE ch[0] ra[0] bg[3] ba[13] ro[0] co[17] @2573
WRITE ch[0] ra[0] bg[2] ba[11] ro[0] co[20] @2575
WRITE ch[0] ra[0] bg[3] ba[13] ro[0] co[18] @2577
WRITE ch[0] ra[0] bg[2] ba[11] ro[0] co[21] @2579
WRITE ch[0] ra[0] bg[3] ba[13] ro[0] co[19] @2581
WRITE ch[0] ra[0] bg[2] ba[11] ro[0] co[22] @2583
WRITE ch[0] ra[0] bg[3] ba[13] ro[0] co[20] @2585
WRITE ch[0] ra[0] bg[2] ba[11] ro[0] co[23] @2587
WRITE ch[0] ra[0] bg[3] ba[13] ro[0] co[21] @2589
WRITE ch[0] ra[0] bg[2] ba[11] ro[0] co[24] @2591
WRITE ch[0] ra[0] bg[3] ba[13] ro[0] co[22] @2593
WRITE ch[0] ra[0] bg[2] ba[11] ro[0] co[25] @2595
WRITE ch[0] ra[0] bg[3] ba[13] ro[0] co[23] @2597
WRITE ch[0] ra[0] bg[2] ba[11] ro[0] co[26] @2599
WRITE ch[0] ra[0] bg[3] ba[13] ro[0] co[24] @2601
WRITE ch[0] ra[0] bg[2] ba[11] ro[0] co[27] @2603
WRITE ch[0] ra[0] bg[3] ba[13] ro[0] co[25] @2605
WRITE ch[0] ra[0] bg[2] ba[11] ro[0] co[28] @2607
WRITE ch[0] ra[0] bg[3] ba[13] ro[0] co[26] @2609
WRITE ch[0] ra[0] bg[2] ba[11] ro[0] co[29] @2611
WRITE ch[0] ra[0] bg[3] ba[13] ro[0] co[27] @2613
WRITE ch[0] ra[0] bg[2] ba[11] ro[0] co[30] @2615
WRITE ch[0] ra[0] bg[3] ba[13] ro[0] co[28] @2617
WRITE ch[0] ra[0] bg[2] ba[11] ro[0] co[31] @2619
WRITE ch[0] ra[0] bg[3] ba[13] ro[0] co[29] @2621
WRITE ch[0] ra[0] bg[3] ba[13] ro[0] co[30] @2625
WRITE ch[0] ra[0] bg[3] ba[13] ro[0] co[31] @2629
PRECHARGE ch[0] ra[0] bg[2] ba[11] ro[0] @2645
PRECHARGE ch[0] ra[0] bg[3] ba[13] ro[0] @2655
ACTIVATE ch[0] ra[0] bg[2] ba[11] ro[1] co[0] @2659 tag : 
WRITE ch[0] ra[0] bg[2] ba[11] ro[1] co[0] @2669
ACTIVATE ch[0] ra[0] bg[3] ba[13] ro[1] co[0] @2670 tag : 
WRITE ch[0] ra[0] bg[2] ba[11] ro[1] co[1] @2673
ACTIVATE ch[0] ra[0] bg[3] ba[15] ro[0] co[0] @2676 tag : 
WRITE ch[0] ra[0] bg[2] ba[11] ro[1] co[2] @2677
WRITE ch[0] ra[0] bg[3] ba[13] ro[1] co[0] @2680
WRITE ch[0] ra[0] bg[2] ba[11] ro[1] co[3] @2682
WRITE ch[0] ra[0] bg[3] ba[13] ro[1] co[1] @2684
WRITE ch[0] ra[0] bg[2] ba[11] ro[1] co[4] @2686
WRITE ch[0] ra[0] bg[3] ba[13] ro[1] co[2] @2688
WRITE ch[0] ra[0] bg[2] ba[11] ro[1] co[5] @2690
WRITE ch[0] ra[0] bg[3] ba[13] ro[1] co[3] @2692
WRITE ch[0] ra[0] bg[2] ba[11] ro[1] co[6] @2694
WRITE ch[0] ra[0] bg[3] ba[13] ro[1] co[4] @2696
WRITE ch[0] ra[0] bg[2] ba[11] ro[1] co[7] @2698
WRITE ch[0] ra[0] bg[3] ba[13] ro[1] co[5] @2700
WRITE ch[0] ra[0] bg[2] ba[11] ro[1] co[8] @2702
WRITE ch[0] ra[0] bg[3] ba[13] ro[1] co[6] @2704
WRITE ch[0] ra[0] bg[2] ba[11] ro[1] co[9] @2706
WRITE ch[0] ra[0] bg[3] ba[13] ro[1] co[7] @2708
WRITE ch[0] ra[0] bg[2] ba[11] ro[1] co[10] @2710
WRITE ch[0] ra[0] bg[3] ba[13] ro[1] co[8] @2712
WRITE ch[0] ra[0] bg[2] ba[11] ro[1] co[11] @2714
WRITE ch[0] ra[0] bg[3] ba[13] ro[1] co[9] @2716
WRITE ch[0] ra[0] bg[2] ba[11] ro[1] co[12] @2718
WRITE ch[0] ra[0] bg[3] ba[13] ro[1] co[10] @2720
WRITE ch[0] ra[0] bg[2] ba[11] ro[1] co[13] @2722
WRITE ch[0] ra[0] bg[3] ba[13] ro[1] co[11] @2724
WRITE ch[0] ra[0] bg[2] ba[11] ro[1] co[14] @2726
WRITE ch[0] ra[0] bg[3] ba[13] ro[1] co[12] @2728
WRITE ch[0] ra[0] bg[2] ba[11] ro[1] co[15] @2730
WRITE ch[0] ra[0] bg[3] ba[13] ro[1] co[13] @2732
WRITE ch[0] ra[0] bg[2] ba[11] ro[1] co[16] @2734
WRITE ch[0] ra[0] bg[3] ba[13] ro[1] co[14] @2736
WRITE ch[0] ra[0] bg[2] ba[11] ro[1] co[17] @2738
WRITE ch[0] ra[0] bg[3] ba[13] ro[1] co[15] @2740
WRITE ch[0] ra[0] bg[2] ba[11] ro[1] co[18] @2742
WRITE ch[0] ra[0] bg[3] ba[13] ro[1] co[16] @2744
WRITE ch[0] ra[0] bg[2] ba[11] ro[1] co[19] @2746
WRITE ch[0] ra[0] bg[3] ba[13] ro[1] co[17] @2748
WRITE ch[0] ra[0] bg[2] ba[11] ro[1] co[20] @2750
WRITE ch[0] ra[0] bg[3] ba[13] ro[1] co[18] @2752
WRITE ch[0] ra[0] bg[2] ba[11] ro[1] co[21] @2754
WRITE ch[0] ra[0] bg[3] ba[13] ro[1] co[19] @2756
WRITE ch[0] ra[0] bg[2] ba[11] ro[1] co[22] @2758
WRITE ch[0] ra[0] bg[3] ba[13] ro[1] co[20] @2760
WRITE ch[0] ra[0] bg[2] ba[11] ro[1] co[23] @2762
WRITE ch[0] ra[0] bg[3] ba[13] ro[1] co[21] @2764
WRITE ch[0] ra[0] bg[2] ba[11] ro[1] co[24] @2766
WRITE ch[0] ra[0] bg[3] ba[13] ro[1] co[22] @2768
WRITE ch[0] ra[0] bg[2] ba[11] ro[1] co[25] @2770
WRITE ch[0] ra[0] bg[3] ba[13] ro[1] co[23] @2772
WRITE ch[0] ra[0] bg[2] ba[11] ro[1] co[26] @2774
WRITE ch[0] ra[0] bg[3] ba[13] ro[1] co[24] @2776
WRITE ch[0] ra[0] bg[2] ba[11] ro[1] co[27] @2778
WRITE ch[0] ra[0] bg[3] ba[13] ro[1] co[25] @2780
WRITE ch[0] ra[0] bg[2] ba[11] ro[1] co[28] @2782
WRITE ch[0] ra[0] bg[3] ba[13] ro[1] co[26] @2784
WRITE ch[0] ra[0] bg[2] ba[11] ro[1] co[29] @2786
WRITE ch[0] ra[0] bg[3] ba[13] ro[1] co[27] @2788
WRITE ch[0] ra[0] bg[2] ba[11] ro[1] co[30] @2790
WRITE ch[0] ra[0] bg[3] ba[13] ro[1] co[28] @2792
WRITE ch[0] ra[0] bg[2] ba[11] ro[1] co[31] @2794
WRITE ch[0] ra[0] bg[3] ba[13] ro[1] co[29] @2796
WRITE ch[0] ra[0] bg[3] ba[13] ro[1] co[30] @2800
WRITE ch[0] ra[0] bg[3] ba[13] ro[1] co[31] @2804
WRITE ch[0] ra[0] bg[3] ba[15] ro[0] co[0] @2808
ACTIVATE ch[0] ra[0] bg[0] ba[0] ro[2] co[0] @2809 tag : 
WRITE ch[0] ra[0] bg[3] ba[15] ro[0] co[1] @2812
WRITE ch[0] ra[0] bg[3] ba[15] ro[0] co[2] @2816
WRITE ch[0] ra[0] bg[0] ba[0] ro[2] co[0] @2819
PRECHARGE ch[0] ra[0] bg[2] ba[11] ro[1] @2820
WRITE ch[0] ra[0] bg[3] ba[15] ro[0] co[3] @2821
WRITE ch[0] ra[0] bg[0] ba[0] ro[2] co[1] @2823
WRITE ch[0] ra[0] bg[3] ba[15] ro[0] co[4] @2825
WRITE ch[0] ra[0] bg[0] ba[0] ro[2] co[2] @2827
WRITE ch[0] ra[0] bg[3] ba[15] ro[0] co[5] @2829
PRECHARGE ch[0] ra[0] bg[3] ba[13] ro[1] @2830
WRITE ch[0] ra[0] bg[0] ba[0] ro[2] co[3] @2831
WRITE ch[0] ra[0] bg[3] ba[15] ro[0] co[6] @2833
WRITE ch[0] ra[0] bg[0] ba[0] ro[2] co[4] @2835
WRITE ch[0] ra[0] bg[3] ba[15] ro[0] co[7] @2837
WRITE ch[0] ra[0] bg[0] ba[0] ro[2] co[5] @2839
WRITE ch[0] ra[0] bg[3] ba[15] ro[0] co[8] @2841
WRITE ch[0] ra[0] bg[0] ba[0] ro[2] co[6] @2843
WRITE ch[0] ra[0] bg[3] ba[15] ro[0] co[9] @2845
WRITE ch[0] ra[0] bg[0] ba[0] ro[2] co[7] @2847
WRITE ch[0] ra[0] bg[3] ba[15] ro[0] co[10] @2849
WRITE ch[0] ra[0] bg[0] ba[0] ro[2] co[8] @2851
WRITE ch[0] ra[0] bg[3] ba[15] ro[0] co[11] @2853
WRITE ch[0] ra[0] bg[0] ba[0] ro[2] co[9] @2855
WRITE ch[0] ra[0] bg[3] ba[15] ro[0] co[12] @2857
WRITE ch[0] ra[0] bg[0] ba[0] ro[2] co[10] @2859
WRITE ch[0] ra[0] bg[3] ba[15] ro[0] co[13] @2861
WRITE ch[0] ra[0] bg[0] ba[0] ro[2] co[11] @2863
WRITE ch[0] ra[0] bg[3] ba[15] ro[0] co[14] @2865
WRITE ch[0] ra[0] bg[0] ba[0] ro[2] co[12] @2867
WRITE ch[0] ra[0] bg[3] ba[15] ro[0] co[15] @2869
WRITE ch[0] ra[0] bg[0] ba[0] ro[2] co[13] @2871
WRITE ch[0] ra[0] bg[3] ba[15] ro[0] co[16] @2873
WRITE ch[0] ra[0] bg[0] ba[0] ro[2] co[14] @2875
WRITE ch[0] ra[0] bg[3] ba[15] ro[0] co[17] @2877
WRITE ch[0] ra[0] bg[0] ba[0] ro[2] co[15] @2879
WRITE ch[0] ra[0] bg[3] ba[15] ro[0] co[18] @2881
WRITE ch[0] ra[0] bg[0] ba[0] ro[2] co[16] @2883
WRITE ch[0] ra[0] bg[3] ba[15] ro[0] co[19] @2885
WRITE ch[0] ra[0] bg[0] ba[0] ro[2] co[17] @2887
WRITE ch[0] ra[0] bg[3] ba[15] ro[0] co[20] @2889
WRITE ch[0] ra[0] bg[0] ba[0] ro[2] co[18] @2891
WRITE ch[0] ra[0] bg[3] ba[15] ro[0] co[21] @2893
WRITE ch[0] ra[0] bg[0] ba[0] ro[2] co[19] @2895
WRITE ch[0] ra[0] bg[3] ba[15] ro[0] co[22] @2897
WRITE ch[0] ra[0] bg[0] ba[0] ro[2] co[20] @2899
WRITE ch[0] ra[0] bg[3] ba[15] ro[0] co[23] @2901
WRITE ch[0] ra[0] bg[0] ba[0] ro[2] co[21] @2903
WRITE ch[0] ra[0] bg[3] ba[15] ro[0] co[24] @2905
WRITE ch[0] ra[0] bg[0] ba[0] ro[2] co[22] @2907
WRITE ch[0] ra[0] bg[3] ba[15] ro[0] co[25] @2909
WRITE ch[0] ra[0] bg[0] ba[0] ro[2] co[23] @2911
WRITE ch[0] ra[0] bg[3] ba[15] ro[0] co[26] @2913
WRITE ch[0] ra[0] bg[0] ba[0] ro[2] co[24] @2915
WRITE ch[0] ra[0] bg[3] ba[15] ro[0] co[27] @2917
WRITE ch[0] ra[0] bg[0] ba[0] ro[2] co[25] @2919
WRITE ch[0] ra[0] bg[3] ba[15] ro[0] co[28] @2921
WRITE ch[0] ra[0] bg[0] ba[0] ro[2] co[26] @2923
WRITE ch[0] ra[0] bg[3] ba[15] ro[0] co[29] @2925
WRITE ch[0] ra[0] bg[0] ba[0] ro[2] co[27] @2927
WRITE ch[0] ra[0] bg[3] ba[15] ro[0] co[30] @2929
WRITE ch[0] ra[0] bg[0] ba[0] ro[2] co[28] @2931
WRITE ch[0] ra[0] bg[3] ba[15] ro[0] co[31] @2933
WRITE ch[0] ra[0] bg[0] ba[0] ro[2] co[29] @2935
WRITE ch[0] ra[0] bg[0] ba[0] ro[2] co[30] @2939
WRITE ch[0] ra[0] bg[0] ba[0] ro[2] co[31] @2943
PRECHARGE ch[0] ra[0] bg[3] ba[15] ro[0] @2959
PRECHARGE ch[0] ra[0] bg[0] ba[0] ro[2] @2969
ACTIVATE ch[0] ra[0] bg[3] ba[15] ro[1] co[0] @2973 tag : 
WRITE ch[0] ra[0] bg[3] ba[15] ro[1] co[0] @2983
ACTIVATE ch[0] ra[0] bg[0] ba[0] ro[3] co[0] @2984 tag : 
WRITE ch[0] ra[0] bg[3] ba[15] ro[1] co[1] @2987
ACTIVATE ch[0] ra[0] bg[0] ba[2] ro[2] co[0] @2990 tag : 
WRITE ch[0] ra[0] bg[3] ba[15] ro[1] co[2] @2991
WRITE ch[0] ra[0] bg[0] ba[0] ro[3] co[0] @2994
WRITE ch[0] ra[0] bg[3] ba[15] ro[1] co[3] @2996
WRITE ch[0] ra[0] bg[0] ba[0] ro[3] co[1] @2998
WRITE ch[0] ra[0] bg[3] ba[15] ro[1] co[4] @3000
WRITE ch[0] ra[0] bg[0] ba[0] ro[3] co[2] @3002
WRITE ch[0] ra[0] bg[3] ba[15] ro[1] co[5] @3004
WRITE ch[0] ra[0] bg[0] ba[0] ro[3] co[3] @3006
WRITE ch[0] ra[0] bg[3] ba[15] ro[1] co[6] @3008
WRITE ch[0] ra[0] bg[0] ba[0] ro[3] co[4] @3010
WRITE ch[0] ra[0] bg[3] ba[15] ro[1] co[7] @3012
WRITE ch[0] ra[0] bg[0] ba[0] ro[3] co[5] @3014
WRITE ch[0] ra[0] bg[3] ba[15] ro[1] co[8] @3016
WRITE ch[0] ra[0] bg[0] ba[0] ro[3] co[6] @3018
WRITE ch[0] ra[0] bg[3] ba[15] ro[1] co[9] @3020
WRITE ch[0] ra[0] bg[0] ba[0] ro[3] co[7] @3022
WRITE ch[0] ra[0] bg[3] ba[15] ro[1] co[10] @3024
WRITE ch[0] ra[0] bg[0] ba[0] ro[3] co[8] @3026
WRITE ch[0] ra[0] bg[3] ba[15] ro[1] co[11] @3028
WRITE ch[0] ra[0] bg[0] ba[0] ro[3] co[9] @3030
WRITE ch[0] ra[0] bg[3] ba[15] ro[1] co[12] @3032
WRITE ch[0] ra[0] bg[0] ba[0] ro[3] co[10] @3034
WRITE ch[0] ra[0] bg[3] ba[15] ro[1] co[13] @3036
WRITE ch[0] ra[0] bg[0] ba[0] ro[3] co[11] @3038
WRITE ch[0] ra[0] bg[3] ba[15] ro[1] co[14] @3040
WRITE ch[0] ra[0] bg[0] ba[0] ro[3] co[12] @3042
WRITE ch[0] ra[0] bg[3] ba[15] ro[1] co[15] @3044
WRITE ch[0] ra[0] bg[0] ba[0] ro[3] co[13] @3046
WRITE ch[0] ra[0] bg[3] ba[15] ro[1] co[16] @3048
WRITE ch[0] ra[0] bg[0] ba[0] ro[3] co[14] @3050
WRITE ch[0] ra[0] bg[3] ba[15] ro[1] co[17] @3052
WRITE ch[0] ra[0] bg[0] ba[0] ro[3] co[15] @3054
WRITE ch[0] ra[0] bg[3] ba[15] ro[1] co[18] @3056
WRITE ch[0] ra[0] bg[0] ba[0] ro[3] co[16] @3058
WRITE ch[0] ra[0] bg[3] ba[15] ro[1] co[19] @3060
WRITE ch[0] ra[0] bg[0] ba[0] ro[3] co[17] @3062
WRITE ch[0] ra[0] bg[3] ba[15] ro[1] co[20] @3064
WRITE ch[0] ra[0] bg[0] ba[0] ro[3] co[18] @3066
WRITE ch[0] ra[0] bg[3] ba[15] ro[1] co[21] @3068
WRITE ch[0] ra[0] bg[0] ba[0] ro[3] co[19] @3070
WRITE ch[0] ra[0] bg[3] ba[15] ro[1] co[22] @3072
WRITE ch[0] ra[0] bg[0] ba[0] ro[3] co[20] @3074
WRITE ch[0] ra[0] bg[3] ba[15] ro[1] co[23] @3076
WRITE ch[0] ra[0] bg[0] ba[0] ro[3] co[21] @3078
WRITE ch[0] ra[0] bg[3] ba[15] ro[1] co[24] @3080
WRITE ch[0] ra[0] bg[0] ba[0] ro[3] co[22] @3082
WRITE ch[0] ra[0] bg[3] ba[15] ro[1] co[25] @3084
WRITE ch[0] ra[0] bg[0] ba[0] ro[3] co[23] @3086
WRITE ch[0] ra[0] bg[3] ba[15] ro[1] co[26] @3088
WRITE ch[0] ra[0] bg[0] ba[0] ro[3] co[24] @3090
WRITE ch[0] ra[0] bg[3] ba[15] ro[1] co[27] @3092
WRITE ch[0] ra[0] bg[0] ba[0] ro[3] co[25] @3094
WRITE ch[0] ra[0] bg[3] ba[15] ro[1] co[28] @3096
WRITE ch[0] ra[0] bg[0] ba[0] ro[3] co[26] @3098
WRITE ch[0] ra[0] bg[3] ba[15] ro[1] co[29] @3100
WRITE ch[0] ra[0] bg[0] ba[0] ro[3] co[27] @3102
WRITE ch[0] ra[0] bg[3] ba[15] ro[1] co[30] @3104
WRITE ch[0] ra[0] bg[0] ba[0] ro[3] co[28] @3106
WRITE ch[0] ra[0] bg[3] ba[15] ro[1] co[31] @3108
WRITE ch[0] ra[0] bg[0] ba[0] ro[3] co[29] @3110
WRITE ch[0] ra[0] bg[0] ba[0] ro[3] co[30] @3114
WRITE ch[0] ra[0] bg[0] ba[0] ro[3] co[31] @3118
WRITE ch[0] ra[0] bg[0] ba[2] ro[2] co[0] @3122
ACTIVATE ch[0] ra[0] bg[1] ba[4] ro[2] co[0] @3123 tag : 
WRITE ch[0] ra[0] bg[0] ba[2] ro[2] co[1] @3126
WRITE ch[0] ra[0] bg[0] ba[2] ro[2] co[2] @3130
WRITE ch[0] ra[0] bg[1] ba[4] ro[2] co[0] @3133
PRECHARGE ch[0] ra[0] bg[3] ba[15] ro[1] @3134
WRITE ch[0] ra[0] bg[0] ba[2] ro[2] co[3] @3135
WRITE ch[0] ra[0] bg[1] ba[4] ro[2] co[1] @3137
WRITE ch[0] ra[0] bg[0] ba[2] ro[2] co[4] @3139
WRITE ch[0] ra[0] bg[1] ba[4] ro[2] co[2] @3141
WRITE ch[0] ra[0] bg[0] ba[2] ro[2] co[5] @3143
PRECHARGE ch[0] ra[0] bg[0] ba[0] ro[3] @3144
WRITE ch[0] ra[0] bg[1] ba[4] ro[2] co[3] @3145
WRITE ch[0] ra[0] bg[0] ba[2] ro[2] co[6] @3147
WRITE ch[0] ra[0] bg[1] ba[4] ro[2] co[4] @3149
WRITE ch[0] ra[0] bg[0] ba[2] ro[2] co[7] @3151
WRITE ch[0] ra[0] bg[1] ba[4] ro[2] co[5] @3153
WRITE ch[0] ra[0] bg[0] ba[2] ro[2] co[8] @3155
WRITE ch[0] ra[0] bg[1] ba[4] ro[2] co[6] @3157
WRITE ch[0] ra[0] bg[0] ba[2] ro[2] co[9] @3159
WRITE ch[0] ra[0] bg[1] ba[4] ro[2] co[7] @3161
WRITE ch[0] ra[0] bg[0] ba[2] ro[2] co[10] @3163
WRITE ch[0] ra[0] bg[1] ba[4] ro[2] co[8] @3165
WRITE ch[0] ra[0] bg[0] ba[2] ro[2] co[11] @3167
WRITE ch[0] ra[0] bg[1] ba[4] ro[2] co[9] @3169
WRITE ch[0] ra[0] bg[0] ba[2] ro[2] co[12] @3171
WRITE ch[0] ra[0] bg[1] ba[4] ro[2] co[10] @3173
WRITE ch[0] ra[0] bg[0] ba[2] ro[2] co[13] @3175
WRITE ch[0] ra[0] bg[1] ba[4] ro[2] co[11] @3177
WRITE ch[0] ra[0] bg[0] ba[2] ro[2] co[14] @3179
WRITE ch[0] ra[0] bg[1] ba[4] ro[2] co[12] @3181
WRITE ch[0] ra[0] bg[0] ba[2] ro[2] co[15] @3183
WRITE ch[0] ra[0] bg[1] ba[4] ro[2] co[13] @3185
WRITE ch[0] ra[0] bg[0] ba[2] ro[2] co[16] @3187
WRITE ch[0] ra[0] bg[1] ba[4] ro[2] co[14] @3189
WRITE ch[0] ra[0] bg[0] ba[2] ro[2] co[17] @3191
WRITE ch[0] ra[0] bg[1] ba[4] ro[2] co[15] @3193
WRITE ch[0] ra[0] bg[0] ba[2] ro[2] co[18] @3195
WRITE ch[0] ra[0] bg[1] ba[4] ro[2] co[16] @3197
WRITE ch[0] ra[0] bg[0] ba[2] ro[2] co[19] @3199
WRITE ch[0] ra[0] bg[1] ba[4] ro[2] co[17] @3201
WRITE ch[0] ra[0] bg[0] ba[2] ro[2] co[20] @3203
WRITE ch[0] ra[0] bg[1] ba[4] ro[2] co[18] @3205
WRITE ch[0] ra[0] bg[0] ba[2] ro[2] co[21] @3207
WRITE ch[0] ra[0] bg[1] ba[4] ro[2] co[19] @3209
WRITE ch[0] ra[0] bg[0] ba[2] ro[2] co[22] @3211
WRITE ch[0] ra[0] bg[1] ba[4] ro[2] co[20] @3213
WRITE ch[0] ra[0] bg[0] ba[2] ro[2] co[23] @3215
WRITE ch[0] ra[0] bg[1] ba[4] ro[2] co[21] @3217
WRITE ch[0] ra[0] bg[0] ba[2] ro[2] co[24] @3219
WRITE ch[0] ra[0] bg[1] ba[4] ro[2] co[22] @3221
WRITE ch[0] ra[0] bg[0] ba[2] ro[2] co[25] @3223
WRITE ch[0] ra[0] bg[1] ba[4] ro[2] co[23] @3225
WRITE ch[0] ra[0] bg[0] ba[2] ro[2] co[26] @3227
WRITE ch[0] ra[0] bg[1] ba[4] ro[2] co[24] @3229
WRITE ch[0] ra[0] bg[0] ba[2] ro[2] co[27] @3231
WRITE ch[0] ra[0] bg[1] ba[4] ro[2] co[25] @3233
WRITE ch[0] ra[0] bg[0] ba[2] ro[2] co[28] @3235
WRITE ch[0] ra[0] bg[1] ba[4] ro[2] co[26] @3237
WRITE ch[0] ra[0] bg[0] ba[2] ro[2] co[29] @3239
WRITE ch[0] ra[0] bg[1] ba[4] ro[2] co[27] @3241
WRITE ch[0] ra[0] bg[0] ba[2] ro[2] co[30] @3243
WRITE ch[0] ra[0] bg[1] ba[4] ro[2] co[28] @3245
WRITE ch[0] ra[0] bg[0] ba[2] ro[2] co[31] @3247
WRITE ch[0] ra[0] bg[1] ba[4] ro[2] co[29] @3249
WRITE ch[0] ra[0] bg[1] ba[4] ro[2] co[30] @3253
WRITE ch[0] ra[0] bg[1] ba[4] ro[2] co[31] @3257
PRECHARGE ch[0] ra[0] bg[0] ba[2] ro[2] @3273
PRECHARGE ch[0] ra[0] bg[1] ba[4] ro[2] @3283
ACTIVATE ch[0] ra[0] bg[0] ba[2] ro[3] co[0] @3287 tag : 
WRITE ch[0] ra[0] bg[0] ba[2] ro[3] co[0] @3297
ACTIVATE ch[0] ra[0] bg[1] ba[4] ro[3] co[0] @3298 tag : 
WRITE ch[0] ra[0] bg[0] ba[2] ro[3] co[1] @3301
ACTIVATE ch[0] ra[0] bg[1] ba[6] ro[2] co[0] @3304 tag : 
WRITE ch[0] ra[0] bg[0] ba[2] ro[3] co[2] @3305
WRITE ch[0] ra[0] bg[1] ba[4] ro[3] co[0] @3308
WRITE ch[0] ra[0] bg[0] ba[2] ro[3] co[3] @3310
WRITE ch[0] ra[0] bg[1] ba[4] ro[3] co[1] @3312
WRITE ch[0] ra[0] bg[0] ba[2] ro[3] co[4] @3314
WRITE ch[0] ra[0] bg[1] ba[4] ro[3] co[2] @3316
WRITE ch[0] ra[0] bg[0] ba[2] ro[3] co[5] @3318
WRITE ch[0] ra[0] bg[1] ba[4] ro[3] co[3] @3320
WRITE ch[0] ra[0] bg[0] ba[2] ro[3] co[6] @3322
WRITE ch[0] ra[0] bg[1] ba[4] ro[3] co[4] @3324
WRITE ch[0] ra[0] bg[0] ba[2] ro[3] co[7] @3326
WRITE ch[0] ra[0] bg[1] ba[4] ro[3] co[5] @3328
WRITE ch[0] ra[0] bg[0] ba[2] ro[3] co[8] @3330
WRITE ch[0] ra[0] bg[1] ba[4] ro[3] co[6] @3332
WRITE ch[0] ra[0] bg[0] ba[2] ro[3] co[9] @3334
WRITE ch[0] ra[0] bg[1] ba[4] ro[3] co[7] @3336
WRITE ch[0] ra[0] bg[0] ba[2] ro[3] co[10] @3338
WRITE ch[0] ra[0] bg[1] ba[4] ro[3] co[8] @3340
WRITE ch[0] ra[0] bg[0] ba[2] ro[3] co[11] @3342
WRITE ch[0] ra[0] bg[1] ba[4] ro[3] co[9] @3344
WRITE ch[0] ra[0] bg[0] ba[2] ro[3] co[12] @3346
WRITE ch[0] ra[0] bg[1] ba[4] ro[3] co[10] @3348
WRITE ch[0] ra[0] bg[0] ba[2] ro[3] co[13] @3350
WRITE ch[0] ra[0] bg[1] ba[4] ro[3] co[11] @3352
WRITE ch[0] ra[0] bg[0] ba[2] ro[3] co[14] @3354
WRITE ch[0] ra[0] bg[1] ba[4] ro[3] co[12] @3356
WRITE ch[0] ra[0] bg[0] ba[2] ro[3] co[15] @3358
WRITE ch[0] ra[0] bg[1] ba[4] ro[3] co[13] @3360
WRITE ch[0] ra[0] bg[0] ba[2] ro[3] co[16] @3362
WRITE ch[0] ra[0] bg[1] ba[4] ro[3] co[14] @3364
WRITE ch[0] ra[0] bg[0] ba[2] ro[3] co[17] @3366
WRITE ch[0] ra[0] bg[1] ba[4] ro[3] co[15] @3368
WRITE ch[0] ra[0] bg[0] ba[2] ro[3] co[18] @3370
WRITE ch[0] ra[0] bg[1] ba[4] ro[3] co[16] @3372
WRITE ch[0] ra[0] bg[0] ba[2] ro[3] co[19] @3374
WRITE ch[0] ra[0] bg[1] ba[4] ro[3] co[17] @3376
WRITE ch[0] ra[0] bg[0] ba[2] ro[3] co[20] @3378
WRITE ch[0] ra[0] bg[1] ba[4] ro[3] co[18] @3380
WRITE ch[0] ra[0] bg[0] ba[2] ro[3] co[21] @3382
WRITE ch[0] ra[0] bg[1] ba[4] ro[3] co[19] @3384
WRITE ch[0] ra[0] bg[0] ba[2] ro[3] co[22] @3386
WRITE ch[0] ra[0] bg[1] ba[4] ro[3] co[20] @3388
WRITE ch[0] ra[0] bg[0] ba[2] ro[3] co[23] @3390
WRITE ch[0] ra[0] bg[1] ba[4] ro[3] co[21] @3392
WRITE ch[0] ra[0] bg[0] ba[2] ro[3] co[24] @3394
WRITE ch[0] ra[0] bg[1] ba[4] ro[3] co[22] @3396
WRITE ch[0] ra[0] bg[0] ba[2] ro[3] co[25] @3398
WRITE ch[0] ra[0] bg[1] ba[4] ro[3] co[23] @3400
WRITE ch[0] ra[0] bg[0] ba[2] ro[3] co[26] @3402
WRITE ch[0] ra[0] bg[1] ba[4] ro[3] co[24] @3404
WRITE ch[0] ra[0] bg[0] ba[2] ro[3] co[27] @3406
WRITE ch[0] ra[0] bg[1] ba[4] ro[3] co[25] @3408
WRITE ch[0] ra[0] bg[0] ba[2] ro[3] co[28] @3410
WRITE ch[0] ra[0] bg[1] ba[4] ro[3] co[26] @3412
WRITE ch[0] ra[0] bg[0] ba[2] ro[3] co[29] @3414
WRITE ch[0] ra[0] bg[1] ba[4] ro[3] co[27] @3416
WRITE ch[0] ra[0] bg[0] ba[2] ro[3] co[30] @3418
WRITE ch[0] ra[0] bg[1] ba[4] ro[3] co[28] @3420
WRITE ch[0] ra[0] bg[0] ba[2] ro[3] co[31] @3422
WRITE ch[0] ra[0] bg[1] ba[4] ro[3] co[29] @3424
WRITE ch[0] ra[0] bg[1] ba[4] ro[3] co[30] @3428
WRITE ch[0] ra[0] bg[1] ba[4] ro[3] co[31] @3432
WRITE ch[0] ra[0] bg[1] ba[6] ro[2] co[0] @3436
ACTIVATE ch[0] ra[0] bg[2] ba[8] ro[2] co[0] @3437 tag : 
WRITE ch[0] ra[0] bg[1] ba[6] ro[2] co[1] @3440
WRITE ch[0] ra[0] bg[1] ba[6] ro[2] co[2] @3444
WRITE ch[0] ra[0] bg[2] ba[8] ro[2] co[0] @3447
PRECHARGE ch[0] ra[0] bg[0] ba[2] ro[3] @3448
WRITE ch[0] ra[0] bg[1] ba[6] ro[2] co[3] @3449
WRITE ch[0] ra[0] bg[2] ba[8] ro[2] co[1] @3451
WRITE ch[0] ra[0] bg[1] ba[6] ro[2] co[4] @3453
WRITE ch[0] ra[0] bg[2] ba[8] ro[2] co[2] @3455
WRITE ch[0] ra[0] bg[1] ba[6] ro[2] co[5] @3457
PRECHARGE ch[0] ra[0] bg[1] ba[4] ro[3] @3458
WRITE ch[0] ra[0] bg[2] ba[8] ro[2] co[3] @3459
WRITE ch[0] ra[0] bg[1] ba[6] ro[2] co[6] @3461
WRITE ch[0] ra[0] bg[2] ba[8] ro[2] co[4] @3463
WRITE ch[0] ra[0] bg[1] ba[6] ro[2] co[7] @3465
WRITE ch[0] ra[0] bg[2] ba[8] ro[2] co[5] @3467
WRITE ch[0] ra[0] bg[1] ba[6] ro[2] co[8] @3469
WRITE ch[0] ra[0] bg[2] ba[8] ro[2] co[6] @3471
WRITE ch[0] ra[0] bg[1] ba[6] ro[2] co[9] @3473
WRITE ch[0] ra[0] bg[2] ba[8] ro[2] co[7] @3475
WRITE ch[0] ra[0] bg[1] ba[6] ro[2] co[10] @3477
WRITE ch[0] ra[0] bg[2] ba[8] ro[2] co[8] @3479
WRITE ch[0] ra[0] bg[1] ba[6] ro[2] co[11] @3481
WRITE ch[0] ra[0] bg[2] ba[8] ro[2] co[9] @3483
WRITE ch[0] ra[0] bg[1] ba[6] ro[2] co[12] @3485
WRITE ch[0] ra[0] bg[2] ba[8] ro[2] co[10] @3487
WRITE ch[0] ra[0] bg[1] ba[6] ro[2] co[13] @3489
WRITE ch[0] ra[0] bg[2] ba[8] ro[2] co[11] @3491
WRITE ch[0] ra[0] bg[1] ba[6] ro[2] co[14] @3493
WRITE ch[0] ra[0] bg[2] ba[8] ro[2] co[12] @3495
WRITE ch[0] ra[0] bg[1] ba[6] ro[2] co[15] @3497
WRITE ch[0] ra[0] bg[2] ba[8] ro[2] co[13] @3499
WRITE ch[0] ra[0] bg[1] ba[6] ro[2] co[16] @3501
WRITE ch[0] ra[0] bg[2] ba[8] ro[2] co[14] @3503
WRITE ch[0] ra[0] bg[1] ba[6] ro[2] co[17] @3505
WRITE ch[0] ra[0] bg[2] ba[8] ro[2] co[15] @3507
WRITE ch[0] ra[0] bg[1] ba[6] ro[2] co[18] @3509
WRITE ch[0] ra[0] bg[2] ba[8] ro[2] co[16] @3511
WRITE ch[0] ra[0] bg[1] ba[6] ro[2] co[19] @3513
WRITE ch[0] ra[0] bg[2] ba[8] ro[2] co[17] @3515
WRITE ch[0] ra[0] bg[1] ba[6] ro[2] co[20] @3517
WRITE ch[0] ra[0] bg[2] ba[8] ro[2] co[18] @3519
WRITE ch[0] ra[0] bg[1] ba[6] ro[2] co[21] @3521
WRITE ch[0] ra[0] bg[2] ba[8] ro[2] co[19] @3523
WRITE ch[0] ra[0] bg[1] ba[6] ro[2] co[22] @3525
WRITE ch[0] ra[0] bg[2] ba[8] ro[2] co[20] @3527
WRITE ch[0] ra[0] bg[1] ba[6] ro[2] co[23] @3529
WRITE ch[0] ra[0] bg[2] ba[8] ro[2] co[21] @3531
WRITE ch[0] ra[0] bg[1] ba[6] ro[2] co[24] @3533
WRITE ch[0] ra[0] bg[2] ba[8] ro[2] co[22] @3535
WRITE ch[0] ra[0] bg[1] ba[6] ro[2] co[25] @3537
WRITE ch[0] ra[0] bg[2] ba[8] ro[2] co[23] @3539
WRITE ch[0] ra[0] bg[1] ba[6] ro[2] co[26] @3541
WRITE ch[0] ra[0] bg[2] ba[8] ro[2] co[24] @3543
WRITE ch[0] ra[0] bg[1] ba[6] ro[2] co[27] @3545
WRITE ch[0] ra[0] bg[2] ba[8] ro[2] co[25] @3547
WRITE ch[0] ra[0] bg[1] ba[6] ro[2] co[28] @3549
WRITE ch[0] ra[0] bg[2] ba[8] ro[2] co[26] @3551
WRITE ch[0] ra[0] bg[1] ba[6] ro[2] co[29] @3553
WRITE ch[0] ra[0] bg[2] ba[8] ro[2] co[27] @3555
WRITE ch[0] ra[0] bg[1] ba[6] ro[2] co[30] @3557
WRITE ch[0] ra[0] bg[2] ba[8] ro[2] co[28] @3559
WRITE ch[0] ra[0] bg[1] ba[6] ro[2] co[31] @3561
WRITE ch[0] ra[0] bg[2] ba[8] ro[2] co[29] @3563
WRITE ch[0] ra[0] bg[2] ba[8] ro[2] co[30] @3567
WRITE ch[0] ra[0] bg[2] ba[8] ro[2] co[31] @3571
PRECHARGE ch[0] ra[0] bg[1] ba[6] ro[2] @3587
PRECHARGE ch[0] ra[0] bg[2] ba[8] ro[2] @3597
ACTIVATE ch[0] ra[0] bg[1] ba[6] ro[3] co[0] @3601 tag : 
WRITE ch[0] ra[0] bg[1] ba[6] ro[3] co[0] @3611
ACTIVATE ch[0] ra[0] bg[2] ba[8] ro[3] co[0] @3612 tag : 
WRITE ch[0] ra[0] bg[1] ba[6] ro[3] co[1] @3615
ACTIVATE ch[0] ra[0] bg[2] ba[10] ro[2] co[0] @3618 tag : 
WRITE ch[0] ra[0] bg[1] ba[6] ro[3] co[2] @3619
WRITE ch[0] ra[0] bg[2] ba[8] ro[3] co[0] @3622
WRITE ch[0] ra[0] bg[1] ba[6] ro[3] co[3] @3624
WRITE ch[0] ra[0] bg[2] ba[8] ro[3] co[1] @3626
WRITE ch[0] ra[0] bg[1] ba[6] ro[3] co[4] @3628
WRITE ch[0] ra[0] bg[2] ba[8] ro[3] co[2] @3630
WRITE ch[0] ra[0] bg[1] ba[6] ro[3] co[5] @3632
WRITE ch[0] ra[0] bg[2] ba[8] ro[3] co[3] @3634
WRITE ch[0] ra[0] bg[1] ba[6] ro[3] co[6] @3636
WRITE ch[0] ra[0] bg[2] ba[8] ro[3] co[4] @3638
WRITE ch[0] ra[0] bg[1] ba[6] ro[3] co[7] @3640
WRITE ch[0] ra[0] bg[2] ba[8] ro[3] co[5] @3642
WRITE ch[0] ra[0] bg[1] ba[6] ro[3] co[8] @3644
WRITE ch[0] ra[0] bg[2] ba[8] ro[3] co[6] @3646
WRITE ch[0] ra[0] bg[1] ba[6] ro[3] co[9] @3648
WRITE ch[0] ra[0] bg[2] ba[8] ro[3] co[7] @3650
WRITE ch[0] ra[0] bg[1] ba[6] ro[3] co[10] @3652
WRITE ch[0] ra[0] bg[2] ba[8] ro[3] co[8] @3654
WRITE ch[0] ra[0] bg[1] ba[6] ro[3] co[11] @3656
WRITE ch[0] ra[0] bg[2] ba[8] ro[3] co[9] @3658
WRITE ch[0] ra[0] bg[1] ba[6] ro[3] co[12] @3660
WRITE ch[0] ra[0] bg[2] ba[8] ro[3] co[10] @3662
WRITE ch[0] ra[0] bg[1] ba[6] ro[3] co[13] @3664
WRITE ch[0] ra[0] bg[2] ba[8] ro[3] co[11] @3666
WRITE ch[0] ra[0] bg[1] ba[6] ro[3] co[14] @3668
WRITE ch[0] ra[0] bg[2] ba[8] ro[3] co[12] @3670
WRITE ch[0] ra[0] bg[1] ba[6] ro[3] co[15] @3672
WRITE ch[0] ra[0] bg[2] ba[8] ro[3] co[13] @3674
WRITE ch[0] ra[0] bg[1] ba[6] ro[3] co[16] @3676
WRITE ch[0] ra[0] bg[2] ba[8] ro[3] co[14] @3678
WRITE ch[0] ra[0] bg[1] ba[6] ro[3] co[17] @3680
WRITE ch[0] ra[0] bg[2] ba[8] ro[3] co[15] @3682
WRITE ch[0] ra[0] bg[1] ba[6] ro[3] co[18] @3684
WRITE ch[0] ra[0] bg[2] ba[8] ro[3] co[16] @3686
WRITE ch[0] ra[0] bg[1] ba[6] ro[3] co[19] @3688
WRITE ch[0] ra[0] bg[2] ba[8] ro[3] co[17] @3690
WRITE ch[0] ra[0] bg[1] ba[6] ro[3] co[20] @3692
WRITE ch[0] ra[0] bg[2] ba[8] ro[3] co[18] @3694
WRITE ch[0] ra[0] bg[1] ba[6] ro[3] co[21] @3696
WRITE ch[0] ra[0] bg[2] ba[8] ro[3] co[19] @3698
WRITE ch[0] ra[0] bg[1] ba[6] ro[3] co[22] @3700
WRITE ch[0] ra[0] bg[2] ba[8] ro[3] co[20] @3702
WRITE ch[0] ra[0] bg[1] ba[6] ro[3] co[23] @3704
WRITE ch[0] ra[0] bg[2] ba[8] ro[3] co[21] @3706
WRITE ch[0] ra[0] bg[1] ba[6] ro[3] co[24] @3708
WRITE ch[0] ra[0] bg[2] ba[8] ro[3] co[22] @3710
WRITE ch[0] ra[0] bg[1] ba[6] ro[3] co[25] @3712
WRITE ch[0] ra[0] bg[2] ba[8] ro[3] co[23] @3714
WRITE ch[0] ra[0] bg[1] ba[6] ro[3] co[26] @3716
WRITE ch[0] ra[0] bg[2] ba[8] ro[3] co[24] @3718
WRITE ch[0] ra[0] bg[1] ba[6] ro[3] co[27] @3720
WRITE ch[0] ra[0] bg[2] ba[8] ro[3] co[25] @3722
WRITE ch[0] ra[0] bg[1] ba[6] ro[3] co[28] @3724
WRITE ch[0] ra[0] bg[2] ba[8] ro[3] co[26] @3726
WRITE ch[0] ra[0] bg[1] ba[6] ro[3] co[29] @3728
WRITE ch[0] ra[0] bg[2] ba[8] ro[3] co[27] @3730
WRITE ch[0] ra[0] bg[1] ba[6] ro[3] co[30] @3732
WRITE ch[0] ra[0] bg[2] ba[8] ro[3] co[28] @3734
WRITE ch[0] ra[0] bg[1] ba[6] ro[3] co[31] @3736
WRITE ch[0] ra[0] bg[2] ba[8] ro[3] co[29] @3738
WRITE ch[0] ra[0] bg[2] ba[8] ro[3] co[30] @3742
WRITE ch[0] ra[0] bg[2] ba[8] ro[3] co[31] @3746
WRITE ch[0] ra[0] bg[2] ba[10] ro[2] co[0] @3750
ACTIVATE ch[0] ra[0] bg[3] ba[12] ro[2] co[0] @3751 tag : 
WRITE ch[0] ra[0] bg[2] ba[10] ro[2] co[1] @3754
WRITE ch[0] ra[0] bg[2] ba[10] ro[2] co[2] @3758
WRITE ch[0] ra[0] bg[3] ba[12] ro[2] co[0] @3761
PRECHARGE ch[0] ra[0] bg[1] ba[6] ro[3] @3762
WRITE ch[0] ra[0] bg[2] ba[10] ro[2] co[3] @3763
WRITE ch[0] ra[0] bg[3] ba[12] ro[2] co[1] @3765
WRITE ch[0] ra[0] bg[2] ba[10] ro[2] co[4] @3767
WRITE ch[0] ra[0] bg[3] ba[12] ro[2] co[2] @3769
WRITE ch[0] ra[0] bg[2] ba[10] ro[2] co[5] @3771
PRECHARGE ch[0] ra[0] bg[2] ba[8] ro[3] @3772
WRITE ch[0] ra[0] bg[3] ba[12] ro[2] co[3] @3773
WRITE ch[0] ra[0] bg[2] ba[10] ro[2] co[6] @3775
WRITE ch[0] ra[0] bg[3] ba[12] ro[2] co[4] @3777
WRITE ch[0] ra[0] bg[2] ba[10] ro[2] co[7] @3779
WRITE ch[0] ra[0] bg[3] ba[12] ro[2] co[5] @3781
WRITE ch[0] ra[0] bg[2] ba[10] ro[2] co[8] @3783
WRITE ch[0] ra[0] bg[3] ba[12] ro[2] co[6] @3785
WRITE ch[0] ra[0] bg[2] ba[10] ro[2] co[9] @3787
WRITE ch[0] ra[0] bg[3] ba[12] ro[2] co[7] @3789
WRITE ch[0] ra[0] bg[2] ba[10] ro[2] co[10] @3791
WRITE ch[0] ra[0] bg[3] ba[12] ro[2] co[8] @3793
WRITE ch[0] ra[0] bg[2] ba[10] ro[2] co[11] @3795
WRITE ch[0] ra[0] bg[3] ba[12] ro[2] co[9] @3797
WRITE ch[0] ra[0] bg[2] ba[10] ro[2] co[12] @3799
WRITE ch[0] ra[0] bg[3] ba[12] ro[2] co[10] @3801
WRITE ch[0] ra[0] bg[2] ba[10] ro[2] co[13] @3803
WRITE ch[0] ra[0] bg[3] ba[12] ro[2] co[11] @3805
WRITE ch[0] ra[0] bg[2] ba[10] ro[2] co[14] @3807
WRITE ch[0] ra[0] bg[3] ba[12] ro[2] co[12] @3809
WRITE ch[0] ra[0] bg[2] ba[10] ro[2] co[15] @3811
WRITE ch[0] ra[0] bg[3] ba[12] ro[2] co[13] @3813
WRITE ch[0] ra[0] bg[2] ba[10] ro[2] co[16] @3815
WRITE ch[0] ra[0] bg[3] ba[12] ro[2] co[14] @3817
WRITE ch[0] ra[0] bg[2] ba[10] ro[2] co[17] @3819
WRITE ch[0] ra[0] bg[3] ba[12] ro[2] co[15] @3821
WRITE ch[0] ra[0] bg[2] ba[10] ro[2] co[18] @3823
WRITE ch[0] ra[0] bg[3] ba[12] ro[2] co[16] @3825
WRITE ch[0] ra[0] bg[2] ba[10] ro[2] co[19] @3827
WRITE ch[0] ra[0] bg[3] ba[12] ro[2] co[17] @3829
WRITE ch[0] ra[0] bg[2] ba[10] ro[2] co[20] @3831
WRITE ch[0] ra[0] bg[3] ba[12] ro[2] co[18] @3833
WRITE ch[0] ra[0] bg[2] ba[10] ro[2] co[21] @3835
WRITE ch[0] ra[0] bg[3] ba[12] ro[2] co[19] @3837
WRITE ch[0] ra[0] bg[2] ba[10] ro[2] co[22] @3839
WRITE ch[0] ra[0] bg[3] ba[12] ro[2] co[20] @3841
WRITE ch[0] ra[0] bg[2] ba[10] ro[2] co[23] @3843
WRITE ch[0] ra[0] bg[3] ba[12] ro[2] co[21] @3845
WRITE ch[0] ra[0] bg[2] ba[10] ro[2] co[24] @3847
WRITE ch[0] ra[0] bg[3] ba[12] ro[2] co[22] @3849
WRITE ch[0] ra[0] bg[2] ba[10] ro[2] co[25] @3851
WRITE ch[0] ra[0] bg[3] ba[12] ro[2] co[23] @3853
WRITE ch[0] ra[0] bg[2] ba[10] ro[2] co[26] @3855
WRITE ch[0] ra[0] bg[3] ba[12] ro[2] co[24] @3857
WRITE ch[0] ra[0] bg[2] ba[10] ro[2] co[27] @3859
WRITE ch[0] ra[0] bg[3] ba[12] ro[2] co[25] @3861
WRITE ch[0] ra[0] bg[2] ba[10] ro[2] co[28] @3863
WRITE ch[0] ra[0] bg[3] ba[12] ro[2] co[26] @3865
WRITE ch[0] ra[0] bg[2] ba[10] ro[2] co[29] @3867
WRITE ch[0] ra[0] bg[3] ba[12] ro[2] co[27] @3869
WRITE ch[0] ra[0] bg[2] ba[10] ro[2] co[30] @3871
WRITE ch[0] ra[0] bg[3] ba[12] ro[2] co[28] @3873
WRITE ch[0] ra[0] bg[2] ba[10] ro[2] co[31] @3875
WRITE ch[0] ra[0] bg[3] ba[12] ro[2] co[29] @3877
WRITE ch[0] ra[0] bg[3] ba[12] ro[2] co[30] @3881
WRITE ch[0] ra[0] bg[3] ba[12] ro[2] co[31] @3885
REF ch[0] ra[1] @3901
PRECHARGE ch[0] ra[0] bg[2] ba[10] ro[2] @3902
PRECHARGE ch[0] ra[0] bg[3] ba[12] ro[2] @3911
ACTIVATE ch[0] ra[0] bg[2] ba[10] ro[3] co[0] @3916 tag : 
ACTIVATE ch[0] ra[0] bg[3] ba[12] ro[3] co[0] @3925 tag : 
WRITE ch[0] ra[0] bg[2] ba[10] ro[3] co[0] @3926
WRITE ch[0] ra[0] bg[2] ba[10] ro[3] co[1] @3930
ACTIVATE ch[0] ra[0] bg[3] ba[14] ro[2] co[0] @3931 tag : 
WRITE ch[0] ra[0] bg[2] ba[10] ro[3] co[2] @3934
WRITE ch[0] ra[0] bg[3] ba[12] ro[3] co[0] @3936
WRITE ch[0] ra[0] bg[2] ba[10] ro[3] co[3] @3938
WRITE ch[0] ra[0] bg[3] ba[12] ro[3] co[1] @3940
WRITE ch[0] ra[0] bg[2] ba[10] ro[3] co[4] @3942
WRITE ch[0] ra[0] bg[3] ba[12] ro[3] co[2] @3944
WRITE ch[0] ra[0] bg[2] ba[10] ro[3] co[5] @3946
WRITE ch[0] ra[0] bg[3] ba[12] ro[3] co[3] @3948
WRITE ch[0] ra[0] bg[2] ba[10] ro[3] co[6] @3950
WRITE ch[0] ra[0] bg[3] ba[12] ro[3] co[4] @3952
WRITE ch[0] ra[0] bg[2] ba[10] ro[3] co[7] @3954
WRITE ch[0] ra[0] bg[3] ba[12] ro[3] co[5] @3956
WRITE ch[0] ra[0] bg[2] ba[10] ro[3] co[8] @3958
WRITE ch[0] ra[0] bg[3] ba[12] ro[3] co[6] @3960
WRITE ch[0] ra[0] bg[2] ba[10] ro[3] co[9] @3962
WRITE ch[0] ra[0] bg[3] ba[12] ro[3] co[7] @3964
WRITE ch[0] ra[0] bg[2] ba[10] ro[3] co[10] @3966
WRITE ch[0] ra[0] bg[3] ba[12] ro[3] co[8] @3968
WRITE ch[0] ra[0] bg[2] ba[10] ro[3] co[11] @3970
WRITE ch[0] ra[0] bg[3] ba[12] ro[3] co[9] @3972
WRITE ch[0] ra[0] bg[2] ba[10] ro[3] co[12] @3974
WRITE ch[0] ra[0] bg[3] ba[12] ro[3] co[10] @3976
WRITE ch[0] ra[0] bg[2] ba[10] ro[3] co[13] @3978
WRITE ch[0] ra[0] bg[3] ba[12] ro[3] co[11] @3980
WRITE ch[0] ra[0] bg[2] ba[10] ro[3] co[14] @3982
WRITE ch[0] ra[0] bg[3] ba[12] ro[3] co[12] @3984
WRITE ch[0] ra[0] bg[2] ba[10] ro[3] co[15] @3986
WRITE ch[0] ra[0] bg[3] ba[12] ro[3] co[13] @3988
WRITE ch[0] ra[0] bg[2] ba[10] ro[3] co[16] @3990
WRITE ch[0] ra[0] bg[3] ba[12] ro[3] co[14] @3992
WRITE ch[0] ra[0] bg[2] ba[10] ro[3] co[17] @3994
WRITE ch[0] ra[0] bg[3] ba[12] ro[3] co[15] @3996
WRITE ch[0] ra[0] bg[2] ba[10] ro[3] co[18] @3998
WRITE ch[0] ra[0] bg[3] ba[12] ro[3] co[16] @4000
WRITE ch[0] ra[0] bg[2] ba[10] ro[3] co[19] @4002
WRITE ch[0] ra[0] bg[3] ba[12] ro[3] co[17] @4004
WRITE ch[0] ra[0] bg[2] ba[10] ro[3] co[20] @4006
WRITE ch[0] ra[0] bg[3] ba[12] ro[3] co[18] @4008
WRITE ch[0] ra[0] bg[2] ba[10] ro[3] co[21] @4010
WRITE ch[0] ra[0] bg[3] ba[12] ro[3] co[19] @4012
WRITE ch[0] ra[0] bg[2] ba[10] ro[3] co[22] @4014
WRITE ch[0] ra[0] bg[3] ba[12] ro[3] co[20] @4016
WRITE ch[0] ra[0] bg[2] ba[10] ro[3] co[23] @4018
WRITE ch[0] ra[0] bg[3] ba[12] ro[3] co[21] @4020
WRITE ch[0] ra[0] bg[2] ba[10] ro[3] co[24] @4022
WRITE ch[0] ra[0] bg[3] ba[12] ro[3] co[22] @4024
WRITE ch[0] ra[0] bg[2] ba[10] ro[3] co[25] @4026
WRITE ch[0] ra[0] bg[3] ba[12] ro[3] co[23] @4028
WRITE ch[0] ra[0] bg[2] ba[10] ro[3] co[26] @4030
WRITE ch[0] ra[0] bg[3] ba[12] ro[3] co[24] @4032
WRITE ch[0] ra[0] bg[2] ba[10] ro[3] co[27] @4034
WRITE ch[0] ra[0] bg[3] ba[12] ro[3] co[25] @4036
WRITE ch[0] ra[0] bg[2] ba[10] ro[3] co[28] @4038
WRITE ch[0] ra[0] bg[3] ba[12] ro[3] co[26] @4040
WRITE ch[0] ra[0] bg[2] ba[10] ro[3] co[29] @4042
WRITE ch[0] ra[0] bg[3] ba[12] ro[3] co[27] @4044
WRITE ch[0] ra[0] bg[2] ba[10] ro[3] co[30] @4046
WRITE ch[0] ra[0] bg[3] ba[12] ro[3] co[28] @4048
WRITE ch[0] ra[0] bg[2] ba[10] ro[3] co[31] @4050
WRITE ch[0] ra[0] bg[3] ba[12] ro[3] co[29] @4052
WRITE ch[0] ra[0] bg[3] ba[12] ro[3] co[30] @4056
WRITE ch[0] ra[0] bg[3] ba[12] ro[3] co[31] @4060
WRITE ch[0] ra[0] bg[3] ba[14] ro[2] co[0] @4064
ACTIVATE ch[0] ra[0] bg[0] ba[1] ro[2] co[0] @4065 tag : 
WRITE ch[0] ra[0] bg[3] ba[14] ro[2] co[1] @4068
WRITE ch[0] ra[0] bg[3] ba[14] ro[2] co[2] @4072
WRITE ch[0] ra[0] bg[0] ba[1] ro[2] co[0] @4075
PRECHARGE ch[0] ra[0] bg[2] ba[10] ro[3] @4076
WRITE ch[0] ra[0] bg[3] ba[14] ro[2] co[3] @4077
WRITE ch[0] ra[0] bg[0] ba[1] ro[2] co[1] @4079
WRITE ch[0] ra[0] bg[3] ba[14] ro[2] co[4] @4081
WRITE ch[0] ra[0] bg[0] ba[1] ro[2] co[2] @4083
WRITE ch[0] ra[0] bg[3] ba[14] ro[2] co[5] @4085
PRECHARGE ch[0] ra[0] bg[3] ba[12] ro[3] @4086
WRITE ch[0] ra[0] bg[0] ba[1] ro[2] co[3] @4087
WRITE ch[0] ra[0] bg[3] ba[14] ro[2] co[6] @4089
WRITE ch[0] ra[0] bg[0] ba[1] ro[2] co[4] @4091
WRITE ch[0] ra[0] bg[3] ba[14] ro[2] co[7] @4093
WRITE ch[0] ra[0] bg[0] ba[1] ro[2] co[5] @4095
WRITE ch[0] ra[0] bg[3] ba[14] ro[2] co[8] @4097
WRITE ch[0] ra[0] bg[0] ba[1] ro[2] co[6] @4099
WRITE ch[0] ra[0] bg[3] ba[14] ro[2] co[9] @4101
WRITE ch[0] ra[0] bg[0] ba[1] ro[2] co[7] @4103
WRITE ch[0] ra[0] bg[3] ba[14] ro[2] co[10] @4105
WRITE ch[0] ra[0] bg[0] ba[1] ro[2] co[8] @4107
WRITE ch[0] ra[0] bg[3] ba[14] ro[2] co[11] @4109
WRITE ch[0] ra[0] bg[0] ba[1] ro[2] co[9] @4111
WRITE ch[0] ra[0] bg[3] ba[14] ro[2] co[12] @4113
WRITE ch[0] ra[0] bg[0] ba[1] ro[2] co[10] @4115
WRITE ch[0] ra[0] bg[3] ba[14] ro[2] co[13] @4117
WRITE ch[0] ra[0] bg[0] ba[1] ro[2] co[11] @4119
WRITE ch[0] ra[0] bg[3] ba[14] ro[2] co[14] @4121
WRITE ch[0] ra[0] bg[0] ba[1] ro[2] co[12] @4123
WRITE ch[0] ra[0] bg[3] ba[14] ro[2] co[15] @4125
WRITE ch[0] ra[0] bg[0] ba[1] ro[2] co[13] @4127
WRITE ch[0] ra[0] bg[3] ba[14] ro[2] co[16] @4129
WRITE ch[0] ra[0] bg[0] ba[1] ro[2] co[14] @4131
WRITE ch[0] ra[0] bg[3] ba[14] ro[2] co[17] @4133
WRITE ch[0] ra[0] bg[0] ba[1] ro[2] co[15] @4135
WRITE ch[0] ra[0] bg[3] ba[14] ro[2] co[18] @4137
WRITE ch[0] ra[0] bg[0] ba[1] ro[2] co[16] @4139
WRITE ch[0] ra[0] bg[3] ba[14] ro[2] co[19] @4141
WRITE ch[0] ra[0] bg[0] ba[1] ro[2] co[17] @4143
WRITE ch[0] ra[0] bg[3] ba[14] ro[2] co[20] @4145
WRITE ch[0] ra[0] bg[0] ba[1] ro[2] co[18] @4147
WRITE ch[0] ra[0] bg[3] ba[14] ro[2] co[21] @4149
WRITE ch[0] ra[0] bg[0] ba[1] ro[2] co[19] @4151
WRITE ch[0] ra[0] bg[3] ba[14] ro[2] co[22] @4153
WRITE ch[0] ra[0] bg[0] ba[1] ro[2] co[20] @4155
WRITE ch[0] ra[0] bg[3] ba[14] ro[2] co[23] @4157
WRITE ch[0] ra[0] bg[0] ba[1] ro[2] co[21] @4159
WRITE ch[0] ra[0] bg[3] ba[14] ro[2] co[24] @4161
WRITE ch[0] ra[0] bg[0] ba[1] ro[2] co[22] @4163
WRITE ch[0] ra[0] bg[3] ba[14] ro[2] co[25] @4165
WRITE ch[0] ra[0] bg[0] ba[1] ro[2] co[23] @4167
WRITE ch[0] ra[0] bg[3] ba[14] ro[2] co[26] @4169
WRITE ch[0] ra[0] bg[0] ba[1] ro[2] co[24] @4171
WRITE ch[0] ra[0] bg[3] ba[14] ro[2] co[27] @4173
WRITE ch[0] ra[0] bg[0] ba[1] ro[2] co[25] @4175
WRITE ch[0] ra[0] bg[3] ba[14] ro[2] co[28] @4177
WRITE ch[0] ra[0] bg[0] ba[1] ro[2] co[26] @4179
WRITE ch[0] ra[0] bg[3] ba[14] ro[2] co[29] @4181
WRITE ch[0] ra[0] bg[0] ba[1] ro[2] co[27] @4183
WRITE ch[0] ra[0] bg[3] ba[14] ro[2] co[30] @4185
WRITE ch[0] ra[0] bg[0] ba[1] ro[2] co[28] @4187
WRITE ch[0] ra[0] bg[3] ba[14] ro[2] co[31] @4189
WRITE ch[0] ra[0] bg[0] ba[1] ro[2] co[29] @4191
WRITE ch[0] ra[0] bg[0] ba[1] ro[2] co[30] @4195
WRITE ch[0] ra[0] bg[0] ba[1] ro[2] co[31] @4199
PRECHARGE ch[0] ra[0] bg[3] ba[14] ro[2] @4215
PRECHARGE ch[0] ra[0] bg[0] ba[1] ro[2] @4225
ACTIVATE ch[0] ra[0] bg[3] ba[14] ro[3] co[0] @4229 tag : 
WRITE ch[0] ra[0] bg[3] ba[14] ro[3] co[0] @4239
ACTIVATE ch[0] ra[0] bg[0] ba[1] ro[3] co[0] @4240 tag : 
WRITE ch[0] ra[0] bg[3] ba[14] ro[3] co[1] @4243
ACTIVATE ch[0] ra[0] bg[0] ba[3] ro[2] co[0] @4246 tag : 
WRITE ch[0] ra[0] bg[3] ba[14] ro[3] co[2] @4247
WRITE ch[0] ra[0] bg[0] ba[1] ro[3] co[0] @4250
WRITE ch[0] ra[0] bg[3] ba[14] ro[3] co[3] @4252
WRITE ch[0] ra[0] bg[0] ba[1] ro[3] co[1] @4254
WRITE ch[0] ra[0] bg[3] ba[14] ro[3] co[4] @4256
WRITE ch[0] ra[0] bg[0] ba[1] ro[3] co[2] @4258
WRITE ch[0] ra[0] bg[3] ba[14] ro[3] co[5] @4260
WRITE ch[0] ra[0] bg[0] ba[1] ro[3] co[3] @4262
WRITE ch[0] ra[0] bg[3] ba[14] ro[3] co[6] @4264
WRITE ch[0] ra[0] bg[0] ba[1] ro[3] co[4] @4266
WRITE ch[0] ra[0] bg[3] ba[14] ro[3] co[7] @4268
WRITE ch[0] ra[0] bg[0] ba[1] ro[3] co[5] @4270
WRITE ch[0] ra[0] bg[3] ba[14] ro[3] co[8] @4272
WRITE ch[0] ra[0] bg[0] ba[1] ro[3] co[6] @4274
WRITE ch[0] ra[0] bg[3] ba[14] ro[3] co[9] @4276
WRITE ch[0] ra[0] bg[0] ba[1] ro[3] co[7] @4278
WRITE ch[0] ra[0] bg[3] ba[14] ro[3] co[10] @4280
WRITE ch[0] ra[0] bg[0] ba[1] ro[3] co[8] @4282
WRITE ch[0] ra[0] bg[3] ba[14] ro[3] co[11] @4284
WRITE ch[0] ra[0] bg[0] ba[1] ro[3] co[9] @4286
WRITE ch[0] ra[0] bg[3] ba[14] ro[3] co[12] @4288
WRITE ch[0] ra[0] bg[0] ba[1] ro[3] co[10] @4290
WRITE ch[0] ra[0] bg[3] ba[14] ro[3] co[13] @4292
WRITE ch[0] ra[0] bg[0] ba[1] ro[3] co[11] @4294
WRITE ch[0] ra[0] bg[3] ba[14] ro[3] co[14] @4296
WRITE ch[0] ra[0] bg[0] ba[1] ro[3] co[12] @4298
WRITE ch[0] ra[0] bg[3] ba[14] ro[3] co[15] @4300
WRITE ch[0] ra[0] bg[0] ba[1] ro[3] co[13] @4302
WRITE ch[0] ra[0] bg[3] ba[14] ro[3] co[16] @4304
WRITE ch[0] ra[0] bg[0] ba[1] ro[3] co[14] @4306
WRITE ch[0] ra[0] bg[3] ba[14] ro[3] co[17] @4308
WRITE ch[0] ra[0] bg[0] ba[1] ro[3] co[15] @4310
WRITE ch[0] ra[0] bg[3] ba[14] ro[3] co[18] @4312
WRITE ch[0] ra[0] bg[0] ba[1] ro[3] co[16] @4314
WRITE ch[0] ra[0] bg[3] ba[14] ro[3] co[19] @4316
WRITE ch[0] ra[0] bg[0] ba[1] ro[3] co[17] @4318
WRITE ch[0] ra[0] bg[3] ba[14] ro[3] co[20] @4320
WRITE ch[0] ra[0] bg[0] ba[1] ro[3] co[18] @4322
WRITE ch[0] ra[0] bg[3] ba[14] ro[3] co[21] @4324
WRITE ch[0] ra[0] bg[0] ba[1] ro[3] co[19] @4326
WRITE ch[0] ra[0] bg[3] ba[14] ro[3] co[22] @4328
WRITE ch[0] ra[0] bg[0] ba[1] ro[3] co[20] @4330
WRITE ch[0] ra[0] bg[3] ba[14] ro[3] co[23] @4332
WRITE ch[0] ra[0] bg[0] ba[1] ro[3] co[21] @4334
WRITE ch[0] ra[0] bg[3] ba[14] ro[3] co[24] @4336
WRITE ch[0] ra[0] bg[0] ba[1] ro[3] co[22] @4338
WRITE ch[0] ra[0] bg[3] ba[14] ro[3] co[25] @4340
WRITE ch[0] ra[0] bg[0] ba[1] ro[3] co[23] @4342
WRITE ch[0] ra[0] bg[3] ba[14] ro[3] co[26] @4344
WRITE ch[0] ra[0] bg[0] ba[1] ro[3] co[24] @4346
WRITE ch[0] ra[0] bg[3] ba[14] ro[3] co[27] @4348
WRITE ch[0] ra[0] bg[0] ba[1] ro[3] co[25] @4350
WRITE ch[0] ra[0] bg[3] ba[14] ro[3] co[28] @4352
WRITE ch[0] ra[0] bg[0] ba[1] ro[3] co[26] @4354
WRITE ch[0] ra[0] bg[3] ba[14] ro[3] co[29] @4356
WRITE ch[0] ra[0] bg[0] ba[1] ro[3] co[27] @4358
WRITE ch[0] ra[0] bg[3] ba[14] ro[3] co[30] @4360
WRITE ch[0] ra[0] bg[0] ba[1] ro[3] co[28] @4362
WRITE ch[0] ra[0] bg[3] ba[14] ro[3] co[31] @4364
WRITE ch[0] ra[0] bg[0] ba[1] ro[3] co[29] @4366
WRITE ch[0] ra[0] bg[0] ba[1] ro[3] co[30] @4370
WRITE ch[0] ra[0] bg[0] ba[1] ro[3] co[31] @4374
WRITE ch[0] ra[0] bg[0] ba[3] ro[2] co[0] @4378
ACTIVATE ch[0] ra[0] bg[1] ba[5] ro[2] co[0] @4379 tag : 
WRITE ch[0] ra[0] bg[0] ba[3] ro[2] co[1] @4382
WRITE ch[0] ra[0] bg[0] ba[3] ro[2] co[2] @4386
WRITE ch[0] ra[0] bg[1] ba[5] ro[2] co[0] @4389
PRECHARGE ch[0] ra[0] bg[3] ba[14] ro[3] @4390
WRITE ch[0] ra[0] bg[0] ba[3] ro[2] co[3] @4391
WRITE ch[0] ra[0] bg[1] ba[5] ro[2] co[1] @4393
WRITE ch[0] ra[0] bg[0] ba[3] ro[2] co[4] @4395
WRITE ch[0] ra[0] bg[1] ba[5] ro[2] co[2] @4397
WRITE ch[0] ra[0] bg[0] ba[3] ro[2] co[5] @4399
PRECHARGE ch[0] ra[0] bg[0] ba[1] ro[3] @4400
WRITE ch[0] ra[0] bg[1] ba[5] ro[2] co[3] @4401
WRITE ch[0] ra[0] bg[0] ba[3] ro[2] co[6] @4403
WRITE ch[0] ra[0] bg[1] ba[5] ro[2] co[4] @4405
WRITE ch[0] ra[0] bg[0] ba[3] ro[2] co[7] @4407
WRITE ch[0] ra[0] bg[1] ba[5] ro[2] co[5] @4409
WRITE ch[0] ra[0] bg[0] ba[3] ro[2] co[8] @4411
WRITE ch[0] ra[0] bg[1] ba[5] ro[2] co[6] @4413
WRITE ch[0] ra[0] bg[0] ba[3] ro[2] co[9] @4415
WRITE ch[0] ra[0] bg[1] ba[5] ro[2] co[7] @4417
WRITE ch[0] ra[0] bg[0] ba[3] ro[2] co[10] @4419
WRITE ch[0] ra[0] bg[1] ba[5] ro[2] co[8] @4421
WRITE ch[0] ra[0] bg[0] ba[3] ro[2] co[11] @4423
WRITE ch[0] ra[0] bg[1] ba[5] ro[2] co[9] @4425
WRITE ch[0] ra[0] bg[0] ba[3] ro[2] co[12] @4427
WRITE ch[0] ra[0] bg[1] ba[5] ro[2] co[10] @4429
WRITE ch[0] ra[0] bg[0] ba[3] ro[2] co[13] @4431
WRITE ch[0] ra[0] bg[1] ba[5] ro[2] co[11] @4433
WRITE ch[0] ra[0] bg[0] ba[3] ro[2] co[14] @4435
WRITE ch[0] ra[0] bg[1] ba[5] ro[2] co[12] @4437
WRITE ch[0] ra[0] bg[0] ba[3] ro[2] co[15] @4439
WRITE ch[0] ra[0] bg[1] ba[5] ro[2] co[13] @4441
WRITE ch[0] ra[0] bg[0] ba[3] ro[2] co[16] @4443
WRITE ch[0] ra[0] bg[1] ba[5] ro[2] co[14] @4445
WRITE ch[0] ra[0] bg[0] ba[3] ro[2] co[17] @4447
WRITE ch[0] ra[0] bg[1] ba[5] ro[2] co[15] @4449
WRITE ch[0] ra[0] bg[0] ba[3] ro[2] co[18] @4451
WRITE ch[0] ra[0] bg[1] ba[5] ro[2] co[16] @4453
WRITE ch[0] ra[0] bg[0] ba[3] ro[2] co[19] @4455
WRITE ch[0] ra[0] bg[1] ba[5] ro[2] co[17] @4457
WRITE ch[0] ra[0] bg[0] ba[3] ro[2] co[20] @4459
WRITE ch[0] ra[0] bg[1] ba[5] ro[2] co[18] @4461
WRITE ch[0] ra[0] bg[0] ba[3] ro[2] co[21] @4463
WRITE ch[0] ra[0] bg[1] ba[5] ro[2] co[19] @4465
WRITE ch[0] ra[0] bg[0] ba[3] ro[2] co[22] @4467
WRITE ch[0] ra[0] bg[1] ba[5] ro[2] co[20] @4469
WRITE ch[0] ra[0] bg[0] ba[3] ro[2] co[23] @4471
WRITE ch[0] ra[0] bg[1] ba[5] ro[2] co[21] @4473
WRITE ch[0] ra[0] bg[0] ba[3] ro[2] co[24] @4475
WRITE ch[0] ra[0] bg[1] ba[5] ro[2] co[22] @4477
WRITE ch[0] ra[0] bg[0] ba[3] ro[2] co[25] @4479
WRITE ch[0] ra[0] bg[1] ba[5] ro[2] co[23] @4481
WRITE ch[0] ra[0] bg[0] ba[3] ro[2] co[26] @4483
WRITE ch[0] ra[0] bg[1] ba[5] ro[2] co[24] @4485
WRITE ch[0] ra[0] bg[0] ba[3] ro[2] co[27] @4487
WRITE ch[0] ra[0] bg[1] ba[5] ro[2] co[25] @4489
WRITE ch[0] ra[0] bg[0] ba[3] ro[2] co[28] @4491
WRITE ch[0] ra[0] bg[1] ba[5] ro[2] co[26] @4493
WRITE ch[0] ra[0] bg[0] ba[3] ro[2] co[29] @4495
WRITE ch[0] ra[0] bg[1] ba[5] ro[2] co[27] @4497
WRITE ch[0] ra[0] bg[0] ba[3] ro[2] co[30] @4499
WRITE ch[0] ra[0] bg[1] ba[5] ro[2] co[28] @4501
WRITE ch[0] ra[0] bg[0] ba[3] ro[2] co[31] @4503
WRITE ch[0] ra[0] bg[1] ba[5] ro[2] co[29] @4505
WRITE ch[0] ra[0] bg[1] ba[5] ro[2] co[30] @4509
WRITE ch[0] ra[0] bg[1] ba[5] ro[2] co[31] @4513
PRECHARGE ch[0] ra[0] bg[0] ba[3] ro[2] @4529
PRECHARGE ch[0] ra[0] bg[1] ba[5] ro[2] @4539
ACTIVATE ch[0] ra[0] bg[0] ba[3] ro[3] co[0] @4543 tag : 
WRITE ch[0] ra[0] bg[0] ba[3] ro[3] co[0] @4553
ACTIVATE ch[0] ra[0] bg[1] ba[5] ro[3] co[0] @4554 tag : 
WRITE ch[0] ra[0] bg[0] ba[3] ro[3] co[1] @4557
ACTIVATE ch[0] ra[0] bg[1] ba[7] ro[2] co[0] @4560 tag : 
WRITE ch[0] ra[0] bg[0] ba[3] ro[3] co[2] @4561
WRITE ch[0] ra[0] bg[1] ba[5] ro[3] co[0] @4564
WRITE ch[0] ra[0] bg[0] ba[3] ro[3] co[3] @4566
WRITE ch[0] ra[0] bg[1] ba[5] ro[3] co[1] @4568
WRITE ch[0] ra[0] bg[0] ba[3] ro[3] co[4] @4570
WRITE ch[0] ra[0] bg[1] ba[5] ro[3] co[2] @4572
WRITE ch[0] ra[0] bg[0] ba[3] ro[3] co[5] @4574
WRITE ch[0] ra[0] bg[1] ba[5] ro[3] co[3] @4576
WRITE ch[0] ra[0] bg[0] ba[3] ro[3] co[6] @4578
WRITE ch[0] ra[0] bg[1] ba[5] ro[3] co[4] @4580
WRITE ch[0] ra[0] bg[0] ba[3] ro[3] co[7] @4582
WRITE ch[0] ra[0] bg[1] ba[5] ro[3] co[5] @4584
WRITE ch[0] ra[0] bg[0] ba[3] ro[3] co[8] @4586
WRITE ch[0] ra[0] bg[1] ba[5] ro[3] co[6] @4588
WRITE ch[0] ra[0] bg[0] ba[3] ro[3] co[9] @4590
WRITE ch[0] ra[0] bg[1] ba[5] ro[3] co[7] @4592
WRITE ch[0] ra[0] bg[0] ba[3] ro[3] co[10] @4594
WRITE ch[0] ra[0] bg[1] ba[5] ro[3] co[8] @4596
WRITE ch[0] ra[0] bg[0] ba[3] ro[3] co[11] @4598
WRITE ch[0] ra[0] bg[1] ba[5] ro[3] co[9] @4600
WRITE ch[0] ra[0] bg[0] ba[3] ro[3] co[12] @4602
WRITE ch[0] ra[0] bg[1] ba[5] ro[3] co[10] @4604
WRITE ch[0] ra[0] bg[0] ba[3] ro[3] co[13] @4606
WRITE ch[0] ra[0] bg[1] ba[5] ro[3] co[11] @4608
WRITE ch[0] ra[0] bg[0] ba[3] ro[3] co[14] @4610
WRITE ch[0] ra[0] bg[1] ba[5] ro[3] co[12] @4612
WRITE ch[0] ra[0] bg[0] ba[3] ro[3] co[15] @4614
WRITE ch[0] ra[0] bg[1] ba[5] ro[3] co[13] @4616
WRITE ch[0] ra[0] bg[0] ba[3] ro[3] co[16] @4618
WRITE ch[0] ra[0] bg[1] ba[5] ro[3] co[14] @4620
WRITE ch[0] ra[0] bg[0] ba[3] ro[3] co[17] @4622
WRITE ch[0] ra[0] bg[1] ba[5] ro[3] co[15] @4624
WRITE ch[0] ra[0] bg[0] ba[3] ro[3] co[18] @4626
WRITE ch[0] ra[0] bg[1] ba[5] ro[3] co[16] @4628
WRITE ch[0] ra[0] bg[0] ba[3] ro[3] co[19] @4630
WRITE ch[0] ra[0] bg[1] ba[5] ro[3] co[17] @4632
WRITE ch[0] ra[0] bg[0] ba[3] ro[3] co[20] @4634
WRITE ch[0] ra[0] bg[1] ba[5] ro[3] co[18] @4636
WRITE ch[0] ra[0] bg[0] ba[3] ro[3] co[21] @4638
WRITE ch[0] ra[0] bg[1] ba[5] ro[3] co[19] @4640
WRITE ch[0] ra[0] bg[0] ba[3] ro[3] co[22] @4642
WRITE ch[0] ra[0] bg[1] ba[5] ro[3] co[20] @4644
WRITE ch[0] ra[0] bg[0] ba[3] ro[3] co[23] @4646
WRITE ch[0] ra[0] bg[1] ba[5] ro[3] co[21] @4648
WRITE ch[0] ra[0] bg[0] ba[3] ro[3] co[24] @4650
WRITE ch[0] ra[0] bg[1] ba[5] ro[3] co[22] @4652
WRITE ch[0] ra[0] bg[0] ba[3] ro[3] co[25] @4654
WRITE ch[0] ra[0] bg[1] ba[5] ro[3] co[23] @4656
WRITE ch[0] ra[0] bg[0] ba[3] ro[3] co[26] @4658
WRITE ch[0] ra[0] bg[1] ba[5] ro[3] co[24] @4660
WRITE ch[0] ra[0] bg[0] ba[3] ro[3] co[27] @4662
WRITE ch[0] ra[0] bg[1] ba[5] ro[3] co[25] @4664
WRITE ch[0] ra[0] bg[0] ba[3] ro[3] co[28] @4666
WRITE ch[0] ra[0] bg[1] ba[5] ro[3] co[26] @4668
WRITE ch[0] ra[0] bg[0] ba[3] ro[3] co[29] @4670
WRITE ch[0] ra[0] bg[1] ba[5] ro[3] co[27] @4672
WRITE ch[0] ra[0] bg[0] ba[3] ro[3] co[30] @4674
WRITE ch[0] ra[0] bg[1] ba[5] ro[3] co[28] @4676
WRITE ch[0] ra[0] bg[0] ba[3] ro[3] co[31] @4678
WRITE ch[0] ra[0] bg[1] ba[5] ro[3] co[29] @4680
WRITE ch[0] ra[0] bg[1] ba[5] ro[3] co[30] @4684
WRITE ch[0] ra[0] bg[1] ba[5] ro[3] co[31] @4688
WRITE ch[0] ra[0] bg[1] ba[7] ro[2] co[0] @4692
ACTIVATE ch[0] ra[0] bg[2] ba[9] ro[2] co[0] @4693 tag : 
WRITE ch[0] ra[0] bg[1] ba[7] ro[2] co[1] @4696
WRITE ch[0] ra[0] bg[1] ba[7] ro[2] co[2] @4700
WRITE ch[0] ra[0] bg[2] ba[9] ro[2] co[0] @4703
PRECHARGE ch[0] ra[0] bg[0] ba[3] ro[3] @4704
WRITE ch[0] ra[0] bg[1] ba[7] ro[2] co[3] @4705
WRITE ch[0] ra[0] bg[2] ba[9] ro[2] co[1] @4707
WRITE ch[0] ra[0] bg[1] ba[7] ro[2] co[4] @4709
WRITE ch[0] ra[0] bg[2] ba[9] ro[2] co[2] @4711
WRITE ch[0] ra[0] bg[1] ba[7] ro[2] co[5] @4713
PRECHARGE ch[0] ra[0] bg[1] ba[5] ro[3] @4714
WRITE ch[0] ra[0] bg[2] ba[9] ro[2] co[3] @4715
WRITE ch[0] ra[0] bg[1] ba[7] ro[2] co[6] @4717
WRITE ch[0] ra[0] bg[2] ba[9] ro[2] co[4] @4719
WRITE ch[0] ra[0] bg[1] ba[7] ro[2] co[7] @4721
WRITE ch[0] ra[0] bg[2] ba[9] ro[2] co[5] @4723
WRITE ch[0] ra[0] bg[1] ba[7] ro[2] co[8] @4725
WRITE ch[0] ra[0] bg[2] ba[9] ro[2] co[6] @4727
WRITE ch[0] ra[0] bg[1] ba[7] ro[2] co[9] @4729
WRITE ch[0] ra[0] bg[2] ba[9] ro[2] co[7] @4731
WRITE ch[0] ra[0] bg[1] ba[7] ro[2] co[10] @4733
WRITE ch[0] ra[0] bg[2] ba[9] ro[2] co[8] @4735
WRITE ch[0] ra[0] bg[1] ba[7] ro[2] co[11] @4737
WRITE ch[0] ra[0] bg[2] ba[9] ro[2] co[9] @4739
WRITE ch[0] ra[0] bg[1] ba[7] ro[2] co[12] @4741
WRITE ch[0] ra[0] bg[2] ba[9] ro[2] co[10] @4743
WRITE ch[0] ra[0] bg[1] ba[7] ro[2] co[13] @4745
WRITE ch[0] ra[0] bg[2] ba[9] ro[2] co[11] @4747
WRITE ch[0] ra[0] bg[1] ba[7] ro[2] co[14] @4749
WRITE ch[0] ra[0] bg[2] ba[9] ro[2] co[12] @4751
WRITE ch[0] ra[0] bg[1] ba[7] ro[2] co[15] @4753
WRITE ch[0] ra[0] bg[2] ba[9] ro[2] co[13] @4755
WRITE ch[0] ra[0] bg[1] ba[7] ro[2] co[16] @4757
WRITE ch[0] ra[0] bg[2] ba[9] ro[2] co[14] @4759
WRITE ch[0] ra[0] bg[1] ba[7] ro[2] co[17] @4761
WRITE ch[0] ra[0] bg[2] ba[9] ro[2] co[15] @4763
WRITE ch[0] ra[0] bg[1] ba[7] ro[2] co[18] @4765
WRITE ch[0] ra[0] bg[2] ba[9] ro[2] co[16] @4767
WRITE ch[0] ra[0] bg[1] ba[7] ro[2] co[19] @4769
WRITE ch[0] ra[0] bg[2] ba[9] ro[2] co[17] @4771
WRITE ch[0] ra[0] bg[1] ba[7] ro[2] co[20] @4773
WRITE ch[0] ra[0] bg[2] ba[9] ro[2] co[18] @4775
WRITE ch[0] ra[0] bg[1] ba[7] ro[2] co[21] @4777
WRITE ch[0] ra[0] bg[2] ba[9] ro[2] co[19] @4779
WRITE ch[0] ra[0] bg[1] ba[7] ro[2] co[22] @4781
WRITE ch[0] ra[0] bg[2] ba[9] ro[2] co[20] @4783
WRITE ch[0] ra[0] bg[1] ba[7] ro[2] co[23] @4785
WRITE ch[0] ra[0] bg[2] ba[9] ro[2] co[21] @4787
WRITE ch[0] ra[0] bg[1] ba[7] ro[2] co[24] @4789
WRITE ch[0] ra[0] bg[2] ba[9] ro[2] co[22] @4791
WRITE ch[0] ra[0] bg[1] ba[7] ro[2] co[25] @4793
WRITE ch[0] ra[0] bg[2] ba[9] ro[2] co[23] @4795
WRITE ch[0] ra[0] bg[1] ba[7] ro[2] co[26] @4797
WRITE ch[0] ra[0] bg[2] ba[9] ro[2] co[24] @4799
WRITE ch[0] ra[0] bg[1] ba[7] ro[2] co[27] @4801
WRITE ch[0] ra[0] bg[2] ba[9] ro[2] co[25] @4803
WRITE ch[0] ra[0] bg[1] ba[7] ro[2] co[28] @4805
WRITE ch[0] ra[0] bg[2] ba[9] ro[2] co[26] @4807
WRITE ch[0] ra[0] bg[1] ba[7] ro[2] co[29] @4809
WRITE ch[0] ra[0] bg[2] ba[9] ro[2] co[27] @4811
WRITE ch[0] ra[0] bg[1] ba[7] ro[2] co[30] @4813
WRITE ch[0] ra[0] bg[2] ba[9] ro[2] co[28] @4815
WRITE ch[0] ra[0] bg[1] ba[7] ro[2] co[31] @4817
WRITE ch[0] ra[0] bg[2] ba[9] ro[2] co[29] @4819
WRITE ch[0] ra[0] bg[2] ba[9] ro[2] co[30] @4823
WRITE ch[0] ra[0] bg[2] ba[9] ro[2] co[31] @4827
PRECHARGE ch[0] ra[0] bg[1] ba[7] ro[2] @4843
PRECHARGE ch[0] ra[0] bg[2] ba[9] ro[2] @4853
ACTIVATE ch[0] ra[0] bg[1] ba[7] ro[3] co[0] @4857 tag : 
WRITE ch[0] ra[0] bg[1] ba[7] ro[3] co[0] @4867
ACTIVATE ch[0] ra[0] bg[2] ba[9] ro[3] co[0] @4868 tag : 
WRITE ch[0] ra[0] bg[1] ba[7] ro[3] co[1] @4871
ACTIVATE ch[0] ra[0] bg[2] ba[11] ro[2] co[0] @4874 tag : 
WRITE ch[0] ra[0] bg[1] ba[7] ro[3] co[2] @4875
WRITE ch[0] ra[0] bg[2] ba[9] ro[3] co[0] @4878
WRITE ch[0] ra[0] bg[1] ba[7] ro[3] co[3] @4880
WRITE ch[0] ra[0] bg[2] ba[9] ro[3] co[1] @4882
WRITE ch[0] ra[0] bg[1] ba[7] ro[3] co[4] @4884
WRITE ch[0] ra[0] bg[2] ba[9] ro[3] co[2] @4886
WRITE ch[0] ra[0] bg[1] ba[7] ro[3] co[5] @4888
WRITE ch[0] ra[0] bg[2] ba[9] ro[3] co[3] @4890
WRITE ch[0] ra[0] bg[1] ba[7] ro[3] co[6] @4892
WRITE ch[0] ra[0] bg[2] ba[9] ro[3] co[4] @4894
WRITE ch[0] ra[0] bg[1] ba[7] ro[3] co[7] @4896
WRITE ch[0] ra[0] bg[2] ba[9] ro[3] co[5] @4898
WRITE ch[0] ra[0] bg[1] ba[7] ro[3] co[8] @4900
WRITE ch[0] ra[0] bg[2] ba[9] ro[3] co[6] @4902
WRITE ch[0] ra[0] bg[1] ba[7] ro[3] co[9] @4904
WRITE ch[0] ra[0] bg[2] ba[9] ro[3] co[7] @4906
WRITE ch[0] ra[0] bg[1] ba[7] ro[3] co[10] @4908
WRITE ch[0] ra[0] bg[2] ba[9] ro[3] co[8] @4910
WRITE ch[0] ra[0] bg[1] ba[7] ro[3] co[11] @4912
WRITE ch[0] ra[0] bg[2] ba[9] ro[3] co[9] @4914
WRITE ch[0] ra[0] bg[1] ba[7] ro[3] co[12] @4916
WRITE ch[0] ra[0] bg[2] ba[9] ro[3] co[10] @4918
WRITE ch[0] ra[0] bg[1] ba[7] ro[3] co[13] @4920
WRITE ch[0] ra[0] bg[2] ba[9] ro[3] co[11] @4922
WRITE ch[0] ra[0] bg[1] ba[7] ro[3] co[14] @4924
WRITE ch[0] ra[0] bg[2] ba[9] ro[3] co[12] @4926
WRITE ch[0] ra[0] bg[1] ba[7] ro[3] co[15] @4928
WRITE ch[0] ra[0] bg[2] ba[9] ro[3] co[13] @4930
WRITE ch[0] ra[0] bg[1] ba[7] ro[3] co[16] @4932
WRITE ch[0] ra[0] bg[2] ba[9] ro[3] co[14] @4934
WRITE ch[0] ra[0] bg[1] ba[7] ro[3] co[17] @4936
WRITE ch[0] ra[0] bg[2] ba[9] ro[3] co[15] @4938
WRITE ch[0] ra[0] bg[1] ba[7] ro[3] co[18] @4940
WRITE ch[0] ra[0] bg[2] ba[9] ro[3] co[16] @4942
WRITE ch[0] ra[0] bg[1] ba[7] ro[3] co[19] @4944
WRITE ch[0] ra[0] bg[2] ba[9] ro[3] co[17] @4946
WRITE ch[0] ra[0] bg[1] ba[7] ro[3] co[20] @4948
WRITE ch[0] ra[0] bg[2] ba[9] ro[3] co[18] @4950
WRITE ch[0] ra[0] bg[1] ba[7] ro[3] co[21] @4952
WRITE ch[0] ra[0] bg[2] ba[9] ro[3] co[19] @4954
WRITE ch[0] ra[0] bg[1] ba[7] ro[3] co[22] @4956
WRITE ch[0] ra[0] bg[2] ba[9] ro[3] co[20] @4958
WRITE ch[0] ra[0] bg[1] ba[7] ro[3] co[23] @4960
WRITE ch[0] ra[0] bg[2] ba[9] ro[3] co[21] @4962
WRITE ch[0] ra[0] bg[1] ba[7] ro[3] co[24] @4964
WRITE ch[0] ra[0] bg[2] ba[9] ro[3] co[22] @4966
WRITE ch[0] ra[0] bg[1] ba[7] ro[3] co[25] @4968
WRITE ch[0] ra[0] bg[2] ba[9] ro[3] co[23] @4970
WRITE ch[0] ra[0] bg[1] ba[7] ro[3] co[26] @4972
WRITE ch[0] ra[0] bg[2] ba[9] ro[3] co[24] @4974
WRITE ch[0] ra[0] bg[1] ba[7] ro[3] co[27] @4976
WRITE ch[0] ra[0] bg[2] ba[9] ro[3] co[25] @4978
WRITE ch[0] ra[0] bg[1] ba[7] ro[3] co[28] @4980
WRITE ch[0] ra[0] bg[2] ba[9] ro[3] co[26] @4982
WRITE ch[0] ra[0] bg[1] ba[7] ro[3] co[29] @4984
WRITE ch[0] ra[0] bg[2] ba[9] ro[3] co[27] @4986
WRITE ch[0] ra[0] bg[1] ba[7] ro[3] co[30] @4988
WRITE ch[0] ra[0] bg[2] ba[9] ro[3] co[28] @4990
WRITE ch[0] ra[0] bg[1] ba[7] ro[3] co[31] @4992
WRITE ch[0] ra[0] bg[2] ba[9] ro[3] co[29] @4994
WRITE ch[0] ra[0] bg[2] ba[9] ro[3] co[30] @4998
WRITE ch[0] ra[0] bg[2] ba[9] ro[3] co[31] @5002
WRITE ch[0] ra[0] bg[2] ba[11] ro[2] co[0] @5006
ACTIVATE ch[0] ra[0] bg[3] ba[13] ro[2] co[0] @5007 tag : 
WRITE ch[0] ra[0] bg[2] ba[11] ro[2] co[1] @5010
WRITE ch[0] ra[0] bg[2] ba[11] ro[2] co[2] @5014
WRITE ch[0] ra[0] bg[3] ba[13] ro[2] co[0] @5017
PRECHARGE ch[0] ra[0] bg[1] ba[7] ro[3] @5018
WRITE ch[0] ra[0] bg[2] ba[11] ro[2] co[3] @5019
WRITE ch[0] ra[0] bg[3] ba[13] ro[2] co[1] @5021
WRITE ch[0] ra[0] bg[2] ba[11] ro[2] co[4] @5023
WRITE ch[0] ra[0] bg[3] ba[13] ro[2] co[2] @5025
WRITE ch[0] ra[0] bg[2] ba[11] ro[2] co[5] @5027
PRECHARGE ch[0] ra[0] bg[2] ba[9] ro[3] @5028
WRITE ch[0] ra[0] bg[3] ba[13] ro[2] co[3] @5029
WRITE ch[0] ra[0] bg[2] ba[11] ro[2] co[6] @5031
WRITE ch[0] ra[0] bg[3] ba[13] ro[2] co[4] @5033
WRITE ch[0] ra[0] bg[2] ba[11] ro[2] co[7] @5035
WRITE ch[0] ra[0] bg[3] ba[13] ro[2] co[5] @5037
WRITE ch[0] ra[0] bg[2] ba[11] ro[2] co[8] @5039
WRITE ch[0] ra[0] bg[3] ba[13] ro[2] co[6] @5041
WRITE ch[0] ra[0] bg[2] ba[11] ro[2] co[9] @5043
WRITE ch[0] ra[0] bg[3] ba[13] ro[2] co[7] @5045
WRITE ch[0] ra[0] bg[2] ba[11] ro[2] co[10] @5047
WRITE ch[0] ra[0] bg[3] ba[13] ro[2] co[8] @5049
WRITE ch[0] ra[0] bg[2] ba[11] ro[2] co[11] @5051
WRITE ch[0] ra[0] bg[3] ba[13] ro[2] co[9] @5053
WRITE ch[0] ra[0] bg[2] ba[11] ro[2] co[12] @5055
WRITE ch[0] ra[0] bg[3] ba[13] ro[2] co[10] @5057
WRITE ch[0] ra[0] bg[2] ba[11] ro[2] co[13] @5059
WRITE ch[0] ra[0] bg[3] ba[13] ro[2] co[11] @5061
WRITE ch[0] ra[0] bg[2] ba[11] ro[2] co[14] @5063
WRITE ch[0] ra[0] bg[3] ba[13] ro[2] co[12] @5065
WRITE ch[0] ra[0] bg[2] ba[11] ro[2] co[15] @5067
WRITE ch[0] ra[0] bg[3] ba[13] ro[2] co[13] @5069
WRITE ch[0] ra[0] bg[2] ba[11] ro[2] co[16] @5071
WRITE ch[0] ra[0] bg[3] ba[13] ro[2] co[14] @5073
WRITE ch[0] ra[0] bg[2] ba[11] ro[2] co[17] @5075
WRITE ch[0] ra[0] bg[3] ba[13] ro[2] co[15] @5077
WRITE ch[0] ra[0] bg[2] ba[11] ro[2] co[18] @5079
WRITE ch[0] ra[0] bg[3] ba[13] ro[2] co[16] @5081
WRITE ch[0] ra[0] bg[2] ba[11] ro[2] co[19] @5083
WRITE ch[0] ra[0] bg[3] ba[13] ro[2] co[17] @5085
WRITE ch[0] ra[0] bg[2] ba[11] ro[2] co[20] @5087
WRITE ch[0] ra[0] bg[3] ba[13] ro[2] co[18] @5089
WRITE ch[0] ra[0] bg[2] ba[11] ro[2] co[21] @5091
WRITE ch[0] ra[0] bg[3] ba[13] ro[2] co[19] @5093
WRITE ch[0] ra[0] bg[2] ba[11] ro[2] co[22] @5095
WRITE ch[0] ra[0] bg[3] ba[13] ro[2] co[20] @5097
WRITE ch[0] ra[0] bg[2] ba[11] ro[2] co[23] @5099
WRITE ch[0] ra[0] bg[3] ba[13] ro[2] co[21] @5101
WRITE ch[0] ra[0] bg[2] ba[11] ro[2] co[24] @5103
WRITE ch[0] ra[0] bg[3] ba[13] ro[2] co[22] @5105
WRITE ch[0] ra[0] bg[2] ba[11] ro[2] co[25] @5107
WRITE ch[0] ra[0] bg[3] ba[13] ro[2] co[23] @5109
WRITE ch[0] ra[0] bg[2] ba[11] ro[2] co[26] @5111
WRITE ch[0] ra[0] bg[3] ba[13] ro[2] co[24] @5113
WRITE ch[0] ra[0] bg[2] ba[11] ro[2] co[27] @5115
WRITE ch[0] ra[0] bg[3] ba[13] ro[2] co[25] @5117
WRITE ch[0] ra[0] bg[2] ba[11] ro[2] co[28] @5119
WRITE ch[0] ra[0] bg[3] ba[13] ro[2] co[26] @5121
WRITE ch[0] ra[0] bg[2] ba[11] ro[2] co[29] @5123
WRITE ch[0] ra[0] bg[3] ba[13] ro[2] co[27] @5125
WRITE ch[0] ra[0] bg[2] ba[11] ro[2] co[30] @5127
WRITE ch[0] ra[0] bg[3] ba[13] ro[2] co[28] @5129
WRITE ch[0] ra[0] bg[2] ba[11] ro[2] co[31] @5131
WRITE ch[0] ra[0] bg[3] ba[13] ro[2] co[29] @5133
WRITE ch[0] ra[0] bg[3] ba[13] ro[2] co[30] @5137
WRITE ch[0] ra[0] bg[3] ba[13] ro[2] co[31] @5141
PRECHARGE ch[0] ra[0] bg[2] ba[11] ro[2] @5157
PRECHARGE ch[0] ra[0] bg[3] ba[13] ro[2] @5167
ACTIVATE ch[0] ra[0] bg[2] ba[11] ro[3] co[0] @5171 tag : 
WRITE ch[0] ra[0] bg[2] ba[11] ro[3] co[0] @5181
ACTIVATE ch[0] ra[0] bg[3] ba[13] ro[3] co[0] @5182 tag : 
WRITE ch[0] ra[0] bg[2] ba[11] ro[3] co[1] @5185
ACTIVATE ch[0] ra[0] bg[3] ba[15] ro[2] co[0] @5188 tag : 
WRITE ch[0] ra[0] bg[2] ba[11] ro[3] co[2] @5189
WRITE ch[0] ra[0] bg[3] ba[13] ro[3] co[0] @5192
WRITE ch[0] ra[0] bg[2] ba[11] ro[3] co[3] @5194
WRITE ch[0] ra[0] bg[3] ba[13] ro[3] co[1] @5196
WRITE ch[0] ra[0] bg[2] ba[11] ro[3] co[4] @5198
WRITE ch[0] ra[0] bg[3] ba[13] ro[3] co[2] @5200
WRITE ch[0] ra[0] bg[2] ba[11] ro[3] co[5] @5202
WRITE ch[0] ra[0] bg[3] ba[13] ro[3] co[3] @5204
WRITE ch[0] ra[0] bg[2] ba[11] ro[3] co[6] @5206
WRITE ch[0] ra[0] bg[3] ba[13] ro[3] co[4] @5208
WRITE ch[0] ra[0] bg[2] ba[11] ro[3] co[7] @5210
WRITE ch[0] ra[0] bg[3] ba[13] ro[3] co[5] @5212
WRITE ch[0] ra[0] bg[2] ba[11] ro[3] co[8] @5214
WRITE ch[0] ra[0] bg[3] ba[13] ro[3] co[6] @5216
WRITE ch[0] ra[0] bg[2] ba[11] ro[3] co[9] @5218
WRITE ch[0] ra[0] bg[3] ba[13] ro[3] co[7] @5220
WRITE ch[0] ra[0] bg[2] ba[11] ro[3] co[10] @5222
WRITE ch[0] ra[0] bg[3] ba[13] ro[3] co[8] @5224
WRITE ch[0] ra[0] bg[2] ba[11] ro[3] co[11] @5226
WRITE ch[0] ra[0] bg[3] ba[13] ro[3] co[9] @5228
WRITE ch[0] ra[0] bg[2] ba[11] ro[3] co[12] @5230
WRITE ch[0] ra[0] bg[3] ba[13] ro[3] co[10] @5232
WRITE ch[0] ra[0] bg[2] ba[11] ro[3] co[13] @5234
WRITE ch[0] ra[0] bg[3] ba[13] ro[3] co[11] @5236
WRITE ch[0] ra[0] bg[2] ba[11] ro[3] co[14] @5238
WRITE ch[0] ra[0] bg[3] ba[13] ro[3] co[12] @5240
WRITE ch[0] ra[0] bg[2] ba[11] ro[3] co[15] @5242
WRITE ch[0] ra[0] bg[3] ba[13] ro[3] co[13] @5244
WRITE ch[0] ra[0] bg[2] ba[11] ro[3] co[16] @5246
WRITE ch[0] ra[0] bg[3] ba[13] ro[3] co[14] @5248
WRITE ch[0] ra[0] bg[2] ba[11] ro[3] co[17] @5250
WRITE ch[0] ra[0] bg[3] ba[13] ro[3] co[15] @5252
WRITE ch[0] ra[0] bg[2] ba[11] ro[3] co[18] @5254
WRITE ch[0] ra[0] bg[3] ba[13] ro[3] co[16] @5256
WRITE ch[0] ra[0] bg[2] ba[11] ro[3] co[19] @5258
WRITE ch[0] ra[0] bg[3] ba[13] ro[3] co[17] @5260
WRITE ch[0] ra[0] bg[2] ba[11] ro[3] co[20] @5262
WRITE ch[0] ra[0] bg[3] ba[13] ro[3] co[18] @5264
WRITE ch[0] ra[0] bg[2] ba[11] ro[3] co[21] @5266
WRITE ch[0] ra[0] bg[3] ba[13] ro[3] co[19] @5268
WRITE ch[0] ra[0] bg[2] ba[11] ro[3] co[22] @5270
WRITE ch[0] ra[0] bg[3] ba[13] ro[3] co[20] @5272
WRITE ch[0] ra[0] bg[2] ba[11] ro[3] co[23] @5274
WRITE ch[0] ra[0] bg[3] ba[13] ro[3] co[21] @5276
WRITE ch[0] ra[0] bg[2] ba[11] ro[3] co[24] @5278
WRITE ch[0] ra[0] bg[3] ba[13] ro[3] co[22] @5280
WRITE ch[0] ra[0] bg[2] ba[11] ro[3] co[25] @5282
WRITE ch[0] ra[0] bg[3] ba[13] ro[3] co[23] @5284
WRITE ch[0] ra[0] bg[2] ba[11] ro[3] co[26] @5286
WRITE ch[0] ra[0] bg[3] ba[13] ro[3] co[24] @5288
WRITE ch[0] ra[0] bg[2] ba[11] ro[3] co[27] @5290
WRITE ch[0] ra[0] bg[3] ba[13] ro[3] co[25] @5292
WRITE ch[0] ra[0] bg[2] ba[11] ro[3] co[28] @5294
WRITE ch[0] ra[0] bg[3] ba[13] ro[3] co[26] @5296
WRITE ch[0] ra[0] bg[2] ba[11] ro[3] co[29] @5298
WRITE ch[0] ra[0] bg[3] ba[13] ro[3] co[27] @5300
WRITE ch[0] ra[0] bg[2] ba[11] ro[3] co[30] @5302
WRITE ch[0] ra[0] bg[3] ba[13] ro[3] co[28] @5304
WRITE ch[0] ra[0] bg[2] ba[11] ro[3] co[31] @5306
WRITE ch[0] ra[0] bg[3] ba[13] ro[3] co[29] @5308
WRITE ch[0] ra[0] bg[3] ba[13] ro[3] co[30] @5312
WRITE ch[0] ra[0] bg[3] ba[13] ro[3] co[31] @5316
WRITE ch[0] ra[0] bg[3] ba[15] ro[2] co[0] @5320
WRITE ch[0] ra[0] bg[3] ba[15] ro[2] co[1] @5324
WRITE ch[0] ra[0] bg[3] ba[15] ro[2] co[2] @5328
WRITE ch[0] ra[0] bg[3] ba[15] ro[2] co[3] @5332
PRECHARGE ch[0] ra[0] bg[2] ba[11] ro[3] @5333
WRITE ch[0] ra[0] bg[3] ba[15] ro[2] co[4] @5336
WRITE ch[0] ra[0] bg[3] ba[15] ro[2] co[5] @5340
PRECHARGE ch[0] ra[0] bg[3] ba[13] ro[3] @5342
WRITE ch[0] ra[0] bg[3] ba[15] ro[2] co[6] @5344
WRITE ch[0] ra[0] bg[3] ba[15] ro[2] co[7] @5348
WRITE ch[0] ra[0] bg[3] ba[15] ro[2] co[8] @5352
WRITE ch[0] ra[0] bg[3] ba[15] ro[2] co[9] @5356
WRITE ch[0] ra[0] bg[3] ba[15] ro[2] co[10] @5360
WRITE ch[0] ra[0] bg[3] ba[15] ro[2] co[11] @5364
WRITE ch[0] ra[0] bg[3] ba[15] ro[2] co[12] @5368
WRITE ch[0] ra[0] bg[3] ba[15] ro[2] co[13] @5372
WRITE ch[0] ra[0] bg[3] ba[15] ro[2] co[14] @5376
WRITE ch[0] ra[0] bg[3] ba[15] ro[2] co[15] @5380
WRITE ch[0] ra[0] bg[3] ba[15] ro[2] co[16] @5384
WRITE ch[0] ra[0] bg[3] ba[15] ro[2] co[17] @5388
WRITE ch[0] ra[0] bg[3] ba[15] ro[2] co[18] @5392
WRITE ch[0] ra[0] bg[3] ba[15] ro[2] co[19] @5396
WRITE ch[0] ra[0] bg[3] ba[15] ro[2] co[20] @5400
WRITE ch[0] ra[0] bg[3] ba[15] ro[2] co[21] @5404
WRITE ch[0] ra[0] bg[3] ba[15] ro[2] co[22] @5408
WRITE ch[0] ra[0] bg[3] ba[15] ro[2] co[23] @5412
WRITE ch[0] ra[0] bg[3] ba[15] ro[2] co[24] @5416
WRITE ch[0] ra[0] bg[3] ba[15] ro[2] co[25] @5420
WRITE ch[0] ra[0] bg[3] ba[15] ro[2] co[26] @5424
WRITE ch[0] ra[0] bg[3] ba[15] ro[2] co[27] @5428
WRITE ch[0] ra[0] bg[3] ba[15] ro[2] co[28] @5432
WRITE ch[0] ra[0] bg[3] ba[15] ro[2] co[29] @5436
WRITE ch[0] ra[0] bg[3] ba[15] ro[2] co[30] @5440
WRITE ch[0] ra[0] bg[3] ba[15] ro[2] co[31] @5444
PRECHARGE ch[0] ra[0] bg[3] ba[15] ro[2] @5470
ACTIVATE ch[0] ra[0] bg[3] ba[15] ro[3] co[0] @5484 tag : 
WRITE ch[0] ra[0] bg[3] ba[15] ro[3] co[0] @5494
WRITE ch[0] ra[0] bg[3] ba[15] ro[3] co[1] @5498
WRITE ch[0] ra[0] bg[3] ba[15] ro[3] co[2] @5502
WRITE ch[0] ra[0] bg[3] ba[15] ro[3] co[3] @5506
WRITE ch[0] ra[0] bg[3] ba[15] ro[3] co[4] @5510
WRITE ch[0] ra[0] bg[3] ba[15] ro[3] co[5] @5514
WRITE ch[0] ra[0] bg[3] ba[15] ro[3] co[6] @5518
WRITE ch[0] ra[0] bg[3] ba[15] ro[3] co[7] @5522
WRITE ch[0] ra[0] bg[3] ba[15] ro[3] co[8] @5526
WRITE ch[0] ra[0] bg[3] ba[15] ro[3] co[9] @5530
WRITE ch[0] ra[0] bg[3] ba[15] ro[3] co[10] @5534
WRITE ch[0] ra[0] bg[3] ba[15] ro[3] co[11] @5538
WRITE ch[0] ra[0] bg[3] ba[15] ro[3] co[12] @5542
WRITE ch[0] ra[0] bg[3] ba[15] ro[3] co[13] @5546
WRITE ch[0] ra[0] bg[3] ba[15] ro[3] co[14] @5550
WRITE ch[0] ra[0] bg[3] ba[15] ro[3] co[15] @5554
WRITE ch[0] ra[0] bg[3] ba[15] ro[3] co[16] @5558
WRITE ch[0] ra[0] bg[3] ba[15] ro[3] co[17] @5562
WRITE ch[0] ra[0] bg[3] ba[15] ro[3] co[18] @5566
WRITE ch[0] ra[0] bg[3] ba[15] ro[3] co[19] @5570
WRITE ch[0] ra[0] bg[3] ba[15] ro[3] co[20] @5574
WRITE ch[0] ra[0] bg[3] ba[15] ro[3] co[21] @5578
WRITE ch[0] ra[0] bg[3] ba[15] ro[3] co[22] @5582
WRITE ch[0] ra[0] bg[3] ba[15] ro[3] co[23] @5586
WRITE ch[0] ra[0] bg[3] ba[15] ro[3] co[24] @5590
WRITE ch[0] ra[0] bg[3] ba[15] ro[3] co[25] @5594
WRITE ch[0] ra[0] bg[3] ba[15] ro[3] co[26] @5598
WRITE ch[0] ra[0] bg[3] ba[15] ro[3] co[27] @5602
WRITE ch[0] ra[0] bg[3] ba[15] ro[3] co[28] @5606
WRITE ch[0] ra[0] bg[3] ba[15] ro[3] co[29] @5610
WRITE ch[0] ra[0] bg[3] ba[15] ro[3] co[30] @5614
ACTIVATE ch[0] ra[0] bg[0] ba[0] ro[8192] co[0] @5615 tag : START_PARK_IN_
WRITE ch[0] ra[0] bg[3] ba[15] ro[3] co[31] @5618
ACTIVATE ch[0] ra[0] bg[1] ba[4] ro[8192] co[0] @5619 tag : PARK_IN_
ACTIVATE ch[0] ra[0] bg[2] ba[8] ro[8192] co[0] @5623 tag : PARK_IN_
ACTIVATE ch[0] ra[0] bg[3] ba[12] ro[8192] co[0] @5627 tag : PARK_IN_
ACTIVATE ch[0] ra[0] bg[0] ba[1] ro[8192] co[0] @5631 tag : PARK_IN_
ACTIVATE ch[0] ra[0] bg[1] ba[5] ro[8192] co[0] @5635 tag : PARK_IN_
READ ch[0] ra[0] bg[0] ba[0] ro[8192] co[0] @5637
READ ch[0] ra[0] bg[1] ba[4] ro[8192] co[0] @5639
ACTIVATE ch[0] ra[0] bg[2] ba[9] ro[8192] co[0] @5640 tag : PARK_IN_
READ ch[0] ra[0] bg[2] ba[8] ro[8192] co[0] @5641
READ ch[0] ra[0] bg[3] ba[12] ro[8192] co[0] @5643
ACTIVATE ch[0] ra[0] bg[3] ba[13] ro[8192] co[0] @5644 tag : PARK_IN_
READ ch[0] ra[0] bg[0] ba[1] ro[8192] co[0] @5645
PRECHARGE ch[0] ra[0] bg[3] ba[15] ro[3] @5646
ACTIVATE ch[0] ra[0] bg[0] ba[2] ro[8192] co[0] @5648 tag : PARK_IN_
READ ch[0] ra[0] bg[1] ba[5] ro[8192] co[0] @5649
PRECHARGE ch[0] ra[0] bg[0] ba[0] ro[3] @5650
ACTIVATE ch[0] ra[0] bg[1] ba[6] ro[8192] co[0] @5652 tag : PARK_IN_
PRECHARGE ch[0] ra[0] bg[1] ba[4] ro[3] @5653
READ ch[0] ra[0] bg[2] ba[9] ro[8192] co[0] @5654
ACTIVATE ch[0] ra[0] bg[2] ba[10] ro[8192] co[0] @5656 tag : PARK_IN_
PRECHARGE ch[0] ra[0] bg[2] ba[8] ro[3] @5657
READ ch[0] ra[0] bg[3] ba[13] ro[8192] co[0] @5658
ACTIVATE ch[0] ra[0] bg[3] ba[14] ro[8192] co[0] @5660 tag : PARK_IN_
PRECHARGE ch[0] ra[0] bg[3] ba[12] ro[3] @5661
READ ch[0] ra[0] bg[0] ba[2] ro[8192] co[0] @5662
ACTIVATE ch[0] ra[0] bg[0] ba[3] ro[8192] co[0] @5664 tag : PARK_IN_
PRECHARGE ch[0] ra[0] bg[0] ba[1] ro[3] @5665
READ ch[0] ra[0] bg[1] ba[6] ro[8192] co[0] @5666
ACTIVATE ch[0] ra[0] bg[1] ba[7] ro[8192] co[0] @5668 tag : PARK_IN_
PRECHARGE ch[0] ra[0] bg[1] ba[5] ro[3] @5669
READ ch[0] ra[0] bg[2] ba[10] ro[8192] co[0] @5670
ACTIVATE ch[0] ra[0] bg[2] ba[11] ro[8192] co[0] @5672 tag : PARK_IN_
PRECHARGE ch[0] ra[0] bg[2] ba[9] ro[3] @5673
READ ch[0] ra[0] bg[3] ba[14] ro[8192] co[0] @5674
PRECHARGE ch[0] ra[0] bg[3] ba[13] ro[3] @5677
READ ch[0] ra[0] bg[0] ba[3] ro[8192] co[0] @5678
PRECHARGE ch[0] ra[0] bg[0] ba[2] ro[3] @5681
READ ch[0] ra[0] bg[1] ba[7] ro[8192] co[0] @5682
PRECHARGE ch[0] ra[0] bg[1] ba[6] ro[3] @5685
READ ch[0] ra[0] bg[2] ba[11] ro[8192] co[0] @5686
ACTIVATE ch[0] ra[0] bg[3] ba[15] ro[8192] co[0] @5687 tag : END_PARK_IN_BAR
PRECHARGE ch[0] ra[0] bg[2] ba[10] ro[3] @5689
ACTIVATE ch[0] ra[0] bg[0] ba[0] ro[10239] co[31] @5691 tag : START_SB_TO_HAB_
PRECHARGE ch[0] ra[0] bg[3] ba[14] ro[3] @5693
ACTIVATE ch[0] ra[0] bg[2] ba[8] ro[10239] co[31] @5695 tag : 
PRECHARGE ch[0] ra[0] bg[0] ba[3] ro[3] @5697
ACTIVATE ch[0] ra[0] bg[0] ba[1] ro[10239] co[31] @5699 tag : 
READ ch[0] ra[0] bg[3] ba[15] ro[8192] co[0] @5701
PRECHARGE ch[0] ra[0] bg[1] ba[7] ro[3] @5702
PRECHARGE ch[0] ra[0] bg[2] ba[11] ro[3] @5705
WRITE ch[0] ra[0] bg[0] ba[0] ro[10239] co[31] @5716
WRITE ch[0] ra[0] bg[2] ba[8] ro[10239] co[31] @5718
WRITE ch[0] ra[0] bg[0] ba[1] ro[10239] co[31] @5720
ACTIVATE ch[0] ra[0] bg[2] ba[9] ro[10239] co[31] @5721 tag : END_SB_TO_HAB_BAR
HAB ch[0] ra[0] @5721 tag : END_SB_TO_HAB_BAR
PRECHARGE ch[0] ra[0] bg[3] ba[15] ro[3] @5722
WRITE ch[0] ra[0] bg[2] ba[9] ro[10239] co[31] @5732
PRECHARGE ch[0] ra[0] bg[0] ba[0] ro[3] @5742
PRECHARGE ch[0] ra[0] bg[2] ba[8] ro[3] @5744
PRECHARGE ch[0] ra[0] bg[0] ba[1] ro[3] @5746
PRECHARGE ch[0] ra[0] bg[2] ba[9] ro[3] @5757
ACTIVATE ch[0] ra[0] bg[0] ba[1] ro[16383] co[4] @5760 tag : PROGRAM_CRFBAR
BWRITE_CRF ch[0] ra[0] idx[0] @5771
ACTIVATE ch[0] ra[0] bg[0] ba[0] ro[16383] co[0] @5771 tag : PIMBAR
GRF_B_ZEROIZE ch[0] ra[0] @5782
HAB_PIM ch[0] ra[0] @5782
BWRITE_GRF_A ch[0] ra[0] reg[0] @5786
BWRITE_GRF_A ch[0] ra[0] reg[1] @5790
BWRITE_GRF_A ch[0] ra[0] reg[2] @5794
BWRITE_GRF_A ch[0] ra[0] reg[3] @5798
BWRITE_GRF_A ch[0] ra[0] reg[4] @5802
BWRITE_GRF_A ch[0] ra[0] reg[5] @5806
PRECHARGE ch[0] ra[0] bg[0] ba[0] ro[3] @5807
BWRITE_GRF_A ch[0] ra[0] reg[6] @5810
BWRITE_GRF_A ch[0] ra[0] reg[7] @5814
ACTIVATE ch[0] ra[0] bg[0] ba[0] ro[0] co[0] @5821 tag : MAC_
READ ch0 ra0 bg0 b0 r0 c0|| [0] MAC GRF_B[0], GRF_A[0], EVEN_BANK, auto @ 5836
[BANK_R][ 0 0 0 0 0 0 0 0 0 0 0 0 0 0 0 0 ]
[CMD]00111011000100001000000000000000(MAC GRF_B[0], GRF_A[0], EVEN_BANK, auto)
[SRF][0000000000000000000000000000000000000000000000000000000000000000000000000000000000000000000000000000000000000000000000000000000000000000000000000000000000000000000000000000000000000000000000000000000000000000000000000000000000000000000000000000000000000000]
[GRF_A][0][ 1 2 1.00781 2.00781 1.01562 2.01562 1.02344 2.02344 1.03125 2.03125 1.03906 2.03906 1.04688 2.04688 1.05469 2.05469 ]
[GRF_A][1][ 1.0625 2.0625 1.07031 2.07031 1.07812 2.07812 1.08594 2.08594 1.09375 2.09375 1.10156 2.10156 1.10938 2.10938 1.11719 2.11719 ]
[GRF_A][2][ 1.125 2.125 1.13281 2.13281 1.14062 2.14062 1.14844 2.14844 1.15625 2.15625 1.16406 2.16406 1.17188 2.17188 1.17969 2.17969 ]
[GRF_A][3][ 1.1875 2.1875 1.19531 2.19531 1.20312 2.20312 1.21094 2.21094 1.21875 2.21875 1.22656 2.22656 1.23438 2.23438 1.24219 2.24219 ]
[GRF_A][4][ 1.25 2.25 1.25781 2.25781 1.26562 2.26562 1.27344 2.27344 1.28125 2.28125 1.28906 2.28906 1.29688 2.29688 1.30469 2.30469 ]
[GRF_A][5][ 1.3125 2.3125 1.32031 2.32031 1.32812 2.32812 1.33594 2.33594 1.34375 2.34375 1.35156 2.35156 1.35938 2.35938 1.36719 2.36719 ]
[GRF_A][6][ 1.375 2.375 1.38281 2.38281 1.39062 2.39062 1.39844 2.39844 1.40625 2.40625 1.41406 2.41406 1.42188 2.42188 1.42969 2.42969 ]
[GRF_A][7][ 1.4375 2.4375 1.44531 2.44531 1.45312 2.45312 1.46094 2.46094 1.46875 2.46875 1.47656 2.47656 1.48438 2.48438 1.49219 2.49219 ]
[GRF_B][0][ 0 0 0 0 0 0 0 0 0 0 0 0 0 0 0 0 ]
[GRF_B][1][ 0 0 0 0 0 0 0 0 0 0 0 0 0 0 0 0 ]
[GRF_B][2][ 0 0 0 0 0 0 0 0 0 0 0 0 0 0 0 0 ]
[GRF_B][3][ 0 0 0 0 0 0 0 0 0 0 0 0 0 0 0 0 ]
[GRF_B][4][ 0 0 0 0 0 0 0 0 0 0 0 0 0 0 0 0 ]
[GRF_B][5][ 0 0 0 0 0 0 0 0 0 0 0 0 0 0 0 0 ]
[GRF_B][6][ 0 0 0 0 0 0 0 0 0 0 0 0 0 0 0 0 ]
[GRF_B][7][ 0 0 0 0 0 0 0 0 0 0 0 0 0 0 0 0 ]
[M_OUT][0000000000000000000000000000000000000000000000000000000000000000000000000000000000000000000000000000000000000000000000000000000000000000000000000000000000000000000000000000000000000000000000000000000000000000000000000000000000000000000000000000000000000000]
[A_OUT][0000000000000000000000000000000000000000000000000000000000000000000000000000000000000000000000000000000000000000000000000000000000000000000000000000000000000000000000000000000000000000000000000000000000000000000000000000000000000000000000000000000000000000]

----------
READ ch0 ra0 bg0 b0 r0 c1|| [0] MAC GRF_B[0], GRF_A[0], EVEN_BANK, auto @ 5840
[BANK_R][ 0.0625 0 0 0 0 0 0 0 0 0 0 0 0 0 0 0 ]
[CMD]00111011000100001000000000000000(MAC GRF_B[0], GRF_A[0], EVEN_BANK, auto)
[SRF][0000000000000000000000000000000000000000000000000000000000000000000000000000000000000000000000000000000000000000000000000000000000000000000000000000000000000000000000000000000000000000000000000000000000000000000000000000000000000000000000000000000000000000]
[GRF_A][0][ 1 2 1.00781 2.00781 1.01562 2.01562 1.02344 2.02344 1.03125 2.03125 1.03906 2.03906 1.04688 2.04688 1.05469 2.05469 ]
[GRF_A][1][ 1.0625 2.0625 1.07031 2.07031 1.07812 2.07812 1.08594 2.08594 1.09375 2.09375 1.10156 2.10156 1.10938 2.10938 1.11719 2.11719 ]
[GRF_A][2][ 1.125 2.125 1.13281 2.13281 1.14062 2.14062 1.14844 2.14844 1.15625 2.15625 1.16406 2.16406 1.17188 2.17188 1.17969 2.17969 ]
[GRF_A][3][ 1.1875 2.1875 1.19531 2.19531 1.20312 2.20312 1.21094 2.21094 1.21875 2.21875 1.22656 2.22656 1.23438 2.23438 1.24219 2.24219 ]
[GRF_A][4][ 1.25 2.25 1.25781 2.25781 1.26562 2.26562 1.27344 2.27344 1.28125 2.28125 1.28906 2.28906 1.29688 2.29688 1.30469 2.30469 ]
[GRF_A][5][ 1.3125 2.3125 1.32031 2.32031 1.32812 2.32812 1.33594 2.33594 1.34375 2.34375 1.35156 2.35156 1.35938 2.35938 1.36719 2.36719 ]
[GRF_A][6][ 1.375 2.375 1.38281 2.38281 1.39062 2.39062 1.39844 2.39844 1.40625 2.40625 1.41406 2.41406 1.42188 2.42188 1.42969 2.42969 ]
[GRF_A][7][ 1.4375 2.4375 1.44531 2.44531 1.45312 2.45312 1.46094 2.46094 1.46875 2.46875 1.47656 2.47656 1.48438 2.48438 1.49219 2.49219 ]
[GRF_B][0][ 0.0664062 0 0 0 0 0 0 0 0 0 0 0 0 0 0 0 ]
[GRF_B][1][ 0 0 0 0 0 0 0 0 0 0 0 0 0 0 0 0 ]
[GRF_B][2][ 0 0 0 0 0 0 0 0 0 0 0 0 0 0 0 0 ]
[GRF_B][3][ 0 0 0 0 0 0 0 0 0 0 0 0 0 0 0 0 ]
[GRF_B][4][ 0 0 0 0 0 0 0 0 0 0 0 0 0 0 0 0 ]
[GRF_B][5][ 0 0 0 0 0 0 0 0 0 0 0 0 0 0 0 0 ]
[GRF_B][6][ 0 0 0 0 0 0 0 0 0 0 0 0 0 0 0 0 ]
[GRF_B][7][ 0 0 0 0 0 0 0 0 0 0 0 0 0 0 0 0 ]
[M_OUT][0000000000000000000000000000000000000000000000000000000000000000000000000000000000000000000000000000000000000000000000000000000000000000000000000000000000000000000000000000000000000000000000000000000000000000000000000000000000000000000000000000000000000000]
[A_OUT][0000000000000000000000000000000000000000000000000000000000000000000000000000000000000000000000000000000000000000000000000000000000000000000000000000000000000000000000000000000000000000000000000000000000000000000000000000000000000000000000000000000000000000]

----------
PRECHARGE ch[0] ra[0] bg[0] ba[1] ro[3] @5840
READ ch0 ra0 bg0 b0 r0 c2|| [0] MAC GRF_B[0], GRF_A[0], EVEN_BANK, auto @ 5844
[BANK_R][ 0.125 0 0 0 0 0 0 0 0 0 0 0 0 0 0 0 ]
[CMD]00111011000100001000000000000000(MAC GRF_B[0], GRF_A[0], EVEN_BANK, auto)
[SRF][0000000000000000000000000000000000000000000000000000000000000000000000000000000000000000000000000000000000000000000000000000000000000000000000000000000000000000000000000000000000000000000000000000000000000000000000000000000000000000000000000000000000000000]
[GRF_A][0][ 1 2 1.00781 2.00781 1.01562 2.01562 1.02344 2.02344 1.03125 2.03125 1.03906 2.03906 1.04688 2.04688 1.05469 2.05469 ]
[GRF_A][1][ 1.0625 2.0625 1.07031 2.07031 1.07812 2.07812 1.08594 2.08594 1.09375 2.09375 1.10156 2.10156 1.10938 2.10938 1.11719 2.11719 ]
[GRF_A][2][ 1.125 2.125 1.13281 2.13281 1.14062 2.14062 1.14844 2.14844 1.15625 2.15625 1.16406 2.16406 1.17188 2.17188 1.17969 2.17969 ]
[GRF_A][3][ 1.1875 2.1875 1.19531 2.19531 1.20312 2.20312 1.21094 2.21094 1.21875 2.21875 1.22656 2.22656 1.23438 2.23438 1.24219 2.24219 ]
[GRF_A][4][ 1.25 2.25 1.25781 2.25781 1.26562 2.26562 1.27344 2.27344 1.28125 2.28125 1.28906 2.28906 1.29688 2.29688 1.30469 2.30469 ]
[GRF_A][5][ 1.3125 2.3125 1.32031 2.32031 1.32812 2.32812 1.33594 2.33594 1.34375 2.34375 1.35156 2.35156 1.35938 2.35938 1.36719 2.36719 ]
[GRF_A][6][ 1.375 2.375 1.38281 2.38281 1.39062 2.39062 1.39844 2.39844 1.40625 2.40625 1.41406 2.41406 1.42188 2.42188 1.42969 2.42969 ]
[GRF_A][7][ 1.4375 2.4375 1.44531 2.44531 1.45312 2.45312 1.46094 2.46094 1.46875 2.46875 1.47656 2.47656 1.48438 2.48438 1.49219 2.49219 ]
[GRF_B][0][ 0.207031 0 0 0 0 0 0 0 0 0 0 0 0 0 0 0 ]
[GRF_B][1][ 0 0 0 0 0 0 0 0 0 0 0 0 0 0 0 0 ]
[GRF_B][2][ 0 0 0 0 0 0 0 0 0 0 0 0 0 0 0 0 ]
[GRF_B][3][ 0 0 0 0 0 0 0 0 0 0 0 0 0 0 0 0 ]
[GRF_B][4][ 0 0 0 0 0 0 0 0 0 0 0 0 0 0 0 0 ]
[GRF_B][5][ 0 0 0 0 0 0 0 0 0 0 0 0 0 0 0 0 ]
[GRF_B][6][ 0 0 0 0 0 0 0 0 0 0 0 0 0 0 0 0 ]
[GRF_B][7][ 0 0 0 0 0 0 0 0 0 0 0 0 0 0 0 0 ]
[M_OUT][0000000000000000000000000000000000000000000000000000000000000000000000000000000000000000000000000000000000000000000000000000000000000000000000000000000000000000000000000000000000000000000000000000000000000000000000000000000000000000000000000000000000000000]
[A_OUT][0000000000000000000000000000000000000000000000000000000000000000000000000000000000000000000000000000000000000000000000000000000000000000000000000000000000000000000000000000000000000000000000000000000000000000000000000000000000000000000000000000000000000000]

----------
READ ch0 ra0 bg0 b0 r0 c3|| [0] MAC GRF_B[0], GRF_A[0], EVEN_BANK, auto @ 5848
[BANK_R][ 0.1875 0 0 0 0 0 0 0 0 0 0 0 0 0 0 0 ]
[CMD]00111011000100001000000000000000(MAC GRF_B[0], GRF_A[0], EVEN_BANK, auto)
[SRF][0000000000000000000000000000000000000000000000000000000000000000000000000000000000000000000000000000000000000000000000000000000000000000000000000000000000000000000000000000000000000000000000000000000000000000000000000000000000000000000000000000000000000000]
[GRF_A][0][ 1 2 1.00781 2.00781 1.01562 2.01562 1.02344 2.02344 1.03125 2.03125 1.03906 2.03906 1.04688 2.04688 1.05469 2.05469 ]
[GRF_A][1][ 1.0625 2.0625 1.07031 2.07031 1.07812 2.07812 1.08594 2.08594 1.09375 2.09375 1.10156 2.10156 1.10938 2.10938 1.11719 2.11719 ]
[GRF_A][2][ 1.125 2.125 1.13281 2.13281 1.14062 2.14062 1.14844 2.14844 1.15625 2.15625 1.16406 2.16406 1.17188 2.17188 1.17969 2.17969 ]
[GRF_A][3][ 1.1875 2.1875 1.19531 2.19531 1.20312 2.20312 1.21094 2.21094 1.21875 2.21875 1.22656 2.22656 1.23438 2.23438 1.24219 2.24219 ]
[GRF_A][4][ 1.25 2.25 1.25781 2.25781 1.26562 2.26562 1.27344 2.27344 1.28125 2.28125 1.28906 2.28906 1.29688 2.29688 1.30469 2.30469 ]
[GRF_A][5][ 1.3125 2.3125 1.32031 2.32031 1.32812 2.32812 1.33594 2.33594 1.34375 2.34375 1.35156 2.35156 1.35938 2.35938 1.36719 2.36719 ]
[GRF_A][6][ 1.375 2.375 1.38281 2.38281 1.39062 2.39062 1.39844 2.39844 1.40625 2.40625 1.41406 2.41406 1.42188 2.42188 1.42969 2.42969 ]
[GRF_A][7][ 1.4375 2.4375 1.44531 2.44531 1.45312 2.45312 1.46094 2.46094 1.46875 2.46875 1.47656 2.47656 1.48438 2.48438 1.49219 2.49219 ]
[GRF_B][0][ 0.429688 0 0 0 0 0 0 0 0 0 0 0 0 0 0 0 ]
[GRF_B][1][ 0 0 0 0 0 0 0 0 0 0 0 0 0 0 0 0 ]
[GRF_B][2][ 0 0 0 0 0 0 0 0 0 0 0 0 0 0 0 0 ]
[GRF_B][3][ 0 0 0 0 0 0 0 0 0 0 0 0 0 0 0 0 ]
[GRF_B][4][ 0 0 0 0 0 0 0 0 0 0 0 0 0 0 0 0 ]
[GRF_B][5][ 0 0 0 0 0 0 0 0 0 0 0 0 0 0 0 0 ]
[GRF_B][6][ 0 0 0 0 0 0 0 0 0 0 0 0 0 0 0 0 ]
[GRF_B][7][ 0 0 0 0 0 0 0 0 0 0 0 0 0 0 0 0 ]
[M_OUT][0000000000000000000000000000000000000000000000000000000000000000000000000000000000000000000000000000000000000000000000000000000000000000000000000000000000000000000000000000000000000000000000000000000000000000000000000000000000000000000000000000000000000000]
[A_OUT][0000000000000000000000000000000000000000000000000000000000000000000000000000000000000000000000000000000000000000000000000000000000000000000000000000000000000000000000000000000000000000000000000000000000000000000000000000000000000000000000000000000000000000]

----------
READ ch0 ra0 bg0 b0 r0 c4|| [0] MAC GRF_B[0], GRF_A[0], EVEN_BANK, auto @ 5852
[BANK_R][ 0.25 0 0 0 0 0 0 0 0 0 0 0 0 0 0 0 ]
[CMD]00111011000100001000000000000000(MAC GRF_B[0], GRF_A[0], EVEN_BANK, auto)
[SRF][0000000000000000000000000000000000000000000000000000000000000000000000000000000000000000000000000000000000000000000000000000000000000000000000000000000000000000000000000000000000000000000000000000000000000000000000000000000000000000000000000000000000000000]
[GRF_A][0][ 1 2 1.00781 2.00781 1.01562 2.01562 1.02344 2.02344 1.03125 2.03125 1.03906 2.03906 1.04688 2.04688 1.05469 2.05469 ]
[GRF_A][1][ 1.0625 2.0625 1.07031 2.07031 1.07812 2.07812 1.08594 2.08594 1.09375 2.09375 1.10156 2.10156 1.10938 2.10938 1.11719 2.11719 ]
[GRF_A][2][ 1.125 2.125 1.13281 2.13281 1.14062 2.14062 1.14844 2.14844 1.15625 2.15625 1.16406 2.16406 1.17188 2.17188 1.17969 2.17969 ]
[GRF_A][3][ 1.1875 2.1875 1.19531 2.19531 1.20312 2.20312 1.21094 2.21094 1.21875 2.21875 1.22656 2.22656 1.23438 2.23438 1.24219 2.24219 ]
[GRF_A][4][ 1.25 2.25 1.25781 2.25781 1.26562 2.26562 1.27344 2.27344 1.28125 2.28125 1.28906 2.28906 1.29688 2.29688 1.30469 2.30469 ]
[GRF_A][5][ 1.3125 2.3125 1.32031 2.32031 1.32812 2.32812 1.33594 2.33594 1.34375 2.34375 1.35156 2.35156 1.35938 2.35938 1.36719 2.36719 ]
[GRF_A][6][ 1.375 2.375 1.38281 2.38281 1.39062 2.39062 1.39844 2.39844 1.40625 2.40625 1.41406 2.41406 1.42188 2.42188 1.42969 2.42969 ]
[GRF_A][7][ 1.4375 2.4375 1.44531 2.44531 1.45312 2.45312 1.46094 2.46094 1.46875 2.46875 1.47656 2.47656 1.48438 2.48438 1.49219 2.49219 ]
[GRF_B][0][ 0.742188 0 0 0 0 0 0 0 0 0 0 0 0 0 0 0 ]
[GRF_B][1][ 0 0 0 0 0 0 0 0 0 0 0 0 0 0 0 0 ]
[GRF_B][2][ 0 0 0 0 0 0 0 0 0 0 0 0 0 0 0 0 ]
[GRF_B][3][ 0 0 0 0 0 0 0 0 0 0 0 0 0 0 0 0 ]
[GRF_B][4][ 0 0 0 0 0 0 0 0 0 0 0 0 0 0 0 0 ]
[GRF_B][5][ 0 0 0 0 0 0 0 0 0 0 0 0 0 0 0 0 ]
[GRF_B][6][ 0 0 0 0 0 0 0 0 0 0 0 0 0 0 0 0 ]
[GRF_B][7][ 0 0 0 0 0 0 0 0 0 0 0 0 0 0 0 0 ]
[M_OUT][0000000000000000000000000000000000000000000000000000000000000000000000000000000000000000000000000000000000000000000000000000000000000000000000000000000000000000000000000000000000000000000000000000000000000000000000000000000000000000000000000000000000000000]
[A_OUT][0000000000000000000000000000000000000000000000000000000000000000000000000000000000000000000000000000000000000000000000000000000000000000000000000000000000000000000000000000000000000000000000000000000000000000000000000000000000000000000000000000000000000000]

----------
PRECHARGE ch[0] ra[0] bg[0] ba[0] ro[0] @5854
REF ch[0] ra[0] @5855
ACTIVATE ch[0] ra[0] bg[0] ba[0] ro[0] co[5] @6205 tag : MAC_
READ ch0 ra0 bg0 b0 r0 c5|| [0] MAC GRF_B[0], GRF_A[0], EVEN_BANK, auto @ 6220
[BANK_R][ 0.3125 0 0 0 0 0 0 0 0 0 0 0 0 0 0 0 ]
[CMD]00111011000100001000000000000000(MAC GRF_B[0], GRF_A[0], EVEN_BANK, auto)
[SRF][0000000000000000000000000000000000000000000000000000000000000000000000000000000000000000000000000000000000000000000000000000000000000000000000000000000000000000000000000000000000000000000000000000000000000000000000000000000000000000000000000000000000000000]
[GRF_A][0][ 1 2 1.00781 2.00781 1.01562 2.01562 1.02344 2.02344 1.03125 2.03125 1.03906 2.03906 1.04688 2.04688 1.05469 2.05469 ]
[GRF_A][1][ 1.0625 2.0625 1.07031 2.07031 1.07812 2.07812 1.08594 2.08594 1.09375 2.09375 1.10156 2.10156 1.10938 2.10938 1.11719 2.11719 ]
[GRF_A][2][ 1.125 2.125 1.13281 2.13281 1.14062 2.14062 1.14844 2.14844 1.15625 2.15625 1.16406 2.16406 1.17188 2.17188 1.17969 2.17969 ]
[GRF_A][3][ 1.1875 2.1875 1.19531 2.19531 1.20312 2.20312 1.21094 2.21094 1.21875 2.21875 1.22656 2.22656 1.23438 2.23438 1.24219 2.24219 ]
[GRF_A][4][ 1.25 2.25 1.25781 2.25781 1.26562 2.26562 1.27344 2.27344 1.28125 2.28125 1.28906 2.28906 1.29688 2.29688 1.30469 2.30469 ]
[GRF_A][5][ 1.3125 2.3125 1.32031 2.32031 1.32812 2.32812 1.33594 2.33594 1.34375 2.34375 1.35156 2.35156 1.35938 2.35938 1.36719 2.36719 ]
[GRF_A][6][ 1.375 2.375 1.38281 2.38281 1.39062 2.39062 1.39844 2.39844 1.40625 2.40625 1.41406 2.41406 1.42188 2.42188 1.42969 2.42969 ]
[GRF_A][7][ 1.4375 2.4375 1.44531 2.44531 1.45312 2.45312 1.46094 2.46094 1.46875 2.46875 1.47656 2.47656 1.48438 2.48438 1.49219 2.49219 ]
[GRF_B][0][ 1.15234 0 0 0 0 0 0 0 0 0 0 0 0 0 0 0 ]
[GRF_B][1][ 0 0 0 0 0 0 0 0 0 0 0 0 0 0 0 0 ]
[GRF_B][2][ 0 0 0 0 0 0 0 0 0 0 0 0 0 0 0 0 ]
[GRF_B][3][ 0 0 0 0 0 0 0 0 0 0 0 0 0 0 0 0 ]
[GRF_B][4][ 0 0 0 0 0 0 0 0 0 0 0 0 0 0 0 0 ]
[GRF_B][5][ 0 0 0 0 0 0 0 0 0 0 0 0 0 0 0 0 ]
[GRF_B][6][ 0 0 0 0 0 0 0 0 0 0 0 0 0 0 0 0 ]
[GRF_B][7][ 0 0 0 0 0 0 0 0 0 0 0 0 0 0 0 0 ]
[M_OUT][0000000000000000000000000000000000000000000000000000000000000000000000000000000000000000000000000000000000000000000000000000000000000000000000000000000000000000000000000000000000000000000000000000000000000000000000000000000000000000000000000000000000000000]
[A_OUT][0000000000000000000000000000000000000000000000000000000000000000000000000000000000000000000000000000000000000000000000000000000000000000000000000000000000000000000000000000000000000000000000000000000000000000000000000000000000000000000000000000000000000000]

----------
READ ch0 ra0 bg0 b0 r0 c6|| [0] MAC GRF_B[0], GRF_A[0], EVEN_BANK, auto @ 6224
[BANK_R][ 0.375 0 0 0 0 0 0 0 0 0 0 0 0 0 0 0 ]
[CMD]00111011000100001000000000000000(MAC GRF_B[0], GRF_A[0], EVEN_BANK, auto)
[SRF][0000000000000000000000000000000000000000000000000000000000000000000000000000000000000000000000000000000000000000000000000000000000000000000000000000000000000000000000000000000000000000000000000000000000000000000000000000000000000000000000000000000000000000]
[GRF_A][0][ 1 2 1.00781 2.00781 1.01562 2.01562 1.02344 2.02344 1.03125 2.03125 1.03906 2.03906 1.04688 2.04688 1.05469 2.05469 ]
[GRF_A][1][ 1.0625 2.0625 1.07031 2.07031 1.07812 2.07812 1.08594 2.08594 1.09375 2.09375 1.10156 2.10156 1.10938 2.10938 1.11719 2.11719 ]
[GRF_A][2][ 1.125 2.125 1.13281 2.13281 1.14062 2.14062 1.14844 2.14844 1.15625 2.15625 1.16406 2.16406 1.17188 2.17188 1.17969 2.17969 ]
[GRF_A][3][ 1.1875 2.1875 1.19531 2.19531 1.20312 2.20312 1.21094 2.21094 1.21875 2.21875 1.22656 2.22656 1.23438 2.23438 1.24219 2.24219 ]
[GRF_A][4][ 1.25 2.25 1.25781 2.25781 1.26562 2.26562 1.27344 2.27344 1.28125 2.28125 1.28906 2.28906 1.29688 2.29688 1.30469 2.30469 ]
[GRF_A][5][ 1.3125 2.3125 1.32031 2.32031 1.32812 2.32812 1.33594 2.33594 1.34375 2.34375 1.35156 2.35156 1.35938 2.35938 1.36719 2.36719 ]
[GRF_A][6][ 1.375 2.375 1.38281 2.38281 1.39062 2.39062 1.39844 2.39844 1.40625 2.40625 1.41406 2.41406 1.42188 2.42188 1.42969 2.42969 ]
[GRF_A][7][ 1.4375 2.4375 1.44531 2.44531 1.45312 2.45312 1.46094 2.46094 1.46875 2.46875 1.47656 2.47656 1.48438 2.48438 1.49219 2.49219 ]
[GRF_B][0][ 1.66797 0 0 0 0 0 0 0 0 0 0 0 0 0 0 0 ]
[GRF_B][1][ 0 0 0 0 0 0 0 0 0 0 0 0 0 0 0 0 ]
[GRF_B][2][ 0 0 0 0 0 0 0 0 0 0 0 0 0 0 0 0 ]
[GRF_B][3][ 0 0 0 0 0 0 0 0 0 0 0 0 0 0 0 0 ]
[GRF_B][4][ 0 0 0 0 0 0 0 0 0 0 0 0 0 0 0 0 ]
[GRF_B][5][ 0 0 0 0 0 0 0 0 0 0 0 0 0 0 0 0 ]
[GRF_B][6][ 0 0 0 0 0 0 0 0 0 0 0 0 0 0 0 0 ]
[GRF_B][7][ 0 0 0 0 0 0 0 0 0 0 0 0 0 0 0 0 ]
[M_OUT][0000000000000000000000000000000000000000000000000000000000000000000000000000000000000000000000000000000000000000000000000000000000000000000000000000000000000000000000000000000000000000000000000000000000000000000000000000000000000000000000000000000000000000]
[A_OUT][0000000000000000000000000000000000000000000000000000000000000000000000000000000000000000000000000000000000000000000000000000000000000000000000000000000000000000000000000000000000000000000000000000000000000000000000000000000000000000000000000000000000000000]

----------
READ ch0 ra0 bg0 b0 r0 c7|| [0] MAC GRF_B[0], GRF_A[0], EVEN_BANK, auto @ 6228
[BANK_R][ 0.4375 0 0 0 0 0 0 0 0 0 0 0 0 0 0 0 ]
[CMD]00111011000100001000000000000000(MAC GRF_B[0], GRF_A[0], EVEN_BANK, auto)
[SRF][0000000000000000000000000000000000000000000000000000000000000000000000000000000000000000000000000000000000000000000000000000000000000000000000000000000000000000000000000000000000000000000000000000000000000000000000000000000000000000000000000000000000000000]
[GRF_A][0][ 1 2 1.00781 2.00781 1.01562 2.01562 1.02344 2.02344 1.03125 2.03125 1.03906 2.03906 1.04688 2.04688 1.05469 2.05469 ]
[GRF_A][1][ 1.0625 2.0625 1.07031 2.07031 1.07812 2.07812 1.08594 2.08594 1.09375 2.09375 1.10156 2.10156 1.10938 2.10938 1.11719 2.11719 ]
[GRF_A][2][ 1.125 2.125 1.13281 2.13281 1.14062 2.14062 1.14844 2.14844 1.15625 2.15625 1.16406 2.16406 1.17188 2.17188 1.17969 2.17969 ]
[GRF_A][3][ 1.1875 2.1875 1.19531 2.19531 1.20312 2.20312 1.21094 2.21094 1.21875 2.21875 1.22656 2.22656 1.23438 2.23438 1.24219 2.24219 ]
[GRF_A][4][ 1.25 2.25 1.25781 2.25781 1.26562 2.26562 1.27344 2.27344 1.28125 2.28125 1.28906 2.28906 1.29688 2.29688 1.30469 2.30469 ]
[GRF_A][5][ 1.3125 2.3125 1.32031 2.32031 1.32812 2.32812 1.33594 2.33594 1.34375 2.34375 1.35156 2.35156 1.35938 2.35938 1.36719 2.36719 ]
[GRF_A][6][ 1.375 2.375 1.38281 2.38281 1.39062 2.39062 1.39844 2.39844 1.40625 2.40625 1.41406 2.41406 1.42188 2.42188 1.42969 2.42969 ]
[GRF_A][7][ 1.4375 2.4375 1.44531 2.44531 1.45312 2.45312 1.46094 2.46094 1.46875 2.46875 1.47656 2.47656 1.48438 2.48438 1.49219 2.49219 ]
[GRF_B][0][ 2.29688 0 0 0 0 0 0 0 0 0 0 0 0 0 0 0 ]
[GRF_B][1][ 0 0 0 0 0 0 0 0 0 0 0 0 0 0 0 0 ]
[GRF_B][2][ 0 0 0 0 0 0 0 0 0 0 0 0 0 0 0 0 ]
[GRF_B][3][ 0 0 0 0 0 0 0 0 0 0 0 0 0 0 0 0 ]
[GRF_B][4][ 0 0 0 0 0 0 0 0 0 0 0 0 0 0 0 0 ]
[GRF_B][5][ 0 0 0 0 0 0 0 0 0 0 0 0 0 0 0 0 ]
[GRF_B][6][ 0 0 0 0 0 0 0 0 0 0 0 0 0 0 0 0 ]
[GRF_B][7][ 0 0 0 0 0 0 0 0 0 0 0 0 0 0 0 0 ]
[M_OUT][0000000000000000000000000000000000000000000000000000000000000000000000000000000000000000000000000000000000000000000000000000000000000000000000000000000000000000000000000000000000000000000000000000000000000000000000000000000000000000000000000000000000000000]
[A_OUT][0000000000000000000000000000000000000000000000000000000000000000000000000000000000000000000000000000000000000000000000000000000000000000000000000000000000000000000000000000000000000000000000000000000000000000000000000000000000000000000000000000000000000000]

----------
READ ch0 ra0 bg0 b0 r0 c8|| [1] JUMP 7x [PC - 2] @ 6232
READ ch0 ra0 bg0 b0 r0 c8|| [0] MAC GRF_B[0], GRF_A[0], EVEN_BANK, auto @ 6232
[BANK_R][ 0 0.0625 0 0 0 0 0 0 0 0 0 0 0 0 0 0 ]
[CMD]00111011000100001000000000000000(MAC GRF_B[0], GRF_A[0], EVEN_BANK, auto)
[SRF][0000000000000000000000000000000000000000000000000000000000000000000000000000000000000000000000000000000000000000000000000000000000000000000000000000000000000000000000000000000000000000000000000000000000000000000000000000000000000000000000000000000000000000]
[GRF_A][0][ 1 2 1.00781 2.00781 1.01562 2.01562 1.02344 2.02344 1.03125 2.03125 1.03906 2.03906 1.04688 2.04688 1.05469 2.05469 ]
[GRF_A][1][ 1.0625 2.0625 1.07031 2.07031 1.07812 2.07812 1.08594 2.08594 1.09375 2.09375 1.10156 2.10156 1.10938 2.10938 1.11719 2.11719 ]
[GRF_A][2][ 1.125 2.125 1.13281 2.13281 1.14062 2.14062 1.14844 2.14844 1.15625 2.15625 1.16406 2.16406 1.17188 2.17188 1.17969 2.17969 ]
[GRF_A][3][ 1.1875 2.1875 1.19531 2.19531 1.20312 2.20312 1.21094 2.21094 1.21875 2.21875 1.22656 2.22656 1.23438 2.23438 1.24219 2.24219 ]
[GRF_A][4][ 1.25 2.25 1.25781 2.25781 1.26562 2.26562 1.27344 2.27344 1.28125 2.28125 1.28906 2.28906 1.29688 2.29688 1.30469 2.30469 ]
[GRF_A][5][ 1.3125 2.3125 1.32031 2.32031 1.32812 2.32812 1.33594 2.33594 1.34375 2.34375 1.35156 2.35156 1.35938 2.35938 1.36719 2.36719 ]
[GRF_A][6][ 1.375 2.375 1.38281 2.38281 1.39062 2.39062 1.39844 2.39844 1.40625 2.40625 1.41406 2.41406 1.42188 2.42188 1.42969 2.42969 ]
[GRF_A][7][ 1.4375 2.4375 1.44531 2.44531 1.45312 2.45312 1.46094 2.46094 1.46875 2.46875 1.47656 2.47656 1.48438 2.48438 1.49219 2.49219 ]
[GRF_B][0][ 2.29688 0 0 0 0 0 0 0 0 0 0 0 0 0 0 0 ]
[GRF_B][1][ 0 0.125 0 0 0 0 0 0 0 0 0 0 0 0 0 0 ]
[GRF_B][2][ 0 0 0 0 0 0 0 0 0 0 0 0 0 0 0 0 ]
[GRF_B][3][ 0 0 0 0 0 0 0 0 0 0 0 0 0 0 0 0 ]
[GRF_B][4][ 0 0 0 0 0 0 0 0 0 0 0 0 0 0 0 0 ]
[GRF_B][5][ 0 0 0 0 0 0 0 0 0 0 0 0 0 0 0 0 ]
[GRF_B][6][ 0 0 0 0 0 0 0 0 0 0 0 0 0 0 0 0 ]
[GRF_B][7][ 0 0 0 0 0 0 0 0 0 0 0 0 0 0 0 0 ]
[M_OUT][0000000000000000000000000000000000000000000000000000000000000000000000000000000000000000000000000000000000000000000000000000000000000000000000000000000000000000000000000000000000000000000000000000000000000000000000000000000000000000000000000000000000000000]
[A_OUT][0000000000000000000000000000000000000000000000000000000000000000000000000000000000000000000000000000000000000000000000000000000000000000000000000000000000000000000000000000000000000000000000000000000000000000000000000000000000000000000000000000000000000000]

----------
READ ch0 ra0 bg0 b0 r0 c9|| [0] MAC GRF_B[0], GRF_A[0], EVEN_BANK, auto @ 6236
[BANK_R][ 0 0.125 0 0 0 0 0 0 0 0 0 0 0 0 0 0 ]
[CMD]00111011000100001000000000000000(MAC GRF_B[0], GRF_A[0], EVEN_BANK, auto)
[SRF][0000000000000000000000000000000000000000000000000000000000000000000000000000000000000000000000000000000000000000000000000000000000000000000000000000000000000000000000000000000000000000000000000000000000000000000000000000000000000000000000000000000000000000]
[GRF_A][0][ 1 2 1.00781 2.00781 1.01562 2.01562 1.02344 2.02344 1.03125 2.03125 1.03906 2.03906 1.04688 2.04688 1.05469 2.05469 ]
[GRF_A][1][ 1.0625 2.0625 1.07031 2.07031 1.07812 2.07812 1.08594 2.08594 1.09375 2.09375 1.10156 2.10156 1.10938 2.10938 1.11719 2.11719 ]
[GRF_A][2][ 1.125 2.125 1.13281 2.13281 1.14062 2.14062 1.14844 2.14844 1.15625 2.15625 1.16406 2.16406 1.17188 2.17188 1.17969 2.17969 ]
[GRF_A][3][ 1.1875 2.1875 1.19531 2.19531 1.20312 2.20312 1.21094 2.21094 1.21875 2.21875 1.22656 2.22656 1.23438 2.23438 1.24219 2.24219 ]
[GRF_A][4][ 1.25 2.25 1.25781 2.25781 1.26562 2.26562 1.27344 2.27344 1.28125 2.28125 1.28906 2.28906 1.29688 2.29688 1.30469 2.30469 ]
[GRF_A][5][ 1.3125 2.3125 1.32031 2.32031 1.32812 2.32812 1.33594 2.33594 1.34375 2.34375 1.35156 2.35156 1.35938 2.35938 1.36719 2.36719 ]
[GRF_A][6][ 1.375 2.375 1.38281 2.38281 1.39062 2.39062 1.39844 2.39844 1.40625 2.40625 1.41406 2.41406 1.42188 2.42188 1.42969 2.42969 ]
[GRF_A][7][ 1.4375 2.4375 1.44531 2.44531 1.45312 2.45312 1.46094 2.46094 1.46875 2.46875 1.47656 2.47656 1.48438 2.48438 1.49219 2.49219 ]
[GRF_B][0][ 2.29688 0 0 0 0 0 0 0 0 0 0 0 0 0 0 0 ]
[GRF_B][1][ 0 0.382812 0 0 0 0 0 0 0 0 0 0 0 0 0 0 ]
[GRF_B][2][ 0 0 0 0 0 0 0 0 0 0 0 0 0 0 0 0 ]
[GRF_B][3][ 0 0 0 0 0 0 0 0 0 0 0 0 0 0 0 0 ]
[GRF_B][4][ 0 0 0 0 0 0 0 0 0 0 0 0 0 0 0 0 ]
[GRF_B][5][ 0 0 0 0 0 0 0 0 0 0 0 0 0 0 0 0 ]
[GRF_B][6][ 0 0 0 0 0 0 0 0 0 0 0 0 0 0 0 0 ]
[GRF_B][7][ 0 0 0 0 0 0 0 0 0 0 0 0 0 0 0 0 ]
[M_OUT][0000000000000000000000000000000000000000000000000000000000000000000000000000000000000000000000000000000000000000000000000000000000000000000000000000000000000000000000000000000000000000000000000000000000000000000000000000000000000000000000000000000000000000]
[A_OUT][0000000000000000000000000000000000000000000000000000000000000000000000000000000000000000000000000000000000000000000000000000000000000000000000000000000000000000000000000000000000000000000000000000000000000000000000000000000000000000000000000000000000000000]

----------
READ ch0 ra0 bg0 b0 r0 c10|| [0] MAC GRF_B[0], GRF_A[0], EVEN_BANK, auto @ 6240
[BANK_R][ 0 0.1875 0 0 0 0 0 0 0 0 0 0 0 0 0 0 ]
[CMD]00111011000100001000000000000000(MAC GRF_B[0], GRF_A[0], EVEN_BANK, auto)
[SRF][0000000000000000000000000000000000000000000000000000000000000000000000000000000000000000000000000000000000000000000000000000000000000000000000000000000000000000000000000000000000000000000000000000000000000000000000000000000000000000000000000000000000000000]
[GRF_A][0][ 1 2 1.00781 2.00781 1.01562 2.01562 1.02344 2.02344 1.03125 2.03125 1.03906 2.03906 1.04688 2.04688 1.05469 2.05469 ]
[GRF_A][1][ 1.0625 2.0625 1.07031 2.07031 1.07812 2.07812 1.08594 2.08594 1.09375 2.09375 1.10156 2.10156 1.10938 2.10938 1.11719 2.11719 ]
[GRF_A][2][ 1.125 2.125 1.13281 2.13281 1.14062 2.14062 1.14844 2.14844 1.15625 2.15625 1.16406 2.16406 1.17188 2.17188 1.17969 2.17969 ]
[GRF_A][3][ 1.1875 2.1875 1.19531 2.19531 1.20312 2.20312 1.21094 2.21094 1.21875 2.21875 1.22656 2.22656 1.23438 2.23438 1.24219 2.24219 ]
[GRF_A][4][ 1.25 2.25 1.25781 2.25781 1.26562 2.26562 1.27344 2.27344 1.28125 2.28125 1.28906 2.28906 1.29688 2.29688 1.30469 2.30469 ]
[GRF_A][5][ 1.3125 2.3125 1.32031 2.32031 1.32812 2.32812 1.33594 2.33594 1.34375 2.34375 1.35156 2.35156 1.35938 2.35938 1.36719 2.36719 ]
[GRF_A][6][ 1.375 2.375 1.38281 2.38281 1.39062 2.39062 1.39844 2.39844 1.40625 2.40625 1.41406 2.41406 1.42188 2.42188 1.42969 2.42969 ]
[GRF_A][7][ 1.4375 2.4375 1.44531 2.44531 1.45312 2.45312 1.46094 2.46094 1.46875 2.46875 1.47656 2.47656 1.48438 2.48438 1.49219 2.49219 ]
[GRF_B][0][ 2.29688 0 0 0 0 0 0 0 0 0 0 0 0 0 0 0 ]
[GRF_B][1][ 0 0.78125 0 0 0 0 0 0 0 0 0 0 0 0 0 0 ]
[GRF_B][2][ 0 0 0 0 0 0 0 0 0 0 0 0 0 0 0 0 ]
[GRF_B][3][ 0 0 0 0 0 0 0 0 0 0 0 0 0 0 0 0 ]
[GRF_B][4][ 0 0 0 0 0 0 0 0 0 0 0 0 0 0 0 0 ]
[GRF_B][5][ 0 0 0 0 0 0 0 0 0 0 0 0 0 0 0 0 ]
[GRF_B][6][ 0 0 0 0 0 0 0 0 0 0 0 0 0 0 0 0 ]
[GRF_B][7][ 0 0 0 0 0 0 0 0 0 0 0 0 0 0 0 0 ]
[M_OUT][0000000000000000000000000000000000000000000000000000000000000000000000000000000000000000000000000000000000000000000000000000000000000000000000000000000000000000000000000000000000000000000000000000000000000000000000000000000000000000000000000000000000000000]
[A_OUT][0000000000000000000000000000000000000000000000000000000000000000000000000000000000000000000000000000000000000000000000000000000000000000000000000000000000000000000000000000000000000000000000000000000000000000000000000000000000000000000000000000000000000000]

----------
READ ch0 ra0 bg0 b0 r0 c11|| [0] MAC GRF_B[0], GRF_A[0], EVEN_BANK, auto @ 6244
[BANK_R][ 0 0.25 0 0 0 0 0 0 0 0 0 0 0 0 0 0 ]
[CMD]00111011000100001000000000000000(MAC GRF_B[0], GRF_A[0], EVEN_BANK, auto)
[SRF][0000000000000000000000000000000000000000000000000000000000000000000000000000000000000000000000000000000000000000000000000000000000000000000000000000000000000000000000000000000000000000000000000000000000000000000000000000000000000000000000000000000000000000]
[GRF_A][0][ 1 2 1.00781 2.00781 1.01562 2.01562 1.02344 2.02344 1.03125 2.03125 1.03906 2.03906 1.04688 2.04688 1.05469 2.05469 ]
[GRF_A][1][ 1.0625 2.0625 1.07031 2.07031 1.07812 2.07812 1.08594 2.08594 1.09375 2.09375 1.10156 2.10156 1.10938 2.10938 1.11719 2.11719 ]
[GRF_A][2][ 1.125 2.125 1.13281 2.13281 1.14062 2.14062 1.14844 2.14844 1.15625 2.15625 1.16406 2.16406 1.17188 2.17188 1.17969 2.17969 ]
[GRF_A][3][ 1.1875 2.1875 1.19531 2.19531 1.20312 2.20312 1.21094 2.21094 1.21875 2.21875 1.22656 2.22656 1.23438 2.23438 1.24219 2.24219 ]
[GRF_A][4][ 1.25 2.25 1.25781 2.25781 1.26562 2.26562 1.27344 2.27344 1.28125 2.28125 1.28906 2.28906 1.29688 2.29688 1.30469 2.30469 ]
[GRF_A][5][ 1.3125 2.3125 1.32031 2.32031 1.32812 2.32812 1.33594 2.33594 1.34375 2.34375 1.35156 2.35156 1.35938 2.35938 1.36719 2.36719 ]
[GRF_A][6][ 1.375 2.375 1.38281 2.38281 1.39062 2.39062 1.39844 2.39844 1.40625 2.40625 1.41406 2.41406 1.42188 2.42188 1.42969 2.42969 ]
[GRF_A][7][ 1.4375 2.4375 1.44531 2.44531 1.45312 2.45312 1.46094 2.46094 1.46875 2.46875 1.47656 2.47656 1.48438 2.48438 1.49219 2.49219 ]
[GRF_B][0][ 2.29688 0 0 0 0 0 0 0 0 0 0 0 0 0 0 0 ]
[GRF_B][1][ 0 1.32812 0 0 0 0 0 0 0 0 0 0 0 0 0 0 ]
[GRF_B][2][ 0 0 0 0 0 0 0 0 0 0 0 0 0 0 0 0 ]
[GRF_B][3][ 0 0 0 0 0 0 0 0 0 0 0 0 0 0 0 0 ]
[GRF_B][4][ 0 0 0 0 0 0 0 0 0 0 0 0 0 0 0 0 ]
[GRF_B][5][ 0 0 0 0 0 0 0 0 0 0 0 0 0 0 0 0 ]
[GRF_B][6][ 0 0 0 0 0 0 0 0 0 0 0 0 0 0 0 0 ]
[GRF_B][7][ 0 0 0 0 0 0 0 0 0 0 0 0 0 0 0 0 ]
[M_OUT][0000000000000000000000000000000000000000000000000000000000000000000000000000000000000000000000000000000000000000000000000000000000000000000000000000000000000000000000000000000000000000000000000000000000000000000000000000000000000000000000000000000000000000]
[A_OUT][0000000000000000000000000000000000000000000000000000000000000000000000000000000000000000000000000000000000000000000000000000000000000000000000000000000000000000000000000000000000000000000000000000000000000000000000000000000000000000000000000000000000000000]

----------
READ ch0 ra0 bg0 b0 r0 c12|| [0] MAC GRF_B[0], GRF_A[0], EVEN_BANK, auto @ 6248
[BANK_R][ 0 0.3125 0 0 0 0 0 0 0 0 0 0 0 0 0 0 ]
[CMD]00111011000100001000000000000000(MAC GRF_B[0], GRF_A[0], EVEN_BANK, auto)
[SRF][0000000000000000000000000000000000000000000000000000000000000000000000000000000000000000000000000000000000000000000000000000000000000000000000000000000000000000000000000000000000000000000000000000000000000000000000000000000000000000000000000000000000000000]
[GRF_A][0][ 1 2 1.00781 2.00781 1.01562 2.01562 1.02344 2.02344 1.03125 2.03125 1.03906 2.03906 1.04688 2.04688 1.05469 2.05469 ]
[GRF_A][1][ 1.0625 2.0625 1.07031 2.07031 1.07812 2.07812 1.08594 2.08594 1.09375 2.09375 1.10156 2.10156 1.10938 2.10938 1.11719 2.11719 ]
[GRF_A][2][ 1.125 2.125 1.13281 2.13281 1.14062 2.14062 1.14844 2.14844 1.15625 2.15625 1.16406 2.16406 1.17188 2.17188 1.17969 2.17969 ]
[GRF_A][3][ 1.1875 2.1875 1.19531 2.19531 1.20312 2.20312 1.21094 2.21094 1.21875 2.21875 1.22656 2.22656 1.23438 2.23438 1.24219 2.24219 ]
[GRF_A][4][ 1.25 2.25 1.25781 2.25781 1.26562 2.26562 1.27344 2.27344 1.28125 2.28125 1.28906 2.28906 1.29688 2.29688 1.30469 2.30469 ]
[GRF_A][5][ 1.3125 2.3125 1.32031 2.32031 1.32812 2.32812 1.33594 2.33594 1.34375 2.34375 1.35156 2.35156 1.35938 2.35938 1.36719 2.36719 ]
[GRF_A][6][ 1.375 2.375 1.38281 2.38281 1.39062 2.39062 1.39844 2.39844 1.40625 2.40625 1.41406 2.41406 1.42188 2.42188 1.42969 2.42969 ]
[GRF_A][7][ 1.4375 2.4375 1.44531 2.44531 1.45312 2.45312 1.46094 2.46094 1.46875 2.46875 1.47656 2.47656 1.48438 2.48438 1.49219 2.49219 ]
[GRF_B][0][ 2.29688 0 0 0 0 0 0 0 0 0 0 0 0 0 0 0 ]
[GRF_B][1][ 0 2.03125 0 0 0 0 0 0 0 0 0 0 0 0 0 0 ]
[GRF_B][2][ 0 0 0 0 0 0 0 0 0 0 0 0 0 0 0 0 ]
[GRF_B][3][ 0 0 0 0 0 0 0 0 0 0 0 0 0 0 0 0 ]
[GRF_B][4][ 0 0 0 0 0 0 0 0 0 0 0 0 0 0 0 0 ]
[GRF_B][5][ 0 0 0 0 0 0 0 0 0 0 0 0 0 0 0 0 ]
[GRF_B][6][ 0 0 0 0 0 0 0 0 0 0 0 0 0 0 0 0 ]
[GRF_B][7][ 0 0 0 0 0 0 0 0 0 0 0 0 0 0 0 0 ]
[M_OUT][0000000000000000000000000000000000000000000000000000000000000000000000000000000000000000000000000000000000000000000000000000000000000000000000000000000000000000000000000000000000000000000000000000000000000000000000000000000000000000000000000000000000000000]
[A_OUT][0000000000000000000000000000000000000000000000000000000000000000000000000000000000000000000000000000000000000000000000000000000000000000000000000000000000000000000000000000000000000000000000000000000000000000000000000000000000000000000000000000000000000000]

----------
READ ch0 ra0 bg0 b0 r0 c13|| [0] MAC GRF_B[0], GRF_A[0], EVEN_BANK, auto @ 6252
[BANK_R][ 0 0.375 0 0 0 0 0 0 0 0 0 0 0 0 0 0 ]
[CMD]00111011000100001000000000000000(MAC GRF_B[0], GRF_A[0], EVEN_BANK, auto)
[SRF][0000000000000000000000000000000000000000000000000000000000000000000000000000000000000000000000000000000000000000000000000000000000000000000000000000000000000000000000000000000000000000000000000000000000000000000000000000000000000000000000000000000000000000]
[GRF_A][0][ 1 2 1.00781 2.00781 1.01562 2.01562 1.02344 2.02344 1.03125 2.03125 1.03906 2.03906 1.04688 2.04688 1.05469 2.05469 ]
[GRF_A][1][ 1.0625 2.0625 1.07031 2.07031 1.07812 2.07812 1.08594 2.08594 1.09375 2.09375 1.10156 2.10156 1.10938 2.10938 1.11719 2.11719 ]
[GRF_A][2][ 1.125 2.125 1.13281 2.13281 1.14062 2.14062 1.14844 2.14844 1.15625 2.15625 1.16406 2.16406 1.17188 2.17188 1.17969 2.17969 ]
[GRF_A][3][ 1.1875 2.1875 1.19531 2.19531 1.20312 2.20312 1.21094 2.21094 1.21875 2.21875 1.22656 2.22656 1.23438 2.23438 1.24219 2.24219 ]
[GRF_A][4][ 1.25 2.25 1.25781 2.25781 1.26562 2.26562 1.27344 2.27344 1.28125 2.28125 1.28906 2.28906 1.29688 2.29688 1.30469 2.30469 ]
[GRF_A][5][ 1.3125 2.3125 1.32031 2.32031 1.32812 2.32812 1.33594 2.33594 1.34375 2.34375 1.35156 2.35156 1.35938 2.35938 1.36719 2.36719 ]
[GRF_A][6][ 1.375 2.375 1.38281 2.38281 1.39062 2.39062 1.39844 2.39844 1.40625 2.40625 1.41406 2.41406 1.42188 2.42188 1.42969 2.42969 ]
[GRF_A][7][ 1.4375 2.4375 1.44531 2.44531 1.45312 2.45312 1.46094 2.46094 1.46875 2.46875 1.47656 2.47656 1.48438 2.48438 1.49219 2.49219 ]
[GRF_B][0][ 2.29688 0 0 0 0 0 0 0 0 0 0 0 0 0 0 0 ]
[GRF_B][1][ 0 2.89844 0 0 0 0 0 0 0 0 0 0 0 0 0 0 ]
[GRF_B][2][ 0 0 0 0 0 0 0 0 0 0 0 0 0 0 0 0 ]
[GRF_B][3][ 0 0 0 0 0 0 0 0 0 0 0 0 0 0 0 0 ]
[GRF_B][4][ 0 0 0 0 0 0 0 0 0 0 0 0 0 0 0 0 ]
[GRF_B][5][ 0 0 0 0 0 0 0 0 0 0 0 0 0 0 0 0 ]
[GRF_B][6][ 0 0 0 0 0 0 0 0 0 0 0 0 0 0 0 0 ]
[GRF_B][7][ 0 0 0 0 0 0 0 0 0 0 0 0 0 0 0 0 ]
[M_OUT][0000000000000000000000000000000000000000000000000000000000000000000000000000000000000000000000000000000000000000000000000000000000000000000000000000000000000000000000000000000000000000000000000000000000000000000000000000000000000000000000000000000000000000]
[A_OUT][0000000000000000000000000000000000000000000000000000000000000000000000000000000000000000000000000000000000000000000000000000000000000000000000000000000000000000000000000000000000000000000000000000000000000000000000000000000000000000000000000000000000000000]

----------
READ ch0 ra0 bg0 b0 r0 c14|| [0] MAC GRF_B[0], GRF_A[0], EVEN_BANK, auto @ 6256
[BANK_R][ 0 0.4375 0 0 0 0 0 0 0 0 0 0 0 0 0 0 ]
[CMD]00111011000100001000000000000000(MAC GRF_B[0], GRF_A[0], EVEN_BANK, auto)
[SRF][0000000000000000000000000000000000000000000000000000000000000000000000000000000000000000000000000000000000000000000000000000000000000000000000000000000000000000000000000000000000000000000000000000000000000000000000000000000000000000000000000000000000000000]
[GRF_A][0][ 1 2 1.00781 2.00781 1.01562 2.01562 1.02344 2.02344 1.03125 2.03125 1.03906 2.03906 1.04688 2.04688 1.05469 2.05469 ]
[GRF_A][1][ 1.0625 2.0625 1.07031 2.07031 1.07812 2.07812 1.08594 2.08594 1.09375 2.09375 1.10156 2.10156 1.10938 2.10938 1.11719 2.11719 ]
[GRF_A][2][ 1.125 2.125 1.13281 2.13281 1.14062 2.14062 1.14844 2.14844 1.15625 2.15625 1.16406 2.16406 1.17188 2.17188 1.17969 2.17969 ]
[GRF_A][3][ 1.1875 2.1875 1.19531 2.19531 1.20312 2.20312 1.21094 2.21094 1.21875 2.21875 1.22656 2.22656 1.23438 2.23438 1.24219 2.24219 ]
[GRF_A][4][ 1.25 2.25 1.25781 2.25781 1.26562 2.26562 1.27344 2.27344 1.28125 2.28125 1.28906 2.28906 1.29688 2.29688 1.30469 2.30469 ]
[GRF_A][5][ 1.3125 2.3125 1.32031 2.32031 1.32812 2.32812 1.33594 2.33594 1.34375 2.34375 1.35156 2.35156 1.35938 2.35938 1.36719 2.36719 ]
[GRF_A][6][ 1.375 2.375 1.38281 2.38281 1.39062 2.39062 1.39844 2.39844 1.40625 2.40625 1.41406 2.41406 1.42188 2.42188 1.42969 2.42969 ]
[GRF_A][7][ 1.4375 2.4375 1.44531 2.44531 1.45312 2.45312 1.46094 2.46094 1.46875 2.46875 1.47656 2.47656 1.48438 2.48438 1.49219 2.49219 ]
[GRF_B][0][ 2.29688 0 0 0 0 0 0 0 0 0 0 0 0 0 0 0 ]
[GRF_B][1][ 0 3.9375 0 0 0 0 0 0 0 0 0 0 0 0 0 0 ]
[GRF_B][2][ 0 0 0 0 0 0 0 0 0 0 0 0 0 0 0 0 ]
[GRF_B][3][ 0 0 0 0 0 0 0 0 0 0 0 0 0 0 0 0 ]
[GRF_B][4][ 0 0 0 0 0 0 0 0 0 0 0 0 0 0 0 0 ]
[GRF_B][5][ 0 0 0 0 0 0 0 0 0 0 0 0 0 0 0 0 ]
[GRF_B][6][ 0 0 0 0 0 0 0 0 0 0 0 0 0 0 0 0 ]
[GRF_B][7][ 0 0 0 0 0 0 0 0 0 0 0 0 0 0 0 0 ]
[M_OUT][0000000000000000000000000000000000000000000000000000000000000000000000000000000000000000000000000000000000000000000000000000000000000000000000000000000000000000000000000000000000000000000000000000000000000000000000000000000000000000000000000000000000000000]
[A_OUT][0000000000000000000000000000000000000000000000000000000000000000000000000000000000000000000000000000000000000000000000000000000000000000000000000000000000000000000000000000000000000000000000000000000000000000000000000000000000000000000000000000000000000000]

----------
READ ch0 ra0 bg0 b0 r0 c15|| [0] MAC GRF_B[0], GRF_A[0], EVEN_BANK, auto @ 6260
[BANK_R][ 0 0.5 0 0 0 0 0 0 0 0 0 0 0 0 0 0 ]
[CMD]00111011000100001000000000000000(MAC GRF_B[0], GRF_A[0], EVEN_BANK, auto)
[SRF][0000000000000000000000000000000000000000000000000000000000000000000000000000000000000000000000000000000000000000000000000000000000000000000000000000000000000000000000000000000000000000000000000000000000000000000000000000000000000000000000000000000000000000]
[GRF_A][0][ 1 2 1.00781 2.00781 1.01562 2.01562 1.02344 2.02344 1.03125 2.03125 1.03906 2.03906 1.04688 2.04688 1.05469 2.05469 ]
[GRF_A][1][ 1.0625 2.0625 1.07031 2.07031 1.07812 2.07812 1.08594 2.08594 1.09375 2.09375 1.10156 2.10156 1.10938 2.10938 1.11719 2.11719 ]
[GRF_A][2][ 1.125 2.125 1.13281 2.13281 1.14062 2.14062 1.14844 2.14844 1.15625 2.15625 1.16406 2.16406 1.17188 2.17188 1.17969 2.17969 ]
[GRF_A][3][ 1.1875 2.1875 1.19531 2.19531 1.20312 2.20312 1.21094 2.21094 1.21875 2.21875 1.22656 2.22656 1.23438 2.23438 1.24219 2.24219 ]
[GRF_A][4][ 1.25 2.25 1.25781 2.25781 1.26562 2.26562 1.27344 2.27344 1.28125 2.28125 1.28906 2.28906 1.29688 2.29688 1.30469 2.30469 ]
[GRF_A][5][ 1.3125 2.3125 1.32031 2.32031 1.32812 2.32812 1.33594 2.33594 1.34375 2.34375 1.35156 2.35156 1.35938 2.35938 1.36719 2.36719 ]
[GRF_A][6][ 1.375 2.375 1.38281 2.38281 1.39062 2.39062 1.39844 2.39844 1.40625 2.40625 1.41406 2.41406 1.42188 2.42188 1.42969 2.42969 ]
[GRF_A][7][ 1.4375 2.4375 1.44531 2.44531 1.45312 2.45312 1.46094 2.46094 1.46875 2.46875 1.47656 2.47656 1.48438 2.48438 1.49219 2.49219 ]
[GRF_B][0][ 2.29688 0 0 0 0 0 0 0 0 0 0 0 0 0 0 0 ]
[GRF_B][1][ 0 5.15625 0 0 0 0 0 0 0 0 0 0 0 0 0 0 ]
[GRF_B][2][ 0 0 0 0 0 0 0 0 0 0 0 0 0 0 0 0 ]
[GRF_B][3][ 0 0 0 0 0 0 0 0 0 0 0 0 0 0 0 0 ]
[GRF_B][4][ 0 0 0 0 0 0 0 0 0 0 0 0 0 0 0 0 ]
[GRF_B][5][ 0 0 0 0 0 0 0 0 0 0 0 0 0 0 0 0 ]
[GRF_B][6][ 0 0 0 0 0 0 0 0 0 0 0 0 0 0 0 0 ]
[GRF_B][7][ 0 0 0 0 0 0 0 0 0 0 0 0 0 0 0 0 ]
[M_OUT][0000000000000000000000000000000000000000000000000000000000000000000000000000000000000000000000000000000000000000000000000000000000000000000000000000000000000000000000000000000000000000000000000000000000000000000000000000000000000000000000000000000000000000]
[A_OUT][0000000000000000000000000000000000000000000000000000000000000000000000000000000000000000000000000000000000000000000000000000000000000000000000000000000000000000000000000000000000000000000000000000000000000000000000000000000000000000000000000000000000000000]

----------
READ ch0 ra0 bg0 b0 r0 c16|| [1] JUMP 7x [PC - 2] @ 6264
READ ch0 ra0 bg0 b0 r0 c16|| [0] MAC GRF_B[0], GRF_A[0], EVEN_BANK, auto @ 6264
[BANK_R][ 0 0 0.125 0 0 0 0 0 0 0 0 0 0 0 0 0 ]
[CMD]00111011000100001000000000000000(MAC GRF_B[0], GRF_A[0], EVEN_BANK, auto)
[SRF][0000000000000000000000000000000000000000000000000000000000000000000000000000000000000000000000000000000000000000000000000000000000000000000000000000000000000000000000000000000000000000000000000000000000000000000000000000000000000000000000000000000000000000]
[GRF_A][0][ 1 2 1.00781 2.00781 1.01562 2.01562 1.02344 2.02344 1.03125 2.03125 1.03906 2.03906 1.04688 2.04688 1.05469 2.05469 ]
[GRF_A][1][ 1.0625 2.0625 1.07031 2.07031 1.07812 2.07812 1.08594 2.08594 1.09375 2.09375 1.10156 2.10156 1.10938 2.10938 1.11719 2.11719 ]
[GRF_A][2][ 1.125 2.125 1.13281 2.13281 1.14062 2.14062 1.14844 2.14844 1.15625 2.15625 1.16406 2.16406 1.17188 2.17188 1.17969 2.17969 ]
[GRF_A][3][ 1.1875 2.1875 1.19531 2.19531 1.20312 2.20312 1.21094 2.21094 1.21875 2.21875 1.22656 2.22656 1.23438 2.23438 1.24219 2.24219 ]
[GRF_A][4][ 1.25 2.25 1.25781 2.25781 1.26562 2.26562 1.27344 2.27344 1.28125 2.28125 1.28906 2.28906 1.29688 2.29688 1.30469 2.30469 ]
[GRF_A][5][ 1.3125 2.3125 1.32031 2.32031 1.32812 2.32812 1.33594 2.33594 1.34375 2.34375 1.35156 2.35156 1.35938 2.35938 1.36719 2.36719 ]
[GRF_A][6][ 1.375 2.375 1.38281 2.38281 1.39062 2.39062 1.39844 2.39844 1.40625 2.40625 1.41406 2.41406 1.42188 2.42188 1.42969 2.42969 ]
[GRF_A][7][ 1.4375 2.4375 1.44531 2.44531 1.45312 2.45312 1.46094 2.46094 1.46875 2.46875 1.47656 2.47656 1.48438 2.48438 1.49219 2.49219 ]
[GRF_B][0][ 2.29688 0 0 0 0 0 0 0 0 0 0 0 0 0 0 0 ]
[GRF_B][1][ 0 5.15625 0 0 0 0 0 0 0 0 0 0 0 0 0 0 ]
[GRF_B][2][ 0 0 0.125977 0 0 0 0 0 0 0 0 0 0 0 0 0 ]
[GRF_B][3][ 0 0 0 0 0 0 0 0 0 0 0 0 0 0 0 0 ]
[GRF_B][4][ 0 0 0 0 0 0 0 0 0 0 0 0 0 0 0 0 ]
[GRF_B][5][ 0 0 0 0 0 0 0 0 0 0 0 0 0 0 0 0 ]
[GRF_B][6][ 0 0 0 0 0 0 0 0 0 0 0 0 0 0 0 0 ]
[GRF_B][7][ 0 0 0 0 0 0 0 0 0 0 0 0 0 0 0 0 ]
[M_OUT][0000000000000000000000000000000000000000000000000000000000000000000000000000000000000000000000000000000000000000000000000000000000000000000000000000000000000000000000000000000000000000000000000000000000000000000000000000000000000000000000000000000000000000]
[A_OUT][0000000000000000000000000000000000000000000000000000000000000000000000000000000000000000000000000000000000000000000000000000000000000000000000000000000000000000000000000000000000000000000000000000000000000000000000000000000000000000000000000000000000000000]

----------
READ ch0 ra0 bg0 b0 r0 c17|| [0] MAC GRF_B[0], GRF_A[0], EVEN_BANK, auto @ 6268
[BANK_R][ 0 0 0.1875 0 0 0 0 0 0 0 0 0 0 0 0 0 ]
[CMD]00111011000100001000000000000000(MAC GRF_B[0], GRF_A[0], EVEN_BANK, auto)
[SRF][0000000000000000000000000000000000000000000000000000000000000000000000000000000000000000000000000000000000000000000000000000000000000000000000000000000000000000000000000000000000000000000000000000000000000000000000000000000000000000000000000000000000000000]
[GRF_A][0][ 1 2 1.00781 2.00781 1.01562 2.01562 1.02344 2.02344 1.03125 2.03125 1.03906 2.03906 1.04688 2.04688 1.05469 2.05469 ]
[GRF_A][1][ 1.0625 2.0625 1.07031 2.07031 1.07812 2.07812 1.08594 2.08594 1.09375 2.09375 1.10156 2.10156 1.10938 2.10938 1.11719 2.11719 ]
[GRF_A][2][ 1.125 2.125 1.13281 2.13281 1.14062 2.14062 1.14844 2.14844 1.15625 2.15625 1.16406 2.16406 1.17188 2.17188 1.17969 2.17969 ]
[GRF_A][3][ 1.1875 2.1875 1.19531 2.19531 1.20312 2.20312 1.21094 2.21094 1.21875 2.21875 1.22656 2.22656 1.23438 2.23438 1.24219 2.24219 ]
[GRF_A][4][ 1.25 2.25 1.25781 2.25781 1.26562 2.26562 1.27344 2.27344 1.28125 2.28125 1.28906 2.28906 1.29688 2.29688 1.30469 2.30469 ]
[GRF_A][5][ 1.3125 2.3125 1.32031 2.32031 1.32812 2.32812 1.33594 2.33594 1.34375 2.34375 1.35156 2.35156 1.35938 2.35938 1.36719 2.36719 ]
[GRF_A][6][ 1.375 2.375 1.38281 2.38281 1.39062 2.39062 1.39844 2.39844 1.40625 2.40625 1.41406 2.41406 1.42188 2.42188 1.42969 2.42969 ]
[GRF_A][7][ 1.4375 2.4375 1.44531 2.44531 1.45312 2.45312 1.46094 2.46094 1.46875 2.46875 1.47656 2.47656 1.48438 2.48438 1.49219 2.49219 ]
[GRF_B][0][ 2.29688 0 0 0 0 0 0 0 0 0 0 0 0 0 0 0 ]
[GRF_B][1][ 0 5.15625 0 0 0 0 0 0 0 0 0 0 0 0 0 0 ]
[GRF_B][2][ 0 0 0.32666 0 0 0 0 0 0 0 0 0 0 0 0 0 ]
[GRF_B][3][ 0 0 0 0 0 0 0 0 0 0 0 0 0 0 0 0 ]
[GRF_B][4][ 0 0 0 0 0 0 0 0 0 0 0 0 0 0 0 0 ]
[GRF_B][5][ 0 0 0 0 0 0 0 0 0 0 0 0 0 0 0 0 ]
[GRF_B][6][ 0 0 0 0 0 0 0 0 0 0 0 0 0 0 0 0 ]
[GRF_B][7][ 0 0 0 0 0 0 0 0 0 0 0 0 0 0 0 0 ]
[M_OUT][0000000000000000000000000000000000000000000000000000000000000000000000000000000000000000000000000000000000000000000000000000000000000000000000000000000000000000000000000000000000000000000000000000000000000000000000000000000000000000000000000000000000000000]
[A_OUT][0000000000000000000000000000000000000000000000000000000000000000000000000000000000000000000000000000000000000000000000000000000000000000000000000000000000000000000000000000000000000000000000000000000000000000000000000000000000000000000000000000000000000000]

----------
READ ch0 ra0 bg0 b0 r0 c18|| [0] MAC GRF_B[0], GRF_A[0], EVEN_BANK, auto @ 6272
[BANK_R][ 0 0 0.25 0 0 0 0 0 0 0 0 0 0 0 0 0 ]
[CMD]00111011000100001000000000000000(MAC GRF_B[0], GRF_A[0], EVEN_BANK, auto)
[SRF][0000000000000000000000000000000000000000000000000000000000000000000000000000000000000000000000000000000000000000000000000000000000000000000000000000000000000000000000000000000000000000000000000000000000000000000000000000000000000000000000000000000000000000]
[GRF_A][0][ 1 2 1.00781 2.00781 1.01562 2.01562 1.02344 2.02344 1.03125 2.03125 1.03906 2.03906 1.04688 2.04688 1.05469 2.05469 ]
[GRF_A][1][ 1.0625 2.0625 1.07031 2.07031 1.07812 2.07812 1.08594 2.08594 1.09375 2.09375 1.10156 2.10156 1.10938 2.10938 1.11719 2.11719 ]
[GRF_A][2][ 1.125 2.125 1.13281 2.13281 1.14062 2.14062 1.14844 2.14844 1.15625 2.15625 1.16406 2.16406 1.17188 2.17188 1.17969 2.17969 ]
[GRF_A][3][ 1.1875 2.1875 1.19531 2.19531 1.20312 2.20312 1.21094 2.21094 1.21875 2.21875 1.22656 2.22656 1.23438 2.23438 1.24219 2.24219 ]
[GRF_A][4][ 1.25 2.25 1.25781 2.25781 1.26562 2.26562 1.27344 2.27344 1.28125 2.28125 1.28906 2.28906 1.29688 2.29688 1.30469 2.30469 ]
[GRF_A][5][ 1.3125 2.3125 1.32031 2.32031 1.32812 2.32812 1.33594 2.33594 1.34375 2.34375 1.35156 2.35156 1.35938 2.35938 1.36719 2.36719 ]
[GRF_A][6][ 1.375 2.375 1.38281 2.38281 1.39062 2.39062 1.39844 2.39844 1.40625 2.40625 1.41406 2.41406 1.42188 2.42188 1.42969 2.42969 ]
[GRF_A][7][ 1.4375 2.4375 1.44531 2.44531 1.45312 2.45312 1.46094 2.46094 1.46875 2.46875 1.47656 2.47656 1.48438 2.48438 1.49219 2.49219 ]
[GRF_B][0][ 2.29688 0 0 0 0 0 0 0 0 0 0 0 0 0 0 0 ]
[GRF_B][1][ 0 5.15625 0 0 0 0 0 0 0 0 0 0 0 0 0 0 ]
[GRF_B][2][ 0 0 0.609863 0 0 0 0 0 0 0 0 0 0 0 0 0 ]
[GRF_B][3][ 0 0 0 0 0 0 0 0 0 0 0 0 0 0 0 0 ]
[GRF_B][4][ 0 0 0 0 0 0 0 0 0 0 0 0 0 0 0 0 ]
[GRF_B][5][ 0 0 0 0 0 0 0 0 0 0 0 0 0 0 0 0 ]
[GRF_B][6][ 0 0 0 0 0 0 0 0 0 0 0 0 0 0 0 0 ]
[GRF_B][7][ 0 0 0 0 0 0 0 0 0 0 0 0 0 0 0 0 ]
[M_OUT][0000000000000000000000000000000000000000000000000000000000000000000000000000000000000000000000000000000000000000000000000000000000000000000000000000000000000000000000000000000000000000000000000000000000000000000000000000000000000000000000000000000000000000]
[A_OUT][0000000000000000000000000000000000000000000000000000000000000000000000000000000000000000000000000000000000000000000000000000000000000000000000000000000000000000000000000000000000000000000000000000000000000000000000000000000000000000000000000000000000000000]

----------
READ ch0 ra0 bg0 b0 r0 c19|| [0] MAC GRF_B[0], GRF_A[0], EVEN_BANK, auto @ 6276
[BANK_R][ 0 0 0.3125 0 0 0 0 0 0 0 0 0 0 0 0 0 ]
[CMD]00111011000100001000000000000000(MAC GRF_B[0], GRF_A[0], EVEN_BANK, auto)
[SRF][0000000000000000000000000000000000000000000000000000000000000000000000000000000000000000000000000000000000000000000000000000000000000000000000000000000000000000000000000000000000000000000000000000000000000000000000000000000000000000000000000000000000000000]
[GRF_A][0][ 1 2 1.00781 2.00781 1.01562 2.01562 1.02344 2.02344 1.03125 2.03125 1.03906 2.03906 1.04688 2.04688 1.05469 2.05469 ]
[GRF_A][1][ 1.0625 2.0625 1.07031 2.07031 1.07812 2.07812 1.08594 2.08594 1.09375 2.09375 1.10156 2.10156 1.10938 2.10938 1.11719 2.11719 ]
[GRF_A][2][ 1.125 2.125 1.13281 2.13281 1.14062 2.14062 1.14844 2.14844 1.15625 2.15625 1.16406 2.16406 1.17188 2.17188 1.17969 2.17969 ]
[GRF_A][3][ 1.1875 2.1875 1.19531 2.19531 1.20312 2.20312 1.21094 2.21094 1.21875 2.21875 1.22656 2.22656 1.23438 2.23438 1.24219 2.24219 ]
[GRF_A][4][ 1.25 2.25 1.25781 2.25781 1.26562 2.26562 1.27344 2.27344 1.28125 2.28125 1.28906 2.28906 1.29688 2.29688 1.30469 2.30469 ]
[GRF_A][5][ 1.3125 2.3125 1.32031 2.32031 1.32812 2.32812 1.33594 2.33594 1.34375 2.34375 1.35156 2.35156 1.35938 2.35938 1.36719 2.36719 ]
[GRF_A][6][ 1.375 2.375 1.38281 2.38281 1.39062 2.39062 1.39844 2.39844 1.40625 2.40625 1.41406 2.41406 1.42188 2.42188 1.42969 2.42969 ]
[GRF_A][7][ 1.4375 2.4375 1.44531 2.44531 1.45312 2.45312 1.46094 2.46094 1.46875 2.46875 1.47656 2.47656 1.48438 2.48438 1.49219 2.49219 ]
[GRF_B][0][ 2.29688 0 0 0 0 0 0 0 0 0 0 0 0 0 0 0 ]
[GRF_B][1][ 0 5.15625 0 0 0 0 0 0 0 0 0 0 0 0 0 0 ]
[GRF_B][2][ 0 0 0.983398 0 0 0 0 0 0 0 0 0 0 0 0 0 ]
[GRF_B][3][ 0 0 0 0 0 0 0 0 0 0 0 0 0 0 0 0 ]
[GRF_B][4][ 0 0 0 0 0 0 0 0 0 0 0 0 0 0 0 0 ]
[GRF_B][5][ 0 0 0 0 0 0 0 0 0 0 0 0 0 0 0 0 ]
[GRF_B][6][ 0 0 0 0 0 0 0 0 0 0 0 0 0 0 0 0 ]
[GRF_B][7][ 0 0 0 0 0 0 0 0 0 0 0 0 0 0 0 0 ]
[M_OUT][0000000000000000000000000000000000000000000000000000000000000000000000000000000000000000000000000000000000000000000000000000000000000000000000000000000000000000000000000000000000000000000000000000000000000000000000000000000000000000000000000000000000000000]
[A_OUT][0000000000000000000000000000000000000000000000000000000000000000000000000000000000000000000000000000000000000000000000000000000000000000000000000000000000000000000000000000000000000000000000000000000000000000000000000000000000000000000000000000000000000000]

----------
READ ch0 ra0 bg0 b0 r0 c20|| [0] MAC GRF_B[0], GRF_A[0], EVEN_BANK, auto @ 6280
[BANK_R][ 0 0 0.375 0 0 0 0 0 0 0 0 0 0 0 0 0 ]
[CMD]00111011000100001000000000000000(MAC GRF_B[0], GRF_A[0], EVEN_BANK, auto)
[SRF][0000000000000000000000000000000000000000000000000000000000000000000000000000000000000000000000000000000000000000000000000000000000000000000000000000000000000000000000000000000000000000000000000000000000000000000000000000000000000000000000000000000000000000]
[GRF_A][0][ 1 2 1.00781 2.00781 1.01562 2.01562 1.02344 2.02344 1.03125 2.03125 1.03906 2.03906 1.04688 2.04688 1.05469 2.05469 ]
[GRF_A][1][ 1.0625 2.0625 1.07031 2.07031 1.07812 2.07812 1.08594 2.08594 1.09375 2.09375 1.10156 2.10156 1.10938 2.10938 1.11719 2.11719 ]
[GRF_A][2][ 1.125 2.125 1.13281 2.13281 1.14062 2.14062 1.14844 2.14844 1.15625 2.15625 1.16406 2.16406 1.17188 2.17188 1.17969 2.17969 ]
[GRF_A][3][ 1.1875 2.1875 1.19531 2.19531 1.20312 2.20312 1.21094 2.21094 1.21875 2.21875 1.22656 2.22656 1.23438 2.23438 1.24219 2.24219 ]
[GRF_A][4][ 1.25 2.25 1.25781 2.25781 1.26562 2.26562 1.27344 2.27344 1.28125 2.28125 1.28906 2.28906 1.29688 2.29688 1.30469 2.30469 ]
[GRF_A][5][ 1.3125 2.3125 1.32031 2.32031 1.32812 2.32812 1.33594 2.33594 1.34375 2.34375 1.35156 2.35156 1.35938 2.35938 1.36719 2.36719 ]
[GRF_A][6][ 1.375 2.375 1.38281 2.38281 1.39062 2.39062 1.39844 2.39844 1.40625 2.40625 1.41406 2.41406 1.42188 2.42188 1.42969 2.42969 ]
[GRF_A][7][ 1.4375 2.4375 1.44531 2.44531 1.45312 2.45312 1.46094 2.46094 1.46875 2.46875 1.47656 2.47656 1.48438 2.48438 1.49219 2.49219 ]
[GRF_B][0][ 2.29688 0 0 0 0 0 0 0 0 0 0 0 0 0 0 0 ]
[GRF_B][1][ 0 5.15625 0 0 0 0 0 0 0 0 0 0 0 0 0 0 ]
[GRF_B][2][ 0 0 1.45508 0 0 0 0 0 0 0 0 0 0 0 0 0 ]
[GRF_B][3][ 0 0 0 0 0 0 0 0 0 0 0 0 0 0 0 0 ]
[GRF_B][4][ 0 0 0 0 0 0 0 0 0 0 0 0 0 0 0 0 ]
[GRF_B][5][ 0 0 0 0 0 0 0 0 0 0 0 0 0 0 0 0 ]
[GRF_B][6][ 0 0 0 0 0 0 0 0 0 0 0 0 0 0 0 0 ]
[GRF_B][7][ 0 0 0 0 0 0 0 0 0 0 0 0 0 0 0 0 ]
[M_OUT][0000000000000000000000000000000000000000000000000000000000000000000000000000000000000000000000000000000000000000000000000000000000000000000000000000000000000000000000000000000000000000000000000000000000000000000000000000000000000000000000000000000000000000]
[A_OUT][0000000000000000000000000000000000000000000000000000000000000000000000000000000000000000000000000000000000000000000000000000000000000000000000000000000000000000000000000000000000000000000000000000000000000000000000000000000000000000000000000000000000000000]

----------
READ ch0 ra0 bg0 b0 r0 c21|| [0] MAC GRF_B[0], GRF_A[0], EVEN_BANK, auto @ 6284
[BANK_R][ 0 0 0.4375 0 0 0 0 0 0 0 0 0 0 0 0 0 ]
[CMD]00111011000100001000000000000000(MAC GRF_B[0], GRF_A[0], EVEN_BANK, auto)
[SRF][0000000000000000000000000000000000000000000000000000000000000000000000000000000000000000000000000000000000000000000000000000000000000000000000000000000000000000000000000000000000000000000000000000000000000000000000000000000000000000000000000000000000000000]
[GRF_A][0][ 1 2 1.00781 2.00781 1.01562 2.01562 1.02344 2.02344 1.03125 2.03125 1.03906 2.03906 1.04688 2.04688 1.05469 2.05469 ]
[GRF_A][1][ 1.0625 2.0625 1.07031 2.07031 1.07812 2.07812 1.08594 2.08594 1.09375 2.09375 1.10156 2.10156 1.10938 2.10938 1.11719 2.11719 ]
[GRF_A][2][ 1.125 2.125 1.13281 2.13281 1.14062 2.14062 1.14844 2.14844 1.15625 2.15625 1.16406 2.16406 1.17188 2.17188 1.17969 2.17969 ]
[GRF_A][3][ 1.1875 2.1875 1.19531 2.19531 1.20312 2.20312 1.21094 2.21094 1.21875 2.21875 1.22656 2.22656 1.23438 2.23438 1.24219 2.24219 ]
[GRF_A][4][ 1.25 2.25 1.25781 2.25781 1.26562 2.26562 1.27344 2.27344 1.28125 2.28125 1.28906 2.28906 1.29688 2.29688 1.30469 2.30469 ]
[GRF_A][5][ 1.3125 2.3125 1.32031 2.32031 1.32812 2.32812 1.33594 2.33594 1.34375 2.34375 1.35156 2.35156 1.35938 2.35938 1.36719 2.36719 ]
[GRF_A][6][ 1.375 2.375 1.38281 2.38281 1.39062 2.39062 1.39844 2.39844 1.40625 2.40625 1.41406 2.41406 1.42188 2.42188 1.42969 2.42969 ]
[GRF_A][7][ 1.4375 2.4375 1.44531 2.44531 1.45312 2.45312 1.46094 2.46094 1.46875 2.46875 1.47656 2.47656 1.48438 2.48438 1.49219 2.49219 ]
[GRF_B][0][ 2.29688 0 0 0 0 0 0 0 0 0 0 0 0 0 0 0 ]
[GRF_B][1][ 0 5.15625 0 0 0 0 0 0 0 0 0 0 0 0 0 0 ]
[GRF_B][2][ 0 0 2.0332 0 0 0 0 0 0 0 0 0 0 0 0 0 ]
[GRF_B][3][ 0 0 0 0 0 0 0 0 0 0 0 0 0 0 0 0 ]
[GRF_B][4][ 0 0 0 0 0 0 0 0 0 0 0 0 0 0 0 0 ]
[GRF_B][5][ 0 0 0 0 0 0 0 0 0 0 0 0 0 0 0 0 ]
[GRF_B][6][ 0 0 0 0 0 0 0 0 0 0 0 0 0 0 0 0 ]
[GRF_B][7][ 0 0 0 0 0 0 0 0 0 0 0 0 0 0 0 0 ]
[M_OUT][0000000000000000000000000000000000000000000000000000000000000000000000000000000000000000000000000000000000000000000000000000000000000000000000000000000000000000000000000000000000000000000000000000000000000000000000000000000000000000000000000000000000000000]
[A_OUT][0000000000000000000000000000000000000000000000000000000000000000000000000000000000000000000000000000000000000000000000000000000000000000000000000000000000000000000000000000000000000000000000000000000000000000000000000000000000000000000000000000000000000000]

----------
READ ch0 ra0 bg0 b0 r0 c22|| [0] MAC GRF_B[0], GRF_A[0], EVEN_BANK, auto @ 6288
[BANK_R][ 0 0 0.5 0 0 0 0 0 0 0 0 0 0 0 0 0 ]
[CMD]00111011000100001000000000000000(MAC GRF_B[0], GRF_A[0], EVEN_BANK, auto)
[SRF][0000000000000000000000000000000000000000000000000000000000000000000000000000000000000000000000000000000000000000000000000000000000000000000000000000000000000000000000000000000000000000000000000000000000000000000000000000000000000000000000000000000000000000]
[GRF_A][0][ 1 2 1.00781 2.00781 1.01562 2.01562 1.02344 2.02344 1.03125 2.03125 1.03906 2.03906 1.04688 2.04688 1.05469 2.05469 ]
[GRF_A][1][ 1.0625 2.0625 1.07031 2.07031 1.07812 2.07812 1.08594 2.08594 1.09375 2.09375 1.10156 2.10156 1.10938 2.10938 1.11719 2.11719 ]
[GRF_A][2][ 1.125 2.125 1.13281 2.13281 1.14062 2.14062 1.14844 2.14844 1.15625 2.15625 1.16406 2.16406 1.17188 2.17188 1.17969 2.17969 ]
[GRF_A][3][ 1.1875 2.1875 1.19531 2.19531 1.20312 2.20312 1.21094 2.21094 1.21875 2.21875 1.22656 2.22656 1.23438 2.23438 1.24219 2.24219 ]
[GRF_A][4][ 1.25 2.25 1.25781 2.25781 1.26562 2.26562 1.27344 2.27344 1.28125 2.28125 1.28906 2.28906 1.29688 2.29688 1.30469 2.30469 ]
[GRF_A][5][ 1.3125 2.3125 1.32031 2.32031 1.32812 2.32812 1.33594 2.33594 1.34375 2.34375 1.35156 2.35156 1.35938 2.35938 1.36719 2.36719 ]
[GRF_A][6][ 1.375 2.375 1.38281 2.38281 1.39062 2.39062 1.39844 2.39844 1.40625 2.40625 1.41406 2.41406 1.42188 2.42188 1.42969 2.42969 ]
[GRF_A][7][ 1.4375 2.4375 1.44531 2.44531 1.45312 2.45312 1.46094 2.46094 1.46875 2.46875 1.47656 2.47656 1.48438 2.48438 1.49219 2.49219 ]
[GRF_B][0][ 2.29688 0 0 0 0 0 0 0 0 0 0 0 0 0 0 0 ]
[GRF_B][1][ 0 5.15625 0 0 0 0 0 0 0 0 0 0 0 0 0 0 ]
[GRF_B][2][ 0 0 2.72461 0 0 0 0 0 0 0 0 0 0 0 0 0 ]
[GRF_B][3][ 0 0 0 0 0 0 0 0 0 0 0 0 0 0 0 0 ]
[GRF_B][4][ 0 0 0 0 0 0 0 0 0 0 0 0 0 0 0 0 ]
[GRF_B][5][ 0 0 0 0 0 0 0 0 0 0 0 0 0 0 0 0 ]
[GRF_B][6][ 0 0 0 0 0 0 0 0 0 0 0 0 0 0 0 0 ]
[GRF_B][7][ 0 0 0 0 0 0 0 0 0 0 0 0 0 0 0 0 ]
[M_OUT][0000000000000000000000000000000000000000000000000000000000000000000000000000000000000000000000000000000000000000000000000000000000000000000000000000000000000000000000000000000000000000000000000000000000000000000000000000000000000000000000000000000000000000]
[A_OUT][0000000000000000000000000000000000000000000000000000000000000000000000000000000000000000000000000000000000000000000000000000000000000000000000000000000000000000000000000000000000000000000000000000000000000000000000000000000000000000000000000000000000000000]

----------
READ ch0 ra0 bg0 b0 r0 c23|| [0] MAC GRF_B[0], GRF_A[0], EVEN_BANK, auto @ 6292
[BANK_R][ 0 0 0.5625 0 0 0 0 0 0 0 0 0 0 0 0 0 ]
[CMD]00111011000100001000000000000000(MAC GRF_B[0], GRF_A[0], EVEN_BANK, auto)
[SRF][0000000000000000000000000000000000000000000000000000000000000000000000000000000000000000000000000000000000000000000000000000000000000000000000000000000000000000000000000000000000000000000000000000000000000000000000000000000000000000000000000000000000000000]
[GRF_A][0][ 1 2 1.00781 2.00781 1.01562 2.01562 1.02344 2.02344 1.03125 2.03125 1.03906 2.03906 1.04688 2.04688 1.05469 2.05469 ]
[GRF_A][1][ 1.0625 2.0625 1.07031 2.07031 1.07812 2.07812 1.08594 2.08594 1.09375 2.09375 1.10156 2.10156 1.10938 2.10938 1.11719 2.11719 ]
[GRF_A][2][ 1.125 2.125 1.13281 2.13281 1.14062 2.14062 1.14844 2.14844 1.15625 2.15625 1.16406 2.16406 1.17188 2.17188 1.17969 2.17969 ]
[GRF_A][3][ 1.1875 2.1875 1.19531 2.19531 1.20312 2.20312 1.21094 2.21094 1.21875 2.21875 1.22656 2.22656 1.23438 2.23438 1.24219 2.24219 ]
[GRF_A][4][ 1.25 2.25 1.25781 2.25781 1.26562 2.26562 1.27344 2.27344 1.28125 2.28125 1.28906 2.28906 1.29688 2.29688 1.30469 2.30469 ]
[GRF_A][5][ 1.3125 2.3125 1.32031 2.32031 1.32812 2.32812 1.33594 2.33594 1.34375 2.34375 1.35156 2.35156 1.35938 2.35938 1.36719 2.36719 ]
[GRF_A][6][ 1.375 2.375 1.38281 2.38281 1.39062 2.39062 1.39844 2.39844 1.40625 2.40625 1.41406 2.41406 1.42188 2.42188 1.42969 2.42969 ]
[GRF_A][7][ 1.4375 2.4375 1.44531 2.44531 1.45312 2.45312 1.46094 2.46094 1.46875 2.46875 1.47656 2.47656 1.48438 2.48438 1.49219 2.49219 ]
[GRF_B][0][ 2.29688 0 0 0 0 0 0 0 0 0 0 0 0 0 0 0 ]
[GRF_B][1][ 0 5.15625 0 0 0 0 0 0 0 0 0 0 0 0 0 0 ]
[GRF_B][2][ 0 0 3.53711 0 0 0 0 0 0 0 0 0 0 0 0 0 ]
[GRF_B][3][ 0 0 0 0 0 0 0 0 0 0 0 0 0 0 0 0 ]
[GRF_B][4][ 0 0 0 0 0 0 0 0 0 0 0 0 0 0 0 0 ]
[GRF_B][5][ 0 0 0 0 0 0 0 0 0 0 0 0 0 0 0 0 ]
[GRF_B][6][ 0 0 0 0 0 0 0 0 0 0 0 0 0 0 0 0 ]
[GRF_B][7][ 0 0 0 0 0 0 0 0 0 0 0 0 0 0 0 0 ]
[M_OUT][0000000000000000000000000000000000000000000000000000000000000000000000000000000000000000000000000000000000000000000000000000000000000000000000000000000000000000000000000000000000000000000000000000000000000000000000000000000000000000000000000000000000000000]
[A_OUT][0000000000000000000000000000000000000000000000000000000000000000000000000000000000000000000000000000000000000000000000000000000000000000000000000000000000000000000000000000000000000000000000000000000000000000000000000000000000000000000000000000000000000000]

----------
READ ch0 ra0 bg0 b0 r0 c24|| [1] JUMP 7x [PC - 2] @ 6296
READ ch0 ra0 bg0 b0 r0 c24|| [0] MAC GRF_B[0], GRF_A[0], EVEN_BANK, auto @ 6296
[BANK_R][ 0 0 0 0.1875 0 0 0 0 0 0 0 0 0 0 0 0 ]
[CMD]00111011000100001000000000000000(MAC GRF_B[0], GRF_A[0], EVEN_BANK, auto)
[SRF][0000000000000000000000000000000000000000000000000000000000000000000000000000000000000000000000000000000000000000000000000000000000000000000000000000000000000000000000000000000000000000000000000000000000000000000000000000000000000000000000000000000000000000]
[GRF_A][0][ 1 2 1.00781 2.00781 1.01562 2.01562 1.02344 2.02344 1.03125 2.03125 1.03906 2.03906 1.04688 2.04688 1.05469 2.05469 ]
[GRF_A][1][ 1.0625 2.0625 1.07031 2.07031 1.07812 2.07812 1.08594 2.08594 1.09375 2.09375 1.10156 2.10156 1.10938 2.10938 1.11719 2.11719 ]
[GRF_A][2][ 1.125 2.125 1.13281 2.13281 1.14062 2.14062 1.14844 2.14844 1.15625 2.15625 1.16406 2.16406 1.17188 2.17188 1.17969 2.17969 ]
[GRF_A][3][ 1.1875 2.1875 1.19531 2.19531 1.20312 2.20312 1.21094 2.21094 1.21875 2.21875 1.22656 2.22656 1.23438 2.23438 1.24219 2.24219 ]
[GRF_A][4][ 1.25 2.25 1.25781 2.25781 1.26562 2.26562 1.27344 2.27344 1.28125 2.28125 1.28906 2.28906 1.29688 2.29688 1.30469 2.30469 ]
[GRF_A][5][ 1.3125 2.3125 1.32031 2.32031 1.32812 2.32812 1.33594 2.33594 1.34375 2.34375 1.35156 2.35156 1.35938 2.35938 1.36719 2.36719 ]
[GRF_A][6][ 1.375 2.375 1.38281 2.38281 1.39062 2.39062 1.39844 2.39844 1.40625 2.40625 1.41406 2.41406 1.42188 2.42188 1.42969 2.42969 ]
[GRF_A][7][ 1.4375 2.4375 1.44531 2.44531 1.45312 2.45312 1.46094 2.46094 1.46875 2.46875 1.47656 2.47656 1.48438 2.48438 1.49219 2.49219 ]
[GRF_B][0][ 2.29688 0 0 0 0 0 0 0 0 0 0 0 0 0 0 0 ]
[GRF_B][1][ 0 5.15625 0 0 0 0 0 0 0 0 0 0 0 0 0 0 ]
[GRF_B][2][ 0 0 3.53711 0 0 0 0 0 0 0 0 0 0 0 0 0 ]
[GRF_B][3][ 0 0 0 0.376465 0 0 0 0 0 0 0 0 0 0 0 0 ]
[GRF_B][4][ 0 0 0 0 0 0 0 0 0 0 0 0 0 0 0 0 ]
[GRF_B][5][ 0 0 0 0 0 0 0 0 0 0 0 0 0 0 0 0 ]
[GRF_B][6][ 0 0 0 0 0 0 0 0 0 0 0 0 0 0 0 0 ]
[GRF_B][7][ 0 0 0 0 0 0 0 0 0 0 0 0 0 0 0 0 ]
[M_OUT][0000000000000000000000000000000000000000000000000000000000000000000000000000000000000000000000000000000000000000000000000000000000000000000000000000000000000000000000000000000000000000000000000000000000000000000000000000000000000000000000000000000000000000]
[A_OUT][0000000000000000000000000000000000000000000000000000000000000000000000000000000000000000000000000000000000000000000000000000000000000000000000000000000000000000000000000000000000000000000000000000000000000000000000000000000000000000000000000000000000000000]

----------
READ ch0 ra0 bg0 b0 r0 c25|| [0] MAC GRF_B[0], GRF_A[0], EVEN_BANK, auto @ 6300
[BANK_R][ 0 0 0 0.25 0 0 0 0 0 0 0 0 0 0 0 0 ]
[CMD]00111011000100001000000000000000(MAC GRF_B[0], GRF_A[0], EVEN_BANK, auto)
[SRF][0000000000000000000000000000000000000000000000000000000000000000000000000000000000000000000000000000000000000000000000000000000000000000000000000000000000000000000000000000000000000000000000000000000000000000000000000000000000000000000000000000000000000000]
[GRF_A][0][ 1 2 1.00781 2.00781 1.01562 2.01562 1.02344 2.02344 1.03125 2.03125 1.03906 2.03906 1.04688 2.04688 1.05469 2.05469 ]
[GRF_A][1][ 1.0625 2.0625 1.07031 2.07031 1.07812 2.07812 1.08594 2.08594 1.09375 2.09375 1.10156 2.10156 1.10938 2.10938 1.11719 2.11719 ]
[GRF_A][2][ 1.125 2.125 1.13281 2.13281 1.14062 2.14062 1.14844 2.14844 1.15625 2.15625 1.16406 2.16406 1.17188 2.17188 1.17969 2.17969 ]
[GRF_A][3][ 1.1875 2.1875 1.19531 2.19531 1.20312 2.20312 1.21094 2.21094 1.21875 2.21875 1.22656 2.22656 1.23438 2.23438 1.24219 2.24219 ]
[GRF_A][4][ 1.25 2.25 1.25781 2.25781 1.26562 2.26562 1.27344 2.27344 1.28125 2.28125 1.28906 2.28906 1.29688 2.29688 1.30469 2.30469 ]
[GRF_A][5][ 1.3125 2.3125 1.32031 2.32031 1.32812 2.32812 1.33594 2.33594 1.34375 2.34375 1.35156 2.35156 1.35938 2.35938 1.36719 2.36719 ]
[GRF_A][6][ 1.375 2.375 1.38281 2.38281 1.39062 2.39062 1.39844 2.39844 1.40625 2.40625 1.41406 2.41406 1.42188 2.42188 1.42969 2.42969 ]
[GRF_A][7][ 1.4375 2.4375 1.44531 2.44531 1.45312 2.45312 1.46094 2.46094 1.46875 2.46875 1.47656 2.47656 1.48438 2.48438 1.49219 2.49219 ]
[GRF_B][0][ 2.29688 0 0 0 0 0 0 0 0 0 0 0 0 0 0 0 ]
[GRF_B][1][ 0 5.15625 0 0 0 0 0 0 0 0 0 0 0 0 0 0 ]
[GRF_B][2][ 0 0 3.53711 0 0 0 0 0 0 0 0 0 0 0 0 0 ]
[GRF_B][3][ 0 0 0 0.894043 0 0 0 0 0 0 0 0 0 0 0 0 ]
[GRF_B][4][ 0 0 0 0 0 0 0 0 0 0 0 0 0 0 0 0 ]
[GRF_B][5][ 0 0 0 0 0 0 0 0 0 0 0 0 0 0 0 0 ]
[GRF_B][6][ 0 0 0 0 0 0 0 0 0 0 0 0 0 0 0 0 ]
[GRF_B][7][ 0 0 0 0 0 0 0 0 0 0 0 0 0 0 0 0 ]
[M_OUT][0000000000000000000000000000000000000000000000000000000000000000000000000000000000000000000000000000000000000000000000000000000000000000000000000000000000000000000000000000000000000000000000000000000000000000000000000000000000000000000000000000000000000000]
[A_OUT][0000000000000000000000000000000000000000000000000000000000000000000000000000000000000000000000000000000000000000000000000000000000000000000000000000000000000000000000000000000000000000000000000000000000000000000000000000000000000000000000000000000000000000]

----------
READ ch0 ra0 bg0 b0 r0 c26|| [0] MAC GRF_B[0], GRF_A[0], EVEN_BANK, auto @ 6304
[BANK_R][ 0 0 0 0.3125 0 0 0 0 0 0 0 0 0 0 0 0 ]
[CMD]00111011000100001000000000000000(MAC GRF_B[0], GRF_A[0], EVEN_BANK, auto)
[SRF][0000000000000000000000000000000000000000000000000000000000000000000000000000000000000000000000000000000000000000000000000000000000000000000000000000000000000000000000000000000000000000000000000000000000000000000000000000000000000000000000000000000000000000]
[GRF_A][0][ 1 2 1.00781 2.00781 1.01562 2.01562 1.02344 2.02344 1.03125 2.03125 1.03906 2.03906 1.04688 2.04688 1.05469 2.05469 ]
[GRF_A][1][ 1.0625 2.0625 1.07031 2.07031 1.07812 2.07812 1.08594 2.08594 1.09375 2.09375 1.10156 2.10156 1.10938 2.10938 1.11719 2.11719 ]
[GRF_A][2][ 1.125 2.125 1.13281 2.13281 1.14062 2.14062 1.14844 2.14844 1.15625 2.15625 1.16406 2.16406 1.17188 2.17188 1.17969 2.17969 ]
[GRF_A][3][ 1.1875 2.1875 1.19531 2.19531 1.20312 2.20312 1.21094 2.21094 1.21875 2.21875 1.22656 2.22656 1.23438 2.23438 1.24219 2.24219 ]
[GRF_A][4][ 1.25 2.25 1.25781 2.25781 1.26562 2.26562 1.27344 2.27344 1.28125 2.28125 1.28906 2.28906 1.29688 2.29688 1.30469 2.30469 ]
[GRF_A][5][ 1.3125 2.3125 1.32031 2.32031 1.32812 2.32812 1.33594 2.33594 1.34375 2.34375 1.35156 2.35156 1.35938 2.35938 1.36719 2.36719 ]
[GRF_A][6][ 1.375 2.375 1.38281 2.38281 1.39062 2.39062 1.39844 2.39844 1.40625 2.40625 1.41406 2.41406 1.42188 2.42188 1.42969 2.42969 ]
[GRF_A][7][ 1.4375 2.4375 1.44531 2.44531 1.45312 2.45312 1.46094 2.46094 1.46875 2.46875 1.47656 2.47656 1.48438 2.48438 1.49219 2.49219 ]
[GRF_B][0][ 2.29688 0 0 0 0 0 0 0 0 0 0 0 0 0 0 0 ]
[GRF_B][1][ 0 5.15625 0 0 0 0 0 0 0 0 0 0 0 0 0 0 ]
[GRF_B][2][ 0 0 3.53711 0 0 0 0 0 0 0 0 0 0 0 0 0 ]
[GRF_B][3][ 0 0 0 1.56055 0 0 0 0 0 0 0 0 0 0 0 0 ]
[GRF_B][4][ 0 0 0 0 0 0 0 0 0 0 0 0 0 0 0 0 ]
[GRF_B][5][ 0 0 0 0 0 0 0 0 0 0 0 0 0 0 0 0 ]
[GRF_B][6][ 0 0 0 0 0 0 0 0 0 0 0 0 0 0 0 0 ]
[GRF_B][7][ 0 0 0 0 0 0 0 0 0 0 0 0 0 0 0 0 ]
[M_OUT][0000000000000000000000000000000000000000000000000000000000000000000000000000000000000000000000000000000000000000000000000000000000000000000000000000000000000000000000000000000000000000000000000000000000000000000000000000000000000000000000000000000000000000]
[A_OUT][0000000000000000000000000000000000000000000000000000000000000000000000000000000000000000000000000000000000000000000000000000000000000000000000000000000000000000000000000000000000000000000000000000000000000000000000000000000000000000000000000000000000000000]

----------
READ ch0 ra0 bg0 b0 r0 c27|| [0] MAC GRF_B[0], GRF_A[0], EVEN_BANK, auto @ 6308
[BANK_R][ 0 0 0 0.375 0 0 0 0 0 0 0 0 0 0 0 0 ]
[CMD]00111011000100001000000000000000(MAC GRF_B[0], GRF_A[0], EVEN_BANK, auto)
[SRF][0000000000000000000000000000000000000000000000000000000000000000000000000000000000000000000000000000000000000000000000000000000000000000000000000000000000000000000000000000000000000000000000000000000000000000000000000000000000000000000000000000000000000000]
[GRF_A][0][ 1 2 1.00781 2.00781 1.01562 2.01562 1.02344 2.02344 1.03125 2.03125 1.03906 2.03906 1.04688 2.04688 1.05469 2.05469 ]
[GRF_A][1][ 1.0625 2.0625 1.07031 2.07031 1.07812 2.07812 1.08594 2.08594 1.09375 2.09375 1.10156 2.10156 1.10938 2.10938 1.11719 2.11719 ]
[GRF_A][2][ 1.125 2.125 1.13281 2.13281 1.14062 2.14062 1.14844 2.14844 1.15625 2.15625 1.16406 2.16406 1.17188 2.17188 1.17969 2.17969 ]
[GRF_A][3][ 1.1875 2.1875 1.19531 2.19531 1.20312 2.20312 1.21094 2.21094 1.21875 2.21875 1.22656 2.22656 1.23438 2.23438 1.24219 2.24219 ]
[GRF_A][4][ 1.25 2.25 1.25781 2.25781 1.26562 2.26562 1.27344 2.27344 1.28125 2.28125 1.28906 2.28906 1.29688 2.29688 1.30469 2.30469 ]
[GRF_A][5][ 1.3125 2.3125 1.32031 2.32031 1.32812 2.32812 1.33594 2.33594 1.34375 2.34375 1.35156 2.35156 1.35938 2.35938 1.36719 2.36719 ]
[GRF_A][6][ 1.375 2.375 1.38281 2.38281 1.39062 2.39062 1.39844 2.39844 1.40625 2.40625 1.41406 2.41406 1.42188 2.42188 1.42969 2.42969 ]
[GRF_A][7][ 1.4375 2.4375 1.44531 2.44531 1.45312 2.45312 1.46094 2.46094 1.46875 2.46875 1.47656 2.47656 1.48438 2.48438 1.49219 2.49219 ]
[GRF_B][0][ 2.29688 0 0 0 0 0 0 0 0 0 0 0 0 0 0 0 ]
[GRF_B][1][ 0 5.15625 0 0 0 0 0 0 0 0 0 0 0 0 0 0 ]
[GRF_B][2][ 0 0 3.53711 0 0 0 0 0 0 0 0 0 0 0 0 0 ]
[GRF_B][3][ 0 0 0 2.38281 0 0 0 0 0 0 0 0 0 0 0 0 ]
[GRF_B][4][ 0 0 0 0 0 0 0 0 0 0 0 0 0 0 0 0 ]
[GRF_B][5][ 0 0 0 0 0 0 0 0 0 0 0 0 0 0 0 0 ]
[GRF_B][6][ 0 0 0 0 0 0 0 0 0 0 0 0 0 0 0 0 ]
[GRF_B][7][ 0 0 0 0 0 0 0 0 0 0 0 0 0 0 0 0 ]
[M_OUT][0000000000000000000000000000000000000000000000000000000000000000000000000000000000000000000000000000000000000000000000000000000000000000000000000000000000000000000000000000000000000000000000000000000000000000000000000000000000000000000000000000000000000000]
[A_OUT][0000000000000000000000000000000000000000000000000000000000000000000000000000000000000000000000000000000000000000000000000000000000000000000000000000000000000000000000000000000000000000000000000000000000000000000000000000000000000000000000000000000000000000]

----------
READ ch0 ra0 bg0 b0 r0 c28|| [0] MAC GRF_B[0], GRF_A[0], EVEN_BANK, auto @ 6312
[BANK_R][ 0 0 0 0.4375 0 0 0 0 0 0 0 0 0 0 0 0 ]
[CMD]00111011000100001000000000000000(MAC GRF_B[0], GRF_A[0], EVEN_BANK, auto)
[SRF][0000000000000000000000000000000000000000000000000000000000000000000000000000000000000000000000000000000000000000000000000000000000000000000000000000000000000000000000000000000000000000000000000000000000000000000000000000000000000000000000000000000000000000]
[GRF_A][0][ 1 2 1.00781 2.00781 1.01562 2.01562 1.02344 2.02344 1.03125 2.03125 1.03906 2.03906 1.04688 2.04688 1.05469 2.05469 ]
[GRF_A][1][ 1.0625 2.0625 1.07031 2.07031 1.07812 2.07812 1.08594 2.08594 1.09375 2.09375 1.10156 2.10156 1.10938 2.10938 1.11719 2.11719 ]
[GRF_A][2][ 1.125 2.125 1.13281 2.13281 1.14062 2.14062 1.14844 2.14844 1.15625 2.15625 1.16406 2.16406 1.17188 2.17188 1.17969 2.17969 ]
[GRF_A][3][ 1.1875 2.1875 1.19531 2.19531 1.20312 2.20312 1.21094 2.21094 1.21875 2.21875 1.22656 2.22656 1.23438 2.23438 1.24219 2.24219 ]
[GRF_A][4][ 1.25 2.25 1.25781 2.25781 1.26562 2.26562 1.27344 2.27344 1.28125 2.28125 1.28906 2.28906 1.29688 2.29688 1.30469 2.30469 ]
[GRF_A][5][ 1.3125 2.3125 1.32031 2.32031 1.32812 2.32812 1.33594 2.33594 1.34375 2.34375 1.35156 2.35156 1.35938 2.35938 1.36719 2.36719 ]
[GRF_A][6][ 1.375 2.375 1.38281 2.38281 1.39062 2.39062 1.39844 2.39844 1.40625 2.40625 1.41406 2.41406 1.42188 2.42188 1.42969 2.42969 ]
[GRF_A][7][ 1.4375 2.4375 1.44531 2.44531 1.45312 2.45312 1.46094 2.46094 1.46875 2.46875 1.47656 2.47656 1.48438 2.48438 1.49219 2.49219 ]
[GRF_B][0][ 2.29688 0 0 0 0 0 0 0 0 0 0 0 0 0 0 0 ]
[GRF_B][1][ 0 5.15625 0 0 0 0 0 0 0 0 0 0 0 0 0 0 ]
[GRF_B][2][ 0 0 3.53711 0 0 0 0 0 0 0 0 0 0 0 0 0 ]
[GRF_B][3][ 0 0 0 3.37109 0 0 0 0 0 0 0 0 0 0 0 0 ]
[GRF_B][4][ 0 0 0 0 0 0 0 0 0 0 0 0 0 0 0 0 ]
[GRF_B][5][ 0 0 0 0 0 0 0 0 0 0 0 0 0 0 0 0 ]
[GRF_B][6][ 0 0 0 0 0 0 0 0 0 0 0 0 0 0 0 0 ]
[GRF_B][7][ 0 0 0 0 0 0 0 0 0 0 0 0 0 0 0 0 ]
[M_OUT][0000000000000000000000000000000000000000000000000000000000000000000000000000000000000000000000000000000000000000000000000000000000000000000000000000000000000000000000000000000000000000000000000000000000000000000000000000000000000000000000000000000000000000]
[A_OUT][0000000000000000000000000000000000000000000000000000000000000000000000000000000000000000000000000000000000000000000000000000000000000000000000000000000000000000000000000000000000000000000000000000000000000000000000000000000000000000000000000000000000000000]

----------
READ ch0 ra0 bg0 b0 r0 c29|| [0] MAC GRF_B[0], GRF_A[0], EVEN_BANK, auto @ 6316
[BANK_R][ 0 0 0 0.5 0 0 0 0 0 0 0 0 0 0 0 0 ]
[CMD]00111011000100001000000000000000(MAC GRF_B[0], GRF_A[0], EVEN_BANK, auto)
[SRF][0000000000000000000000000000000000000000000000000000000000000000000000000000000000000000000000000000000000000000000000000000000000000000000000000000000000000000000000000000000000000000000000000000000000000000000000000000000000000000000000000000000000000000]
[GRF_A][0][ 1 2 1.00781 2.00781 1.01562 2.01562 1.02344 2.02344 1.03125 2.03125 1.03906 2.03906 1.04688 2.04688 1.05469 2.05469 ]
[GRF_A][1][ 1.0625 2.0625 1.07031 2.07031 1.07812 2.07812 1.08594 2.08594 1.09375 2.09375 1.10156 2.10156 1.10938 2.10938 1.11719 2.11719 ]
[GRF_A][2][ 1.125 2.125 1.13281 2.13281 1.14062 2.14062 1.14844 2.14844 1.15625 2.15625 1.16406 2.16406 1.17188 2.17188 1.17969 2.17969 ]
[GRF_A][3][ 1.1875 2.1875 1.19531 2.19531 1.20312 2.20312 1.21094 2.21094 1.21875 2.21875 1.22656 2.22656 1.23438 2.23438 1.24219 2.24219 ]
[GRF_A][4][ 1.25 2.25 1.25781 2.25781 1.26562 2.26562 1.27344 2.27344 1.28125 2.28125 1.28906 2.28906 1.29688 2.29688 1.30469 2.30469 ]
[GRF_A][5][ 1.3125 2.3125 1.32031 2.32031 1.32812 2.32812 1.33594 2.33594 1.34375 2.34375 1.35156 2.35156 1.35938 2.35938 1.36719 2.36719 ]
[GRF_A][6][ 1.375 2.375 1.38281 2.38281 1.39062 2.39062 1.39844 2.39844 1.40625 2.40625 1.41406 2.41406 1.42188 2.42188 1.42969 2.42969 ]
[GRF_A][7][ 1.4375 2.4375 1.44531 2.44531 1.45312 2.45312 1.46094 2.46094 1.46875 2.46875 1.47656 2.47656 1.48438 2.48438 1.49219 2.49219 ]
[GRF_B][0][ 2.29688 0 0 0 0 0 0 0 0 0 0 0 0 0 0 0 ]
[GRF_B][1][ 0 5.15625 0 0 0 0 0 0 0 0 0 0 0 0 0 0 ]
[GRF_B][2][ 0 0 3.53711 0 0 0 0 0 0 0 0 0 0 0 0 0 ]
[GRF_B][3][ 0 0 0 4.53125 0 0 0 0 0 0 0 0 0 0 0 0 ]
[GRF_B][4][ 0 0 0 0 0 0 0 0 0 0 0 0 0 0 0 0 ]
[GRF_B][5][ 0 0 0 0 0 0 0 0 0 0 0 0 0 0 0 0 ]
[GRF_B][6][ 0 0 0 0 0 0 0 0 0 0 0 0 0 0 0 0 ]
[GRF_B][7][ 0 0 0 0 0 0 0 0 0 0 0 0 0 0 0 0 ]
[M_OUT][0000000000000000000000000000000000000000000000000000000000000000000000000000000000000000000000000000000000000000000000000000000000000000000000000000000000000000000000000000000000000000000000000000000000000000000000000000000000000000000000000000000000000000]
[A_OUT][0000000000000000000000000000000000000000000000000000000000000000000000000000000000000000000000000000000000000000000000000000000000000000000000000000000000000000000000000000000000000000000000000000000000000000000000000000000000000000000000000000000000000000]

----------
READ ch0 ra0 bg0 b0 r0 c30|| [0] MAC GRF_B[0], GRF_A[0], EVEN_BANK, auto @ 6320
[BANK_R][ 0 0 0 0.5625 0 0 0 0 0 0 0 0 0 0 0 0 ]
[CMD]00111011000100001000000000000000(MAC GRF_B[0], GRF_A[0], EVEN_BANK, auto)
[SRF][0000000000000000000000000000000000000000000000000000000000000000000000000000000000000000000000000000000000000000000000000000000000000000000000000000000000000000000000000000000000000000000000000000000000000000000000000000000000000000000000000000000000000000]
[GRF_A][0][ 1 2 1.00781 2.00781 1.01562 2.01562 1.02344 2.02344 1.03125 2.03125 1.03906 2.03906 1.04688 2.04688 1.05469 2.05469 ]
[GRF_A][1][ 1.0625 2.0625 1.07031 2.07031 1.07812 2.07812 1.08594 2.08594 1.09375 2.09375 1.10156 2.10156 1.10938 2.10938 1.11719 2.11719 ]
[GRF_A][2][ 1.125 2.125 1.13281 2.13281 1.14062 2.14062 1.14844 2.14844 1.15625 2.15625 1.16406 2.16406 1.17188 2.17188 1.17969 2.17969 ]
[GRF_A][3][ 1.1875 2.1875 1.19531 2.19531 1.20312 2.20312 1.21094 2.21094 1.21875 2.21875 1.22656 2.22656 1.23438 2.23438 1.24219 2.24219 ]
[GRF_A][4][ 1.25 2.25 1.25781 2.25781 1.26562 2.26562 1.27344 2.27344 1.28125 2.28125 1.28906 2.28906 1.29688 2.29688 1.30469 2.30469 ]
[GRF_A][5][ 1.3125 2.3125 1.32031 2.32031 1.32812 2.32812 1.33594 2.33594 1.34375 2.34375 1.35156 2.35156 1.35938 2.35938 1.36719 2.36719 ]
[GRF_A][6][ 1.375 2.375 1.38281 2.38281 1.39062 2.39062 1.39844 2.39844 1.40625 2.40625 1.41406 2.41406 1.42188 2.42188 1.42969 2.42969 ]
[GRF_A][7][ 1.4375 2.4375 1.44531 2.44531 1.45312 2.45312 1.46094 2.46094 1.46875 2.46875 1.47656 2.47656 1.48438 2.48438 1.49219 2.49219 ]
[GRF_B][0][ 2.29688 0 0 0 0 0 0 0 0 0 0 0 0 0 0 0 ]
[GRF_B][1][ 0 5.15625 0 0 0 0 0 0 0 0 0 0 0 0 0 0 ]
[GRF_B][2][ 0 0 3.53711 0 0 0 0 0 0 0 0 0 0 0 0 0 ]
[GRF_B][3][ 0 0 0 5.87109 0 0 0 0 0 0 0 0 0 0 0 0 ]
[GRF_B][4][ 0 0 0 0 0 0 0 0 0 0 0 0 0 0 0 0 ]
[GRF_B][5][ 0 0 0 0 0 0 0 0 0 0 0 0 0 0 0 0 ]
[GRF_B][6][ 0 0 0 0 0 0 0 0 0 0 0 0 0 0 0 0 ]
[GRF_B][7][ 0 0 0 0 0 0 0 0 0 0 0 0 0 0 0 0 ]
[M_OUT][0000000000000000000000000000000000000000000000000000000000000000000000000000000000000000000000000000000000000000000000000000000000000000000000000000000000000000000000000000000000000000000000000000000000000000000000000000000000000000000000000000000000000000]
[A_OUT][0000000000000000000000000000000000000000000000000000000000000000000000000000000000000000000000000000000000000000000000000000000000000000000000000000000000000000000000000000000000000000000000000000000000000000000000000000000000000000000000000000000000000000]

----------
READ ch0 ra0 bg0 b0 r0 c31|| [0] MAC GRF_B[0], GRF_A[0], EVEN_BANK, auto @ 6324
[BANK_R][ 0 0 0 0.625 0 0 0 0 0 0 0 0 0 0 0 0 ]
[CMD]00111011000100001000000000000000(MAC GRF_B[0], GRF_A[0], EVEN_BANK, auto)
[SRF][0000000000000000000000000000000000000000000000000000000000000000000000000000000000000000000000000000000000000000000000000000000000000000000000000000000000000000000000000000000000000000000000000000000000000000000000000000000000000000000000000000000000000000]
[GRF_A][0][ 1 2 1.00781 2.00781 1.01562 2.01562 1.02344 2.02344 1.03125 2.03125 1.03906 2.03906 1.04688 2.04688 1.05469 2.05469 ]
[GRF_A][1][ 1.0625 2.0625 1.07031 2.07031 1.07812 2.07812 1.08594 2.08594 1.09375 2.09375 1.10156 2.10156 1.10938 2.10938 1.11719 2.11719 ]
[GRF_A][2][ 1.125 2.125 1.13281 2.13281 1.14062 2.14062 1.14844 2.14844 1.15625 2.15625 1.16406 2.16406 1.17188 2.17188 1.17969 2.17969 ]
[GRF_A][3][ 1.1875 2.1875 1.19531 2.19531 1.20312 2.20312 1.21094 2.21094 1.21875 2.21875 1.22656 2.22656 1.23438 2.23438 1.24219 2.24219 ]
[GRF_A][4][ 1.25 2.25 1.25781 2.25781 1.26562 2.26562 1.27344 2.27344 1.28125 2.28125 1.28906 2.28906 1.29688 2.29688 1.30469 2.30469 ]
[GRF_A][5][ 1.3125 2.3125 1.32031 2.32031 1.32812 2.32812 1.33594 2.33594 1.34375 2.34375 1.35156 2.35156 1.35938 2.35938 1.36719 2.36719 ]
[GRF_A][6][ 1.375 2.375 1.38281 2.38281 1.39062 2.39062 1.39844 2.39844 1.40625 2.40625 1.41406 2.41406 1.42188 2.42188 1.42969 2.42969 ]
[GRF_A][7][ 1.4375 2.4375 1.44531 2.44531 1.45312 2.45312 1.46094 2.46094 1.46875 2.46875 1.47656 2.47656 1.48438 2.48438 1.49219 2.49219 ]
[GRF_B][0][ 2.29688 0 0 0 0 0 0 0 0 0 0 0 0 0 0 0 ]
[GRF_B][1][ 0 5.15625 0 0 0 0 0 0 0 0 0 0 0 0 0 0 ]
[GRF_B][2][ 0 0 3.53711 0 0 0 0 0 0 0 0 0 0 0 0 0 ]
[GRF_B][3][ 0 0 0 7.39844 0 0 0 0 0 0 0 0 0 0 0 0 ]
[GRF_B][4][ 0 0 0 0 0 0 0 0 0 0 0 0 0 0 0 0 ]
[GRF_B][5][ 0 0 0 0 0 0 0 0 0 0 0 0 0 0 0 0 ]
[GRF_B][6][ 0 0 0 0 0 0 0 0 0 0 0 0 0 0 0 0 ]
[GRF_B][7][ 0 0 0 0 0 0 0 0 0 0 0 0 0 0 0 0 ]
[M_OUT][0000000000000000000000000000000000000000000000000000000000000000000000000000000000000000000000000000000000000000000000000000000000000000000000000000000000000000000000000000000000000000000000000000000000000000000000000000000000000000000000000000000000000000]
[A_OUT][0000000000000000000000000000000000000000000000000000000000000000000000000000000000000000000000000000000000000000000000000000000000000000000000000000000000000000000000000000000000000000000000000000000000000000000000000000000000000000000000000000000000000000]

----------
PRECHARGE ch[0] ra[0] bg[0] ba[0] ro[0] @6326
ACTIVATE ch[0] ra[0] bg[0] ba[0] ro[1] co[0] @6340 tag : MAC_
READ ch0 ra0 bg0 b0 r1 c0|| [1] JUMP 7x [PC - 2] @ 6355
READ ch0 ra0 bg0 b0 r1 c0|| [0] MAC GRF_B[0], GRF_A[0], EVEN_BANK, auto @ 6355
[BANK_R][ 0 0 0 0 0.25 0 0 0 0 0 0 0 0 0 0 0 ]
[CMD]00111011000100001000000000000000(MAC GRF_B[0], GRF_A[0], EVEN_BANK, auto)
[SRF][0000000000000000000000000000000000000000000000000000000000000000000000000000000000000000000000000000000000000000000000000000000000000000000000000000000000000000000000000000000000000000000000000000000000000000000000000000000000000000000000000000000000000000]
[GRF_A][0][ 1 2 1.00781 2.00781 1.01562 2.01562 1.02344 2.02344 1.03125 2.03125 1.03906 2.03906 1.04688 2.04688 1.05469 2.05469 ]
[GRF_A][1][ 1.0625 2.0625 1.07031 2.07031 1.07812 2.07812 1.08594 2.08594 1.09375 2.09375 1.10156 2.10156 1.10938 2.10938 1.11719 2.11719 ]
[GRF_A][2][ 1.125 2.125 1.13281 2.13281 1.14062 2.14062 1.14844 2.14844 1.15625 2.15625 1.16406 2.16406 1.17188 2.17188 1.17969 2.17969 ]
[GRF_A][3][ 1.1875 2.1875 1.19531 2.19531 1.20312 2.20312 1.21094 2.21094 1.21875 2.21875 1.22656 2.22656 1.23438 2.23438 1.24219 2.24219 ]
[GRF_A][4][ 1.25 2.25 1.25781 2.25781 1.26562 2.26562 1.27344 2.27344 1.28125 2.28125 1.28906 2.28906 1.29688 2.29688 1.30469 2.30469 ]
[GRF_A][5][ 1.3125 2.3125 1.32031 2.32031 1.32812 2.32812 1.33594 2.33594 1.34375 2.34375 1.35156 2.35156 1.35938 2.35938 1.36719 2.36719 ]
[GRF_A][6][ 1.375 2.375 1.38281 2.38281 1.39062 2.39062 1.39844 2.39844 1.40625 2.40625 1.41406 2.41406 1.42188 2.42188 1.42969 2.42969 ]
[GRF_A][7][ 1.4375 2.4375 1.44531 2.44531 1.45312 2.45312 1.46094 2.46094 1.46875 2.46875 1.47656 2.47656 1.48438 2.48438 1.49219 2.49219 ]
[GRF_B][0][ 2.29688 0 0 0 0 0 0 0 0 0 0 0 0 0 0 0 ]
[GRF_B][1][ 0 5.15625 0 0 0 0 0 0 0 0 0 0 0 0 0 0 ]
[GRF_B][2][ 0 0 3.53711 0 0 0 0 0 0 0 0 0 0 0 0 0 ]
[GRF_B][3][ 0 0 0 7.39844 0 0 0 0 0 0 0 0 0 0 0 0 ]
[GRF_B][4][ 0 0 0 0 0.253906 0 0 0 0 0 0 0 0 0 0 0 ]
[GRF_B][5][ 0 0 0 0 0 0 0 0 0 0 0 0 0 0 0 0 ]
[GRF_B][6][ 0 0 0 0 0 0 0 0 0 0 0 0 0 0 0 0 ]
[GRF_B][7][ 0 0 0 0 0 0 0 0 0 0 0 0 0 0 0 0 ]
[M_OUT][0000000000000000000000000000000000000000000000000000000000000000000000000000000000000000000000000000000000000000000000000000000000000000000000000000000000000000000000000000000000000000000000000000000000000000000000000000000000000000000000000000000000000000]
[A_OUT][0000000000000000000000000000000000000000000000000000000000000000000000000000000000000000000000000000000000000000000000000000000000000000000000000000000000000000000000000000000000000000000000000000000000000000000000000000000000000000000000000000000000000000]

----------
READ ch0 ra0 bg0 b0 r1 c1|| [0] MAC GRF_B[0], GRF_A[0], EVEN_BANK, auto @ 6359
[BANK_R][ 0 0 0 0 0.3125 0 0 0 0 0 0 0 0 0 0 0 ]
[CMD]00111011000100001000000000000000(MAC GRF_B[0], GRF_A[0], EVEN_BANK, auto)
[SRF][0000000000000000000000000000000000000000000000000000000000000000000000000000000000000000000000000000000000000000000000000000000000000000000000000000000000000000000000000000000000000000000000000000000000000000000000000000000000000000000000000000000000000000]
[GRF_A][0][ 1 2 1.00781 2.00781 1.01562 2.01562 1.02344 2.02344 1.03125 2.03125 1.03906 2.03906 1.04688 2.04688 1.05469 2.05469 ]
[GRF_A][1][ 1.0625 2.0625 1.07031 2.07031 1.07812 2.07812 1.08594 2.08594 1.09375 2.09375 1.10156 2.10156 1.10938 2.10938 1.11719 2.11719 ]
[GRF_A][2][ 1.125 2.125 1.13281 2.13281 1.14062 2.14062 1.14844 2.14844 1.15625 2.15625 1.16406 2.16406 1.17188 2.17188 1.17969 2.17969 ]
[GRF_A][3][ 1.1875 2.1875 1.19531 2.19531 1.20312 2.20312 1.21094 2.21094 1.21875 2.21875 1.22656 2.22656 1.23438 2.23438 1.24219 2.24219 ]
[GRF_A][4][ 1.25 2.25 1.25781 2.25781 1.26562 2.26562 1.27344 2.27344 1.28125 2.28125 1.28906 2.28906 1.29688 2.29688 1.30469 2.30469 ]
[GRF_A][5][ 1.3125 2.3125 1.32031 2.32031 1.32812 2.32812 1.33594 2.33594 1.34375 2.34375 1.35156 2.35156 1.35938 2.35938 1.36719 2.36719 ]
[GRF_A][6][ 1.375 2.375 1.38281 2.38281 1.39062 2.39062 1.39844 2.39844 1.40625 2.40625 1.41406 2.41406 1.42188 2.42188 1.42969 2.42969 ]
[GRF_A][7][ 1.4375 2.4375 1.44531 2.44531 1.45312 2.45312 1.46094 2.46094 1.46875 2.46875 1.47656 2.47656 1.48438 2.48438 1.49219 2.49219 ]
[GRF_B][0][ 2.29688 0 0 0 0 0 0 0 0 0 0 0 0 0 0 0 ]
[GRF_B][1][ 0 5.15625 0 0 0 0 0 0 0 0 0 0 0 0 0 0 ]
[GRF_B][2][ 0 0 3.53711 0 0 0 0 0 0 0 0 0 0 0 0 0 ]
[GRF_B][3][ 0 0 0 7.39844 0 0 0 0 0 0 0 0 0 0 0 0 ]
[GRF_B][4][ 0 0 0 0 0.59082 0 0 0 0 0 0 0 0 0 0 0 ]
[GRF_B][5][ 0 0 0 0 0 0 0 0 0 0 0 0 0 0 0 0 ]
[GRF_B][6][ 0 0 0 0 0 0 0 0 0 0 0 0 0 0 0 0 ]
[GRF_B][7][ 0 0 0 0 0 0 0 0 0 0 0 0 0 0 0 0 ]
[M_OUT][0000000000000000000000000000000000000000000000000000000000000000000000000000000000000000000000000000000000000000000000000000000000000000000000000000000000000000000000000000000000000000000000000000000000000000000000000000000000000000000000000000000000000000]
[A_OUT][0000000000000000000000000000000000000000000000000000000000000000000000000000000000000000000000000000000000000000000000000000000000000000000000000000000000000000000000000000000000000000000000000000000000000000000000000000000000000000000000000000000000000000]

----------
READ ch0 ra0 bg0 b0 r1 c2|| [0] MAC GRF_B[0], GRF_A[0], EVEN_BANK, auto @ 6363
[BANK_R][ 0 0 0 0 0.375 0 0 0 0 0 0 0 0 0 0 0 ]
[CMD]00111011000100001000000000000000(MAC GRF_B[0], GRF_A[0], EVEN_BANK, auto)
[SRF][0000000000000000000000000000000000000000000000000000000000000000000000000000000000000000000000000000000000000000000000000000000000000000000000000000000000000000000000000000000000000000000000000000000000000000000000000000000000000000000000000000000000000000]
[GRF_A][0][ 1 2 1.00781 2.00781 1.01562 2.01562 1.02344 2.02344 1.03125 2.03125 1.03906 2.03906 1.04688 2.04688 1.05469 2.05469 ]
[GRF_A][1][ 1.0625 2.0625 1.07031 2.07031 1.07812 2.07812 1.08594 2.08594 1.09375 2.09375 1.10156 2.10156 1.10938 2.10938 1.11719 2.11719 ]
[GRF_A][2][ 1.125 2.125 1.13281 2.13281 1.14062 2.14062 1.14844 2.14844 1.15625 2.15625 1.16406 2.16406 1.17188 2.17188 1.17969 2.17969 ]
[GRF_A][3][ 1.1875 2.1875 1.19531 2.19531 1.20312 2.20312 1.21094 2.21094 1.21875 2.21875 1.22656 2.22656 1.23438 2.23438 1.24219 2.24219 ]
[GRF_A][4][ 1.25 2.25 1.25781 2.25781 1.26562 2.26562 1.27344 2.27344 1.28125 2.28125 1.28906 2.28906 1.29688 2.29688 1.30469 2.30469 ]
[GRF_A][5][ 1.3125 2.3125 1.32031 2.32031 1.32812 2.32812 1.33594 2.33594 1.34375 2.34375 1.35156 2.35156 1.35938 2.35938 1.36719 2.36719 ]
[GRF_A][6][ 1.375 2.375 1.38281 2.38281 1.39062 2.39062 1.39844 2.39844 1.40625 2.40625 1.41406 2.41406 1.42188 2.42188 1.42969 2.42969 ]
[GRF_A][7][ 1.4375 2.4375 1.44531 2.44531 1.45312 2.45312 1.46094 2.46094 1.46875 2.46875 1.47656 2.47656 1.48438 2.48438 1.49219 2.49219 ]
[GRF_B][0][ 2.29688 0 0 0 0 0 0 0 0 0 0 0 0 0 0 0 ]
[GRF_B][1][ 0 5.15625 0 0 0 0 0 0 0 0 0 0 0 0 0 0 ]
[GRF_B][2][ 0 0 3.53711 0 0 0 0 0 0 0 0 0 0 0 0 0 ]
[GRF_B][3][ 0 0 0 7.39844 0 0 0 0 0 0 0 0 0 0 0 0 ]
[GRF_B][4][ 0 0 0 0 1.01855 0 0 0 0 0 0 0 0 0 0 0 ]
[GRF_B][5][ 0 0 0 0 0 0 0 0 0 0 0 0 0 0 0 0 ]
[GRF_B][6][ 0 0 0 0 0 0 0 0 0 0 0 0 0 0 0 0 ]
[GRF_B][7][ 0 0 0 0 0 0 0 0 0 0 0 0 0 0 0 0 ]
[M_OUT][0000000000000000000000000000000000000000000000000000000000000000000000000000000000000000000000000000000000000000000000000000000000000000000000000000000000000000000000000000000000000000000000000000000000000000000000000000000000000000000000000000000000000000]
[A_OUT][0000000000000000000000000000000000000000000000000000000000000000000000000000000000000000000000000000000000000000000000000000000000000000000000000000000000000000000000000000000000000000000000000000000000000000000000000000000000000000000000000000000000000000]

----------
READ ch0 ra0 bg0 b0 r1 c3|| [0] MAC GRF_B[0], GRF_A[0], EVEN_BANK, auto @ 6367
[BANK_R][ 0 0 0 0 0.4375 0 0 0 0 0 0 0 0 0 0 0 ]
[CMD]00111011000100001000000000000000(MAC GRF_B[0], GRF_A[0], EVEN_BANK, auto)
[SRF][0000000000000000000000000000000000000000000000000000000000000000000000000000000000000000000000000000000000000000000000000000000000000000000000000000000000000000000000000000000000000000000000000000000000000000000000000000000000000000000000000000000000000000]
[GRF_A][0][ 1 2 1.00781 2.00781 1.01562 2.01562 1.02344 2.02344 1.03125 2.03125 1.03906 2.03906 1.04688 2.04688 1.05469 2.05469 ]
[GRF_A][1][ 1.0625 2.0625 1.07031 2.07031 1.07812 2.07812 1.08594 2.08594 1.09375 2.09375 1.10156 2.10156 1.10938 2.10938 1.11719 2.11719 ]
[GRF_A][2][ 1.125 2.125 1.13281 2.13281 1.14062 2.14062 1.14844 2.14844 1.15625 2.15625 1.16406 2.16406 1.17188 2.17188 1.17969 2.17969 ]
[GRF_A][3][ 1.1875 2.1875 1.19531 2.19531 1.20312 2.20312 1.21094 2.21094 1.21875 2.21875 1.22656 2.22656 1.23438 2.23438 1.24219 2.24219 ]
[GRF_A][4][ 1.25 2.25 1.25781 2.25781 1.26562 2.26562 1.27344 2.27344 1.28125 2.28125 1.28906 2.28906 1.29688 2.29688 1.30469 2.30469 ]
[GRF_A][5][ 1.3125 2.3125 1.32031 2.32031 1.32812 2.32812 1.33594 2.33594 1.34375 2.34375 1.35156 2.35156 1.35938 2.35938 1.36719 2.36719 ]
[GRF_A][6][ 1.375 2.375 1.38281 2.38281 1.39062 2.39062 1.39844 2.39844 1.40625 2.40625 1.41406 2.41406 1.42188 2.42188 1.42969 2.42969 ]
[GRF_A][7][ 1.4375 2.4375 1.44531 2.44531 1.45312 2.45312 1.46094 2.46094 1.46875 2.46875 1.47656 2.47656 1.48438 2.48438 1.49219 2.49219 ]
[GRF_B][0][ 2.29688 0 0 0 0 0 0 0 0 0 0 0 0 0 0 0 ]
[GRF_B][1][ 0 5.15625 0 0 0 0 0 0 0 0 0 0 0 0 0 0 ]
[GRF_B][2][ 0 0 3.53711 0 0 0 0 0 0 0 0 0 0 0 0 0 ]
[GRF_B][3][ 0 0 0 7.39844 0 0 0 0 0 0 0 0 0 0 0 0 ]
[GRF_B][4][ 0 0 0 0 1.54492 0 0 0 0 0 0 0 0 0 0 0 ]
[GRF_B][5][ 0 0 0 0 0 0 0 0 0 0 0 0 0 0 0 0 ]
[GRF_B][6][ 0 0 0 0 0 0 0 0 0 0 0 0 0 0 0 0 ]
[GRF_B][7][ 0 0 0 0 0 0 0 0 0 0 0 0 0 0 0 0 ]
[M_OUT][0000000000000000000000000000000000000000000000000000000000000000000000000000000000000000000000000000000000000000000000000000000000000000000000000000000000000000000000000000000000000000000000000000000000000000000000000000000000000000000000000000000000000000]
[A_OUT][0000000000000000000000000000000000000000000000000000000000000000000000000000000000000000000000000000000000000000000000000000000000000000000000000000000000000000000000000000000000000000000000000000000000000000000000000000000000000000000000000000000000000000]

----------
READ ch0 ra0 bg0 b0 r1 c4|| [0] MAC GRF_B[0], GRF_A[0], EVEN_BANK, auto @ 6371
[BANK_R][ 0 0 0 0 0.5 0 0 0 0 0 0 0 0 0 0 0 ]
[CMD]00111011000100001000000000000000(MAC GRF_B[0], GRF_A[0], EVEN_BANK, auto)
[SRF][0000000000000000000000000000000000000000000000000000000000000000000000000000000000000000000000000000000000000000000000000000000000000000000000000000000000000000000000000000000000000000000000000000000000000000000000000000000000000000000000000000000000000000]
[GRF_A][0][ 1 2 1.00781 2.00781 1.01562 2.01562 1.02344 2.02344 1.03125 2.03125 1.03906 2.03906 1.04688 2.04688 1.05469 2.05469 ]
[GRF_A][1][ 1.0625 2.0625 1.07031 2.07031 1.07812 2.07812 1.08594 2.08594 1.09375 2.09375 1.10156 2.10156 1.10938 2.10938 1.11719 2.11719 ]
[GRF_A][2][ 1.125 2.125 1.13281 2.13281 1.14062 2.14062 1.14844 2.14844 1.15625 2.15625 1.16406 2.16406 1.17188 2.17188 1.17969 2.17969 ]
[GRF_A][3][ 1.1875 2.1875 1.19531 2.19531 1.20312 2.20312 1.21094 2.21094 1.21875 2.21875 1.22656 2.22656 1.23438 2.23438 1.24219 2.24219 ]
[GRF_A][4][ 1.25 2.25 1.25781 2.25781 1.26562 2.26562 1.27344 2.27344 1.28125 2.28125 1.28906 2.28906 1.29688 2.29688 1.30469 2.30469 ]
[GRF_A][5][ 1.3125 2.3125 1.32031 2.32031 1.32812 2.32812 1.33594 2.33594 1.34375 2.34375 1.35156 2.35156 1.35938 2.35938 1.36719 2.36719 ]
[GRF_A][6][ 1.375 2.375 1.38281 2.38281 1.39062 2.39062 1.39844 2.39844 1.40625 2.40625 1.41406 2.41406 1.42188 2.42188 1.42969 2.42969 ]
[GRF_A][7][ 1.4375 2.4375 1.44531 2.44531 1.45312 2.45312 1.46094 2.46094 1.46875 2.46875 1.47656 2.47656 1.48438 2.48438 1.49219 2.49219 ]
[GRF_B][0][ 2.29688 0 0 0 0 0 0 0 0 0 0 0 0 0 0 0 ]
[GRF_B][1][ 0 5.15625 0 0 0 0 0 0 0 0 0 0 0 0 0 0 ]
[GRF_B][2][ 0 0 3.53711 0 0 0 0 0 0 0 0 0 0 0 0 0 ]
[GRF_B][3][ 0 0 0 7.39844 0 0 0 0 0 0 0 0 0 0 0 0 ]
[GRF_B][4][ 0 0 0 0 2.17773 0 0 0 0 0 0 0 0 0 0 0 ]
[GRF_B][5][ 0 0 0 0 0 0 0 0 0 0 0 0 0 0 0 0 ]
[GRF_B][6][ 0 0 0 0 0 0 0 0 0 0 0 0 0 0 0 0 ]
[GRF_B][7][ 0 0 0 0 0 0 0 0 0 0 0 0 0 0 0 0 ]
[M_OUT][0000000000000000000000000000000000000000000000000000000000000000000000000000000000000000000000000000000000000000000000000000000000000000000000000000000000000000000000000000000000000000000000000000000000000000000000000000000000000000000000000000000000000000]
[A_OUT][0000000000000000000000000000000000000000000000000000000000000000000000000000000000000000000000000000000000000000000000000000000000000000000000000000000000000000000000000000000000000000000000000000000000000000000000000000000000000000000000000000000000000000]

----------
READ ch0 ra0 bg0 b0 r1 c5|| [0] MAC GRF_B[0], GRF_A[0], EVEN_BANK, auto @ 6375
[BANK_R][ 0 0 0 0 0.5625 0 0 0 0 0 0 0 0 0 0 0 ]
[CMD]00111011000100001000000000000000(MAC GRF_B[0], GRF_A[0], EVEN_BANK, auto)
[SRF][0000000000000000000000000000000000000000000000000000000000000000000000000000000000000000000000000000000000000000000000000000000000000000000000000000000000000000000000000000000000000000000000000000000000000000000000000000000000000000000000000000000000000000]
[GRF_A][0][ 1 2 1.00781 2.00781 1.01562 2.01562 1.02344 2.02344 1.03125 2.03125 1.03906 2.03906 1.04688 2.04688 1.05469 2.05469 ]
[GRF_A][1][ 1.0625 2.0625 1.07031 2.07031 1.07812 2.07812 1.08594 2.08594 1.09375 2.09375 1.10156 2.10156 1.10938 2.10938 1.11719 2.11719 ]
[GRF_A][2][ 1.125 2.125 1.13281 2.13281 1.14062 2.14062 1.14844 2.14844 1.15625 2.15625 1.16406 2.16406 1.17188 2.17188 1.17969 2.17969 ]
[GRF_A][3][ 1.1875 2.1875 1.19531 2.19531 1.20312 2.20312 1.21094 2.21094 1.21875 2.21875 1.22656 2.22656 1.23438 2.23438 1.24219 2.24219 ]
[GRF_A][4][ 1.25 2.25 1.25781 2.25781 1.26562 2.26562 1.27344 2.27344 1.28125 2.28125 1.28906 2.28906 1.29688 2.29688 1.30469 2.30469 ]
[GRF_A][5][ 1.3125 2.3125 1.32031 2.32031 1.32812 2.32812 1.33594 2.33594 1.34375 2.34375 1.35156 2.35156 1.35938 2.35938 1.36719 2.36719 ]
[GRF_A][6][ 1.375 2.375 1.38281 2.38281 1.39062 2.39062 1.39844 2.39844 1.40625 2.40625 1.41406 2.41406 1.42188 2.42188 1.42969 2.42969 ]
[GRF_A][7][ 1.4375 2.4375 1.44531 2.44531 1.45312 2.45312 1.46094 2.46094 1.46875 2.46875 1.47656 2.47656 1.48438 2.48438 1.49219 2.49219 ]
[GRF_B][0][ 2.29688 0 0 0 0 0 0 0 0 0 0 0 0 0 0 0 ]
[GRF_B][1][ 0 5.15625 0 0 0 0 0 0 0 0 0 0 0 0 0 0 ]
[GRF_B][2][ 0 0 3.53711 0 0 0 0 0 0 0 0 0 0 0 0 0 ]
[GRF_B][3][ 0 0 0 7.39844 0 0 0 0 0 0 0 0 0 0 0 0 ]
[GRF_B][4][ 0 0 0 0 2.92578 0 0 0 0 0 0 0 0 0 0 0 ]
[GRF_B][5][ 0 0 0 0 0 0 0 0 0 0 0 0 0 0 0 0 ]
[GRF_B][6][ 0 0 0 0 0 0 0 0 0 0 0 0 0 0 0 0 ]
[GRF_B][7][ 0 0 0 0 0 0 0 0 0 0 0 0 0 0 0 0 ]
[M_OUT][0000000000000000000000000000000000000000000000000000000000000000000000000000000000000000000000000000000000000000000000000000000000000000000000000000000000000000000000000000000000000000000000000000000000000000000000000000000000000000000000000000000000000000]
[A_OUT][0000000000000000000000000000000000000000000000000000000000000000000000000000000000000000000000000000000000000000000000000000000000000000000000000000000000000000000000000000000000000000000000000000000000000000000000000000000000000000000000000000000000000000]

----------
READ ch0 ra0 bg0 b0 r1 c6|| [0] MAC GRF_B[0], GRF_A[0], EVEN_BANK, auto @ 6379
[BANK_R][ 0 0 0 0 0.625 0 0 0 0 0 0 0 0 0 0 0 ]
[CMD]00111011000100001000000000000000(MAC GRF_B[0], GRF_A[0], EVEN_BANK, auto)
[SRF][0000000000000000000000000000000000000000000000000000000000000000000000000000000000000000000000000000000000000000000000000000000000000000000000000000000000000000000000000000000000000000000000000000000000000000000000000000000000000000000000000000000000000000]
[GRF_A][0][ 1 2 1.00781 2.00781 1.01562 2.01562 1.02344 2.02344 1.03125 2.03125 1.03906 2.03906 1.04688 2.04688 1.05469 2.05469 ]
[GRF_A][1][ 1.0625 2.0625 1.07031 2.07031 1.07812 2.07812 1.08594 2.08594 1.09375 2.09375 1.10156 2.10156 1.10938 2.10938 1.11719 2.11719 ]
[GRF_A][2][ 1.125 2.125 1.13281 2.13281 1.14062 2.14062 1.14844 2.14844 1.15625 2.15625 1.16406 2.16406 1.17188 2.17188 1.17969 2.17969 ]
[GRF_A][3][ 1.1875 2.1875 1.19531 2.19531 1.20312 2.20312 1.21094 2.21094 1.21875 2.21875 1.22656 2.22656 1.23438 2.23438 1.24219 2.24219 ]
[GRF_A][4][ 1.25 2.25 1.25781 2.25781 1.26562 2.26562 1.27344 2.27344 1.28125 2.28125 1.28906 2.28906 1.29688 2.29688 1.30469 2.30469 ]
[GRF_A][5][ 1.3125 2.3125 1.32031 2.32031 1.32812 2.32812 1.33594 2.33594 1.34375 2.34375 1.35156 2.35156 1.35938 2.35938 1.36719 2.36719 ]
[GRF_A][6][ 1.375 2.375 1.38281 2.38281 1.39062 2.39062 1.39844 2.39844 1.40625 2.40625 1.41406 2.41406 1.42188 2.42188 1.42969 2.42969 ]
[GRF_A][7][ 1.4375 2.4375 1.44531 2.44531 1.45312 2.45312 1.46094 2.46094 1.46875 2.46875 1.47656 2.47656 1.48438 2.48438 1.49219 2.49219 ]
[GRF_B][0][ 2.29688 0 0 0 0 0 0 0 0 0 0 0 0 0 0 0 ]
[GRF_B][1][ 0 5.15625 0 0 0 0 0 0 0 0 0 0 0 0 0 0 ]
[GRF_B][2][ 0 0 3.53711 0 0 0 0 0 0 0 0 0 0 0 0 0 ]
[GRF_B][3][ 0 0 0 7.39844 0 0 0 0 0 0 0 0 0 0 0 0 ]
[GRF_B][4][ 0 0 0 0 3.79492 0 0 0 0 0 0 0 0 0 0 0 ]
[GRF_B][5][ 0 0 0 0 0 0 0 0 0 0 0 0 0 0 0 0 ]
[GRF_B][6][ 0 0 0 0 0 0 0 0 0 0 0 0 0 0 0 0 ]
[GRF_B][7][ 0 0 0 0 0 0 0 0 0 0 0 0 0 0 0 0 ]
[M_OUT][0000000000000000000000000000000000000000000000000000000000000000000000000000000000000000000000000000000000000000000000000000000000000000000000000000000000000000000000000000000000000000000000000000000000000000000000000000000000000000000000000000000000000000]
[A_OUT][0000000000000000000000000000000000000000000000000000000000000000000000000000000000000000000000000000000000000000000000000000000000000000000000000000000000000000000000000000000000000000000000000000000000000000000000000000000000000000000000000000000000000000]

----------
READ ch0 ra0 bg0 b0 r1 c7|| [0] MAC GRF_B[0], GRF_A[0], EVEN_BANK, auto @ 6383
[BANK_R][ 0 0 0 0 0.6875 0 0 0 0 0 0 0 0 0 0 0 ]
[CMD]00111011000100001000000000000000(MAC GRF_B[0], GRF_A[0], EVEN_BANK, auto)
[SRF][0000000000000000000000000000000000000000000000000000000000000000000000000000000000000000000000000000000000000000000000000000000000000000000000000000000000000000000000000000000000000000000000000000000000000000000000000000000000000000000000000000000000000000]
[GRF_A][0][ 1 2 1.00781 2.00781 1.01562 2.01562 1.02344 2.02344 1.03125 2.03125 1.03906 2.03906 1.04688 2.04688 1.05469 2.05469 ]
[GRF_A][1][ 1.0625 2.0625 1.07031 2.07031 1.07812 2.07812 1.08594 2.08594 1.09375 2.09375 1.10156 2.10156 1.10938 2.10938 1.11719 2.11719 ]
[GRF_A][2][ 1.125 2.125 1.13281 2.13281 1.14062 2.14062 1.14844 2.14844 1.15625 2.15625 1.16406 2.16406 1.17188 2.17188 1.17969 2.17969 ]
[GRF_A][3][ 1.1875 2.1875 1.19531 2.19531 1.20312 2.20312 1.21094 2.21094 1.21875 2.21875 1.22656 2.22656 1.23438 2.23438 1.24219 2.24219 ]
[GRF_A][4][ 1.25 2.25 1.25781 2.25781 1.26562 2.26562 1.27344 2.27344 1.28125 2.28125 1.28906 2.28906 1.29688 2.29688 1.30469 2.30469 ]
[GRF_A][5][ 1.3125 2.3125 1.32031 2.32031 1.32812 2.32812 1.33594 2.33594 1.34375 2.34375 1.35156 2.35156 1.35938 2.35938 1.36719 2.36719 ]
[GRF_A][6][ 1.375 2.375 1.38281 2.38281 1.39062 2.39062 1.39844 2.39844 1.40625 2.40625 1.41406 2.41406 1.42188 2.42188 1.42969 2.42969 ]
[GRF_A][7][ 1.4375 2.4375 1.44531 2.44531 1.45312 2.45312 1.46094 2.46094 1.46875 2.46875 1.47656 2.47656 1.48438 2.48438 1.49219 2.49219 ]
[GRF_B][0][ 2.29688 0 0 0 0 0 0 0 0 0 0 0 0 0 0 0 ]
[GRF_B][1][ 0 5.15625 0 0 0 0 0 0 0 0 0 0 0 0 0 0 ]
[GRF_B][2][ 0 0 3.53711 0 0 0 0 0 0 0 0 0 0 0 0 0 ]
[GRF_B][3][ 0 0 0 7.39844 0 0 0 0 0 0 0 0 0 0 0 0 ]
[GRF_B][4][ 0 0 0 0 4.79297 0 0 0 0 0 0 0 0 0 0 0 ]
[GRF_B][5][ 0 0 0 0 0 0 0 0 0 0 0 0 0 0 0 0 ]
[GRF_B][6][ 0 0 0 0 0 0 0 0 0 0 0 0 0 0 0 0 ]
[GRF_B][7][ 0 0 0 0 0 0 0 0 0 0 0 0 0 0 0 0 ]
[M_OUT][0000000000000000000000000000000000000000000000000000000000000000000000000000000000000000000000000000000000000000000000000000000000000000000000000000000000000000000000000000000000000000000000000000000000000000000000000000000000000000000000000000000000000000]
[A_OUT][0000000000000000000000000000000000000000000000000000000000000000000000000000000000000000000000000000000000000000000000000000000000000000000000000000000000000000000000000000000000000000000000000000000000000000000000000000000000000000000000000000000000000000]

----------
READ ch0 ra0 bg0 b0 r1 c8|| [1] JUMP 7x [PC - 2] @ 6387
READ ch0 ra0 bg0 b0 r1 c8|| [0] MAC GRF_B[0], GRF_A[0], EVEN_BANK, auto @ 6387
[BANK_R][ 0 0 0 0 0 0.3125 0 0 0 0 0 0 0 0 0 0 ]
[CMD]00111011000100001000000000000000(MAC GRF_B[0], GRF_A[0], EVEN_BANK, auto)
[SRF][0000000000000000000000000000000000000000000000000000000000000000000000000000000000000000000000000000000000000000000000000000000000000000000000000000000000000000000000000000000000000000000000000000000000000000000000000000000000000000000000000000000000000000]
[GRF_A][0][ 1 2 1.00781 2.00781 1.01562 2.01562 1.02344 2.02344 1.03125 2.03125 1.03906 2.03906 1.04688 2.04688 1.05469 2.05469 ]
[GRF_A][1][ 1.0625 2.0625 1.07031 2.07031 1.07812 2.07812 1.08594 2.08594 1.09375 2.09375 1.10156 2.10156 1.10938 2.10938 1.11719 2.11719 ]
[GRF_A][2][ 1.125 2.125 1.13281 2.13281 1.14062 2.14062 1.14844 2.14844 1.15625 2.15625 1.16406 2.16406 1.17188 2.17188 1.17969 2.17969 ]
[GRF_A][3][ 1.1875 2.1875 1.19531 2.19531 1.20312 2.20312 1.21094 2.21094 1.21875 2.21875 1.22656 2.22656 1.23438 2.23438 1.24219 2.24219 ]
[GRF_A][4][ 1.25 2.25 1.25781 2.25781 1.26562 2.26562 1.27344 2.27344 1.28125 2.28125 1.28906 2.28906 1.29688 2.29688 1.30469 2.30469 ]
[GRF_A][5][ 1.3125 2.3125 1.32031 2.32031 1.32812 2.32812 1.33594 2.33594 1.34375 2.34375 1.35156 2.35156 1.35938 2.35938 1.36719 2.36719 ]
[GRF_A][6][ 1.375 2.375 1.38281 2.38281 1.39062 2.39062 1.39844 2.39844 1.40625 2.40625 1.41406 2.41406 1.42188 2.42188 1.42969 2.42969 ]
[GRF_A][7][ 1.4375 2.4375 1.44531 2.44531 1.45312 2.45312 1.46094 2.46094 1.46875 2.46875 1.47656 2.47656 1.48438 2.48438 1.49219 2.49219 ]
[GRF_B][0][ 2.29688 0 0 0 0 0 0 0 0 0 0 0 0 0 0 0 ]
[GRF_B][1][ 0 5.15625 0 0 0 0 0 0 0 0 0 0 0 0 0 0 ]
[GRF_B][2][ 0 0 3.53711 0 0 0 0 0 0 0 0 0 0 0 0 0 ]
[GRF_B][3][ 0 0 0 7.39844 0 0 0 0 0 0 0 0 0 0 0 0 ]
[GRF_B][4][ 0 0 0 0 4.79297 0 0 0 0 0 0 0 0 0 0 0 ]
[GRF_B][5][ 0 0 0 0 0 0.629883 0 0 0 0 0 0 0 0 0 0 ]
[GRF_B][6][ 0 0 0 0 0 0 0 0 0 0 0 0 0 0 0 0 ]
[GRF_B][7][ 0 0 0 0 0 0 0 0 0 0 0 0 0 0 0 0 ]
[M_OUT][0000000000000000000000000000000000000000000000000000000000000000000000000000000000000000000000000000000000000000000000000000000000000000000000000000000000000000000000000000000000000000000000000000000000000000000000000000000000000000000000000000000000000000]
[A_OUT][0000000000000000000000000000000000000000000000000000000000000000000000000000000000000000000000000000000000000000000000000000000000000000000000000000000000000000000000000000000000000000000000000000000000000000000000000000000000000000000000000000000000000000]

----------
READ ch0 ra0 bg0 b0 r1 c9|| [0] MAC GRF_B[0], GRF_A[0], EVEN_BANK, auto @ 6391
[BANK_R][ 0 0 0 0 0 0.375 0 0 0 0 0 0 0 0 0 0 ]
[CMD]00111011000100001000000000000000(MAC GRF_B[0], GRF_A[0], EVEN_BANK, auto)
[SRF][0000000000000000000000000000000000000000000000000000000000000000000000000000000000000000000000000000000000000000000000000000000000000000000000000000000000000000000000000000000000000000000000000000000000000000000000000000000000000000000000000000000000000000]
[GRF_A][0][ 1 2 1.00781 2.00781 1.01562 2.01562 1.02344 2.02344 1.03125 2.03125 1.03906 2.03906 1.04688 2.04688 1.05469 2.05469 ]
[GRF_A][1][ 1.0625 2.0625 1.07031 2.07031 1.07812 2.07812 1.08594 2.08594 1.09375 2.09375 1.10156 2.10156 1.10938 2.10938 1.11719 2.11719 ]
[GRF_A][2][ 1.125 2.125 1.13281 2.13281 1.14062 2.14062 1.14844 2.14844 1.15625 2.15625 1.16406 2.16406 1.17188 2.17188 1.17969 2.17969 ]
[GRF_A][3][ 1.1875 2.1875 1.19531 2.19531 1.20312 2.20312 1.21094 2.21094 1.21875 2.21875 1.22656 2.22656 1.23438 2.23438 1.24219 2.24219 ]
[GRF_A][4][ 1.25 2.25 1.25781 2.25781 1.26562 2.26562 1.27344 2.27344 1.28125 2.28125 1.28906 2.28906 1.29688 2.29688 1.30469 2.30469 ]
[GRF_A][5][ 1.3125 2.3125 1.32031 2.32031 1.32812 2.32812 1.33594 2.33594 1.34375 2.34375 1.35156 2.35156 1.35938 2.35938 1.36719 2.36719 ]
[GRF_A][6][ 1.375 2.375 1.38281 2.38281 1.39062 2.39062 1.39844 2.39844 1.40625 2.40625 1.41406 2.41406 1.42188 2.42188 1.42969 2.42969 ]
[GRF_A][7][ 1.4375 2.4375 1.44531 2.44531 1.45312 2.45312 1.46094 2.46094 1.46875 2.46875 1.47656 2.47656 1.48438 2.48438 1.49219 2.49219 ]
[GRF_B][0][ 2.29688 0 0 0 0 0 0 0 0 0 0 0 0 0 0 0 ]
[GRF_B][1][ 0 5.15625 0 0 0 0 0 0 0 0 0 0 0 0 0 0 ]
[GRF_B][2][ 0 0 3.53711 0 0 0 0 0 0 0 0 0 0 0 0 0 ]
[GRF_B][3][ 0 0 0 7.39844 0 0 0 0 0 0 0 0 0 0 0 0 ]
[GRF_B][4][ 0 0 0 0 4.79297 0 0 0 0 0 0 0 0 0 0 0 ]
[GRF_B][5][ 0 0 0 0 0 1.40918 0 0 0 0 0 0 0 0 0 0 ]
[GRF_B][6][ 0 0 0 0 0 0 0 0 0 0 0 0 0 0 0 0 ]
[GRF_B][7][ 0 0 0 0 0 0 0 0 0 0 0 0 0 0 0 0 ]
[M_OUT][0000000000000000000000000000000000000000000000000000000000000000000000000000000000000000000000000000000000000000000000000000000000000000000000000000000000000000000000000000000000000000000000000000000000000000000000000000000000000000000000000000000000000000]
[A_OUT][0000000000000000000000000000000000000000000000000000000000000000000000000000000000000000000000000000000000000000000000000000000000000000000000000000000000000000000000000000000000000000000000000000000000000000000000000000000000000000000000000000000000000000]

----------
READ ch0 ra0 bg0 b0 r1 c10|| [0] MAC GRF_B[0], GRF_A[0], EVEN_BANK, auto @ 6395
[BANK_R][ 0 0 0 0 0 0.4375 0 0 0 0 0 0 0 0 0 0 ]
[CMD]00111011000100001000000000000000(MAC GRF_B[0], GRF_A[0], EVEN_BANK, auto)
[SRF][0000000000000000000000000000000000000000000000000000000000000000000000000000000000000000000000000000000000000000000000000000000000000000000000000000000000000000000000000000000000000000000000000000000000000000000000000000000000000000000000000000000000000000]
[GRF_A][0][ 1 2 1.00781 2.00781 1.01562 2.01562 1.02344 2.02344 1.03125 2.03125 1.03906 2.03906 1.04688 2.04688 1.05469 2.05469 ]
[GRF_A][1][ 1.0625 2.0625 1.07031 2.07031 1.07812 2.07812 1.08594 2.08594 1.09375 2.09375 1.10156 2.10156 1.10938 2.10938 1.11719 2.11719 ]
[GRF_A][2][ 1.125 2.125 1.13281 2.13281 1.14062 2.14062 1.14844 2.14844 1.15625 2.15625 1.16406 2.16406 1.17188 2.17188 1.17969 2.17969 ]
[GRF_A][3][ 1.1875 2.1875 1.19531 2.19531 1.20312 2.20312 1.21094 2.21094 1.21875 2.21875 1.22656 2.22656 1.23438 2.23438 1.24219 2.24219 ]
[GRF_A][4][ 1.25 2.25 1.25781 2.25781 1.26562 2.26562 1.27344 2.27344 1.28125 2.28125 1.28906 2.28906 1.29688 2.29688 1.30469 2.30469 ]
[GRF_A][5][ 1.3125 2.3125 1.32031 2.32031 1.32812 2.32812 1.33594 2.33594 1.34375 2.34375 1.35156 2.35156 1.35938 2.35938 1.36719 2.36719 ]
[GRF_A][6][ 1.375 2.375 1.38281 2.38281 1.39062 2.39062 1.39844 2.39844 1.40625 2.40625 1.41406 2.41406 1.42188 2.42188 1.42969 2.42969 ]
[GRF_A][7][ 1.4375 2.4375 1.44531 2.44531 1.45312 2.45312 1.46094 2.46094 1.46875 2.46875 1.47656 2.47656 1.48438 2.48438 1.49219 2.49219 ]
[GRF_B][0][ 2.29688 0 0 0 0 0 0 0 0 0 0 0 0 0 0 0 ]
[GRF_B][1][ 0 5.15625 0 0 0 0 0 0 0 0 0 0 0 0 0 0 ]
[GRF_B][2][ 0 0 3.53711 0 0 0 0 0 0 0 0 0 0 0 0 0 ]
[GRF_B][3][ 0 0 0 7.39844 0 0 0 0 0 0 0 0 0 0 0 0 ]
[GRF_B][4][ 0 0 0 0 4.79297 0 0 0 0 0 0 0 0 0 0 0 ]
[GRF_B][5][ 0 0 0 0 0 2.3457 0 0 0 0 0 0 0 0 0 0 ]
[GRF_B][6][ 0 0 0 0 0 0 0 0 0 0 0 0 0 0 0 0 ]
[GRF_B][7][ 0 0 0 0 0 0 0 0 0 0 0 0 0 0 0 0 ]
[M_OUT][0000000000000000000000000000000000000000000000000000000000000000000000000000000000000000000000000000000000000000000000000000000000000000000000000000000000000000000000000000000000000000000000000000000000000000000000000000000000000000000000000000000000000000]
[A_OUT][0000000000000000000000000000000000000000000000000000000000000000000000000000000000000000000000000000000000000000000000000000000000000000000000000000000000000000000000000000000000000000000000000000000000000000000000000000000000000000000000000000000000000000]

----------
READ ch0 ra0 bg0 b0 r1 c11|| [0] MAC GRF_B[0], GRF_A[0], EVEN_BANK, auto @ 6399
[BANK_R][ 0 0 0 0 0 0.5 0 0 0 0 0 0 0 0 0 0 ]
[CMD]00111011000100001000000000000000(MAC GRF_B[0], GRF_A[0], EVEN_BANK, auto)
[SRF][0000000000000000000000000000000000000000000000000000000000000000000000000000000000000000000000000000000000000000000000000000000000000000000000000000000000000000000000000000000000000000000000000000000000000000000000000000000000000000000000000000000000000000]
[GRF_A][0][ 1 2 1.00781 2.00781 1.01562 2.01562 1.02344 2.02344 1.03125 2.03125 1.03906 2.03906 1.04688 2.04688 1.05469 2.05469 ]
[GRF_A][1][ 1.0625 2.0625 1.07031 2.07031 1.07812 2.07812 1.08594 2.08594 1.09375 2.09375 1.10156 2.10156 1.10938 2.10938 1.11719 2.11719 ]
[GRF_A][2][ 1.125 2.125 1.13281 2.13281 1.14062 2.14062 1.14844 2.14844 1.15625 2.15625 1.16406 2.16406 1.17188 2.17188 1.17969 2.17969 ]
[GRF_A][3][ 1.1875 2.1875 1.19531 2.19531 1.20312 2.20312 1.21094 2.21094 1.21875 2.21875 1.22656 2.22656 1.23438 2.23438 1.24219 2.24219 ]
[GRF_A][4][ 1.25 2.25 1.25781 2.25781 1.26562 2.26562 1.27344 2.27344 1.28125 2.28125 1.28906 2.28906 1.29688 2.29688 1.30469 2.30469 ]
[GRF_A][5][ 1.3125 2.3125 1.32031 2.32031 1.32812 2.32812 1.33594 2.33594 1.34375 2.34375 1.35156 2.35156 1.35938 2.35938 1.36719 2.36719 ]
[GRF_A][6][ 1.375 2.375 1.38281 2.38281 1.39062 2.39062 1.39844 2.39844 1.40625 2.40625 1.41406 2.41406 1.42188 2.42188 1.42969 2.42969 ]
[GRF_A][7][ 1.4375 2.4375 1.44531 2.44531 1.45312 2.45312 1.46094 2.46094 1.46875 2.46875 1.47656 2.47656 1.48438 2.48438 1.49219 2.49219 ]
[GRF_B][0][ 2.29688 0 0 0 0 0 0 0 0 0 0 0 0 0 0 0 ]
[GRF_B][1][ 0 5.15625 0 0 0 0 0 0 0 0 0 0 0 0 0 0 ]
[GRF_B][2][ 0 0 3.53711 0 0 0 0 0 0 0 0 0 0 0 0 0 ]
[GRF_B][3][ 0 0 0 7.39844 0 0 0 0 0 0 0 0 0 0 0 0 ]
[GRF_B][4][ 0 0 0 0 4.79297 0 0 0 0 0 0 0 0 0 0 0 ]
[GRF_B][5][ 0 0 0 0 0 3.44727 0 0 0 0 0 0 0 0 0 0 ]
[GRF_B][6][ 0 0 0 0 0 0 0 0 0 0 0 0 0 0 0 0 ]
[GRF_B][7][ 0 0 0 0 0 0 0 0 0 0 0 0 0 0 0 0 ]
[M_OUT][0000000000000000000000000000000000000000000000000000000000000000000000000000000000000000000000000000000000000000000000000000000000000000000000000000000000000000000000000000000000000000000000000000000000000000000000000000000000000000000000000000000000000000]
[A_OUT][0000000000000000000000000000000000000000000000000000000000000000000000000000000000000000000000000000000000000000000000000000000000000000000000000000000000000000000000000000000000000000000000000000000000000000000000000000000000000000000000000000000000000000]

----------
READ ch0 ra0 bg0 b0 r1 c12|| [0] MAC GRF_B[0], GRF_A[0], EVEN_BANK, auto @ 6403
[BANK_R][ 0 0 0 0 0 0.5625 0 0 0 0 0 0 0 0 0 0 ]
[CMD]00111011000100001000000000000000(MAC GRF_B[0], GRF_A[0], EVEN_BANK, auto)
[SRF][0000000000000000000000000000000000000000000000000000000000000000000000000000000000000000000000000000000000000000000000000000000000000000000000000000000000000000000000000000000000000000000000000000000000000000000000000000000000000000000000000000000000000000]
[GRF_A][0][ 1 2 1.00781 2.00781 1.01562 2.01562 1.02344 2.02344 1.03125 2.03125 1.03906 2.03906 1.04688 2.04688 1.05469 2.05469 ]
[GRF_A][1][ 1.0625 2.0625 1.07031 2.07031 1.07812 2.07812 1.08594 2.08594 1.09375 2.09375 1.10156 2.10156 1.10938 2.10938 1.11719 2.11719 ]
[GRF_A][2][ 1.125 2.125 1.13281 2.13281 1.14062 2.14062 1.14844 2.14844 1.15625 2.15625 1.16406 2.16406 1.17188 2.17188 1.17969 2.17969 ]
[GRF_A][3][ 1.1875 2.1875 1.19531 2.19531 1.20312 2.20312 1.21094 2.21094 1.21875 2.21875 1.22656 2.22656 1.23438 2.23438 1.24219 2.24219 ]
[GRF_A][4][ 1.25 2.25 1.25781 2.25781 1.26562 2.26562 1.27344 2.27344 1.28125 2.28125 1.28906 2.28906 1.29688 2.29688 1.30469 2.30469 ]
[GRF_A][5][ 1.3125 2.3125 1.32031 2.32031 1.32812 2.32812 1.33594 2.33594 1.34375 2.34375 1.35156 2.35156 1.35938 2.35938 1.36719 2.36719 ]
[GRF_A][6][ 1.375 2.375 1.38281 2.38281 1.39062 2.39062 1.39844 2.39844 1.40625 2.40625 1.41406 2.41406 1.42188 2.42188 1.42969 2.42969 ]
[GRF_A][7][ 1.4375 2.4375 1.44531 2.44531 1.45312 2.45312 1.46094 2.46094 1.46875 2.46875 1.47656 2.47656 1.48438 2.48438 1.49219 2.49219 ]
[GRF_B][0][ 2.29688 0 0 0 0 0 0 0 0 0 0 0 0 0 0 0 ]
[GRF_B][1][ 0 5.15625 0 0 0 0 0 0 0 0 0 0 0 0 0 0 ]
[GRF_B][2][ 0 0 3.53711 0 0 0 0 0 0 0 0 0 0 0 0 0 ]
[GRF_B][3][ 0 0 0 7.39844 0 0 0 0 0 0 0 0 0 0 0 0 ]
[GRF_B][4][ 0 0 0 0 4.79297 0 0 0 0 0 0 0 0 0 0 0 ]
[GRF_B][5][ 0 0 0 0 0 4.72266 0 0 0 0 0 0 0 0 0 0 ]
[GRF_B][6][ 0 0 0 0 0 0 0 0 0 0 0 0 0 0 0 0 ]
[GRF_B][7][ 0 0 0 0 0 0 0 0 0 0 0 0 0 0 0 0 ]
[M_OUT][0000000000000000000000000000000000000000000000000000000000000000000000000000000000000000000000000000000000000000000000000000000000000000000000000000000000000000000000000000000000000000000000000000000000000000000000000000000000000000000000000000000000000000]
[A_OUT][0000000000000000000000000000000000000000000000000000000000000000000000000000000000000000000000000000000000000000000000000000000000000000000000000000000000000000000000000000000000000000000000000000000000000000000000000000000000000000000000000000000000000000]

----------
READ ch0 ra0 bg0 b0 r1 c13|| [0] MAC GRF_B[0], GRF_A[0], EVEN_BANK, auto @ 6407
[BANK_R][ 0 0 0 0 0 0.625 0 0 0 0 0 0 0 0 0 0 ]
[CMD]00111011000100001000000000000000(MAC GRF_B[0], GRF_A[0], EVEN_BANK, auto)
[SRF][0000000000000000000000000000000000000000000000000000000000000000000000000000000000000000000000000000000000000000000000000000000000000000000000000000000000000000000000000000000000000000000000000000000000000000000000000000000000000000000000000000000000000000]
[GRF_A][0][ 1 2 1.00781 2.00781 1.01562 2.01562 1.02344 2.02344 1.03125 2.03125 1.03906 2.03906 1.04688 2.04688 1.05469 2.05469 ]
[GRF_A][1][ 1.0625 2.0625 1.07031 2.07031 1.07812 2.07812 1.08594 2.08594 1.09375 2.09375 1.10156 2.10156 1.10938 2.10938 1.11719 2.11719 ]
[GRF_A][2][ 1.125 2.125 1.13281 2.13281 1.14062 2.14062 1.14844 2.14844 1.15625 2.15625 1.16406 2.16406 1.17188 2.17188 1.17969 2.17969 ]
[GRF_A][3][ 1.1875 2.1875 1.19531 2.19531 1.20312 2.20312 1.21094 2.21094 1.21875 2.21875 1.22656 2.22656 1.23438 2.23438 1.24219 2.24219 ]
[GRF_A][4][ 1.25 2.25 1.25781 2.25781 1.26562 2.26562 1.27344 2.27344 1.28125 2.28125 1.28906 2.28906 1.29688 2.29688 1.30469 2.30469 ]
[GRF_A][5][ 1.3125 2.3125 1.32031 2.32031 1.32812 2.32812 1.33594 2.33594 1.34375 2.34375 1.35156 2.35156 1.35938 2.35938 1.36719 2.36719 ]
[GRF_A][6][ 1.375 2.375 1.38281 2.38281 1.39062 2.39062 1.39844 2.39844 1.40625 2.40625 1.41406 2.41406 1.42188 2.42188 1.42969 2.42969 ]
[GRF_A][7][ 1.4375 2.4375 1.44531 2.44531 1.45312 2.45312 1.46094 2.46094 1.46875 2.46875 1.47656 2.47656 1.48438 2.48438 1.49219 2.49219 ]
[GRF_B][0][ 2.29688 0 0 0 0 0 0 0 0 0 0 0 0 0 0 0 ]
[GRF_B][1][ 0 5.15625 0 0 0 0 0 0 0 0 0 0 0 0 0 0 ]
[GRF_B][2][ 0 0 3.53711 0 0 0 0 0 0 0 0 0 0 0 0 0 ]
[GRF_B][3][ 0 0 0 7.39844 0 0 0 0 0 0 0 0 0 0 0 0 ]
[GRF_B][4][ 0 0 0 0 4.79297 0 0 0 0 0 0 0 0 0 0 0 ]
[GRF_B][5][ 0 0 0 0 0 6.17969 0 0 0 0 0 0 0 0 0 0 ]
[GRF_B][6][ 0 0 0 0 0 0 0 0 0 0 0 0 0 0 0 0 ]
[GRF_B][7][ 0 0 0 0 0 0 0 0 0 0 0 0 0 0 0 0 ]
[M_OUT][0000000000000000000000000000000000000000000000000000000000000000000000000000000000000000000000000000000000000000000000000000000000000000000000000000000000000000000000000000000000000000000000000000000000000000000000000000000000000000000000000000000000000000]
[A_OUT][0000000000000000000000000000000000000000000000000000000000000000000000000000000000000000000000000000000000000000000000000000000000000000000000000000000000000000000000000000000000000000000000000000000000000000000000000000000000000000000000000000000000000000]

----------
READ ch0 ra0 bg0 b0 r1 c14|| [0] MAC GRF_B[0], GRF_A[0], EVEN_BANK, auto @ 6411
[BANK_R][ 0 0 0 0 0 0.6875 0 0 0 0 0 0 0 0 0 0 ]
[CMD]00111011000100001000000000000000(MAC GRF_B[0], GRF_A[0], EVEN_BANK, auto)
[SRF][0000000000000000000000000000000000000000000000000000000000000000000000000000000000000000000000000000000000000000000000000000000000000000000000000000000000000000000000000000000000000000000000000000000000000000000000000000000000000000000000000000000000000000]
[GRF_A][0][ 1 2 1.00781 2.00781 1.01562 2.01562 1.02344 2.02344 1.03125 2.03125 1.03906 2.03906 1.04688 2.04688 1.05469 2.05469 ]
[GRF_A][1][ 1.0625 2.0625 1.07031 2.07031 1.07812 2.07812 1.08594 2.08594 1.09375 2.09375 1.10156 2.10156 1.10938 2.10938 1.11719 2.11719 ]
[GRF_A][2][ 1.125 2.125 1.13281 2.13281 1.14062 2.14062 1.14844 2.14844 1.15625 2.15625 1.16406 2.16406 1.17188 2.17188 1.17969 2.17969 ]
[GRF_A][3][ 1.1875 2.1875 1.19531 2.19531 1.20312 2.20312 1.21094 2.21094 1.21875 2.21875 1.22656 2.22656 1.23438 2.23438 1.24219 2.24219 ]
[GRF_A][4][ 1.25 2.25 1.25781 2.25781 1.26562 2.26562 1.27344 2.27344 1.28125 2.28125 1.28906 2.28906 1.29688 2.29688 1.30469 2.30469 ]
[GRF_A][5][ 1.3125 2.3125 1.32031 2.32031 1.32812 2.32812 1.33594 2.33594 1.34375 2.34375 1.35156 2.35156 1.35938 2.35938 1.36719 2.36719 ]
[GRF_A][6][ 1.375 2.375 1.38281 2.38281 1.39062 2.39062 1.39844 2.39844 1.40625 2.40625 1.41406 2.41406 1.42188 2.42188 1.42969 2.42969 ]
[GRF_A][7][ 1.4375 2.4375 1.44531 2.44531 1.45312 2.45312 1.46094 2.46094 1.46875 2.46875 1.47656 2.47656 1.48438 2.48438 1.49219 2.49219 ]
[GRF_B][0][ 2.29688 0 0 0 0 0 0 0 0 0 0 0 0 0 0 0 ]
[GRF_B][1][ 0 5.15625 0 0 0 0 0 0 0 0 0 0 0 0 0 0 ]
[GRF_B][2][ 0 0 3.53711 0 0 0 0 0 0 0 0 0 0 0 0 0 ]
[GRF_B][3][ 0 0 0 7.39844 0 0 0 0 0 0 0 0 0 0 0 0 ]
[GRF_B][4][ 0 0 0 0 4.79297 0 0 0 0 0 0 0 0 0 0 0 ]
[GRF_B][5][ 0 0 0 0 0 7.82422 0 0 0 0 0 0 0 0 0 0 ]
[GRF_B][6][ 0 0 0 0 0 0 0 0 0 0 0 0 0 0 0 0 ]
[GRF_B][7][ 0 0 0 0 0 0 0 0 0 0 0 0 0 0 0 0 ]
[M_OUT][0000000000000000000000000000000000000000000000000000000000000000000000000000000000000000000000000000000000000000000000000000000000000000000000000000000000000000000000000000000000000000000000000000000000000000000000000000000000000000000000000000000000000000]
[A_OUT][0000000000000000000000000000000000000000000000000000000000000000000000000000000000000000000000000000000000000000000000000000000000000000000000000000000000000000000000000000000000000000000000000000000000000000000000000000000000000000000000000000000000000000]

----------
READ ch0 ra0 bg0 b0 r1 c15|| [0] MAC GRF_B[0], GRF_A[0], EVEN_BANK, auto @ 6415
[BANK_R][ 0 0 0 0 0 0.75 0 0 0 0 0 0 0 0 0 0 ]
[CMD]00111011000100001000000000000000(MAC GRF_B[0], GRF_A[0], EVEN_BANK, auto)
[SRF][0000000000000000000000000000000000000000000000000000000000000000000000000000000000000000000000000000000000000000000000000000000000000000000000000000000000000000000000000000000000000000000000000000000000000000000000000000000000000000000000000000000000000000]
[GRF_A][0][ 1 2 1.00781 2.00781 1.01562 2.01562 1.02344 2.02344 1.03125 2.03125 1.03906 2.03906 1.04688 2.04688 1.05469 2.05469 ]
[GRF_A][1][ 1.0625 2.0625 1.07031 2.07031 1.07812 2.07812 1.08594 2.08594 1.09375 2.09375 1.10156 2.10156 1.10938 2.10938 1.11719 2.11719 ]
[GRF_A][2][ 1.125 2.125 1.13281 2.13281 1.14062 2.14062 1.14844 2.14844 1.15625 2.15625 1.16406 2.16406 1.17188 2.17188 1.17969 2.17969 ]
[GRF_A][3][ 1.1875 2.1875 1.19531 2.19531 1.20312 2.20312 1.21094 2.21094 1.21875 2.21875 1.22656 2.22656 1.23438 2.23438 1.24219 2.24219 ]
[GRF_A][4][ 1.25 2.25 1.25781 2.25781 1.26562 2.26562 1.27344 2.27344 1.28125 2.28125 1.28906 2.28906 1.29688 2.29688 1.30469 2.30469 ]
[GRF_A][5][ 1.3125 2.3125 1.32031 2.32031 1.32812 2.32812 1.33594 2.33594 1.34375 2.34375 1.35156 2.35156 1.35938 2.35938 1.36719 2.36719 ]
[GRF_A][6][ 1.375 2.375 1.38281 2.38281 1.39062 2.39062 1.39844 2.39844 1.40625 2.40625 1.41406 2.41406 1.42188 2.42188 1.42969 2.42969 ]
[GRF_A][7][ 1.4375 2.4375 1.44531 2.44531 1.45312 2.45312 1.46094 2.46094 1.46875 2.46875 1.47656 2.47656 1.48438 2.48438 1.49219 2.49219 ]
[GRF_B][0][ 2.29688 0 0 0 0 0 0 0 0 0 0 0 0 0 0 0 ]
[GRF_B][1][ 0 5.15625 0 0 0 0 0 0 0 0 0 0 0 0 0 0 ]
[GRF_B][2][ 0 0 3.53711 0 0 0 0 0 0 0 0 0 0 0 0 0 ]
[GRF_B][3][ 0 0 0 7.39844 0 0 0 0 0 0 0 0 0 0 0 0 ]
[GRF_B][4][ 0 0 0 0 4.79297 0 0 0 0 0 0 0 0 0 0 0 ]
[GRF_B][5][ 0 0 0 0 0 9.66406 0 0 0 0 0 0 0 0 0 0 ]
[GRF_B][6][ 0 0 0 0 0 0 0 0 0 0 0 0 0 0 0 0 ]
[GRF_B][7][ 0 0 0 0 0 0 0 0 0 0 0 0 0 0 0 0 ]
[M_OUT][0000000000000000000000000000000000000000000000000000000000000000000000000000000000000000000000000000000000000000000000000000000000000000000000000000000000000000000000000000000000000000000000000000000000000000000000000000000000000000000000000000000000000000]
[A_OUT][0000000000000000000000000000000000000000000000000000000000000000000000000000000000000000000000000000000000000000000000000000000000000000000000000000000000000000000000000000000000000000000000000000000000000000000000000000000000000000000000000000000000000000]

----------
READ ch0 ra0 bg0 b0 r1 c16|| [1] JUMP 7x [PC - 2] @ 6419
READ ch0 ra0 bg0 b0 r1 c16|| [0] MAC GRF_B[0], GRF_A[0], EVEN_BANK, auto @ 6419
[BANK_R][ 0 0 0 0 0 0 0.375 0 0 0 0 0 0 0 0 0 ]
[CMD]00111011000100001000000000000000(MAC GRF_B[0], GRF_A[0], EVEN_BANK, auto)
[SRF][0000000000000000000000000000000000000000000000000000000000000000000000000000000000000000000000000000000000000000000000000000000000000000000000000000000000000000000000000000000000000000000000000000000000000000000000000000000000000000000000000000000000000000]
[GRF_A][0][ 1 2 1.00781 2.00781 1.01562 2.01562 1.02344 2.02344 1.03125 2.03125 1.03906 2.03906 1.04688 2.04688 1.05469 2.05469 ]
[GRF_A][1][ 1.0625 2.0625 1.07031 2.07031 1.07812 2.07812 1.08594 2.08594 1.09375 2.09375 1.10156 2.10156 1.10938 2.10938 1.11719 2.11719 ]
[GRF_A][2][ 1.125 2.125 1.13281 2.13281 1.14062 2.14062 1.14844 2.14844 1.15625 2.15625 1.16406 2.16406 1.17188 2.17188 1.17969 2.17969 ]
[GRF_A][3][ 1.1875 2.1875 1.19531 2.19531 1.20312 2.20312 1.21094 2.21094 1.21875 2.21875 1.22656 2.22656 1.23438 2.23438 1.24219 2.24219 ]
[GRF_A][4][ 1.25 2.25 1.25781 2.25781 1.26562 2.26562 1.27344 2.27344 1.28125 2.28125 1.28906 2.28906 1.29688 2.29688 1.30469 2.30469 ]
[GRF_A][5][ 1.3125 2.3125 1.32031 2.32031 1.32812 2.32812 1.33594 2.33594 1.34375 2.34375 1.35156 2.35156 1.35938 2.35938 1.36719 2.36719 ]
[GRF_A][6][ 1.375 2.375 1.38281 2.38281 1.39062 2.39062 1.39844 2.39844 1.40625 2.40625 1.41406 2.41406 1.42188 2.42188 1.42969 2.42969 ]
[GRF_A][7][ 1.4375 2.4375 1.44531 2.44531 1.45312 2.45312 1.46094 2.46094 1.46875 2.46875 1.47656 2.47656 1.48438 2.48438 1.49219 2.49219 ]
[GRF_B][0][ 2.29688 0 0 0 0 0 0 0 0 0 0 0 0 0 0 0 ]
[GRF_B][1][ 0 5.15625 0 0 0 0 0 0 0 0 0 0 0 0 0 0 ]
[GRF_B][2][ 0 0 3.53711 0 0 0 0 0 0 0 0 0 0 0 0 0 ]
[GRF_B][3][ 0 0 0 7.39844 0 0 0 0 0 0 0 0 0 0 0 0 ]
[GRF_B][4][ 0 0 0 0 4.79297 0 0 0 0 0 0 0 0 0 0 0 ]
[GRF_B][5][ 0 0 0 0 0 9.66406 0 0 0 0 0 0 0 0 0 0 ]
[GRF_B][6][ 0 0 0 0 0 0 0.383789 0 0 0 0 0 0 0 0 0 ]
[GRF_B][7][ 0 0 0 0 0 0 0 0 0 0 0 0 0 0 0 0 ]
[M_OUT][0000000000000000000000000000000000000000000000000000000000000000000000000000000000000000000000000000000000000000000000000000000000000000000000000000000000000000000000000000000000000000000000000000000000000000000000000000000000000000000000000000000000000000]
[A_OUT][0000000000000000000000000000000000000000000000000000000000000000000000000000000000000000000000000000000000000000000000000000000000000000000000000000000000000000000000000000000000000000000000000000000000000000000000000000000000000000000000000000000000000000]

----------
READ ch0 ra0 bg0 b0 r1 c17|| [0] MAC GRF_B[0], GRF_A[0], EVEN_BANK, auto @ 6423
[BANK_R][ 0 0 0 0 0 0 0.4375 0 0 0 0 0 0 0 0 0 ]
[CMD]00111011000100001000000000000000(MAC GRF_B[0], GRF_A[0], EVEN_BANK, auto)
[SRF][0000000000000000000000000000000000000000000000000000000000000000000000000000000000000000000000000000000000000000000000000000000000000000000000000000000000000000000000000000000000000000000000000000000000000000000000000000000000000000000000000000000000000000]
[GRF_A][0][ 1 2 1.00781 2.00781 1.01562 2.01562 1.02344 2.02344 1.03125 2.03125 1.03906 2.03906 1.04688 2.04688 1.05469 2.05469 ]
[GRF_A][1][ 1.0625 2.0625 1.07031 2.07031 1.07812 2.07812 1.08594 2.08594 1.09375 2.09375 1.10156 2.10156 1.10938 2.10938 1.11719 2.11719 ]
[GRF_A][2][ 1.125 2.125 1.13281 2.13281 1.14062 2.14062 1.14844 2.14844 1.15625 2.15625 1.16406 2.16406 1.17188 2.17188 1.17969 2.17969 ]
[GRF_A][3][ 1.1875 2.1875 1.19531 2.19531 1.20312 2.20312 1.21094 2.21094 1.21875 2.21875 1.22656 2.22656 1.23438 2.23438 1.24219 2.24219 ]
[GRF_A][4][ 1.25 2.25 1.25781 2.25781 1.26562 2.26562 1.27344 2.27344 1.28125 2.28125 1.28906 2.28906 1.29688 2.29688 1.30469 2.30469 ]
[GRF_A][5][ 1.3125 2.3125 1.32031 2.32031 1.32812 2.32812 1.33594 2.33594 1.34375 2.34375 1.35156 2.35156 1.35938 2.35938 1.36719 2.36719 ]
[GRF_A][6][ 1.375 2.375 1.38281 2.38281 1.39062 2.39062 1.39844 2.39844 1.40625 2.40625 1.41406 2.41406 1.42188 2.42188 1.42969 2.42969 ]
[GRF_A][7][ 1.4375 2.4375 1.44531 2.44531 1.45312 2.45312 1.46094 2.46094 1.46875 2.46875 1.47656 2.47656 1.48438 2.48438 1.49219 2.49219 ]
[GRF_B][0][ 2.29688 0 0 0 0 0 0 0 0 0 0 0 0 0 0 0 ]
[GRF_B][1][ 0 5.15625 0 0 0 0 0 0 0 0 0 0 0 0 0 0 ]
[GRF_B][2][ 0 0 3.53711 0 0 0 0 0 0 0 0 0 0 0 0 0 ]
[GRF_B][3][ 0 0 0 7.39844 0 0 0 0 0 0 0 0 0 0 0 0 ]
[GRF_B][4][ 0 0 0 0 4.79297 0 0 0 0 0 0 0 0 0 0 0 ]
[GRF_B][5][ 0 0 0 0 0 9.66406 0 0 0 0 0 0 0 0 0 0 ]
[GRF_B][6][ 0 0 0 0 0 0 0.858887 0 0 0 0 0 0 0 0 0 ]
[GRF_B][7][ 0 0 0 0 0 0 0 0 0 0 0 0 0 0 0 0 ]
[M_OUT][0000000000000000000000000000000000000000000000000000000000000000000000000000000000000000000000000000000000000000000000000000000000000000000000000000000000000000000000000000000000000000000000000000000000000000000000000000000000000000000000000000000000000000]
[A_OUT][0000000000000000000000000000000000000000000000000000000000000000000000000000000000000000000000000000000000000000000000000000000000000000000000000000000000000000000000000000000000000000000000000000000000000000000000000000000000000000000000000000000000000000]

----------
READ ch0 ra0 bg0 b0 r1 c18|| [0] MAC GRF_B[0], GRF_A[0], EVEN_BANK, auto @ 6427
[BANK_R][ 0 0 0 0 0 0 0.5 0 0 0 0 0 0 0 0 0 ]
[CMD]00111011000100001000000000000000(MAC GRF_B[0], GRF_A[0], EVEN_BANK, auto)
[SRF][0000000000000000000000000000000000000000000000000000000000000000000000000000000000000000000000000000000000000000000000000000000000000000000000000000000000000000000000000000000000000000000000000000000000000000000000000000000000000000000000000000000000000000]
[GRF_A][0][ 1 2 1.00781 2.00781 1.01562 2.01562 1.02344 2.02344 1.03125 2.03125 1.03906 2.03906 1.04688 2.04688 1.05469 2.05469 ]
[GRF_A][1][ 1.0625 2.0625 1.07031 2.07031 1.07812 2.07812 1.08594 2.08594 1.09375 2.09375 1.10156 2.10156 1.10938 2.10938 1.11719 2.11719 ]
[GRF_A][2][ 1.125 2.125 1.13281 2.13281 1.14062 2.14062 1.14844 2.14844 1.15625 2.15625 1.16406 2.16406 1.17188 2.17188 1.17969 2.17969 ]
[GRF_A][3][ 1.1875 2.1875 1.19531 2.19531 1.20312 2.20312 1.21094 2.21094 1.21875 2.21875 1.22656 2.22656 1.23438 2.23438 1.24219 2.24219 ]
[GRF_A][4][ 1.25 2.25 1.25781 2.25781 1.26562 2.26562 1.27344 2.27344 1.28125 2.28125 1.28906 2.28906 1.29688 2.29688 1.30469 2.30469 ]
[GRF_A][5][ 1.3125 2.3125 1.32031 2.32031 1.32812 2.32812 1.33594 2.33594 1.34375 2.34375 1.35156 2.35156 1.35938 2.35938 1.36719 2.36719 ]
[GRF_A][6][ 1.375 2.375 1.38281 2.38281 1.39062 2.39062 1.39844 2.39844 1.40625 2.40625 1.41406 2.41406 1.42188 2.42188 1.42969 2.42969 ]
[GRF_A][7][ 1.4375 2.4375 1.44531 2.44531 1.45312 2.45312 1.46094 2.46094 1.46875 2.46875 1.47656 2.47656 1.48438 2.48438 1.49219 2.49219 ]
[GRF_B][0][ 2.29688 0 0 0 0 0 0 0 0 0 0 0 0 0 0 0 ]
[GRF_B][1][ 0 5.15625 0 0 0 0 0 0 0 0 0 0 0 0 0 0 ]
[GRF_B][2][ 0 0 3.53711 0 0 0 0 0 0 0 0 0 0 0 0 0 ]
[GRF_B][3][ 0 0 0 7.39844 0 0 0 0 0 0 0 0 0 0 0 0 ]
[GRF_B][4][ 0 0 0 0 4.79297 0 0 0 0 0 0 0 0 0 0 0 ]
[GRF_B][5][ 0 0 0 0 0 9.66406 0 0 0 0 0 0 0 0 0 0 ]
[GRF_B][6][ 0 0 0 0 0 0 1.43359 0 0 0 0 0 0 0 0 0 ]
[GRF_B][7][ 0 0 0 0 0 0 0 0 0 0 0 0 0 0 0 0 ]
[M_OUT][0000000000000000000000000000000000000000000000000000000000000000000000000000000000000000000000000000000000000000000000000000000000000000000000000000000000000000000000000000000000000000000000000000000000000000000000000000000000000000000000000000000000000000]
[A_OUT][0000000000000000000000000000000000000000000000000000000000000000000000000000000000000000000000000000000000000000000000000000000000000000000000000000000000000000000000000000000000000000000000000000000000000000000000000000000000000000000000000000000000000000]

----------
READ ch0 ra0 bg0 b0 r1 c19|| [0] MAC GRF_B[0], GRF_A[0], EVEN_BANK, auto @ 6431
[BANK_R][ 0 0 0 0 0 0 0.5625 0 0 0 0 0 0 0 0 0 ]
[CMD]00111011000100001000000000000000(MAC GRF_B[0], GRF_A[0], EVEN_BANK, auto)
[SRF][0000000000000000000000000000000000000000000000000000000000000000000000000000000000000000000000000000000000000000000000000000000000000000000000000000000000000000000000000000000000000000000000000000000000000000000000000000000000000000000000000000000000000000]
[GRF_A][0][ 1 2 1.00781 2.00781 1.01562 2.01562 1.02344 2.02344 1.03125 2.03125 1.03906 2.03906 1.04688 2.04688 1.05469 2.05469 ]
[GRF_A][1][ 1.0625 2.0625 1.07031 2.07031 1.07812 2.07812 1.08594 2.08594 1.09375 2.09375 1.10156 2.10156 1.10938 2.10938 1.11719 2.11719 ]
[GRF_A][2][ 1.125 2.125 1.13281 2.13281 1.14062 2.14062 1.14844 2.14844 1.15625 2.15625 1.16406 2.16406 1.17188 2.17188 1.17969 2.17969 ]
[GRF_A][3][ 1.1875 2.1875 1.19531 2.19531 1.20312 2.20312 1.21094 2.21094 1.21875 2.21875 1.22656 2.22656 1.23438 2.23438 1.24219 2.24219 ]
[GRF_A][4][ 1.25 2.25 1.25781 2.25781 1.26562 2.26562 1.27344 2.27344 1.28125 2.28125 1.28906 2.28906 1.29688 2.29688 1.30469 2.30469 ]
[GRF_A][5][ 1.3125 2.3125 1.32031 2.32031 1.32812 2.32812 1.33594 2.33594 1.34375 2.34375 1.35156 2.35156 1.35938 2.35938 1.36719 2.36719 ]
[GRF_A][6][ 1.375 2.375 1.38281 2.38281 1.39062 2.39062 1.39844 2.39844 1.40625 2.40625 1.41406 2.41406 1.42188 2.42188 1.42969 2.42969 ]
[GRF_A][7][ 1.4375 2.4375 1.44531 2.44531 1.45312 2.45312 1.46094 2.46094 1.46875 2.46875 1.47656 2.47656 1.48438 2.48438 1.49219 2.49219 ]
[GRF_B][0][ 2.29688 0 0 0 0 0 0 0 0 0 0 0 0 0 0 0 ]
[GRF_B][1][ 0 5.15625 0 0 0 0 0 0 0 0 0 0 0 0 0 0 ]
[GRF_B][2][ 0 0 3.53711 0 0 0 0 0 0 0 0 0 0 0 0 0 ]
[GRF_B][3][ 0 0 0 7.39844 0 0 0 0 0 0 0 0 0 0 0 0 ]
[GRF_B][4][ 0 0 0 0 4.79297 0 0 0 0 0 0 0 0 0 0 0 ]
[GRF_B][5][ 0 0 0 0 0 9.66406 0 0 0 0 0 0 0 0 0 0 ]
[GRF_B][6][ 0 0 0 0 0 0 2.11523 0 0 0 0 0 0 0 0 0 ]
[GRF_B][7][ 0 0 0 0 0 0 0 0 0 0 0 0 0 0 0 0 ]
[M_OUT][0000000000000000000000000000000000000000000000000000000000000000000000000000000000000000000000000000000000000000000000000000000000000000000000000000000000000000000000000000000000000000000000000000000000000000000000000000000000000000000000000000000000000000]
[A_OUT][0000000000000000000000000000000000000000000000000000000000000000000000000000000000000000000000000000000000000000000000000000000000000000000000000000000000000000000000000000000000000000000000000000000000000000000000000000000000000000000000000000000000000000]

----------
READ ch0 ra0 bg0 b0 r1 c20|| [0] MAC GRF_B[0], GRF_A[0], EVEN_BANK, auto @ 6435
[BANK_R][ 0 0 0 0 0 0 0.625 0 0 0 0 0 0 0 0 0 ]
[CMD]00111011000100001000000000000000(MAC GRF_B[0], GRF_A[0], EVEN_BANK, auto)
[SRF][0000000000000000000000000000000000000000000000000000000000000000000000000000000000000000000000000000000000000000000000000000000000000000000000000000000000000000000000000000000000000000000000000000000000000000000000000000000000000000000000000000000000000000]
[GRF_A][0][ 1 2 1.00781 2.00781 1.01562 2.01562 1.02344 2.02344 1.03125 2.03125 1.03906 2.03906 1.04688 2.04688 1.05469 2.05469 ]
[GRF_A][1][ 1.0625 2.0625 1.07031 2.07031 1.07812 2.07812 1.08594 2.08594 1.09375 2.09375 1.10156 2.10156 1.10938 2.10938 1.11719 2.11719 ]
[GRF_A][2][ 1.125 2.125 1.13281 2.13281 1.14062 2.14062 1.14844 2.14844 1.15625 2.15625 1.16406 2.16406 1.17188 2.17188 1.17969 2.17969 ]
[GRF_A][3][ 1.1875 2.1875 1.19531 2.19531 1.20312 2.20312 1.21094 2.21094 1.21875 2.21875 1.22656 2.22656 1.23438 2.23438 1.24219 2.24219 ]
[GRF_A][4][ 1.25 2.25 1.25781 2.25781 1.26562 2.26562 1.27344 2.27344 1.28125 2.28125 1.28906 2.28906 1.29688 2.29688 1.30469 2.30469 ]
[GRF_A][5][ 1.3125 2.3125 1.32031 2.32031 1.32812 2.32812 1.33594 2.33594 1.34375 2.34375 1.35156 2.35156 1.35938 2.35938 1.36719 2.36719 ]
[GRF_A][6][ 1.375 2.375 1.38281 2.38281 1.39062 2.39062 1.39844 2.39844 1.40625 2.40625 1.41406 2.41406 1.42188 2.42188 1.42969 2.42969 ]
[GRF_A][7][ 1.4375 2.4375 1.44531 2.44531 1.45312 2.45312 1.46094 2.46094 1.46875 2.46875 1.47656 2.47656 1.48438 2.48438 1.49219 2.49219 ]
[GRF_B][0][ 2.29688 0 0 0 0 0 0 0 0 0 0 0 0 0 0 0 ]
[GRF_B][1][ 0 5.15625 0 0 0 0 0 0 0 0 0 0 0 0 0 0 ]
[GRF_B][2][ 0 0 3.53711 0 0 0 0 0 0 0 0 0 0 0 0 0 ]
[GRF_B][3][ 0 0 0 7.39844 0 0 0 0 0 0 0 0 0 0 0 0 ]
[GRF_B][4][ 0 0 0 0 4.79297 0 0 0 0 0 0 0 0 0 0 0 ]
[GRF_B][5][ 0 0 0 0 0 9.66406 0 0 0 0 0 0 0 0 0 0 ]
[GRF_B][6][ 0 0 0 0 0 0 2.91016 0 0 0 0 0 0 0 0 0 ]
[GRF_B][7][ 0 0 0 0 0 0 0 0 0 0 0 0 0 0 0 0 ]
[M_OUT][0000000000000000000000000000000000000000000000000000000000000000000000000000000000000000000000000000000000000000000000000000000000000000000000000000000000000000000000000000000000000000000000000000000000000000000000000000000000000000000000000000000000000000]
[A_OUT][0000000000000000000000000000000000000000000000000000000000000000000000000000000000000000000000000000000000000000000000000000000000000000000000000000000000000000000000000000000000000000000000000000000000000000000000000000000000000000000000000000000000000000]

----------
READ ch0 ra0 bg0 b0 r1 c21|| [0] MAC GRF_B[0], GRF_A[0], EVEN_BANK, auto @ 6439
[BANK_R][ 0 0 0 0 0 0 0.6875 0 0 0 0 0 0 0 0 0 ]
[CMD]00111011000100001000000000000000(MAC GRF_B[0], GRF_A[0], EVEN_BANK, auto)
[SRF][0000000000000000000000000000000000000000000000000000000000000000000000000000000000000000000000000000000000000000000000000000000000000000000000000000000000000000000000000000000000000000000000000000000000000000000000000000000000000000000000000000000000000000]
[GRF_A][0][ 1 2 1.00781 2.00781 1.01562 2.01562 1.02344 2.02344 1.03125 2.03125 1.03906 2.03906 1.04688 2.04688 1.05469 2.05469 ]
[GRF_A][1][ 1.0625 2.0625 1.07031 2.07031 1.07812 2.07812 1.08594 2.08594 1.09375 2.09375 1.10156 2.10156 1.10938 2.10938 1.11719 2.11719 ]
[GRF_A][2][ 1.125 2.125 1.13281 2.13281 1.14062 2.14062 1.14844 2.14844 1.15625 2.15625 1.16406 2.16406 1.17188 2.17188 1.17969 2.17969 ]
[GRF_A][3][ 1.1875 2.1875 1.19531 2.19531 1.20312 2.20312 1.21094 2.21094 1.21875 2.21875 1.22656 2.22656 1.23438 2.23438 1.24219 2.24219 ]
[GRF_A][4][ 1.25 2.25 1.25781 2.25781 1.26562 2.26562 1.27344 2.27344 1.28125 2.28125 1.28906 2.28906 1.29688 2.29688 1.30469 2.30469 ]
[GRF_A][5][ 1.3125 2.3125 1.32031 2.32031 1.32812 2.32812 1.33594 2.33594 1.34375 2.34375 1.35156 2.35156 1.35938 2.35938 1.36719 2.36719 ]
[GRF_A][6][ 1.375 2.375 1.38281 2.38281 1.39062 2.39062 1.39844 2.39844 1.40625 2.40625 1.41406 2.41406 1.42188 2.42188 1.42969 2.42969 ]
[GRF_A][7][ 1.4375 2.4375 1.44531 2.44531 1.45312 2.45312 1.46094 2.46094 1.46875 2.46875 1.47656 2.47656 1.48438 2.48438 1.49219 2.49219 ]
[GRF_B][0][ 2.29688 0 0 0 0 0 0 0 0 0 0 0 0 0 0 0 ]
[GRF_B][1][ 0 5.15625 0 0 0 0 0 0 0 0 0 0 0 0 0 0 ]
[GRF_B][2][ 0 0 3.53711 0 0 0 0 0 0 0 0 0 0 0 0 0 ]
[GRF_B][3][ 0 0 0 7.39844 0 0 0 0 0 0 0 0 0 0 0 0 ]
[GRF_B][4][ 0 0 0 0 4.79297 0 0 0 0 0 0 0 0 0 0 0 ]
[GRF_B][5][ 0 0 0 0 0 9.66406 0 0 0 0 0 0 0 0 0 0 ]
[GRF_B][6][ 0 0 0 0 0 0 3.82812 0 0 0 0 0 0 0 0 0 ]
[GRF_B][7][ 0 0 0 0 0 0 0 0 0 0 0 0 0 0 0 0 ]
[M_OUT][0000000000000000000000000000000000000000000000000000000000000000000000000000000000000000000000000000000000000000000000000000000000000000000000000000000000000000000000000000000000000000000000000000000000000000000000000000000000000000000000000000000000000000]
[A_OUT][0000000000000000000000000000000000000000000000000000000000000000000000000000000000000000000000000000000000000000000000000000000000000000000000000000000000000000000000000000000000000000000000000000000000000000000000000000000000000000000000000000000000000000]

----------
READ ch0 ra0 bg0 b0 r1 c22|| [0] MAC GRF_B[0], GRF_A[0], EVEN_BANK, auto @ 6443
[BANK_R][ 0 0 0 0 0 0 0.75 0 0 0 0 0 0 0 0 0 ]
[CMD]00111011000100001000000000000000(MAC GRF_B[0], GRF_A[0], EVEN_BANK, auto)
[SRF][0000000000000000000000000000000000000000000000000000000000000000000000000000000000000000000000000000000000000000000000000000000000000000000000000000000000000000000000000000000000000000000000000000000000000000000000000000000000000000000000000000000000000000]
[GRF_A][0][ 1 2 1.00781 2.00781 1.01562 2.01562 1.02344 2.02344 1.03125 2.03125 1.03906 2.03906 1.04688 2.04688 1.05469 2.05469 ]
[GRF_A][1][ 1.0625 2.0625 1.07031 2.07031 1.07812 2.07812 1.08594 2.08594 1.09375 2.09375 1.10156 2.10156 1.10938 2.10938 1.11719 2.11719 ]
[GRF_A][2][ 1.125 2.125 1.13281 2.13281 1.14062 2.14062 1.14844 2.14844 1.15625 2.15625 1.16406 2.16406 1.17188 2.17188 1.17969 2.17969 ]
[GRF_A][3][ 1.1875 2.1875 1.19531 2.19531 1.20312 2.20312 1.21094 2.21094 1.21875 2.21875 1.22656 2.22656 1.23438 2.23438 1.24219 2.24219 ]
[GRF_A][4][ 1.25 2.25 1.25781 2.25781 1.26562 2.26562 1.27344 2.27344 1.28125 2.28125 1.28906 2.28906 1.29688 2.29688 1.30469 2.30469 ]
[GRF_A][5][ 1.3125 2.3125 1.32031 2.32031 1.32812 2.32812 1.33594 2.33594 1.34375 2.34375 1.35156 2.35156 1.35938 2.35938 1.36719 2.36719 ]
[GRF_A][6][ 1.375 2.375 1.38281 2.38281 1.39062 2.39062 1.39844 2.39844 1.40625 2.40625 1.41406 2.41406 1.42188 2.42188 1.42969 2.42969 ]
[GRF_A][7][ 1.4375 2.4375 1.44531 2.44531 1.45312 2.45312 1.46094 2.46094 1.46875 2.46875 1.47656 2.47656 1.48438 2.48438 1.49219 2.49219 ]
[GRF_B][0][ 2.29688 0 0 0 0 0 0 0 0 0 0 0 0 0 0 0 ]
[GRF_B][1][ 0 5.15625 0 0 0 0 0 0 0 0 0 0 0 0 0 0 ]
[GRF_B][2][ 0 0 3.53711 0 0 0 0 0 0 0 0 0 0 0 0 0 ]
[GRF_B][3][ 0 0 0 7.39844 0 0 0 0 0 0 0 0 0 0 0 0 ]
[GRF_B][4][ 0 0 0 0 4.79297 0 0 0 0 0 0 0 0 0 0 0 ]
[GRF_B][5][ 0 0 0 0 0 9.66406 0 0 0 0 0 0 0 0 0 0 ]
[GRF_B][6][ 0 0 0 0 0 0 4.875 0 0 0 0 0 0 0 0 0 ]
[GRF_B][7][ 0 0 0 0 0 0 0 0 0 0 0 0 0 0 0 0 ]
[M_OUT][0000000000000000000000000000000000000000000000000000000000000000000000000000000000000000000000000000000000000000000000000000000000000000000000000000000000000000000000000000000000000000000000000000000000000000000000000000000000000000000000000000000000000000]
[A_OUT][0000000000000000000000000000000000000000000000000000000000000000000000000000000000000000000000000000000000000000000000000000000000000000000000000000000000000000000000000000000000000000000000000000000000000000000000000000000000000000000000000000000000000000]

----------
READ ch0 ra0 bg0 b0 r1 c23|| [0] MAC GRF_B[0], GRF_A[0], EVEN_BANK, auto @ 6447
[BANK_R][ 0 0 0 0 0 0 0.8125 0 0 0 0 0 0 0 0 0 ]
[CMD]00111011000100001000000000000000(MAC GRF_B[0], GRF_A[0], EVEN_BANK, auto)
[SRF][0000000000000000000000000000000000000000000000000000000000000000000000000000000000000000000000000000000000000000000000000000000000000000000000000000000000000000000000000000000000000000000000000000000000000000000000000000000000000000000000000000000000000000]
[GRF_A][0][ 1 2 1.00781 2.00781 1.01562 2.01562 1.02344 2.02344 1.03125 2.03125 1.03906 2.03906 1.04688 2.04688 1.05469 2.05469 ]
[GRF_A][1][ 1.0625 2.0625 1.07031 2.07031 1.07812 2.07812 1.08594 2.08594 1.09375 2.09375 1.10156 2.10156 1.10938 2.10938 1.11719 2.11719 ]
[GRF_A][2][ 1.125 2.125 1.13281 2.13281 1.14062 2.14062 1.14844 2.14844 1.15625 2.15625 1.16406 2.16406 1.17188 2.17188 1.17969 2.17969 ]
[GRF_A][3][ 1.1875 2.1875 1.19531 2.19531 1.20312 2.20312 1.21094 2.21094 1.21875 2.21875 1.22656 2.22656 1.23438 2.23438 1.24219 2.24219 ]
[GRF_A][4][ 1.25 2.25 1.25781 2.25781 1.26562 2.26562 1.27344 2.27344 1.28125 2.28125 1.28906 2.28906 1.29688 2.29688 1.30469 2.30469 ]
[GRF_A][5][ 1.3125 2.3125 1.32031 2.32031 1.32812 2.32812 1.33594 2.33594 1.34375 2.34375 1.35156 2.35156 1.35938 2.35938 1.36719 2.36719 ]
[GRF_A][6][ 1.375 2.375 1.38281 2.38281 1.39062 2.39062 1.39844 2.39844 1.40625 2.40625 1.41406 2.41406 1.42188 2.42188 1.42969 2.42969 ]
[GRF_A][7][ 1.4375 2.4375 1.44531 2.44531 1.45312 2.45312 1.46094 2.46094 1.46875 2.46875 1.47656 2.47656 1.48438 2.48438 1.49219 2.49219 ]
[GRF_B][0][ 2.29688 0 0 0 0 0 0 0 0 0 0 0 0 0 0 0 ]
[GRF_B][1][ 0 5.15625 0 0 0 0 0 0 0 0 0 0 0 0 0 0 ]
[GRF_B][2][ 0 0 3.53711 0 0 0 0 0 0 0 0 0 0 0 0 0 ]
[GRF_B][3][ 0 0 0 7.39844 0 0 0 0 0 0 0 0 0 0 0 0 ]
[GRF_B][4][ 0 0 0 0 4.79297 0 0 0 0 0 0 0 0 0 0 0 ]
[GRF_B][5][ 0 0 0 0 0 9.66406 0 0 0 0 0 0 0 0 0 0 ]
[GRF_B][6][ 0 0 0 0 0 0 6.0625 0 0 0 0 0 0 0 0 0 ]
[GRF_B][7][ 0 0 0 0 0 0 0 0 0 0 0 0 0 0 0 0 ]
[M_OUT][0000000000000000000000000000000000000000000000000000000000000000000000000000000000000000000000000000000000000000000000000000000000000000000000000000000000000000000000000000000000000000000000000000000000000000000000000000000000000000000000000000000000000000]
[A_OUT][0000000000000000000000000000000000000000000000000000000000000000000000000000000000000000000000000000000000000000000000000000000000000000000000000000000000000000000000000000000000000000000000000000000000000000000000000000000000000000000000000000000000000000]

----------
READ ch0 ra0 bg0 b0 r1 c24|| [1] JUMP 7x [PC - 2] @ 6451
READ ch0 ra0 bg0 b0 r1 c24|| [0] MAC GRF_B[0], GRF_A[0], EVEN_BANK, auto @ 6451
[BANK_R][ 0 0 0 0 0 0 0 0.4375 0 0 0 0 0 0 0 0 ]
[CMD]00111011000100001000000000000000(MAC GRF_B[0], GRF_A[0], EVEN_BANK, auto)
[SRF][0000000000000000000000000000000000000000000000000000000000000000000000000000000000000000000000000000000000000000000000000000000000000000000000000000000000000000000000000000000000000000000000000000000000000000000000000000000000000000000000000000000000000000]
[GRF_A][0][ 1 2 1.00781 2.00781 1.01562 2.01562 1.02344 2.02344 1.03125 2.03125 1.03906 2.03906 1.04688 2.04688 1.05469 2.05469 ]
[GRF_A][1][ 1.0625 2.0625 1.07031 2.07031 1.07812 2.07812 1.08594 2.08594 1.09375 2.09375 1.10156 2.10156 1.10938 2.10938 1.11719 2.11719 ]
[GRF_A][2][ 1.125 2.125 1.13281 2.13281 1.14062 2.14062 1.14844 2.14844 1.15625 2.15625 1.16406 2.16406 1.17188 2.17188 1.17969 2.17969 ]
[GRF_A][3][ 1.1875 2.1875 1.19531 2.19531 1.20312 2.20312 1.21094 2.21094 1.21875 2.21875 1.22656 2.22656 1.23438 2.23438 1.24219 2.24219 ]
[GRF_A][4][ 1.25 2.25 1.25781 2.25781 1.26562 2.26562 1.27344 2.27344 1.28125 2.28125 1.28906 2.28906 1.29688 2.29688 1.30469 2.30469 ]
[GRF_A][5][ 1.3125 2.3125 1.32031 2.32031 1.32812 2.32812 1.33594 2.33594 1.34375 2.34375 1.35156 2.35156 1.35938 2.35938 1.36719 2.36719 ]
[GRF_A][6][ 1.375 2.375 1.38281 2.38281 1.39062 2.39062 1.39844 2.39844 1.40625 2.40625 1.41406 2.41406 1.42188 2.42188 1.42969 2.42969 ]
[GRF_A][7][ 1.4375 2.4375 1.44531 2.44531 1.45312 2.45312 1.46094 2.46094 1.46875 2.46875 1.47656 2.47656 1.48438 2.48438 1.49219 2.49219 ]
[GRF_B][0][ 2.29688 0 0 0 0 0 0 0 0 0 0 0 0 0 0 0 ]
[GRF_B][1][ 0 5.15625 0 0 0 0 0 0 0 0 0 0 0 0 0 0 ]
[GRF_B][2][ 0 0 3.53711 0 0 0 0 0 0 0 0 0 0 0 0 0 ]
[GRF_B][3][ 0 0 0 7.39844 0 0 0 0 0 0 0 0 0 0 0 0 ]
[GRF_B][4][ 0 0 0 0 4.79297 0 0 0 0 0 0 0 0 0 0 0 ]
[GRF_B][5][ 0 0 0 0 0 9.66406 0 0 0 0 0 0 0 0 0 0 ]
[GRF_B][6][ 0 0 0 0 0 0 6.0625 0 0 0 0 0 0 0 0 0 ]
[GRF_B][7][ 0 0 0 0 0 0 0 0.885254 0 0 0 0 0 0 0 0 ]
[M_OUT][0000000000000000000000000000000000000000000000000000000000000000000000000000000000000000000000000000000000000000000000000000000000000000000000000000000000000000000000000000000000000000000000000000000000000000000000000000000000000000000000000000000000000000]
[A_OUT][0000000000000000000000000000000000000000000000000000000000000000000000000000000000000000000000000000000000000000000000000000000000000000000000000000000000000000000000000000000000000000000000000000000000000000000000000000000000000000000000000000000000000000]

----------
READ ch0 ra0 bg0 b0 r1 c25|| [0] MAC GRF_B[0], GRF_A[0], EVEN_BANK, auto @ 6455
[BANK_R][ 0 0 0 0 0 0 0 0.5 0 0 0 0 0 0 0 0 ]
[CMD]00111011000100001000000000000000(MAC GRF_B[0], GRF_A[0], EVEN_BANK, auto)
[SRF][0000000000000000000000000000000000000000000000000000000000000000000000000000000000000000000000000000000000000000000000000000000000000000000000000000000000000000000000000000000000000000000000000000000000000000000000000000000000000000000000000000000000000000]
[GRF_A][0][ 1 2 1.00781 2.00781 1.01562 2.01562 1.02344 2.02344 1.03125 2.03125 1.03906 2.03906 1.04688 2.04688 1.05469 2.05469 ]
[GRF_A][1][ 1.0625 2.0625 1.07031 2.07031 1.07812 2.07812 1.08594 2.08594 1.09375 2.09375 1.10156 2.10156 1.10938 2.10938 1.11719 2.11719 ]
[GRF_A][2][ 1.125 2.125 1.13281 2.13281 1.14062 2.14062 1.14844 2.14844 1.15625 2.15625 1.16406 2.16406 1.17188 2.17188 1.17969 2.17969 ]
[GRF_A][3][ 1.1875 2.1875 1.19531 2.19531 1.20312 2.20312 1.21094 2.21094 1.21875 2.21875 1.22656 2.22656 1.23438 2.23438 1.24219 2.24219 ]
[GRF_A][4][ 1.25 2.25 1.25781 2.25781 1.26562 2.26562 1.27344 2.27344 1.28125 2.28125 1.28906 2.28906 1.29688 2.29688 1.30469 2.30469 ]
[GRF_A][5][ 1.3125 2.3125 1.32031 2.32031 1.32812 2.32812 1.33594 2.33594 1.34375 2.34375 1.35156 2.35156 1.35938 2.35938 1.36719 2.36719 ]
[GRF_A][6][ 1.375 2.375 1.38281 2.38281 1.39062 2.39062 1.39844 2.39844 1.40625 2.40625 1.41406 2.41406 1.42188 2.42188 1.42969 2.42969 ]
[GRF_A][7][ 1.4375 2.4375 1.44531 2.44531 1.45312 2.45312 1.46094 2.46094 1.46875 2.46875 1.47656 2.47656 1.48438 2.48438 1.49219 2.49219 ]
[GRF_B][0][ 2.29688 0 0 0 0 0 0 0 0 0 0 0 0 0 0 0 ]
[GRF_B][1][ 0 5.15625 0 0 0 0 0 0 0 0 0 0 0 0 0 0 ]
[GRF_B][2][ 0 0 3.53711 0 0 0 0 0 0 0 0 0 0 0 0 0 ]
[GRF_B][3][ 0 0 0 7.39844 0 0 0 0 0 0 0 0 0 0 0 0 ]
[GRF_B][4][ 0 0 0 0 4.79297 0 0 0 0 0 0 0 0 0 0 0 ]
[GRF_B][5][ 0 0 0 0 0 9.66406 0 0 0 0 0 0 0 0 0 0 ]
[GRF_B][6][ 0 0 0 0 0 0 6.0625 0 0 0 0 0 0 0 0 0 ]
[GRF_B][7][ 0 0 0 0 0 0 0 1.92773 0 0 0 0 0 0 0 0 ]
[M_OUT][0000000000000000000000000000000000000000000000000000000000000000000000000000000000000000000000000000000000000000000000000000000000000000000000000000000000000000000000000000000000000000000000000000000000000000000000000000000000000000000000000000000000000000]
[A_OUT][0000000000000000000000000000000000000000000000000000000000000000000000000000000000000000000000000000000000000000000000000000000000000000000000000000000000000000000000000000000000000000000000000000000000000000000000000000000000000000000000000000000000000000]

----------
READ ch0 ra0 bg0 b0 r1 c26|| [0] MAC GRF_B[0], GRF_A[0], EVEN_BANK, auto @ 6459
[BANK_R][ 0 0 0 0 0 0 0 0.5625 0 0 0 0 0 0 0 0 ]
[CMD]00111011000100001000000000000000(MAC GRF_B[0], GRF_A[0], EVEN_BANK, auto)
[SRF][0000000000000000000000000000000000000000000000000000000000000000000000000000000000000000000000000000000000000000000000000000000000000000000000000000000000000000000000000000000000000000000000000000000000000000000000000000000000000000000000000000000000000000]
[GRF_A][0][ 1 2 1.00781 2.00781 1.01562 2.01562 1.02344 2.02344 1.03125 2.03125 1.03906 2.03906 1.04688 2.04688 1.05469 2.05469 ]
[GRF_A][1][ 1.0625 2.0625 1.07031 2.07031 1.07812 2.07812 1.08594 2.08594 1.09375 2.09375 1.10156 2.10156 1.10938 2.10938 1.11719 2.11719 ]
[GRF_A][2][ 1.125 2.125 1.13281 2.13281 1.14062 2.14062 1.14844 2.14844 1.15625 2.15625 1.16406 2.16406 1.17188 2.17188 1.17969 2.17969 ]
[GRF_A][3][ 1.1875 2.1875 1.19531 2.19531 1.20312 2.20312 1.21094 2.21094 1.21875 2.21875 1.22656 2.22656 1.23438 2.23438 1.24219 2.24219 ]
[GRF_A][4][ 1.25 2.25 1.25781 2.25781 1.26562 2.26562 1.27344 2.27344 1.28125 2.28125 1.28906 2.28906 1.29688 2.29688 1.30469 2.30469 ]
[GRF_A][5][ 1.3125 2.3125 1.32031 2.32031 1.32812 2.32812 1.33594 2.33594 1.34375 2.34375 1.35156 2.35156 1.35938 2.35938 1.36719 2.36719 ]
[GRF_A][6][ 1.375 2.375 1.38281 2.38281 1.39062 2.39062 1.39844 2.39844 1.40625 2.40625 1.41406 2.41406 1.42188 2.42188 1.42969 2.42969 ]
[GRF_A][7][ 1.4375 2.4375 1.44531 2.44531 1.45312 2.45312 1.46094 2.46094 1.46875 2.46875 1.47656 2.47656 1.48438 2.48438 1.49219 2.49219 ]
[GRF_B][0][ 2.29688 0 0 0 0 0 0 0 0 0 0 0 0 0 0 0 ]
[GRF_B][1][ 0 5.15625 0 0 0 0 0 0 0 0 0 0 0 0 0 0 ]
[GRF_B][2][ 0 0 3.53711 0 0 0 0 0 0 0 0 0 0 0 0 0 ]
[GRF_B][3][ 0 0 0 7.39844 0 0 0 0 0 0 0 0 0 0 0 0 ]
[GRF_B][4][ 0 0 0 0 4.79297 0 0 0 0 0 0 0 0 0 0 0 ]
[GRF_B][5][ 0 0 0 0 0 9.66406 0 0 0 0 0 0 0 0 0 0 ]
[GRF_B][6][ 0 0 0 0 0 0 6.0625 0 0 0 0 0 0 0 0 0 ]
[GRF_B][7][ 0 0 0 0 0 0 0 3.13672 0 0 0 0 0 0 0 0 ]
[M_OUT][0000000000000000000000000000000000000000000000000000000000000000000000000000000000000000000000000000000000000000000000000000000000000000000000000000000000000000000000000000000000000000000000000000000000000000000000000000000000000000000000000000000000000000]
[A_OUT][0000000000000000000000000000000000000000000000000000000000000000000000000000000000000000000000000000000000000000000000000000000000000000000000000000000000000000000000000000000000000000000000000000000000000000000000000000000000000000000000000000000000000000]

----------
READ ch0 ra0 bg0 b0 r1 c27|| [0] MAC GRF_B[0], GRF_A[0], EVEN_BANK, auto @ 6463
[BANK_R][ 0 0 0 0 0 0 0 0.625 0 0 0 0 0 0 0 0 ]
[CMD]00111011000100001000000000000000(MAC GRF_B[0], GRF_A[0], EVEN_BANK, auto)
[SRF][0000000000000000000000000000000000000000000000000000000000000000000000000000000000000000000000000000000000000000000000000000000000000000000000000000000000000000000000000000000000000000000000000000000000000000000000000000000000000000000000000000000000000000]
[GRF_A][0][ 1 2 1.00781 2.00781 1.01562 2.01562 1.02344 2.02344 1.03125 2.03125 1.03906 2.03906 1.04688 2.04688 1.05469 2.05469 ]
[GRF_A][1][ 1.0625 2.0625 1.07031 2.07031 1.07812 2.07812 1.08594 2.08594 1.09375 2.09375 1.10156 2.10156 1.10938 2.10938 1.11719 2.11719 ]
[GRF_A][2][ 1.125 2.125 1.13281 2.13281 1.14062 2.14062 1.14844 2.14844 1.15625 2.15625 1.16406 2.16406 1.17188 2.17188 1.17969 2.17969 ]
[GRF_A][3][ 1.1875 2.1875 1.19531 2.19531 1.20312 2.20312 1.21094 2.21094 1.21875 2.21875 1.22656 2.22656 1.23438 2.23438 1.24219 2.24219 ]
[GRF_A][4][ 1.25 2.25 1.25781 2.25781 1.26562 2.26562 1.27344 2.27344 1.28125 2.28125 1.28906 2.28906 1.29688 2.29688 1.30469 2.30469 ]
[GRF_A][5][ 1.3125 2.3125 1.32031 2.32031 1.32812 2.32812 1.33594 2.33594 1.34375 2.34375 1.35156 2.35156 1.35938 2.35938 1.36719 2.36719 ]
[GRF_A][6][ 1.375 2.375 1.38281 2.38281 1.39062 2.39062 1.39844 2.39844 1.40625 2.40625 1.41406 2.41406 1.42188 2.42188 1.42969 2.42969 ]
[GRF_A][7][ 1.4375 2.4375 1.44531 2.44531 1.45312 2.45312 1.46094 2.46094 1.46875 2.46875 1.47656 2.47656 1.48438 2.48438 1.49219 2.49219 ]
[GRF_B][0][ 2.29688 0 0 0 0 0 0 0 0 0 0 0 0 0 0 0 ]
[GRF_B][1][ 0 5.15625 0 0 0 0 0 0 0 0 0 0 0 0 0 0 ]
[GRF_B][2][ 0 0 3.53711 0 0 0 0 0 0 0 0 0 0 0 0 0 ]
[GRF_B][3][ 0 0 0 7.39844 0 0 0 0 0 0 0 0 0 0 0 0 ]
[GRF_B][4][ 0 0 0 0 4.79297 0 0 0 0 0 0 0 0 0 0 0 ]
[GRF_B][5][ 0 0 0 0 0 9.66406 0 0 0 0 0 0 0 0 0 0 ]
[GRF_B][6][ 0 0 0 0 0 0 6.0625 0 0 0 0 0 0 0 0 0 ]
[GRF_B][7][ 0 0 0 0 0 0 0 4.51953 0 0 0 0 0 0 0 0 ]
[M_OUT][0000000000000000000000000000000000000000000000000000000000000000000000000000000000000000000000000000000000000000000000000000000000000000000000000000000000000000000000000000000000000000000000000000000000000000000000000000000000000000000000000000000000000000]
[A_OUT][0000000000000000000000000000000000000000000000000000000000000000000000000000000000000000000000000000000000000000000000000000000000000000000000000000000000000000000000000000000000000000000000000000000000000000000000000000000000000000000000000000000000000000]

----------
READ ch0 ra0 bg0 b0 r1 c28|| [0] MAC GRF_B[0], GRF_A[0], EVEN_BANK, auto @ 6467
[BANK_R][ 0 0 0 0 0 0 0 0.6875 0 0 0 0 0 0 0 0 ]
[CMD]00111011000100001000000000000000(MAC GRF_B[0], GRF_A[0], EVEN_BANK, auto)
[SRF][0000000000000000000000000000000000000000000000000000000000000000000000000000000000000000000000000000000000000000000000000000000000000000000000000000000000000000000000000000000000000000000000000000000000000000000000000000000000000000000000000000000000000000]
[GRF_A][0][ 1 2 1.00781 2.00781 1.01562 2.01562 1.02344 2.02344 1.03125 2.03125 1.03906 2.03906 1.04688 2.04688 1.05469 2.05469 ]
[GRF_A][1][ 1.0625 2.0625 1.07031 2.07031 1.07812 2.07812 1.08594 2.08594 1.09375 2.09375 1.10156 2.10156 1.10938 2.10938 1.11719 2.11719 ]
[GRF_A][2][ 1.125 2.125 1.13281 2.13281 1.14062 2.14062 1.14844 2.14844 1.15625 2.15625 1.16406 2.16406 1.17188 2.17188 1.17969 2.17969 ]
[GRF_A][3][ 1.1875 2.1875 1.19531 2.19531 1.20312 2.20312 1.21094 2.21094 1.21875 2.21875 1.22656 2.22656 1.23438 2.23438 1.24219 2.24219 ]
[GRF_A][4][ 1.25 2.25 1.25781 2.25781 1.26562 2.26562 1.27344 2.27344 1.28125 2.28125 1.28906 2.28906 1.29688 2.29688 1.30469 2.30469 ]
[GRF_A][5][ 1.3125 2.3125 1.32031 2.32031 1.32812 2.32812 1.33594 2.33594 1.34375 2.34375 1.35156 2.35156 1.35938 2.35938 1.36719 2.36719 ]
[GRF_A][6][ 1.375 2.375 1.38281 2.38281 1.39062 2.39062 1.39844 2.39844 1.40625 2.40625 1.41406 2.41406 1.42188 2.42188 1.42969 2.42969 ]
[GRF_A][7][ 1.4375 2.4375 1.44531 2.44531 1.45312 2.45312 1.46094 2.46094 1.46875 2.46875 1.47656 2.47656 1.48438 2.48438 1.49219 2.49219 ]
[GRF_B][0][ 2.29688 0 0 0 0 0 0 0 0 0 0 0 0 0 0 0 ]
[GRF_B][1][ 0 5.15625 0 0 0 0 0 0 0 0 0 0 0 0 0 0 ]
[GRF_B][2][ 0 0 3.53711 0 0 0 0 0 0 0 0 0 0 0 0 0 ]
[GRF_B][3][ 0 0 0 7.39844 0 0 0 0 0 0 0 0 0 0 0 0 ]
[GRF_B][4][ 0 0 0 0 4.79297 0 0 0 0 0 0 0 0 0 0 0 ]
[GRF_B][5][ 0 0 0 0 0 9.66406 0 0 0 0 0 0 0 0 0 0 ]
[GRF_B][6][ 0 0 0 0 0 0 6.0625 0 0 0 0 0 0 0 0 0 ]
[GRF_B][7][ 0 0 0 0 0 0 0 6.08203 0 0 0 0 0 0 0 0 ]
[M_OUT][0000000000000000000000000000000000000000000000000000000000000000000000000000000000000000000000000000000000000000000000000000000000000000000000000000000000000000000000000000000000000000000000000000000000000000000000000000000000000000000000000000000000000000]
[A_OUT][0000000000000000000000000000000000000000000000000000000000000000000000000000000000000000000000000000000000000000000000000000000000000000000000000000000000000000000000000000000000000000000000000000000000000000000000000000000000000000000000000000000000000000]

----------
READ ch0 ra0 bg0 b0 r1 c29|| [0] MAC GRF_B[0], GRF_A[0], EVEN_BANK, auto @ 6471
[BANK_R][ 0 0 0 0 0 0 0 0.75 0 0 0 0 0 0 0 0 ]
[CMD]00111011000100001000000000000000(MAC GRF_B[0], GRF_A[0], EVEN_BANK, auto)
[SRF][0000000000000000000000000000000000000000000000000000000000000000000000000000000000000000000000000000000000000000000000000000000000000000000000000000000000000000000000000000000000000000000000000000000000000000000000000000000000000000000000000000000000000000]
[GRF_A][0][ 1 2 1.00781 2.00781 1.01562 2.01562 1.02344 2.02344 1.03125 2.03125 1.03906 2.03906 1.04688 2.04688 1.05469 2.05469 ]
[GRF_A][1][ 1.0625 2.0625 1.07031 2.07031 1.07812 2.07812 1.08594 2.08594 1.09375 2.09375 1.10156 2.10156 1.10938 2.10938 1.11719 2.11719 ]
[GRF_A][2][ 1.125 2.125 1.13281 2.13281 1.14062 2.14062 1.14844 2.14844 1.15625 2.15625 1.16406 2.16406 1.17188 2.17188 1.17969 2.17969 ]
[GRF_A][3][ 1.1875 2.1875 1.19531 2.19531 1.20312 2.20312 1.21094 2.21094 1.21875 2.21875 1.22656 2.22656 1.23438 2.23438 1.24219 2.24219 ]
[GRF_A][4][ 1.25 2.25 1.25781 2.25781 1.26562 2.26562 1.27344 2.27344 1.28125 2.28125 1.28906 2.28906 1.29688 2.29688 1.30469 2.30469 ]
[GRF_A][5][ 1.3125 2.3125 1.32031 2.32031 1.32812 2.32812 1.33594 2.33594 1.34375 2.34375 1.35156 2.35156 1.35938 2.35938 1.36719 2.36719 ]
[GRF_A][6][ 1.375 2.375 1.38281 2.38281 1.39062 2.39062 1.39844 2.39844 1.40625 2.40625 1.41406 2.41406 1.42188 2.42188 1.42969 2.42969 ]
[GRF_A][7][ 1.4375 2.4375 1.44531 2.44531 1.45312 2.45312 1.46094 2.46094 1.46875 2.46875 1.47656 2.47656 1.48438 2.48438 1.49219 2.49219 ]
[GRF_B][0][ 2.29688 0 0 0 0 0 0 0 0 0 0 0 0 0 0 0 ]
[GRF_B][1][ 0 5.15625 0 0 0 0 0 0 0 0 0 0 0 0 0 0 ]
[GRF_B][2][ 0 0 3.53711 0 0 0 0 0 0 0 0 0 0 0 0 0 ]
[GRF_B][3][ 0 0 0 7.39844 0 0 0 0 0 0 0 0 0 0 0 0 ]
[GRF_B][4][ 0 0 0 0 4.79297 0 0 0 0 0 0 0 0 0 0 0 ]
[GRF_B][5][ 0 0 0 0 0 9.66406 0 0 0 0 0 0 0 0 0 0 ]
[GRF_B][6][ 0 0 0 0 0 0 6.0625 0 0 0 0 0 0 0 0 0 ]
[GRF_B][7][ 0 0 0 0 0 0 0 7.83594 0 0 0 0 0 0 0 0 ]
[M_OUT][0000000000000000000000000000000000000000000000000000000000000000000000000000000000000000000000000000000000000000000000000000000000000000000000000000000000000000000000000000000000000000000000000000000000000000000000000000000000000000000000000000000000000000]
[A_OUT][0000000000000000000000000000000000000000000000000000000000000000000000000000000000000000000000000000000000000000000000000000000000000000000000000000000000000000000000000000000000000000000000000000000000000000000000000000000000000000000000000000000000000000]

----------
READ ch0 ra0 bg0 b0 r1 c30|| [0] MAC GRF_B[0], GRF_A[0], EVEN_BANK, auto @ 6475
[BANK_R][ 0 0 0 0 0 0 0 0.8125 0 0 0 0 0 0 0 0 ]
[CMD]00111011000100001000000000000000(MAC GRF_B[0], GRF_A[0], EVEN_BANK, auto)
[SRF][0000000000000000000000000000000000000000000000000000000000000000000000000000000000000000000000000000000000000000000000000000000000000000000000000000000000000000000000000000000000000000000000000000000000000000000000000000000000000000000000000000000000000000]
[GRF_A][0][ 1 2 1.00781 2.00781 1.01562 2.01562 1.02344 2.02344 1.03125 2.03125 1.03906 2.03906 1.04688 2.04688 1.05469 2.05469 ]
[GRF_A][1][ 1.0625 2.0625 1.07031 2.07031 1.07812 2.07812 1.08594 2.08594 1.09375 2.09375 1.10156 2.10156 1.10938 2.10938 1.11719 2.11719 ]
[GRF_A][2][ 1.125 2.125 1.13281 2.13281 1.14062 2.14062 1.14844 2.14844 1.15625 2.15625 1.16406 2.16406 1.17188 2.17188 1.17969 2.17969 ]
[GRF_A][3][ 1.1875 2.1875 1.19531 2.19531 1.20312 2.20312 1.21094 2.21094 1.21875 2.21875 1.22656 2.22656 1.23438 2.23438 1.24219 2.24219 ]
[GRF_A][4][ 1.25 2.25 1.25781 2.25781 1.26562 2.26562 1.27344 2.27344 1.28125 2.28125 1.28906 2.28906 1.29688 2.29688 1.30469 2.30469 ]
[GRF_A][5][ 1.3125 2.3125 1.32031 2.32031 1.32812 2.32812 1.33594 2.33594 1.34375 2.34375 1.35156 2.35156 1.35938 2.35938 1.36719 2.36719 ]
[GRF_A][6][ 1.375 2.375 1.38281 2.38281 1.39062 2.39062 1.39844 2.39844 1.40625 2.40625 1.41406 2.41406 1.42188 2.42188 1.42969 2.42969 ]
[GRF_A][7][ 1.4375 2.4375 1.44531 2.44531 1.45312 2.45312 1.46094 2.46094 1.46875 2.46875 1.47656 2.47656 1.48438 2.48438 1.49219 2.49219 ]
[GRF_B][0][ 2.29688 0 0 0 0 0 0 0 0 0 0 0 0 0 0 0 ]
[GRF_B][1][ 0 5.15625 0 0 0 0 0 0 0 0 0 0 0 0 0 0 ]
[GRF_B][2][ 0 0 3.53711 0 0 0 0 0 0 0 0 0 0 0 0 0 ]
[GRF_B][3][ 0 0 0 7.39844 0 0 0 0 0 0 0 0 0 0 0 0 ]
[GRF_B][4][ 0 0 0 0 4.79297 0 0 0 0 0 0 0 0 0 0 0 ]
[GRF_B][5][ 0 0 0 0 0 9.66406 0 0 0 0 0 0 0 0 0 0 ]
[GRF_B][6][ 0 0 0 0 0 0 6.0625 0 0 0 0 0 0 0 0 0 ]
[GRF_B][7][ 0 0 0 0 0 0 0 9.78125 0 0 0 0 0 0 0 0 ]
[M_OUT][0000000000000000000000000000000000000000000000000000000000000000000000000000000000000000000000000000000000000000000000000000000000000000000000000000000000000000000000000000000000000000000000000000000000000000000000000000000000000000000000000000000000000000]
[A_OUT][0000000000000000000000000000000000000000000000000000000000000000000000000000000000000000000000000000000000000000000000000000000000000000000000000000000000000000000000000000000000000000000000000000000000000000000000000000000000000000000000000000000000000000]

----------
ACTIVATE ch[0] ra[0] bg[0] ba[1] ro[16383] co[8] @6475 tag : WRIO_TO_GRF_
READ ch0 ra0 bg0 b0 r1 c31|| [0] MAC GRF_B[0], GRF_A[0], EVEN_BANK, auto @ 6479
[BANK_R][ 0 0 0 0 0 0 0 0.875 0 0 0 0 0 0 0 0 ]
[CMD]00111011000100001000000000000000(MAC GRF_B[0], GRF_A[0], EVEN_BANK, auto)
[SRF][0000000000000000000000000000000000000000000000000000000000000000000000000000000000000000000000000000000000000000000000000000000000000000000000000000000000000000000000000000000000000000000000000000000000000000000000000000000000000000000000000000000000000000]
[GRF_A][0][ 1 2 1.00781 2.00781 1.01562 2.01562 1.02344 2.02344 1.03125 2.03125 1.03906 2.03906 1.04688 2.04688 1.05469 2.05469 ]
[GRF_A][1][ 1.0625 2.0625 1.07031 2.07031 1.07812 2.07812 1.08594 2.08594 1.09375 2.09375 1.10156 2.10156 1.10938 2.10938 1.11719 2.11719 ]
[GRF_A][2][ 1.125 2.125 1.13281 2.13281 1.14062 2.14062 1.14844 2.14844 1.15625 2.15625 1.16406 2.16406 1.17188 2.17188 1.17969 2.17969 ]
[GRF_A][3][ 1.1875 2.1875 1.19531 2.19531 1.20312 2.20312 1.21094 2.21094 1.21875 2.21875 1.22656 2.22656 1.23438 2.23438 1.24219 2.24219 ]
[GRF_A][4][ 1.25 2.25 1.25781 2.25781 1.26562 2.26562 1.27344 2.27344 1.28125 2.28125 1.28906 2.28906 1.29688 2.29688 1.30469 2.30469 ]
[GRF_A][5][ 1.3125 2.3125 1.32031 2.32031 1.32812 2.32812 1.33594 2.33594 1.34375 2.34375 1.35156 2.35156 1.35938 2.35938 1.36719 2.36719 ]
[GRF_A][6][ 1.375 2.375 1.38281 2.38281 1.39062 2.39062 1.39844 2.39844 1.40625 2.40625 1.41406 2.41406 1.42188 2.42188 1.42969 2.42969 ]
[GRF_A][7][ 1.4375 2.4375 1.44531 2.44531 1.45312 2.45312 1.46094 2.46094 1.46875 2.46875 1.47656 2.47656 1.48438 2.48438 1.49219 2.49219 ]
[GRF_B][0][ 2.29688 0 0 0 0 0 0 0 0 0 0 0 0 0 0 0 ]
[GRF_B][1][ 0 5.15625 0 0 0 0 0 0 0 0 0 0 0 0 0 0 ]
[GRF_B][2][ 0 0 3.53711 0 0 0 0 0 0 0 0 0 0 0 0 0 ]
[GRF_B][3][ 0 0 0 7.39844 0 0 0 0 0 0 0 0 0 0 0 0 ]
[GRF_B][4][ 0 0 0 0 4.79297 0 0 0 0 0 0 0 0 0 0 0 ]
[GRF_B][5][ 0 0 0 0 0 9.66406 0 0 0 0 0 0 0 0 0 0 ]
[GRF_B][6][ 0 0 0 0 0 0 6.0625 0 0 0 0 0 0 0 0 0 ]
[GRF_B][7][ 0 0 0 0 0 0 0 11.9375 0 0 0 0 0 0 0 0 ]
[M_OUT][0000000000000000000000000000000000000000000000000000000000000000000000000000000000000000000000000000000000000000000000000000000000000000000000000000000000000000000000000000000000000000000000000000000000000000000000000000000000000000000000000000000000000000]
[A_OUT][0000000000000000000000000000000000000000000000000000000000000000000000000000000000000000000000000000000000000000000000000000000000000000000000000000000000000000000000000000000000000000000000000000000000000000000000000000000000000000000000000000000000000000]

----------
PRECHARGE ch[0] ra[0] bg[0] ba[0] ro[1] @6481
BWRITE_GRF_A ch[0] ra[0] reg[0] @6494
BWRITE_GRF_A ch[0] ra[0] reg[1] @6498
BWRITE_GRF_A ch[0] ra[0] reg[2] @6502
BWRITE_GRF_A ch[0] ra[0] reg[3] @6506
BWRITE_GRF_A ch[0] ra[0] reg[4] @6510
BWRITE_GRF_A ch[0] ra[0] reg[5] @6514
BWRITE_GRF_A ch[0] ra[0] reg[6] @6518
BWRITE_GRF_A ch[0] ra[0] reg[7] @6522
PRECHARGE ch[0] ra[0] bg[0] ba[1] ro[3] @6547
ACTIVATE ch[0] ra[0] bg[0] ba[1] ro[0] co[0] @6561 tag : MAC_
READ ch0 ra0 bg0 b1 r0 c0|| [1] JUMP 7x [PC - 2] @ 6576
READ ch0 ra0 bg0 b1 r0 c0|| [2] MAC GRF_B[0], GRF_A[0], ODD_BANK, auto @ 6576
[BANK_R][ 0.5 0 0 0 0 0 0 0 0 0 0 0 0 0 0 0 ]
[CMD]00111011000110001000000000000000(MAC GRF_B[0], GRF_A[0], ODD_BANK, auto)
[SRF][0000000000000000000000000000000000000000000000000000000000000000000000000000000000000000000000000000000000000000000000000000000000000000000000000000000000000000000000000000000000000000000000000000000000000000000000000000000000000000000000000000000000000000]
[GRF_A][0][ 1.5 2.5 1.50781 2.50781 1.51562 2.51562 1.52344 2.52344 1.53125 2.53125 1.53906 2.53906 1.54688 2.54688 1.55469 2.55469 ]
[GRF_A][1][ 1.5625 2.5625 1.57031 2.57031 1.57812 2.57812 1.58594 2.58594 1.59375 2.59375 1.60156 2.60156 1.60938 2.60938 1.61719 2.61719 ]
[GRF_A][2][ 1.625 2.625 1.63281 2.63281 1.64062 2.64062 1.64844 2.64844 1.65625 2.65625 1.66406 2.66406 1.67188 2.67188 1.67969 2.67969 ]
[GRF_A][3][ 1.6875 2.6875 1.69531 2.69531 1.70312 2.70312 1.71094 2.71094 1.71875 2.71875 1.72656 2.72656 1.73438 2.73438 1.74219 2.74219 ]
[GRF_A][4][ 1.75 2.75 1.75781 2.75781 1.76562 2.76562 1.77344 2.77344 1.78125 2.78125 1.78906 2.78906 1.79688 2.79688 1.80469 2.80469 ]
[GRF_A][5][ 1.8125 2.8125 1.82031 2.82031 1.82812 2.82812 1.83594 2.83594 1.84375 2.84375 1.85156 2.85156 1.85938 2.85938 1.86719 2.86719 ]
[GRF_A][6][ 1.875 2.875 1.88281 2.88281 1.89062 2.89062 1.89844 2.89844 1.90625 2.90625 1.91406 2.91406 1.92188 2.92188 1.92969 2.92969 ]
[GRF_A][7][ 1.9375 2.9375 1.94531 2.94531 1.95312 2.95312 1.96094 2.96094 1.96875 2.96875 1.97656 2.97656 1.98438 2.98438 1.99219 2.99219 ]
[GRF_B][0][ 3.04688 0 0 0 0 0 0 0 0 0 0 0 0 0 0 0 ]
[GRF_B][1][ 0 5.15625 0 0 0 0 0 0 0 0 0 0 0 0 0 0 ]
[GRF_B][2][ 0 0 3.53711 0 0 0 0 0 0 0 0 0 0 0 0 0 ]
[GRF_B][3][ 0 0 0 7.39844 0 0 0 0 0 0 0 0 0 0 0 0 ]
[GRF_B][4][ 0 0 0 0 4.79297 0 0 0 0 0 0 0 0 0 0 0 ]
[GRF_B][5][ 0 0 0 0 0 9.66406 0 0 0 0 0 0 0 0 0 0 ]
[GRF_B][6][ 0 0 0 0 0 0 6.0625 0 0 0 0 0 0 0 0 0 ]
[GRF_B][7][ 0 0 0 0 0 0 0 11.9375 0 0 0 0 0 0 0 0 ]
[M_OUT][0000000000000000000000000000000000000000000000000000000000000000000000000000000000000000000000000000000000000000000000000000000000000000000000000000000000000000000000000000000000000000000000000000000000000000000000000000000000000000000000000000000000000000]
[A_OUT][0000000000000000000000000000000000000000000000000000000000000000000000000000000000000000000000000000000000000000000000000000000000000000000000000000000000000000000000000000000000000000000000000000000000000000000000000000000000000000000000000000000000000000]

----------
READ ch0 ra0 bg0 b1 r0 c1|| [2] MAC GRF_B[0], GRF_A[0], ODD_BANK, auto @ 6580
[BANK_R][ 0.5625 0 0 0 0 0 0 0 0 0 0 0 0 0 0 0 ]
[CMD]00111011000110001000000000000000(MAC GRF_B[0], GRF_A[0], ODD_BANK, auto)
[SRF][0000000000000000000000000000000000000000000000000000000000000000000000000000000000000000000000000000000000000000000000000000000000000000000000000000000000000000000000000000000000000000000000000000000000000000000000000000000000000000000000000000000000000000]
[GRF_A][0][ 1.5 2.5 1.50781 2.50781 1.51562 2.51562 1.52344 2.52344 1.53125 2.53125 1.53906 2.53906 1.54688 2.54688 1.55469 2.55469 ]
[GRF_A][1][ 1.5625 2.5625 1.57031 2.57031 1.57812 2.57812 1.58594 2.58594 1.59375 2.59375 1.60156 2.60156 1.60938 2.60938 1.61719 2.61719 ]
[GRF_A][2][ 1.625 2.625 1.63281 2.63281 1.64062 2.64062 1.64844 2.64844 1.65625 2.65625 1.66406 2.66406 1.67188 2.67188 1.67969 2.67969 ]
[GRF_A][3][ 1.6875 2.6875 1.69531 2.69531 1.70312 2.70312 1.71094 2.71094 1.71875 2.71875 1.72656 2.72656 1.73438 2.73438 1.74219 2.74219 ]
[GRF_A][4][ 1.75 2.75 1.75781 2.75781 1.76562 2.76562 1.77344 2.77344 1.78125 2.78125 1.78906 2.78906 1.79688 2.79688 1.80469 2.80469 ]
[GRF_A][5][ 1.8125 2.8125 1.82031 2.82031 1.82812 2.82812 1.83594 2.83594 1.84375 2.84375 1.85156 2.85156 1.85938 2.85938 1.86719 2.86719 ]
[GRF_A][6][ 1.875 2.875 1.88281 2.88281 1.89062 2.89062 1.89844 2.89844 1.90625 2.90625 1.91406 2.91406 1.92188 2.92188 1.92969 2.92969 ]
[GRF_A][7][ 1.9375 2.9375 1.94531 2.94531 1.95312 2.95312 1.96094 2.96094 1.96875 2.96875 1.97656 2.97656 1.98438 2.98438 1.99219 2.99219 ]
[GRF_B][0][ 3.92578 0 0 0 0 0 0 0 0 0 0 0 0 0 0 0 ]
[GRF_B][1][ 0 5.15625 0 0 0 0 0 0 0 0 0 0 0 0 0 0 ]
[GRF_B][2][ 0 0 3.53711 0 0 0 0 0 0 0 0 0 0 0 0 0 ]
[GRF_B][3][ 0 0 0 7.39844 0 0 0 0 0 0 0 0 0 0 0 0 ]
[GRF_B][4][ 0 0 0 0 4.79297 0 0 0 0 0 0 0 0 0 0 0 ]
[GRF_B][5][ 0 0 0 0 0 9.66406 0 0 0 0 0 0 0 0 0 0 ]
[GRF_B][6][ 0 0 0 0 0 0 6.0625 0 0 0 0 0 0 0 0 0 ]
[GRF_B][7][ 0 0 0 0 0 0 0 11.9375 0 0 0 0 0 0 0 0 ]
[M_OUT][0000000000000000000000000000000000000000000000000000000000000000000000000000000000000000000000000000000000000000000000000000000000000000000000000000000000000000000000000000000000000000000000000000000000000000000000000000000000000000000000000000000000000000]
[A_OUT][0000000000000000000000000000000000000000000000000000000000000000000000000000000000000000000000000000000000000000000000000000000000000000000000000000000000000000000000000000000000000000000000000000000000000000000000000000000000000000000000000000000000000000]

----------
READ ch0 ra0 bg0 b1 r0 c2|| [2] MAC GRF_B[0], GRF_A[0], ODD_BANK, auto @ 6584
[BANK_R][ 0.625 0 0 0 0 0 0 0 0 0 0 0 0 0 0 0 ]
[CMD]00111011000110001000000000000000(MAC GRF_B[0], GRF_A[0], ODD_BANK, auto)
[SRF][0000000000000000000000000000000000000000000000000000000000000000000000000000000000000000000000000000000000000000000000000000000000000000000000000000000000000000000000000000000000000000000000000000000000000000000000000000000000000000000000000000000000000000]
[GRF_A][0][ 1.5 2.5 1.50781 2.50781 1.51562 2.51562 1.52344 2.52344 1.53125 2.53125 1.53906 2.53906 1.54688 2.54688 1.55469 2.55469 ]
[GRF_A][1][ 1.5625 2.5625 1.57031 2.57031 1.57812 2.57812 1.58594 2.58594 1.59375 2.59375 1.60156 2.60156 1.60938 2.60938 1.61719 2.61719 ]
[GRF_A][2][ 1.625 2.625 1.63281 2.63281 1.64062 2.64062 1.64844 2.64844 1.65625 2.65625 1.66406 2.66406 1.67188 2.67188 1.67969 2.67969 ]
[GRF_A][3][ 1.6875 2.6875 1.69531 2.69531 1.70312 2.70312 1.71094 2.71094 1.71875 2.71875 1.72656 2.72656 1.73438 2.73438 1.74219 2.74219 ]
[GRF_A][4][ 1.75 2.75 1.75781 2.75781 1.76562 2.76562 1.77344 2.77344 1.78125 2.78125 1.78906 2.78906 1.79688 2.79688 1.80469 2.80469 ]
[GRF_A][5][ 1.8125 2.8125 1.82031 2.82031 1.82812 2.82812 1.83594 2.83594 1.84375 2.84375 1.85156 2.85156 1.85938 2.85938 1.86719 2.86719 ]
[GRF_A][6][ 1.875 2.875 1.88281 2.88281 1.89062 2.89062 1.89844 2.89844 1.90625 2.90625 1.91406 2.91406 1.92188 2.92188 1.92969 2.92969 ]
[GRF_A][7][ 1.9375 2.9375 1.94531 2.94531 1.95312 2.95312 1.96094 2.96094 1.96875 2.96875 1.97656 2.97656 1.98438 2.98438 1.99219 2.99219 ]
[GRF_B][0][ 4.94141 0 0 0 0 0 0 0 0 0 0 0 0 0 0 0 ]
[GRF_B][1][ 0 5.15625 0 0 0 0 0 0 0 0 0 0 0 0 0 0 ]
[GRF_B][2][ 0 0 3.53711 0 0 0 0 0 0 0 0 0 0 0 0 0 ]
[GRF_B][3][ 0 0 0 7.39844 0 0 0 0 0 0 0 0 0 0 0 0 ]
[GRF_B][4][ 0 0 0 0 4.79297 0 0 0 0 0 0 0 0 0 0 0 ]
[GRF_B][5][ 0 0 0 0 0 9.66406 0 0 0 0 0 0 0 0 0 0 ]
[GRF_B][6][ 0 0 0 0 0 0 6.0625 0 0 0 0 0 0 0 0 0 ]
[GRF_B][7][ 0 0 0 0 0 0 0 11.9375 0 0 0 0 0 0 0 0 ]
[M_OUT][0000000000000000000000000000000000000000000000000000000000000000000000000000000000000000000000000000000000000000000000000000000000000000000000000000000000000000000000000000000000000000000000000000000000000000000000000000000000000000000000000000000000000000]
[A_OUT][0000000000000000000000000000000000000000000000000000000000000000000000000000000000000000000000000000000000000000000000000000000000000000000000000000000000000000000000000000000000000000000000000000000000000000000000000000000000000000000000000000000000000000]

----------
READ ch0 ra0 bg0 b1 r0 c3|| [2] MAC GRF_B[0], GRF_A[0], ODD_BANK, auto @ 6588
[BANK_R][ 0.6875 0 0 0 0 0 0 0 0 0 0 0 0 0 0 0 ]
[CMD]00111011000110001000000000000000(MAC GRF_B[0], GRF_A[0], ODD_BANK, auto)
[SRF][0000000000000000000000000000000000000000000000000000000000000000000000000000000000000000000000000000000000000000000000000000000000000000000000000000000000000000000000000000000000000000000000000000000000000000000000000000000000000000000000000000000000000000]
[GRF_A][0][ 1.5 2.5 1.50781 2.50781 1.51562 2.51562 1.52344 2.52344 1.53125 2.53125 1.53906 2.53906 1.54688 2.54688 1.55469 2.55469 ]
[GRF_A][1][ 1.5625 2.5625 1.57031 2.57031 1.57812 2.57812 1.58594 2.58594 1.59375 2.59375 1.60156 2.60156 1.60938 2.60938 1.61719 2.61719 ]
[GRF_A][2][ 1.625 2.625 1.63281 2.63281 1.64062 2.64062 1.64844 2.64844 1.65625 2.65625 1.66406 2.66406 1.67188 2.67188 1.67969 2.67969 ]
[GRF_A][3][ 1.6875 2.6875 1.69531 2.69531 1.70312 2.70312 1.71094 2.71094 1.71875 2.71875 1.72656 2.72656 1.73438 2.73438 1.74219 2.74219 ]
[GRF_A][4][ 1.75 2.75 1.75781 2.75781 1.76562 2.76562 1.77344 2.77344 1.78125 2.78125 1.78906 2.78906 1.79688 2.79688 1.80469 2.80469 ]
[GRF_A][5][ 1.8125 2.8125 1.82031 2.82031 1.82812 2.82812 1.83594 2.83594 1.84375 2.84375 1.85156 2.85156 1.85938 2.85938 1.86719 2.86719 ]
[GRF_A][6][ 1.875 2.875 1.88281 2.88281 1.89062 2.89062 1.89844 2.89844 1.90625 2.90625 1.91406 2.91406 1.92188 2.92188 1.92969 2.92969 ]
[GRF_A][7][ 1.9375 2.9375 1.94531 2.94531 1.95312 2.95312 1.96094 2.96094 1.96875 2.96875 1.97656 2.97656 1.98438 2.98438 1.99219 2.99219 ]
[GRF_B][0][ 6.10156 0 0 0 0 0 0 0 0 0 0 0 0 0 0 0 ]
[GRF_B][1][ 0 5.15625 0 0 0 0 0 0 0 0 0 0 0 0 0 0 ]
[GRF_B][2][ 0 0 3.53711 0 0 0 0 0 0 0 0 0 0 0 0 0 ]
[GRF_B][3][ 0 0 0 7.39844 0 0 0 0 0 0 0 0 0 0 0 0 ]
[GRF_B][4][ 0 0 0 0 4.79297 0 0 0 0 0 0 0 0 0 0 0 ]
[GRF_B][5][ 0 0 0 0 0 9.66406 0 0 0 0 0 0 0 0 0 0 ]
[GRF_B][6][ 0 0 0 0 0 0 6.0625 0 0 0 0 0 0 0 0 0 ]
[GRF_B][7][ 0 0 0 0 0 0 0 11.9375 0 0 0 0 0 0 0 0 ]
[M_OUT][0000000000000000000000000000000000000000000000000000000000000000000000000000000000000000000000000000000000000000000000000000000000000000000000000000000000000000000000000000000000000000000000000000000000000000000000000000000000000000000000000000000000000000]
[A_OUT][0000000000000000000000000000000000000000000000000000000000000000000000000000000000000000000000000000000000000000000000000000000000000000000000000000000000000000000000000000000000000000000000000000000000000000000000000000000000000000000000000000000000000000]

----------
READ ch0 ra0 bg0 b1 r0 c4|| [2] MAC GRF_B[0], GRF_A[0], ODD_BANK, auto @ 6592
[BANK_R][ 0.75 0 0 0 0 0 0 0 0 0 0 0 0 0 0 0 ]
[CMD]00111011000110001000000000000000(MAC GRF_B[0], GRF_A[0], ODD_BANK, auto)
[SRF][0000000000000000000000000000000000000000000000000000000000000000000000000000000000000000000000000000000000000000000000000000000000000000000000000000000000000000000000000000000000000000000000000000000000000000000000000000000000000000000000000000000000000000]
[GRF_A][0][ 1.5 2.5 1.50781 2.50781 1.51562 2.51562 1.52344 2.52344 1.53125 2.53125 1.53906 2.53906 1.54688 2.54688 1.55469 2.55469 ]
[GRF_A][1][ 1.5625 2.5625 1.57031 2.57031 1.57812 2.57812 1.58594 2.58594 1.59375 2.59375 1.60156 2.60156 1.60938 2.60938 1.61719 2.61719 ]
[GRF_A][2][ 1.625 2.625 1.63281 2.63281 1.64062 2.64062 1.64844 2.64844 1.65625 2.65625 1.66406 2.66406 1.67188 2.67188 1.67969 2.67969 ]
[GRF_A][3][ 1.6875 2.6875 1.69531 2.69531 1.70312 2.70312 1.71094 2.71094 1.71875 2.71875 1.72656 2.72656 1.73438 2.73438 1.74219 2.74219 ]
[GRF_A][4][ 1.75 2.75 1.75781 2.75781 1.76562 2.76562 1.77344 2.77344 1.78125 2.78125 1.78906 2.78906 1.79688 2.79688 1.80469 2.80469 ]
[GRF_A][5][ 1.8125 2.8125 1.82031 2.82031 1.82812 2.82812 1.83594 2.83594 1.84375 2.84375 1.85156 2.85156 1.85938 2.85938 1.86719 2.86719 ]
[GRF_A][6][ 1.875 2.875 1.88281 2.88281 1.89062 2.89062 1.89844 2.89844 1.90625 2.90625 1.91406 2.91406 1.92188 2.92188 1.92969 2.92969 ]
[GRF_A][7][ 1.9375 2.9375 1.94531 2.94531 1.95312 2.95312 1.96094 2.96094 1.96875 2.96875 1.97656 2.97656 1.98438 2.98438 1.99219 2.99219 ]
[GRF_B][0][ 7.41406 0 0 0 0 0 0 0 0 0 0 0 0 0 0 0 ]
[GRF_B][1][ 0 5.15625 0 0 0 0 0 0 0 0 0 0 0 0 0 0 ]
[GRF_B][2][ 0 0 3.53711 0 0 0 0 0 0 0 0 0 0 0 0 0 ]
[GRF_B][3][ 0 0 0 7.39844 0 0 0 0 0 0 0 0 0 0 0 0 ]
[GRF_B][4][ 0 0 0 0 4.79297 0 0 0 0 0 0 0 0 0 0 0 ]
[GRF_B][5][ 0 0 0 0 0 9.66406 0 0 0 0 0 0 0 0 0 0 ]
[GRF_B][6][ 0 0 0 0 0 0 6.0625 0 0 0 0 0 0 0 0 0 ]
[GRF_B][7][ 0 0 0 0 0 0 0 11.9375 0 0 0 0 0 0 0 0 ]
[M_OUT][0000000000000000000000000000000000000000000000000000000000000000000000000000000000000000000000000000000000000000000000000000000000000000000000000000000000000000000000000000000000000000000000000000000000000000000000000000000000000000000000000000000000000000]
[A_OUT][0000000000000000000000000000000000000000000000000000000000000000000000000000000000000000000000000000000000000000000000000000000000000000000000000000000000000000000000000000000000000000000000000000000000000000000000000000000000000000000000000000000000000000]

----------
READ ch0 ra0 bg0 b1 r0 c5|| [2] MAC GRF_B[0], GRF_A[0], ODD_BANK, auto @ 6596
[BANK_R][ 0.8125 0 0 0 0 0 0 0 0 0 0 0 0 0 0 0 ]
[CMD]00111011000110001000000000000000(MAC GRF_B[0], GRF_A[0], ODD_BANK, auto)
[SRF][0000000000000000000000000000000000000000000000000000000000000000000000000000000000000000000000000000000000000000000000000000000000000000000000000000000000000000000000000000000000000000000000000000000000000000000000000000000000000000000000000000000000000000]
[GRF_A][0][ 1.5 2.5 1.50781 2.50781 1.51562 2.51562 1.52344 2.52344 1.53125 2.53125 1.53906 2.53906 1.54688 2.54688 1.55469 2.55469 ]
[GRF_A][1][ 1.5625 2.5625 1.57031 2.57031 1.57812 2.57812 1.58594 2.58594 1.59375 2.59375 1.60156 2.60156 1.60938 2.60938 1.61719 2.61719 ]
[GRF_A][2][ 1.625 2.625 1.63281 2.63281 1.64062 2.64062 1.64844 2.64844 1.65625 2.65625 1.66406 2.66406 1.67188 2.67188 1.67969 2.67969 ]
[GRF_A][3][ 1.6875 2.6875 1.69531 2.69531 1.70312 2.70312 1.71094 2.71094 1.71875 2.71875 1.72656 2.72656 1.73438 2.73438 1.74219 2.74219 ]
[GRF_A][4][ 1.75 2.75 1.75781 2.75781 1.76562 2.76562 1.77344 2.77344 1.78125 2.78125 1.78906 2.78906 1.79688 2.79688 1.80469 2.80469 ]
[GRF_A][5][ 1.8125 2.8125 1.82031 2.82031 1.82812 2.82812 1.83594 2.83594 1.84375 2.84375 1.85156 2.85156 1.85938 2.85938 1.86719 2.86719 ]
[GRF_A][6][ 1.875 2.875 1.88281 2.88281 1.89062 2.89062 1.89844 2.89844 1.90625 2.90625 1.91406 2.91406 1.92188 2.92188 1.92969 2.92969 ]
[GRF_A][7][ 1.9375 2.9375 1.94531 2.94531 1.95312 2.95312 1.96094 2.96094 1.96875 2.96875 1.97656 2.97656 1.98438 2.98438 1.99219 2.99219 ]
[GRF_B][0][ 8.89062 0 0 0 0 0 0 0 0 0 0 0 0 0 0 0 ]
[GRF_B][1][ 0 5.15625 0 0 0 0 0 0 0 0 0 0 0 0 0 0 ]
[GRF_B][2][ 0 0 3.53711 0 0 0 0 0 0 0 0 0 0 0 0 0 ]
[GRF_B][3][ 0 0 0 7.39844 0 0 0 0 0 0 0 0 0 0 0 0 ]
[GRF_B][4][ 0 0 0 0 4.79297 0 0 0 0 0 0 0 0 0 0 0 ]
[GRF_B][5][ 0 0 0 0 0 9.66406 0 0 0 0 0 0 0 0 0 0 ]
[GRF_B][6][ 0 0 0 0 0 0 6.0625 0 0 0 0 0 0 0 0 0 ]
[GRF_B][7][ 0 0 0 0 0 0 0 11.9375 0 0 0 0 0 0 0 0 ]
[M_OUT][0000000000000000000000000000000000000000000000000000000000000000000000000000000000000000000000000000000000000000000000000000000000000000000000000000000000000000000000000000000000000000000000000000000000000000000000000000000000000000000000000000000000000000]
[A_OUT][0000000000000000000000000000000000000000000000000000000000000000000000000000000000000000000000000000000000000000000000000000000000000000000000000000000000000000000000000000000000000000000000000000000000000000000000000000000000000000000000000000000000000000]

----------
READ ch0 ra0 bg0 b1 r0 c6|| [2] MAC GRF_B[0], GRF_A[0], ODD_BANK, auto @ 6600
[BANK_R][ 0.875 0 0 0 0 0 0 0 0 0 0 0 0 0 0 0 ]
[CMD]00111011000110001000000000000000(MAC GRF_B[0], GRF_A[0], ODD_BANK, auto)
[SRF][0000000000000000000000000000000000000000000000000000000000000000000000000000000000000000000000000000000000000000000000000000000000000000000000000000000000000000000000000000000000000000000000000000000000000000000000000000000000000000000000000000000000000000]
[GRF_A][0][ 1.5 2.5 1.50781 2.50781 1.51562 2.51562 1.52344 2.52344 1.53125 2.53125 1.53906 2.53906 1.54688 2.54688 1.55469 2.55469 ]
[GRF_A][1][ 1.5625 2.5625 1.57031 2.57031 1.57812 2.57812 1.58594 2.58594 1.59375 2.59375 1.60156 2.60156 1.60938 2.60938 1.61719 2.61719 ]
[GRF_A][2][ 1.625 2.625 1.63281 2.63281 1.64062 2.64062 1.64844 2.64844 1.65625 2.65625 1.66406 2.66406 1.67188 2.67188 1.67969 2.67969 ]
[GRF_A][3][ 1.6875 2.6875 1.69531 2.69531 1.70312 2.70312 1.71094 2.71094 1.71875 2.71875 1.72656 2.72656 1.73438 2.73438 1.74219 2.74219 ]
[GRF_A][4][ 1.75 2.75 1.75781 2.75781 1.76562 2.76562 1.77344 2.77344 1.78125 2.78125 1.78906 2.78906 1.79688 2.79688 1.80469 2.80469 ]
[GRF_A][5][ 1.8125 2.8125 1.82031 2.82031 1.82812 2.82812 1.83594 2.83594 1.84375 2.84375 1.85156 2.85156 1.85938 2.85938 1.86719 2.86719 ]
[GRF_A][6][ 1.875 2.875 1.88281 2.88281 1.89062 2.89062 1.89844 2.89844 1.90625 2.90625 1.91406 2.91406 1.92188 2.92188 1.92969 2.92969 ]
[GRF_A][7][ 1.9375 2.9375 1.94531 2.94531 1.95312 2.95312 1.96094 2.96094 1.96875 2.96875 1.97656 2.97656 1.98438 2.98438 1.99219 2.99219 ]
[GRF_B][0][ 10.5312 0 0 0 0 0 0 0 0 0 0 0 0 0 0 0 ]
[GRF_B][1][ 0 5.15625 0 0 0 0 0 0 0 0 0 0 0 0 0 0 ]
[GRF_B][2][ 0 0 3.53711 0 0 0 0 0 0 0 0 0 0 0 0 0 ]
[GRF_B][3][ 0 0 0 7.39844 0 0 0 0 0 0 0 0 0 0 0 0 ]
[GRF_B][4][ 0 0 0 0 4.79297 0 0 0 0 0 0 0 0 0 0 0 ]
[GRF_B][5][ 0 0 0 0 0 9.66406 0 0 0 0 0 0 0 0 0 0 ]
[GRF_B][6][ 0 0 0 0 0 0 6.0625 0 0 0 0 0 0 0 0 0 ]
[GRF_B][7][ 0 0 0 0 0 0 0 11.9375 0 0 0 0 0 0 0 0 ]
[M_OUT][0000000000000000000000000000000000000000000000000000000000000000000000000000000000000000000000000000000000000000000000000000000000000000000000000000000000000000000000000000000000000000000000000000000000000000000000000000000000000000000000000000000000000000]
[A_OUT][0000000000000000000000000000000000000000000000000000000000000000000000000000000000000000000000000000000000000000000000000000000000000000000000000000000000000000000000000000000000000000000000000000000000000000000000000000000000000000000000000000000000000000]

----------
READ ch0 ra0 bg0 b1 r0 c7|| [2] MAC GRF_B[0], GRF_A[0], ODD_BANK, auto @ 6604
[BANK_R][ 0.9375 0 0 0 0 0 0 0 0 0 0 0 0 0 0 0 ]
[CMD]00111011000110001000000000000000(MAC GRF_B[0], GRF_A[0], ODD_BANK, auto)
[SRF][0000000000000000000000000000000000000000000000000000000000000000000000000000000000000000000000000000000000000000000000000000000000000000000000000000000000000000000000000000000000000000000000000000000000000000000000000000000000000000000000000000000000000000]
[GRF_A][0][ 1.5 2.5 1.50781 2.50781 1.51562 2.51562 1.52344 2.52344 1.53125 2.53125 1.53906 2.53906 1.54688 2.54688 1.55469 2.55469 ]
[GRF_A][1][ 1.5625 2.5625 1.57031 2.57031 1.57812 2.57812 1.58594 2.58594 1.59375 2.59375 1.60156 2.60156 1.60938 2.60938 1.61719 2.61719 ]
[GRF_A][2][ 1.625 2.625 1.63281 2.63281 1.64062 2.64062 1.64844 2.64844 1.65625 2.65625 1.66406 2.66406 1.67188 2.67188 1.67969 2.67969 ]
[GRF_A][3][ 1.6875 2.6875 1.69531 2.69531 1.70312 2.70312 1.71094 2.71094 1.71875 2.71875 1.72656 2.72656 1.73438 2.73438 1.74219 2.74219 ]
[GRF_A][4][ 1.75 2.75 1.75781 2.75781 1.76562 2.76562 1.77344 2.77344 1.78125 2.78125 1.78906 2.78906 1.79688 2.79688 1.80469 2.80469 ]
[GRF_A][5][ 1.8125 2.8125 1.82031 2.82031 1.82812 2.82812 1.83594 2.83594 1.84375 2.84375 1.85156 2.85156 1.85938 2.85938 1.86719 2.86719 ]
[GRF_A][6][ 1.875 2.875 1.88281 2.88281 1.89062 2.89062 1.89844 2.89844 1.90625 2.90625 1.91406 2.91406 1.92188 2.92188 1.92969 2.92969 ]
[GRF_A][7][ 1.9375 2.9375 1.94531 2.94531 1.95312 2.95312 1.96094 2.96094 1.96875 2.96875 1.97656 2.97656 1.98438 2.98438 1.99219 2.99219 ]
[GRF_B][0][ 12.3438 0 0 0 0 0 0 0 0 0 0 0 0 0 0 0 ]
[GRF_B][1][ 0 5.15625 0 0 0 0 0 0 0 0 0 0 0 0 0 0 ]
[GRF_B][2][ 0 0 3.53711 0 0 0 0 0 0 0 0 0 0 0 0 0 ]
[GRF_B][3][ 0 0 0 7.39844 0 0 0 0 0 0 0 0 0 0 0 0 ]
[GRF_B][4][ 0 0 0 0 4.79297 0 0 0 0 0 0 0 0 0 0 0 ]
[GRF_B][5][ 0 0 0 0 0 9.66406 0 0 0 0 0 0 0 0 0 0 ]
[GRF_B][6][ 0 0 0 0 0 0 6.0625 0 0 0 0 0 0 0 0 0 ]
[GRF_B][7][ 0 0 0 0 0 0 0 11.9375 0 0 0 0 0 0 0 0 ]
[M_OUT][0000000000000000000000000000000000000000000000000000000000000000000000000000000000000000000000000000000000000000000000000000000000000000000000000000000000000000000000000000000000000000000000000000000000000000000000000000000000000000000000000000000000000000]
[A_OUT][0000000000000000000000000000000000000000000000000000000000000000000000000000000000000000000000000000000000000000000000000000000000000000000000000000000000000000000000000000000000000000000000000000000000000000000000000000000000000000000000000000000000000000]

----------
READ ch0 ra0 bg0 b1 r0 c8|| [3] JUMP 7x [PC - 2] @ 6608
READ ch0 ra0 bg0 b1 r0 c8|| [2] MAC GRF_B[0], GRF_A[0], ODD_BANK, auto @ 6608
[BANK_R][ 0 0.5625 0 0 0 0 0 0 0 0 0 0 0 0 0 0 ]
[CMD]00111011000110001000000000000000(MAC GRF_B[0], GRF_A[0], ODD_BANK, auto)
[SRF][0000000000000000000000000000000000000000000000000000000000000000000000000000000000000000000000000000000000000000000000000000000000000000000000000000000000000000000000000000000000000000000000000000000000000000000000000000000000000000000000000000000000000000]
[GRF_A][0][ 1.5 2.5 1.50781 2.50781 1.51562 2.51562 1.52344 2.52344 1.53125 2.53125 1.53906 2.53906 1.54688 2.54688 1.55469 2.55469 ]
[GRF_A][1][ 1.5625 2.5625 1.57031 2.57031 1.57812 2.57812 1.58594 2.58594 1.59375 2.59375 1.60156 2.60156 1.60938 2.60938 1.61719 2.61719 ]
[GRF_A][2][ 1.625 2.625 1.63281 2.63281 1.64062 2.64062 1.64844 2.64844 1.65625 2.65625 1.66406 2.66406 1.67188 2.67188 1.67969 2.67969 ]
[GRF_A][3][ 1.6875 2.6875 1.69531 2.69531 1.70312 2.70312 1.71094 2.71094 1.71875 2.71875 1.72656 2.72656 1.73438 2.73438 1.74219 2.74219 ]
[GRF_A][4][ 1.75 2.75 1.75781 2.75781 1.76562 2.76562 1.77344 2.77344 1.78125 2.78125 1.78906 2.78906 1.79688 2.79688 1.80469 2.80469 ]
[GRF_A][5][ 1.8125 2.8125 1.82031 2.82031 1.82812 2.82812 1.83594 2.83594 1.84375 2.84375 1.85156 2.85156 1.85938 2.85938 1.86719 2.86719 ]
[GRF_A][6][ 1.875 2.875 1.88281 2.88281 1.89062 2.89062 1.89844 2.89844 1.90625 2.90625 1.91406 2.91406 1.92188 2.92188 1.92969 2.92969 ]
[GRF_A][7][ 1.9375 2.9375 1.94531 2.94531 1.95312 2.95312 1.96094 2.96094 1.96875 2.96875 1.97656 2.97656 1.98438 2.98438 1.99219 2.99219 ]
[GRF_B][0][ 12.3438 0 0 0 0 0 0 0 0 0 0 0 0 0 0 0 ]
[GRF_B][1][ 0 6.5625 0 0 0 0 0 0 0 0 0 0 0 0 0 0 ]
[GRF_B][2][ 0 0 3.53711 0 0 0 0 0 0 0 0 0 0 0 0 0 ]
[GRF_B][3][ 0 0 0 7.39844 0 0 0 0 0 0 0 0 0 0 0 0 ]
[GRF_B][4][ 0 0 0 0 4.79297 0 0 0 0 0 0 0 0 0 0 0 ]
[GRF_B][5][ 0 0 0 0 0 9.66406 0 0 0 0 0 0 0 0 0 0 ]
[GRF_B][6][ 0 0 0 0 0 0 6.0625 0 0 0 0 0 0 0 0 0 ]
[GRF_B][7][ 0 0 0 0 0 0 0 11.9375 0 0 0 0 0 0 0 0 ]
[M_OUT][0000000000000000000000000000000000000000000000000000000000000000000000000000000000000000000000000000000000000000000000000000000000000000000000000000000000000000000000000000000000000000000000000000000000000000000000000000000000000000000000000000000000000000]
[A_OUT][0000000000000000000000000000000000000000000000000000000000000000000000000000000000000000000000000000000000000000000000000000000000000000000000000000000000000000000000000000000000000000000000000000000000000000000000000000000000000000000000000000000000000000]

----------
READ ch0 ra0 bg0 b1 r0 c9|| [2] MAC GRF_B[0], GRF_A[0], ODD_BANK, auto @ 6612
[BANK_R][ 0 0.625 0 0 0 0 0 0 0 0 0 0 0 0 0 0 ]
[CMD]00111011000110001000000000000000(MAC GRF_B[0], GRF_A[0], ODD_BANK, auto)
[SRF][0000000000000000000000000000000000000000000000000000000000000000000000000000000000000000000000000000000000000000000000000000000000000000000000000000000000000000000000000000000000000000000000000000000000000000000000000000000000000000000000000000000000000000]
[GRF_A][0][ 1.5 2.5 1.50781 2.50781 1.51562 2.51562 1.52344 2.52344 1.53125 2.53125 1.53906 2.53906 1.54688 2.54688 1.55469 2.55469 ]
[GRF_A][1][ 1.5625 2.5625 1.57031 2.57031 1.57812 2.57812 1.58594 2.58594 1.59375 2.59375 1.60156 2.60156 1.60938 2.60938 1.61719 2.61719 ]
[GRF_A][2][ 1.625 2.625 1.63281 2.63281 1.64062 2.64062 1.64844 2.64844 1.65625 2.65625 1.66406 2.66406 1.67188 2.67188 1.67969 2.67969 ]
[GRF_A][3][ 1.6875 2.6875 1.69531 2.69531 1.70312 2.70312 1.71094 2.71094 1.71875 2.71875 1.72656 2.72656 1.73438 2.73438 1.74219 2.74219 ]
[GRF_A][4][ 1.75 2.75 1.75781 2.75781 1.76562 2.76562 1.77344 2.77344 1.78125 2.78125 1.78906 2.78906 1.79688 2.79688 1.80469 2.80469 ]
[GRF_A][5][ 1.8125 2.8125 1.82031 2.82031 1.82812 2.82812 1.83594 2.83594 1.84375 2.84375 1.85156 2.85156 1.85938 2.85938 1.86719 2.86719 ]
[GRF_A][6][ 1.875 2.875 1.88281 2.88281 1.89062 2.89062 1.89844 2.89844 1.90625 2.90625 1.91406 2.91406 1.92188 2.92188 1.92969 2.92969 ]
[GRF_A][7][ 1.9375 2.9375 1.94531 2.94531 1.95312 2.95312 1.96094 2.96094 1.96875 2.96875 1.97656 2.97656 1.98438 2.98438 1.99219 2.99219 ]
[GRF_B][0][ 12.3438 0 0 0 0 0 0 0 0 0 0 0 0 0 0 0 ]
[GRF_B][1][ 0 8.16406 0 0 0 0 0 0 0 0 0 0 0 0 0 0 ]
[GRF_B][2][ 0 0 3.53711 0 0 0 0 0 0 0 0 0 0 0 0 0 ]
[GRF_B][3][ 0 0 0 7.39844 0 0 0 0 0 0 0 0 0 0 0 0 ]
[GRF_B][4][ 0 0 0 0 4.79297 0 0 0 0 0 0 0 0 0 0 0 ]
[GRF_B][5][ 0 0 0 0 0 9.66406 0 0 0 0 0 0 0 0 0 0 ]
[GRF_B][6][ 0 0 0 0 0 0 6.0625 0 0 0 0 0 0 0 0 0 ]
[GRF_B][7][ 0 0 0 0 0 0 0 11.9375 0 0 0 0 0 0 0 0 ]
[M_OUT][0000000000000000000000000000000000000000000000000000000000000000000000000000000000000000000000000000000000000000000000000000000000000000000000000000000000000000000000000000000000000000000000000000000000000000000000000000000000000000000000000000000000000000]
[A_OUT][0000000000000000000000000000000000000000000000000000000000000000000000000000000000000000000000000000000000000000000000000000000000000000000000000000000000000000000000000000000000000000000000000000000000000000000000000000000000000000000000000000000000000000]

----------
READ ch0 ra0 bg0 b1 r0 c10|| [2] MAC GRF_B[0], GRF_A[0], ODD_BANK, auto @ 6616
[BANK_R][ 0 0.6875 0 0 0 0 0 0 0 0 0 0 0 0 0 0 ]
[CMD]00111011000110001000000000000000(MAC GRF_B[0], GRF_A[0], ODD_BANK, auto)
[SRF][0000000000000000000000000000000000000000000000000000000000000000000000000000000000000000000000000000000000000000000000000000000000000000000000000000000000000000000000000000000000000000000000000000000000000000000000000000000000000000000000000000000000000000]
[GRF_A][0][ 1.5 2.5 1.50781 2.50781 1.51562 2.51562 1.52344 2.52344 1.53125 2.53125 1.53906 2.53906 1.54688 2.54688 1.55469 2.55469 ]
[GRF_A][1][ 1.5625 2.5625 1.57031 2.57031 1.57812 2.57812 1.58594 2.58594 1.59375 2.59375 1.60156 2.60156 1.60938 2.60938 1.61719 2.61719 ]
[GRF_A][2][ 1.625 2.625 1.63281 2.63281 1.64062 2.64062 1.64844 2.64844 1.65625 2.65625 1.66406 2.66406 1.67188 2.67188 1.67969 2.67969 ]
[GRF_A][3][ 1.6875 2.6875 1.69531 2.69531 1.70312 2.70312 1.71094 2.71094 1.71875 2.71875 1.72656 2.72656 1.73438 2.73438 1.74219 2.74219 ]
[GRF_A][4][ 1.75 2.75 1.75781 2.75781 1.76562 2.76562 1.77344 2.77344 1.78125 2.78125 1.78906 2.78906 1.79688 2.79688 1.80469 2.80469 ]
[GRF_A][5][ 1.8125 2.8125 1.82031 2.82031 1.82812 2.82812 1.83594 2.83594 1.84375 2.84375 1.85156 2.85156 1.85938 2.85938 1.86719 2.86719 ]
[GRF_A][6][ 1.875 2.875 1.88281 2.88281 1.89062 2.89062 1.89844 2.89844 1.90625 2.90625 1.91406 2.91406 1.92188 2.92188 1.92969 2.92969 ]
[GRF_A][7][ 1.9375 2.9375 1.94531 2.94531 1.95312 2.95312 1.96094 2.96094 1.96875 2.96875 1.97656 2.97656 1.98438 2.98438 1.99219 2.99219 ]
[GRF_B][0][ 12.3438 0 0 0 0 0 0 0 0 0 0 0 0 0 0 0 ]
[GRF_B][1][ 0 9.96875 0 0 0 0 0 0 0 0 0 0 0 0 0 0 ]
[GRF_B][2][ 0 0 3.53711 0 0 0 0 0 0 0 0 0 0 0 0 0 ]
[GRF_B][3][ 0 0 0 7.39844 0 0 0 0 0 0 0 0 0 0 0 0 ]
[GRF_B][4][ 0 0 0 0 4.79297 0 0 0 0 0 0 0 0 0 0 0 ]
[GRF_B][5][ 0 0 0 0 0 9.66406 0 0 0 0 0 0 0 0 0 0 ]
[GRF_B][6][ 0 0 0 0 0 0 6.0625 0 0 0 0 0 0 0 0 0 ]
[GRF_B][7][ 0 0 0 0 0 0 0 11.9375 0 0 0 0 0 0 0 0 ]
[M_OUT][0000000000000000000000000000000000000000000000000000000000000000000000000000000000000000000000000000000000000000000000000000000000000000000000000000000000000000000000000000000000000000000000000000000000000000000000000000000000000000000000000000000000000000]
[A_OUT][0000000000000000000000000000000000000000000000000000000000000000000000000000000000000000000000000000000000000000000000000000000000000000000000000000000000000000000000000000000000000000000000000000000000000000000000000000000000000000000000000000000000000000]

----------
READ ch0 ra0 bg0 b1 r0 c11|| [2] MAC GRF_B[0], GRF_A[0], ODD_BANK, auto @ 6620
[BANK_R][ 0 0.75 0 0 0 0 0 0 0 0 0 0 0 0 0 0 ]
[CMD]00111011000110001000000000000000(MAC GRF_B[0], GRF_A[0], ODD_BANK, auto)
[SRF][0000000000000000000000000000000000000000000000000000000000000000000000000000000000000000000000000000000000000000000000000000000000000000000000000000000000000000000000000000000000000000000000000000000000000000000000000000000000000000000000000000000000000000]
[GRF_A][0][ 1.5 2.5 1.50781 2.50781 1.51562 2.51562 1.52344 2.52344 1.53125 2.53125 1.53906 2.53906 1.54688 2.54688 1.55469 2.55469 ]
[GRF_A][1][ 1.5625 2.5625 1.57031 2.57031 1.57812 2.57812 1.58594 2.58594 1.59375 2.59375 1.60156 2.60156 1.60938 2.60938 1.61719 2.61719 ]
[GRF_A][2][ 1.625 2.625 1.63281 2.63281 1.64062 2.64062 1.64844 2.64844 1.65625 2.65625 1.66406 2.66406 1.67188 2.67188 1.67969 2.67969 ]
[GRF_A][3][ 1.6875 2.6875 1.69531 2.69531 1.70312 2.70312 1.71094 2.71094 1.71875 2.71875 1.72656 2.72656 1.73438 2.73438 1.74219 2.74219 ]
[GRF_A][4][ 1.75 2.75 1.75781 2.75781 1.76562 2.76562 1.77344 2.77344 1.78125 2.78125 1.78906 2.78906 1.79688 2.79688 1.80469 2.80469 ]
[GRF_A][5][ 1.8125 2.8125 1.82031 2.82031 1.82812 2.82812 1.83594 2.83594 1.84375 2.84375 1.85156 2.85156 1.85938 2.85938 1.86719 2.86719 ]
[GRF_A][6][ 1.875 2.875 1.88281 2.88281 1.89062 2.89062 1.89844 2.89844 1.90625 2.90625 1.91406 2.91406 1.92188 2.92188 1.92969 2.92969 ]
[GRF_A][7][ 1.9375 2.9375 1.94531 2.94531 1.95312 2.95312 1.96094 2.96094 1.96875 2.96875 1.97656 2.97656 1.98438 2.98438 1.99219 2.99219 ]
[GRF_B][0][ 12.3438 0 0 0 0 0 0 0 0 0 0 0 0 0 0 0 ]
[GRF_B][1][ 0 11.9844 0 0 0 0 0 0 0 0 0 0 0 0 0 0 ]
[GRF_B][2][ 0 0 3.53711 0 0 0 0 0 0 0 0 0 0 0 0 0 ]
[GRF_B][3][ 0 0 0 7.39844 0 0 0 0 0 0 0 0 0 0 0 0 ]
[GRF_B][4][ 0 0 0 0 4.79297 0 0 0 0 0 0 0 0 0 0 0 ]
[GRF_B][5][ 0 0 0 0 0 9.66406 0 0 0 0 0 0 0 0 0 0 ]
[GRF_B][6][ 0 0 0 0 0 0 6.0625 0 0 0 0 0 0 0 0 0 ]
[GRF_B][7][ 0 0 0 0 0 0 0 11.9375 0 0 0 0 0 0 0 0 ]
[M_OUT][0000000000000000000000000000000000000000000000000000000000000000000000000000000000000000000000000000000000000000000000000000000000000000000000000000000000000000000000000000000000000000000000000000000000000000000000000000000000000000000000000000000000000000]
[A_OUT][0000000000000000000000000000000000000000000000000000000000000000000000000000000000000000000000000000000000000000000000000000000000000000000000000000000000000000000000000000000000000000000000000000000000000000000000000000000000000000000000000000000000000000]

----------
READ ch0 ra0 bg0 b1 r0 c12|| [2] MAC GRF_B[0], GRF_A[0], ODD_BANK, auto @ 6624
[BANK_R][ 0 0.8125 0 0 0 0 0 0 0 0 0 0 0 0 0 0 ]
[CMD]00111011000110001000000000000000(MAC GRF_B[0], GRF_A[0], ODD_BANK, auto)
[SRF][0000000000000000000000000000000000000000000000000000000000000000000000000000000000000000000000000000000000000000000000000000000000000000000000000000000000000000000000000000000000000000000000000000000000000000000000000000000000000000000000000000000000000000]
[GRF_A][0][ 1.5 2.5 1.50781 2.50781 1.51562 2.51562 1.52344 2.52344 1.53125 2.53125 1.53906 2.53906 1.54688 2.54688 1.55469 2.55469 ]
[GRF_A][1][ 1.5625 2.5625 1.57031 2.57031 1.57812 2.57812 1.58594 2.58594 1.59375 2.59375 1.60156 2.60156 1.60938 2.60938 1.61719 2.61719 ]
[GRF_A][2][ 1.625 2.625 1.63281 2.63281 1.64062 2.64062 1.64844 2.64844 1.65625 2.65625 1.66406 2.66406 1.67188 2.67188 1.67969 2.67969 ]
[GRF_A][3][ 1.6875 2.6875 1.69531 2.69531 1.70312 2.70312 1.71094 2.71094 1.71875 2.71875 1.72656 2.72656 1.73438 2.73438 1.74219 2.74219 ]
[GRF_A][4][ 1.75 2.75 1.75781 2.75781 1.76562 2.76562 1.77344 2.77344 1.78125 2.78125 1.78906 2.78906 1.79688 2.79688 1.80469 2.80469 ]
[GRF_A][5][ 1.8125 2.8125 1.82031 2.82031 1.82812 2.82812 1.83594 2.83594 1.84375 2.84375 1.85156 2.85156 1.85938 2.85938 1.86719 2.86719 ]
[GRF_A][6][ 1.875 2.875 1.88281 2.88281 1.89062 2.89062 1.89844 2.89844 1.90625 2.90625 1.91406 2.91406 1.92188 2.92188 1.92969 2.92969 ]
[GRF_A][7][ 1.9375 2.9375 1.94531 2.94531 1.95312 2.95312 1.96094 2.96094 1.96875 2.96875 1.97656 2.97656 1.98438 2.98438 1.99219 2.99219 ]
[GRF_B][0][ 12.3438 0 0 0 0 0 0 0 0 0 0 0 0 0 0 0 ]
[GRF_B][1][ 0 14.2188 0 0 0 0 0 0 0 0 0 0 0 0 0 0 ]
[GRF_B][2][ 0 0 3.53711 0 0 0 0 0 0 0 0 0 0 0 0 0 ]
[GRF_B][3][ 0 0 0 7.39844 0 0 0 0 0 0 0 0 0 0 0 0 ]
[GRF_B][4][ 0 0 0 0 4.79297 0 0 0 0 0 0 0 0 0 0 0 ]
[GRF_B][5][ 0 0 0 0 0 9.66406 0 0 0 0 0 0 0 0 0 0 ]
[GRF_B][6][ 0 0 0 0 0 0 6.0625 0 0 0 0 0 0 0 0 0 ]
[GRF_B][7][ 0 0 0 0 0 0 0 11.9375 0 0 0 0 0 0 0 0 ]
[M_OUT][0000000000000000000000000000000000000000000000000000000000000000000000000000000000000000000000000000000000000000000000000000000000000000000000000000000000000000000000000000000000000000000000000000000000000000000000000000000000000000000000000000000000000000]
[A_OUT][0000000000000000000000000000000000000000000000000000000000000000000000000000000000000000000000000000000000000000000000000000000000000000000000000000000000000000000000000000000000000000000000000000000000000000000000000000000000000000000000000000000000000000]

----------
READ ch0 ra0 bg0 b1 r0 c13|| [2] MAC GRF_B[0], GRF_A[0], ODD_BANK, auto @ 6628
[BANK_R][ 0 0.875 0 0 0 0 0 0 0 0 0 0 0 0 0 0 ]
[CMD]00111011000110001000000000000000(MAC GRF_B[0], GRF_A[0], ODD_BANK, auto)
[SRF][0000000000000000000000000000000000000000000000000000000000000000000000000000000000000000000000000000000000000000000000000000000000000000000000000000000000000000000000000000000000000000000000000000000000000000000000000000000000000000000000000000000000000000]
[GRF_A][0][ 1.5 2.5 1.50781 2.50781 1.51562 2.51562 1.52344 2.52344 1.53125 2.53125 1.53906 2.53906 1.54688 2.54688 1.55469 2.55469 ]
[GRF_A][1][ 1.5625 2.5625 1.57031 2.57031 1.57812 2.57812 1.58594 2.58594 1.59375 2.59375 1.60156 2.60156 1.60938 2.60938 1.61719 2.61719 ]
[GRF_A][2][ 1.625 2.625 1.63281 2.63281 1.64062 2.64062 1.64844 2.64844 1.65625 2.65625 1.66406 2.66406 1.67188 2.67188 1.67969 2.67969 ]
[GRF_A][3][ 1.6875 2.6875 1.69531 2.69531 1.70312 2.70312 1.71094 2.71094 1.71875 2.71875 1.72656 2.72656 1.73438 2.73438 1.74219 2.74219 ]
[GRF_A][4][ 1.75 2.75 1.75781 2.75781 1.76562 2.76562 1.77344 2.77344 1.78125 2.78125 1.78906 2.78906 1.79688 2.79688 1.80469 2.80469 ]
[GRF_A][5][ 1.8125 2.8125 1.82031 2.82031 1.82812 2.82812 1.83594 2.83594 1.84375 2.84375 1.85156 2.85156 1.85938 2.85938 1.86719 2.86719 ]
[GRF_A][6][ 1.875 2.875 1.88281 2.88281 1.89062 2.89062 1.89844 2.89844 1.90625 2.90625 1.91406 2.91406 1.92188 2.92188 1.92969 2.92969 ]
[GRF_A][7][ 1.9375 2.9375 1.94531 2.94531 1.95312 2.95312 1.96094 2.96094 1.96875 2.96875 1.97656 2.97656 1.98438 2.98438 1.99219 2.99219 ]
[GRF_B][0][ 12.3438 0 0 0 0 0 0 0 0 0 0 0 0 0 0 0 ]
[GRF_B][1][ 0 16.6875 0 0 0 0 0 0 0 0 0 0 0 0 0 0 ]
[GRF_B][2][ 0 0 3.53711 0 0 0 0 0 0 0 0 0 0 0 0 0 ]
[GRF_B][3][ 0 0 0 7.39844 0 0 0 0 0 0 0 0 0 0 0 0 ]
[GRF_B][4][ 0 0 0 0 4.79297 0 0 0 0 0 0 0 0 0 0 0 ]
[GRF_B][5][ 0 0 0 0 0 9.66406 0 0 0 0 0 0 0 0 0 0 ]
[GRF_B][6][ 0 0 0 0 0 0 6.0625 0 0 0 0 0 0 0 0 0 ]
[GRF_B][7][ 0 0 0 0 0 0 0 11.9375 0 0 0 0 0 0 0 0 ]
[M_OUT][0000000000000000000000000000000000000000000000000000000000000000000000000000000000000000000000000000000000000000000000000000000000000000000000000000000000000000000000000000000000000000000000000000000000000000000000000000000000000000000000000000000000000000]
[A_OUT][0000000000000000000000000000000000000000000000000000000000000000000000000000000000000000000000000000000000000000000000000000000000000000000000000000000000000000000000000000000000000000000000000000000000000000000000000000000000000000000000000000000000000000]

----------
READ ch0 ra0 bg0 b1 r0 c14|| [2] MAC GRF_B[0], GRF_A[0], ODD_BANK, auto @ 6632
[BANK_R][ 0 0.9375 0 0 0 0 0 0 0 0 0 0 0 0 0 0 ]
[CMD]00111011000110001000000000000000(MAC GRF_B[0], GRF_A[0], ODD_BANK, auto)
[SRF][0000000000000000000000000000000000000000000000000000000000000000000000000000000000000000000000000000000000000000000000000000000000000000000000000000000000000000000000000000000000000000000000000000000000000000000000000000000000000000000000000000000000000000]
[GRF_A][0][ 1.5 2.5 1.50781 2.50781 1.51562 2.51562 1.52344 2.52344 1.53125 2.53125 1.53906 2.53906 1.54688 2.54688 1.55469 2.55469 ]
[GRF_A][1][ 1.5625 2.5625 1.57031 2.57031 1.57812 2.57812 1.58594 2.58594 1.59375 2.59375 1.60156 2.60156 1.60938 2.60938 1.61719 2.61719 ]
[GRF_A][2][ 1.625 2.625 1.63281 2.63281 1.64062 2.64062 1.64844 2.64844 1.65625 2.65625 1.66406 2.66406 1.67188 2.67188 1.67969 2.67969 ]
[GRF_A][3][ 1.6875 2.6875 1.69531 2.69531 1.70312 2.70312 1.71094 2.71094 1.71875 2.71875 1.72656 2.72656 1.73438 2.73438 1.74219 2.74219 ]
[GRF_A][4][ 1.75 2.75 1.75781 2.75781 1.76562 2.76562 1.77344 2.77344 1.78125 2.78125 1.78906 2.78906 1.79688 2.79688 1.80469 2.80469 ]
[GRF_A][5][ 1.8125 2.8125 1.82031 2.82031 1.82812 2.82812 1.83594 2.83594 1.84375 2.84375 1.85156 2.85156 1.85938 2.85938 1.86719 2.86719 ]
[GRF_A][6][ 1.875 2.875 1.88281 2.88281 1.89062 2.89062 1.89844 2.89844 1.90625 2.90625 1.91406 2.91406 1.92188 2.92188 1.92969 2.92969 ]
[GRF_A][7][ 1.9375 2.9375 1.94531 2.94531 1.95312 2.95312 1.96094 2.96094 1.96875 2.96875 1.97656 2.97656 1.98438 2.98438 1.99219 2.99219 ]
[GRF_B][0][ 12.3438 0 0 0 0 0 0 0 0 0 0 0 0 0 0 0 ]
[GRF_B][1][ 0 19.375 0 0 0 0 0 0 0 0 0 0 0 0 0 0 ]
[GRF_B][2][ 0 0 3.53711 0 0 0 0 0 0 0 0 0 0 0 0 0 ]
[GRF_B][3][ 0 0 0 7.39844 0 0 0 0 0 0 0 0 0 0 0 0 ]
[GRF_B][4][ 0 0 0 0 4.79297 0 0 0 0 0 0 0 0 0 0 0 ]
[GRF_B][5][ 0 0 0 0 0 9.66406 0 0 0 0 0 0 0 0 0 0 ]
[GRF_B][6][ 0 0 0 0 0 0 6.0625 0 0 0 0 0 0 0 0 0 ]
[GRF_B][7][ 0 0 0 0 0 0 0 11.9375 0 0 0 0 0 0 0 0 ]
[M_OUT][0000000000000000000000000000000000000000000000000000000000000000000000000000000000000000000000000000000000000000000000000000000000000000000000000000000000000000000000000000000000000000000000000000000000000000000000000000000000000000000000000000000000000000]
[A_OUT][0000000000000000000000000000000000000000000000000000000000000000000000000000000000000000000000000000000000000000000000000000000000000000000000000000000000000000000000000000000000000000000000000000000000000000000000000000000000000000000000000000000000000000]

----------
READ ch0 ra0 bg0 b1 r0 c15|| [2] MAC GRF_B[0], GRF_A[0], ODD_BANK, auto @ 6636
[BANK_R][ 0 1 0 0 0 0 0 0 0 0 0 0 0 0 0 0 ]
[CMD]00111011000110001000000000000000(MAC GRF_B[0], GRF_A[0], ODD_BANK, auto)
[SRF][0000000000000000000000000000000000000000000000000000000000000000000000000000000000000000000000000000000000000000000000000000000000000000000000000000000000000000000000000000000000000000000000000000000000000000000000000000000000000000000000000000000000000000]
[GRF_A][0][ 1.5 2.5 1.50781 2.50781 1.51562 2.51562 1.52344 2.52344 1.53125 2.53125 1.53906 2.53906 1.54688 2.54688 1.55469 2.55469 ]
[GRF_A][1][ 1.5625 2.5625 1.57031 2.57031 1.57812 2.57812 1.58594 2.58594 1.59375 2.59375 1.60156 2.60156 1.60938 2.60938 1.61719 2.61719 ]
[GRF_A][2][ 1.625 2.625 1.63281 2.63281 1.64062 2.64062 1.64844 2.64844 1.65625 2.65625 1.66406 2.66406 1.67188 2.67188 1.67969 2.67969 ]
[GRF_A][3][ 1.6875 2.6875 1.69531 2.69531 1.70312 2.70312 1.71094 2.71094 1.71875 2.71875 1.72656 2.72656 1.73438 2.73438 1.74219 2.74219 ]
[GRF_A][4][ 1.75 2.75 1.75781 2.75781 1.76562 2.76562 1.77344 2.77344 1.78125 2.78125 1.78906 2.78906 1.79688 2.79688 1.80469 2.80469 ]
[GRF_A][5][ 1.8125 2.8125 1.82031 2.82031 1.82812 2.82812 1.83594 2.83594 1.84375 2.84375 1.85156 2.85156 1.85938 2.85938 1.86719 2.86719 ]
[GRF_A][6][ 1.875 2.875 1.88281 2.88281 1.89062 2.89062 1.89844 2.89844 1.90625 2.90625 1.91406 2.91406 1.92188 2.92188 1.92969 2.92969 ]
[GRF_A][7][ 1.9375 2.9375 1.94531 2.94531 1.95312 2.95312 1.96094 2.96094 1.96875 2.96875 1.97656 2.97656 1.98438 2.98438 1.99219 2.99219 ]
[GRF_B][0][ 12.3438 0 0 0 0 0 0 0 0 0 0 0 0 0 0 0 ]
[GRF_B][1][ 0 22.3125 0 0 0 0 0 0 0 0 0 0 0 0 0 0 ]
[GRF_B][2][ 0 0 3.53711 0 0 0 0 0 0 0 0 0 0 0 0 0 ]
[GRF_B][3][ 0 0 0 7.39844 0 0 0 0 0 0 0 0 0 0 0 0 ]
[GRF_B][4][ 0 0 0 0 4.79297 0 0 0 0 0 0 0 0 0 0 0 ]
[GRF_B][5][ 0 0 0 0 0 9.66406 0 0 0 0 0 0 0 0 0 0 ]
[GRF_B][6][ 0 0 0 0 0 0 6.0625 0 0 0 0 0 0 0 0 0 ]
[GRF_B][7][ 0 0 0 0 0 0 0 11.9375 0 0 0 0 0 0 0 0 ]
[M_OUT][0000000000000000000000000000000000000000000000000000000000000000000000000000000000000000000000000000000000000000000000000000000000000000000000000000000000000000000000000000000000000000000000000000000000000000000000000000000000000000000000000000000000000000]
[A_OUT][0000000000000000000000000000000000000000000000000000000000000000000000000000000000000000000000000000000000000000000000000000000000000000000000000000000000000000000000000000000000000000000000000000000000000000000000000000000000000000000000000000000000000000]

----------
READ ch0 ra0 bg0 b1 r0 c16|| [3] JUMP 7x [PC - 2] @ 6640
READ ch0 ra0 bg0 b1 r0 c16|| [2] MAC GRF_B[0], GRF_A[0], ODD_BANK, auto @ 6640
[BANK_R][ 0 0 0.625 0 0 0 0 0 0 0 0 0 0 0 0 0 ]
[CMD]00111011000110001000000000000000(MAC GRF_B[0], GRF_A[0], ODD_BANK, auto)
[SRF][0000000000000000000000000000000000000000000000000000000000000000000000000000000000000000000000000000000000000000000000000000000000000000000000000000000000000000000000000000000000000000000000000000000000000000000000000000000000000000000000000000000000000000]
[GRF_A][0][ 1.5 2.5 1.50781 2.50781 1.51562 2.51562 1.52344 2.52344 1.53125 2.53125 1.53906 2.53906 1.54688 2.54688 1.55469 2.55469 ]
[GRF_A][1][ 1.5625 2.5625 1.57031 2.57031 1.57812 2.57812 1.58594 2.58594 1.59375 2.59375 1.60156 2.60156 1.60938 2.60938 1.61719 2.61719 ]
[GRF_A][2][ 1.625 2.625 1.63281 2.63281 1.64062 2.64062 1.64844 2.64844 1.65625 2.65625 1.66406 2.66406 1.67188 2.67188 1.67969 2.67969 ]
[GRF_A][3][ 1.6875 2.6875 1.69531 2.69531 1.70312 2.70312 1.71094 2.71094 1.71875 2.71875 1.72656 2.72656 1.73438 2.73438 1.74219 2.74219 ]
[GRF_A][4][ 1.75 2.75 1.75781 2.75781 1.76562 2.76562 1.77344 2.77344 1.78125 2.78125 1.78906 2.78906 1.79688 2.79688 1.80469 2.80469 ]
[GRF_A][5][ 1.8125 2.8125 1.82031 2.82031 1.82812 2.82812 1.83594 2.83594 1.84375 2.84375 1.85156 2.85156 1.85938 2.85938 1.86719 2.86719 ]
[GRF_A][6][ 1.875 2.875 1.88281 2.88281 1.89062 2.89062 1.89844 2.89844 1.90625 2.90625 1.91406 2.91406 1.92188 2.92188 1.92969 2.92969 ]
[GRF_A][7][ 1.9375 2.9375 1.94531 2.94531 1.95312 2.95312 1.96094 2.96094 1.96875 2.96875 1.97656 2.97656 1.98438 2.98438 1.99219 2.99219 ]
[GRF_B][0][ 12.3438 0 0 0 0 0 0 0 0 0 0 0 0 0 0 0 ]
[GRF_B][1][ 0 22.3125 0 0 0 0 0 0 0 0 0 0 0 0 0 0 ]
[GRF_B][2][ 0 0 4.48047 0 0 0 0 0 0 0 0 0 0 0 0 0 ]
[GRF_B][3][ 0 0 0 7.39844 0 0 0 0 0 0 0 0 0 0 0 0 ]
[GRF_B][4][ 0 0 0 0 4.79297 0 0 0 0 0 0 0 0 0 0 0 ]
[GRF_B][5][ 0 0 0 0 0 9.66406 0 0 0 0 0 0 0 0 0 0 ]
[GRF_B][6][ 0 0 0 0 0 0 6.0625 0 0 0 0 0 0 0 0 0 ]
[GRF_B][7][ 0 0 0 0 0 0 0 11.9375 0 0 0 0 0 0 0 0 ]
[M_OUT][0000000000000000000000000000000000000000000000000000000000000000000000000000000000000000000000000000000000000000000000000000000000000000000000000000000000000000000000000000000000000000000000000000000000000000000000000000000000000000000000000000000000000000]
[A_OUT][0000000000000000000000000000000000000000000000000000000000000000000000000000000000000000000000000000000000000000000000000000000000000000000000000000000000000000000000000000000000000000000000000000000000000000000000000000000000000000000000000000000000000000]

----------
READ ch0 ra0 bg0 b1 r0 c17|| [2] MAC GRF_B[0], GRF_A[0], ODD_BANK, auto @ 6644
[BANK_R][ 0 0 0.6875 0 0 0 0 0 0 0 0 0 0 0 0 0 ]
[CMD]00111011000110001000000000000000(MAC GRF_B[0], GRF_A[0], ODD_BANK, auto)
[SRF][0000000000000000000000000000000000000000000000000000000000000000000000000000000000000000000000000000000000000000000000000000000000000000000000000000000000000000000000000000000000000000000000000000000000000000000000000000000000000000000000000000000000000000]
[GRF_A][0][ 1.5 2.5 1.50781 2.50781 1.51562 2.51562 1.52344 2.52344 1.53125 2.53125 1.53906 2.53906 1.54688 2.54688 1.55469 2.55469 ]
[GRF_A][1][ 1.5625 2.5625 1.57031 2.57031 1.57812 2.57812 1.58594 2.58594 1.59375 2.59375 1.60156 2.60156 1.60938 2.60938 1.61719 2.61719 ]
[GRF_A][2][ 1.625 2.625 1.63281 2.63281 1.64062 2.64062 1.64844 2.64844 1.65625 2.65625 1.66406 2.66406 1.67188 2.67188 1.67969 2.67969 ]
[GRF_A][3][ 1.6875 2.6875 1.69531 2.69531 1.70312 2.70312 1.71094 2.71094 1.71875 2.71875 1.72656 2.72656 1.73438 2.73438 1.74219 2.74219 ]
[GRF_A][4][ 1.75 2.75 1.75781 2.75781 1.76562 2.76562 1.77344 2.77344 1.78125 2.78125 1.78906 2.78906 1.79688 2.79688 1.80469 2.80469 ]
[GRF_A][5][ 1.8125 2.8125 1.82031 2.82031 1.82812 2.82812 1.83594 2.83594 1.84375 2.84375 1.85156 2.85156 1.85938 2.85938 1.86719 2.86719 ]
[GRF_A][6][ 1.875 2.875 1.88281 2.88281 1.89062 2.89062 1.89844 2.89844 1.90625 2.90625 1.91406 2.91406 1.92188 2.92188 1.92969 2.92969 ]
[GRF_A][7][ 1.9375 2.9375 1.94531 2.94531 1.95312 2.95312 1.96094 2.96094 1.96875 2.96875 1.97656 2.97656 1.98438 2.98438 1.99219 2.99219 ]
[GRF_B][0][ 12.3438 0 0 0 0 0 0 0 0 0 0 0 0 0 0 0 ]
[GRF_B][1][ 0 22.3125 0 0 0 0 0 0 0 0 0 0 0 0 0 0 ]
[GRF_B][2][ 0 0 5.5625 0 0 0 0 0 0 0 0 0 0 0 0 0 ]
[GRF_B][3][ 0 0 0 7.39844 0 0 0 0 0 0 0 0 0 0 0 0 ]
[GRF_B][4][ 0 0 0 0 4.79297 0 0 0 0 0 0 0 0 0 0 0 ]
[GRF_B][5][ 0 0 0 0 0 9.66406 0 0 0 0 0 0 0 0 0 0 ]
[GRF_B][6][ 0 0 0 0 0 0 6.0625 0 0 0 0 0 0 0 0 0 ]
[GRF_B][7][ 0 0 0 0 0 0 0 11.9375 0 0 0 0 0 0 0 0 ]
[M_OUT][0000000000000000000000000000000000000000000000000000000000000000000000000000000000000000000000000000000000000000000000000000000000000000000000000000000000000000000000000000000000000000000000000000000000000000000000000000000000000000000000000000000000000000]
[A_OUT][0000000000000000000000000000000000000000000000000000000000000000000000000000000000000000000000000000000000000000000000000000000000000000000000000000000000000000000000000000000000000000000000000000000000000000000000000000000000000000000000000000000000000000]

----------
READ ch0 ra0 bg0 b1 r0 c18|| [2] MAC GRF_B[0], GRF_A[0], ODD_BANK, auto @ 6648
[BANK_R][ 0 0 0.75 0 0 0 0 0 0 0 0 0 0 0 0 0 ]
[CMD]00111011000110001000000000000000(MAC GRF_B[0], GRF_A[0], ODD_BANK, auto)
[SRF][0000000000000000000000000000000000000000000000000000000000000000000000000000000000000000000000000000000000000000000000000000000000000000000000000000000000000000000000000000000000000000000000000000000000000000000000000000000000000000000000000000000000000000]
[GRF_A][0][ 1.5 2.5 1.50781 2.50781 1.51562 2.51562 1.52344 2.52344 1.53125 2.53125 1.53906 2.53906 1.54688 2.54688 1.55469 2.55469 ]
[GRF_A][1][ 1.5625 2.5625 1.57031 2.57031 1.57812 2.57812 1.58594 2.58594 1.59375 2.59375 1.60156 2.60156 1.60938 2.60938 1.61719 2.61719 ]
[GRF_A][2][ 1.625 2.625 1.63281 2.63281 1.64062 2.64062 1.64844 2.64844 1.65625 2.65625 1.66406 2.66406 1.67188 2.67188 1.67969 2.67969 ]
[GRF_A][3][ 1.6875 2.6875 1.69531 2.69531 1.70312 2.70312 1.71094 2.71094 1.71875 2.71875 1.72656 2.72656 1.73438 2.73438 1.74219 2.74219 ]
[GRF_A][4][ 1.75 2.75 1.75781 2.75781 1.76562 2.76562 1.77344 2.77344 1.78125 2.78125 1.78906 2.78906 1.79688 2.79688 1.80469 2.80469 ]
[GRF_A][5][ 1.8125 2.8125 1.82031 2.82031 1.82812 2.82812 1.83594 2.83594 1.84375 2.84375 1.85156 2.85156 1.85938 2.85938 1.86719 2.86719 ]
[GRF_A][6][ 1.875 2.875 1.88281 2.88281 1.89062 2.89062 1.89844 2.89844 1.90625 2.90625 1.91406 2.91406 1.92188 2.92188 1.92969 2.92969 ]
[GRF_A][7][ 1.9375 2.9375 1.94531 2.94531 1.95312 2.95312 1.96094 2.96094 1.96875 2.96875 1.97656 2.97656 1.98438 2.98438 1.99219 2.99219 ]
[GRF_B][0][ 12.3438 0 0 0 0 0 0 0 0 0 0 0 0 0 0 0 ]
[GRF_B][1][ 0 22.3125 0 0 0 0 0 0 0 0 0 0 0 0 0 0 ]
[GRF_B][2][ 0 0 6.78906 0 0 0 0 0 0 0 0 0 0 0 0 0 ]
[GRF_B][3][ 0 0 0 7.39844 0 0 0 0 0 0 0 0 0 0 0 0 ]
[GRF_B][4][ 0 0 0 0 4.79297 0 0 0 0 0 0 0 0 0 0 0 ]
[GRF_B][5][ 0 0 0 0 0 9.66406 0 0 0 0 0 0 0 0 0 0 ]
[GRF_B][6][ 0 0 0 0 0 0 6.0625 0 0 0 0 0 0 0 0 0 ]
[GRF_B][7][ 0 0 0 0 0 0 0 11.9375 0 0 0 0 0 0 0 0 ]
[M_OUT][0000000000000000000000000000000000000000000000000000000000000000000000000000000000000000000000000000000000000000000000000000000000000000000000000000000000000000000000000000000000000000000000000000000000000000000000000000000000000000000000000000000000000000]
[A_OUT][0000000000000000000000000000000000000000000000000000000000000000000000000000000000000000000000000000000000000000000000000000000000000000000000000000000000000000000000000000000000000000000000000000000000000000000000000000000000000000000000000000000000000000]

----------
READ ch0 ra0 bg0 b1 r0 c19|| [2] MAC GRF_B[0], GRF_A[0], ODD_BANK, auto @ 6652
[BANK_R][ 0 0 0.8125 0 0 0 0 0 0 0 0 0 0 0 0 0 ]
[CMD]00111011000110001000000000000000(MAC GRF_B[0], GRF_A[0], ODD_BANK, auto)
[SRF][0000000000000000000000000000000000000000000000000000000000000000000000000000000000000000000000000000000000000000000000000000000000000000000000000000000000000000000000000000000000000000000000000000000000000000000000000000000000000000000000000000000000000000]
[GRF_A][0][ 1.5 2.5 1.50781 2.50781 1.51562 2.51562 1.52344 2.52344 1.53125 2.53125 1.53906 2.53906 1.54688 2.54688 1.55469 2.55469 ]
[GRF_A][1][ 1.5625 2.5625 1.57031 2.57031 1.57812 2.57812 1.58594 2.58594 1.59375 2.59375 1.60156 2.60156 1.60938 2.60938 1.61719 2.61719 ]
[GRF_A][2][ 1.625 2.625 1.63281 2.63281 1.64062 2.64062 1.64844 2.64844 1.65625 2.65625 1.66406 2.66406 1.67188 2.67188 1.67969 2.67969 ]
[GRF_A][3][ 1.6875 2.6875 1.69531 2.69531 1.70312 2.70312 1.71094 2.71094 1.71875 2.71875 1.72656 2.72656 1.73438 2.73438 1.74219 2.74219 ]
[GRF_A][4][ 1.75 2.75 1.75781 2.75781 1.76562 2.76562 1.77344 2.77344 1.78125 2.78125 1.78906 2.78906 1.79688 2.79688 1.80469 2.80469 ]
[GRF_A][5][ 1.8125 2.8125 1.82031 2.82031 1.82812 2.82812 1.83594 2.83594 1.84375 2.84375 1.85156 2.85156 1.85938 2.85938 1.86719 2.86719 ]
[GRF_A][6][ 1.875 2.875 1.88281 2.88281 1.89062 2.89062 1.89844 2.89844 1.90625 2.90625 1.91406 2.91406 1.92188 2.92188 1.92969 2.92969 ]
[GRF_A][7][ 1.9375 2.9375 1.94531 2.94531 1.95312 2.95312 1.96094 2.96094 1.96875 2.96875 1.97656 2.97656 1.98438 2.98438 1.99219 2.99219 ]
[GRF_B][0][ 12.3438 0 0 0 0 0 0 0 0 0 0 0 0 0 0 0 ]
[GRF_B][1][ 0 22.3125 0 0 0 0 0 0 0 0 0 0 0 0 0 0 ]
[GRF_B][2][ 0 0 8.16406 0 0 0 0 0 0 0 0 0 0 0 0 0 ]
[GRF_B][3][ 0 0 0 7.39844 0 0 0 0 0 0 0 0 0 0 0 0 ]
[GRF_B][4][ 0 0 0 0 4.79297 0 0 0 0 0 0 0 0 0 0 0 ]
[GRF_B][5][ 0 0 0 0 0 9.66406 0 0 0 0 0 0 0 0 0 0 ]
[GRF_B][6][ 0 0 0 0 0 0 6.0625 0 0 0 0 0 0 0 0 0 ]
[GRF_B][7][ 0 0 0 0 0 0 0 11.9375 0 0 0 0 0 0 0 0 ]
[M_OUT][0000000000000000000000000000000000000000000000000000000000000000000000000000000000000000000000000000000000000000000000000000000000000000000000000000000000000000000000000000000000000000000000000000000000000000000000000000000000000000000000000000000000000000]
[A_OUT][0000000000000000000000000000000000000000000000000000000000000000000000000000000000000000000000000000000000000000000000000000000000000000000000000000000000000000000000000000000000000000000000000000000000000000000000000000000000000000000000000000000000000000]

----------
READ ch0 ra0 bg0 b1 r0 c20|| [2] MAC GRF_B[0], GRF_A[0], ODD_BANK, auto @ 6656
[BANK_R][ 0 0 0.875 0 0 0 0 0 0 0 0 0 0 0 0 0 ]
[CMD]00111011000110001000000000000000(MAC GRF_B[0], GRF_A[0], ODD_BANK, auto)
[SRF][0000000000000000000000000000000000000000000000000000000000000000000000000000000000000000000000000000000000000000000000000000000000000000000000000000000000000000000000000000000000000000000000000000000000000000000000000000000000000000000000000000000000000000]
[GRF_A][0][ 1.5 2.5 1.50781 2.50781 1.51562 2.51562 1.52344 2.52344 1.53125 2.53125 1.53906 2.53906 1.54688 2.54688 1.55469 2.55469 ]
[GRF_A][1][ 1.5625 2.5625 1.57031 2.57031 1.57812 2.57812 1.58594 2.58594 1.59375 2.59375 1.60156 2.60156 1.60938 2.60938 1.61719 2.61719 ]
[GRF_A][2][ 1.625 2.625 1.63281 2.63281 1.64062 2.64062 1.64844 2.64844 1.65625 2.65625 1.66406 2.66406 1.67188 2.67188 1.67969 2.67969 ]
[GRF_A][3][ 1.6875 2.6875 1.69531 2.69531 1.70312 2.70312 1.71094 2.71094 1.71875 2.71875 1.72656 2.72656 1.73438 2.73438 1.74219 2.74219 ]
[GRF_A][4][ 1.75 2.75 1.75781 2.75781 1.76562 2.76562 1.77344 2.77344 1.78125 2.78125 1.78906 2.78906 1.79688 2.79688 1.80469 2.80469 ]
[GRF_A][5][ 1.8125 2.8125 1.82031 2.82031 1.82812 2.82812 1.83594 2.83594 1.84375 2.84375 1.85156 2.85156 1.85938 2.85938 1.86719 2.86719 ]
[GRF_A][6][ 1.875 2.875 1.88281 2.88281 1.89062 2.89062 1.89844 2.89844 1.90625 2.90625 1.91406 2.91406 1.92188 2.92188 1.92969 2.92969 ]
[GRF_A][7][ 1.9375 2.9375 1.94531 2.94531 1.95312 2.95312 1.96094 2.96094 1.96875 2.96875 1.97656 2.97656 1.98438 2.98438 1.99219 2.99219 ]
[GRF_B][0][ 12.3438 0 0 0 0 0 0 0 0 0 0 0 0 0 0 0 ]
[GRF_B][1][ 0 22.3125 0 0 0 0 0 0 0 0 0 0 0 0 0 0 ]
[GRF_B][2][ 0 0 9.70312 0 0 0 0 0 0 0 0 0 0 0 0 0 ]
[GRF_B][3][ 0 0 0 7.39844 0 0 0 0 0 0 0 0 0 0 0 0 ]
[GRF_B][4][ 0 0 0 0 4.79297 0 0 0 0 0 0 0 0 0 0 0 ]
[GRF_B][5][ 0 0 0 0 0 9.66406 0 0 0 0 0 0 0 0 0 0 ]
[GRF_B][6][ 0 0 0 0 0 0 6.0625 0 0 0 0 0 0 0 0 0 ]
[GRF_B][7][ 0 0 0 0 0 0 0 11.9375 0 0 0 0 0 0 0 0 ]
[M_OUT][0000000000000000000000000000000000000000000000000000000000000000000000000000000000000000000000000000000000000000000000000000000000000000000000000000000000000000000000000000000000000000000000000000000000000000000000000000000000000000000000000000000000000000]
[A_OUT][0000000000000000000000000000000000000000000000000000000000000000000000000000000000000000000000000000000000000000000000000000000000000000000000000000000000000000000000000000000000000000000000000000000000000000000000000000000000000000000000000000000000000000]

----------
READ ch0 ra0 bg0 b1 r0 c21|| [2] MAC GRF_B[0], GRF_A[0], ODD_BANK, auto @ 6660
[BANK_R][ 0 0 0.9375 0 0 0 0 0 0 0 0 0 0 0 0 0 ]
[CMD]00111011000110001000000000000000(MAC GRF_B[0], GRF_A[0], ODD_BANK, auto)
[SRF][0000000000000000000000000000000000000000000000000000000000000000000000000000000000000000000000000000000000000000000000000000000000000000000000000000000000000000000000000000000000000000000000000000000000000000000000000000000000000000000000000000000000000000]
[GRF_A][0][ 1.5 2.5 1.50781 2.50781 1.51562 2.51562 1.52344 2.52344 1.53125 2.53125 1.53906 2.53906 1.54688 2.54688 1.55469 2.55469 ]
[GRF_A][1][ 1.5625 2.5625 1.57031 2.57031 1.57812 2.57812 1.58594 2.58594 1.59375 2.59375 1.60156 2.60156 1.60938 2.60938 1.61719 2.61719 ]
[GRF_A][2][ 1.625 2.625 1.63281 2.63281 1.64062 2.64062 1.64844 2.64844 1.65625 2.65625 1.66406 2.66406 1.67188 2.67188 1.67969 2.67969 ]
[GRF_A][3][ 1.6875 2.6875 1.69531 2.69531 1.70312 2.70312 1.71094 2.71094 1.71875 2.71875 1.72656 2.72656 1.73438 2.73438 1.74219 2.74219 ]
[GRF_A][4][ 1.75 2.75 1.75781 2.75781 1.76562 2.76562 1.77344 2.77344 1.78125 2.78125 1.78906 2.78906 1.79688 2.79688 1.80469 2.80469 ]
[GRF_A][5][ 1.8125 2.8125 1.82031 2.82031 1.82812 2.82812 1.83594 2.83594 1.84375 2.84375 1.85156 2.85156 1.85938 2.85938 1.86719 2.86719 ]
[GRF_A][6][ 1.875 2.875 1.88281 2.88281 1.89062 2.89062 1.89844 2.89844 1.90625 2.90625 1.91406 2.91406 1.92188 2.92188 1.92969 2.92969 ]
[GRF_A][7][ 1.9375 2.9375 1.94531 2.94531 1.95312 2.95312 1.96094 2.96094 1.96875 2.96875 1.97656 2.97656 1.98438 2.98438 1.99219 2.99219 ]
[GRF_B][0][ 12.3438 0 0 0 0 0 0 0 0 0 0 0 0 0 0 0 ]
[GRF_B][1][ 0 22.3125 0 0 0 0 0 0 0 0 0 0 0 0 0 0 ]
[GRF_B][2][ 0 0 11.4062 0 0 0 0 0 0 0 0 0 0 0 0 0 ]
[GRF_B][3][ 0 0 0 7.39844 0 0 0 0 0 0 0 0 0 0 0 0 ]
[GRF_B][4][ 0 0 0 0 4.79297 0 0 0 0 0 0 0 0 0 0 0 ]
[GRF_B][5][ 0 0 0 0 0 9.66406 0 0 0 0 0 0 0 0 0 0 ]
[GRF_B][6][ 0 0 0 0 0 0 6.0625 0 0 0 0 0 0 0 0 0 ]
[GRF_B][7][ 0 0 0 0 0 0 0 11.9375 0 0 0 0 0 0 0 0 ]
[M_OUT][0000000000000000000000000000000000000000000000000000000000000000000000000000000000000000000000000000000000000000000000000000000000000000000000000000000000000000000000000000000000000000000000000000000000000000000000000000000000000000000000000000000000000000]
[A_OUT][0000000000000000000000000000000000000000000000000000000000000000000000000000000000000000000000000000000000000000000000000000000000000000000000000000000000000000000000000000000000000000000000000000000000000000000000000000000000000000000000000000000000000000]

----------
READ ch0 ra0 bg0 b1 r0 c22|| [2] MAC GRF_B[0], GRF_A[0], ODD_BANK, auto @ 6664
[BANK_R][ 0 0 1 0 0 0 0 0 0 0 0 0 0 0 0 0 ]
[CMD]00111011000110001000000000000000(MAC GRF_B[0], GRF_A[0], ODD_BANK, auto)
[SRF][0000000000000000000000000000000000000000000000000000000000000000000000000000000000000000000000000000000000000000000000000000000000000000000000000000000000000000000000000000000000000000000000000000000000000000000000000000000000000000000000000000000000000000]
[GRF_A][0][ 1.5 2.5 1.50781 2.50781 1.51562 2.51562 1.52344 2.52344 1.53125 2.53125 1.53906 2.53906 1.54688 2.54688 1.55469 2.55469 ]
[GRF_A][1][ 1.5625 2.5625 1.57031 2.57031 1.57812 2.57812 1.58594 2.58594 1.59375 2.59375 1.60156 2.60156 1.60938 2.60938 1.61719 2.61719 ]
[GRF_A][2][ 1.625 2.625 1.63281 2.63281 1.64062 2.64062 1.64844 2.64844 1.65625 2.65625 1.66406 2.66406 1.67188 2.67188 1.67969 2.67969 ]
[GRF_A][3][ 1.6875 2.6875 1.69531 2.69531 1.70312 2.70312 1.71094 2.71094 1.71875 2.71875 1.72656 2.72656 1.73438 2.73438 1.74219 2.74219 ]
[GRF_A][4][ 1.75 2.75 1.75781 2.75781 1.76562 2.76562 1.77344 2.77344 1.78125 2.78125 1.78906 2.78906 1.79688 2.79688 1.80469 2.80469 ]
[GRF_A][5][ 1.8125 2.8125 1.82031 2.82031 1.82812 2.82812 1.83594 2.83594 1.84375 2.84375 1.85156 2.85156 1.85938 2.85938 1.86719 2.86719 ]
[GRF_A][6][ 1.875 2.875 1.88281 2.88281 1.89062 2.89062 1.89844 2.89844 1.90625 2.90625 1.91406 2.91406 1.92188 2.92188 1.92969 2.92969 ]
[GRF_A][7][ 1.9375 2.9375 1.94531 2.94531 1.95312 2.95312 1.96094 2.96094 1.96875 2.96875 1.97656 2.97656 1.98438 2.98438 1.99219 2.99219 ]
[GRF_B][0][ 12.3438 0 0 0 0 0 0 0 0 0 0 0 0 0 0 0 ]
[GRF_B][1][ 0 22.3125 0 0 0 0 0 0 0 0 0 0 0 0 0 0 ]
[GRF_B][2][ 0 0 13.2891 0 0 0 0 0 0 0 0 0 0 0 0 0 ]
[GRF_B][3][ 0 0 0 7.39844 0 0 0 0 0 0 0 0 0 0 0 0 ]
[GRF_B][4][ 0 0 0 0 4.79297 0 0 0 0 0 0 0 0 0 0 0 ]
[GRF_B][5][ 0 0 0 0 0 9.66406 0 0 0 0 0 0 0 0 0 0 ]
[GRF_B][6][ 0 0 0 0 0 0 6.0625 0 0 0 0 0 0 0 0 0 ]
[GRF_B][7][ 0 0 0 0 0 0 0 11.9375 0 0 0 0 0 0 0 0 ]
[M_OUT][0000000000000000000000000000000000000000000000000000000000000000000000000000000000000000000000000000000000000000000000000000000000000000000000000000000000000000000000000000000000000000000000000000000000000000000000000000000000000000000000000000000000000000]
[A_OUT][0000000000000000000000000000000000000000000000000000000000000000000000000000000000000000000000000000000000000000000000000000000000000000000000000000000000000000000000000000000000000000000000000000000000000000000000000000000000000000000000000000000000000000]

----------
READ ch0 ra0 bg0 b1 r0 c23|| [2] MAC GRF_B[0], GRF_A[0], ODD_BANK, auto @ 6668
[BANK_R][ 0 0 1.0625 0 0 0 0 0 0 0 0 0 0 0 0 0 ]
[CMD]00111011000110001000000000000000(MAC GRF_B[0], GRF_A[0], ODD_BANK, auto)
[SRF][0000000000000000000000000000000000000000000000000000000000000000000000000000000000000000000000000000000000000000000000000000000000000000000000000000000000000000000000000000000000000000000000000000000000000000000000000000000000000000000000000000000000000000]
[GRF_A][0][ 1.5 2.5 1.50781 2.50781 1.51562 2.51562 1.52344 2.52344 1.53125 2.53125 1.53906 2.53906 1.54688 2.54688 1.55469 2.55469 ]
[GRF_A][1][ 1.5625 2.5625 1.57031 2.57031 1.57812 2.57812 1.58594 2.58594 1.59375 2.59375 1.60156 2.60156 1.60938 2.60938 1.61719 2.61719 ]
[GRF_A][2][ 1.625 2.625 1.63281 2.63281 1.64062 2.64062 1.64844 2.64844 1.65625 2.65625 1.66406 2.66406 1.67188 2.67188 1.67969 2.67969 ]
[GRF_A][3][ 1.6875 2.6875 1.69531 2.69531 1.70312 2.70312 1.71094 2.71094 1.71875 2.71875 1.72656 2.72656 1.73438 2.73438 1.74219 2.74219 ]
[GRF_A][4][ 1.75 2.75 1.75781 2.75781 1.76562 2.76562 1.77344 2.77344 1.78125 2.78125 1.78906 2.78906 1.79688 2.79688 1.80469 2.80469 ]
[GRF_A][5][ 1.8125 2.8125 1.82031 2.82031 1.82812 2.82812 1.83594 2.83594 1.84375 2.84375 1.85156 2.85156 1.85938 2.85938 1.86719 2.86719 ]
[GRF_A][6][ 1.875 2.875 1.88281 2.88281 1.89062 2.89062 1.89844 2.89844 1.90625 2.90625 1.91406 2.91406 1.92188 2.92188 1.92969 2.92969 ]
[GRF_A][7][ 1.9375 2.9375 1.94531 2.94531 1.95312 2.95312 1.96094 2.96094 1.96875 2.96875 1.97656 2.97656 1.98438 2.98438 1.99219 2.99219 ]
[GRF_B][0][ 12.3438 0 0 0 0 0 0 0 0 0 0 0 0 0 0 0 ]
[GRF_B][1][ 0 22.3125 0 0 0 0 0 0 0 0 0 0 0 0 0 0 ]
[GRF_B][2][ 0 0 15.3594 0 0 0 0 0 0 0 0 0 0 0 0 0 ]
[GRF_B][3][ 0 0 0 7.39844 0 0 0 0 0 0 0 0 0 0 0 0 ]
[GRF_B][4][ 0 0 0 0 4.79297 0 0 0 0 0 0 0 0 0 0 0 ]
[GRF_B][5][ 0 0 0 0 0 9.66406 0 0 0 0 0 0 0 0 0 0 ]
[GRF_B][6][ 0 0 0 0 0 0 6.0625 0 0 0 0 0 0 0 0 0 ]
[GRF_B][7][ 0 0 0 0 0 0 0 11.9375 0 0 0 0 0 0 0 0 ]
[M_OUT][0000000000000000000000000000000000000000000000000000000000000000000000000000000000000000000000000000000000000000000000000000000000000000000000000000000000000000000000000000000000000000000000000000000000000000000000000000000000000000000000000000000000000000]
[A_OUT][0000000000000000000000000000000000000000000000000000000000000000000000000000000000000000000000000000000000000000000000000000000000000000000000000000000000000000000000000000000000000000000000000000000000000000000000000000000000000000000000000000000000000000]

----------
READ ch0 ra0 bg0 b1 r0 c24|| [3] JUMP 7x [PC - 2] @ 6672
READ ch0 ra0 bg0 b1 r0 c24|| [2] MAC GRF_B[0], GRF_A[0], ODD_BANK, auto @ 6672
[BANK_R][ 0 0 0 0.6875 0 0 0 0 0 0 0 0 0 0 0 0 ]
[CMD]00111011000110001000000000000000(MAC GRF_B[0], GRF_A[0], ODD_BANK, auto)
[SRF][0000000000000000000000000000000000000000000000000000000000000000000000000000000000000000000000000000000000000000000000000000000000000000000000000000000000000000000000000000000000000000000000000000000000000000000000000000000000000000000000000000000000000000]
[GRF_A][0][ 1.5 2.5 1.50781 2.50781 1.51562 2.51562 1.52344 2.52344 1.53125 2.53125 1.53906 2.53906 1.54688 2.54688 1.55469 2.55469 ]
[GRF_A][1][ 1.5625 2.5625 1.57031 2.57031 1.57812 2.57812 1.58594 2.58594 1.59375 2.59375 1.60156 2.60156 1.60938 2.60938 1.61719 2.61719 ]
[GRF_A][2][ 1.625 2.625 1.63281 2.63281 1.64062 2.64062 1.64844 2.64844 1.65625 2.65625 1.66406 2.66406 1.67188 2.67188 1.67969 2.67969 ]
[GRF_A][3][ 1.6875 2.6875 1.69531 2.69531 1.70312 2.70312 1.71094 2.71094 1.71875 2.71875 1.72656 2.72656 1.73438 2.73438 1.74219 2.74219 ]
[GRF_A][4][ 1.75 2.75 1.75781 2.75781 1.76562 2.76562 1.77344 2.77344 1.78125 2.78125 1.78906 2.78906 1.79688 2.79688 1.80469 2.80469 ]
[GRF_A][5][ 1.8125 2.8125 1.82031 2.82031 1.82812 2.82812 1.83594 2.83594 1.84375 2.84375 1.85156 2.85156 1.85938 2.85938 1.86719 2.86719 ]
[GRF_A][6][ 1.875 2.875 1.88281 2.88281 1.89062 2.89062 1.89844 2.89844 1.90625 2.90625 1.91406 2.91406 1.92188 2.92188 1.92969 2.92969 ]
[GRF_A][7][ 1.9375 2.9375 1.94531 2.94531 1.95312 2.95312 1.96094 2.96094 1.96875 2.96875 1.97656 2.97656 1.98438 2.98438 1.99219 2.99219 ]
[GRF_B][0][ 12.3438 0 0 0 0 0 0 0 0 0 0 0 0 0 0 0 ]
[GRF_B][1][ 0 22.3125 0 0 0 0 0 0 0 0 0 0 0 0 0 0 ]
[GRF_B][2][ 0 0 15.3594 0 0 0 0 0 0 0 0 0 0 0 0 0 ]
[GRF_B][3][ 0 0 0 9.125 0 0 0 0 0 0 0 0 0 0 0 0 ]
[GRF_B][4][ 0 0 0 0 4.79297 0 0 0 0 0 0 0 0 0 0 0 ]
[GRF_B][5][ 0 0 0 0 0 9.66406 0 0 0 0 0 0 0 0 0 0 ]
[GRF_B][6][ 0 0 0 0 0 0 6.0625 0 0 0 0 0 0 0 0 0 ]
[GRF_B][7][ 0 0 0 0 0 0 0 11.9375 0 0 0 0 0 0 0 0 ]
[M_OUT][0000000000000000000000000000000000000000000000000000000000000000000000000000000000000000000000000000000000000000000000000000000000000000000000000000000000000000000000000000000000000000000000000000000000000000000000000000000000000000000000000000000000000000]
[A_OUT][0000000000000000000000000000000000000000000000000000000000000000000000000000000000000000000000000000000000000000000000000000000000000000000000000000000000000000000000000000000000000000000000000000000000000000000000000000000000000000000000000000000000000000]

----------
READ ch0 ra0 bg0 b1 r0 c25|| [2] MAC GRF_B[0], GRF_A[0], ODD_BANK, auto @ 6676
[BANK_R][ 0 0 0 0.75 0 0 0 0 0 0 0 0 0 0 0 0 ]
[CMD]00111011000110001000000000000000(MAC GRF_B[0], GRF_A[0], ODD_BANK, auto)
[SRF][0000000000000000000000000000000000000000000000000000000000000000000000000000000000000000000000000000000000000000000000000000000000000000000000000000000000000000000000000000000000000000000000000000000000000000000000000000000000000000000000000000000000000000]
[GRF_A][0][ 1.5 2.5 1.50781 2.50781 1.51562 2.51562 1.52344 2.52344 1.53125 2.53125 1.53906 2.53906 1.54688 2.54688 1.55469 2.55469 ]
[GRF_A][1][ 1.5625 2.5625 1.57031 2.57031 1.57812 2.57812 1.58594 2.58594 1.59375 2.59375 1.60156 2.60156 1.60938 2.60938 1.61719 2.61719 ]
[GRF_A][2][ 1.625 2.625 1.63281 2.63281 1.64062 2.64062 1.64844 2.64844 1.65625 2.65625 1.66406 2.66406 1.67188 2.67188 1.67969 2.67969 ]
[GRF_A][3][ 1.6875 2.6875 1.69531 2.69531 1.70312 2.70312 1.71094 2.71094 1.71875 2.71875 1.72656 2.72656 1.73438 2.73438 1.74219 2.74219 ]
[GRF_A][4][ 1.75 2.75 1.75781 2.75781 1.76562 2.76562 1.77344 2.77344 1.78125 2.78125 1.78906 2.78906 1.79688 2.79688 1.80469 2.80469 ]
[GRF_A][5][ 1.8125 2.8125 1.82031 2.82031 1.82812 2.82812 1.83594 2.83594 1.84375 2.84375 1.85156 2.85156 1.85938 2.85938 1.86719 2.86719 ]
[GRF_A][6][ 1.875 2.875 1.88281 2.88281 1.89062 2.89062 1.89844 2.89844 1.90625 2.90625 1.91406 2.91406 1.92188 2.92188 1.92969 2.92969 ]
[GRF_A][7][ 1.9375 2.9375 1.94531 2.94531 1.95312 2.95312 1.96094 2.96094 1.96875 2.96875 1.97656 2.97656 1.98438 2.98438 1.99219 2.99219 ]
[GRF_B][0][ 12.3438 0 0 0 0 0 0 0 0 0 0 0 0 0 0 0 ]
[GRF_B][1][ 0 22.3125 0 0 0 0 0 0 0 0 0 0 0 0 0 0 ]
[GRF_B][2][ 0 0 15.3594 0 0 0 0 0 0 0 0 0 0 0 0 0 ]
[GRF_B][3][ 0 0 0 11.0547 0 0 0 0 0 0 0 0 0 0 0 0 ]
[GRF_B][4][ 0 0 0 0 4.79297 0 0 0 0 0 0 0 0 0 0 0 ]
[GRF_B][5][ 0 0 0 0 0 9.66406 0 0 0 0 0 0 0 0 0 0 ]
[GRF_B][6][ 0 0 0 0 0 0 6.0625 0 0 0 0 0 0 0 0 0 ]
[GRF_B][7][ 0 0 0 0 0 0 0 11.9375 0 0 0 0 0 0 0 0 ]
[M_OUT][0000000000000000000000000000000000000000000000000000000000000000000000000000000000000000000000000000000000000000000000000000000000000000000000000000000000000000000000000000000000000000000000000000000000000000000000000000000000000000000000000000000000000000]
[A_OUT][0000000000000000000000000000000000000000000000000000000000000000000000000000000000000000000000000000000000000000000000000000000000000000000000000000000000000000000000000000000000000000000000000000000000000000000000000000000000000000000000000000000000000000]

----------
READ ch0 ra0 bg0 b1 r0 c26|| [2] MAC GRF_B[0], GRF_A[0], ODD_BANK, auto @ 6680
[BANK_R][ 0 0 0 0.8125 0 0 0 0 0 0 0 0 0 0 0 0 ]
[CMD]00111011000110001000000000000000(MAC GRF_B[0], GRF_A[0], ODD_BANK, auto)
[SRF][0000000000000000000000000000000000000000000000000000000000000000000000000000000000000000000000000000000000000000000000000000000000000000000000000000000000000000000000000000000000000000000000000000000000000000000000000000000000000000000000000000000000000000]
[GRF_A][0][ 1.5 2.5 1.50781 2.50781 1.51562 2.51562 1.52344 2.52344 1.53125 2.53125 1.53906 2.53906 1.54688 2.54688 1.55469 2.55469 ]
[GRF_A][1][ 1.5625 2.5625 1.57031 2.57031 1.57812 2.57812 1.58594 2.58594 1.59375 2.59375 1.60156 2.60156 1.60938 2.60938 1.61719 2.61719 ]
[GRF_A][2][ 1.625 2.625 1.63281 2.63281 1.64062 2.64062 1.64844 2.64844 1.65625 2.65625 1.66406 2.66406 1.67188 2.67188 1.67969 2.67969 ]
[GRF_A][3][ 1.6875 2.6875 1.69531 2.69531 1.70312 2.70312 1.71094 2.71094 1.71875 2.71875 1.72656 2.72656 1.73438 2.73438 1.74219 2.74219 ]
[GRF_A][4][ 1.75 2.75 1.75781 2.75781 1.76562 2.76562 1.77344 2.77344 1.78125 2.78125 1.78906 2.78906 1.79688 2.79688 1.80469 2.80469 ]
[GRF_A][5][ 1.8125 2.8125 1.82031 2.82031 1.82812 2.82812 1.83594 2.83594 1.84375 2.84375 1.85156 2.85156 1.85938 2.85938 1.86719 2.86719 ]
[GRF_A][6][ 1.875 2.875 1.88281 2.88281 1.89062 2.89062 1.89844 2.89844 1.90625 2.90625 1.91406 2.91406 1.92188 2.92188 1.92969 2.92969 ]
[GRF_A][7][ 1.9375 2.9375 1.94531 2.94531 1.95312 2.95312 1.96094 2.96094 1.96875 2.96875 1.97656 2.97656 1.98438 2.98438 1.99219 2.99219 ]
[GRF_B][0][ 12.3438 0 0 0 0 0 0 0 0 0 0 0 0 0 0 0 ]
[GRF_B][1][ 0 22.3125 0 0 0 0 0 0 0 0 0 0 0 0 0 0 ]
[GRF_B][2][ 0 0 15.3594 0 0 0 0 0 0 0 0 0 0 0 0 0 ]
[GRF_B][3][ 0 0 0 13.1953 0 0 0 0 0 0 0 0 0 0 0 0 ]
[GRF_B][4][ 0 0 0 0 4.79297 0 0 0 0 0 0 0 0 0 0 0 ]
[GRF_B][5][ 0 0 0 0 0 9.66406 0 0 0 0 0 0 0 0 0 0 ]
[GRF_B][6][ 0 0 0 0 0 0 6.0625 0 0 0 0 0 0 0 0 0 ]
[GRF_B][7][ 0 0 0 0 0 0 0 11.9375 0 0 0 0 0 0 0 0 ]
[M_OUT][0000000000000000000000000000000000000000000000000000000000000000000000000000000000000000000000000000000000000000000000000000000000000000000000000000000000000000000000000000000000000000000000000000000000000000000000000000000000000000000000000000000000000000]
[A_OUT][0000000000000000000000000000000000000000000000000000000000000000000000000000000000000000000000000000000000000000000000000000000000000000000000000000000000000000000000000000000000000000000000000000000000000000000000000000000000000000000000000000000000000000]

----------
READ ch0 ra0 bg0 b1 r0 c27|| [2] MAC GRF_B[0], GRF_A[0], ODD_BANK, auto @ 6684
[BANK_R][ 0 0 0 0.875 0 0 0 0 0 0 0 0 0 0 0 0 ]
[CMD]00111011000110001000000000000000(MAC GRF_B[0], GRF_A[0], ODD_BANK, auto)
[SRF][0000000000000000000000000000000000000000000000000000000000000000000000000000000000000000000000000000000000000000000000000000000000000000000000000000000000000000000000000000000000000000000000000000000000000000000000000000000000000000000000000000000000000000]
[GRF_A][0][ 1.5 2.5 1.50781 2.50781 1.51562 2.51562 1.52344 2.52344 1.53125 2.53125 1.53906 2.53906 1.54688 2.54688 1.55469 2.55469 ]
[GRF_A][1][ 1.5625 2.5625 1.57031 2.57031 1.57812 2.57812 1.58594 2.58594 1.59375 2.59375 1.60156 2.60156 1.60938 2.60938 1.61719 2.61719 ]
[GRF_A][2][ 1.625 2.625 1.63281 2.63281 1.64062 2.64062 1.64844 2.64844 1.65625 2.65625 1.66406 2.66406 1.67188 2.67188 1.67969 2.67969 ]
[GRF_A][3][ 1.6875 2.6875 1.69531 2.69531 1.70312 2.70312 1.71094 2.71094 1.71875 2.71875 1.72656 2.72656 1.73438 2.73438 1.74219 2.74219 ]
[GRF_A][4][ 1.75 2.75 1.75781 2.75781 1.76562 2.76562 1.77344 2.77344 1.78125 2.78125 1.78906 2.78906 1.79688 2.79688 1.80469 2.80469 ]
[GRF_A][5][ 1.8125 2.8125 1.82031 2.82031 1.82812 2.82812 1.83594 2.83594 1.84375 2.84375 1.85156 2.85156 1.85938 2.85938 1.86719 2.86719 ]
[GRF_A][6][ 1.875 2.875 1.88281 2.88281 1.89062 2.89062 1.89844 2.89844 1.90625 2.90625 1.91406 2.91406 1.92188 2.92188 1.92969 2.92969 ]
[GRF_A][7][ 1.9375 2.9375 1.94531 2.94531 1.95312 2.95312 1.96094 2.96094 1.96875 2.96875 1.97656 2.97656 1.98438 2.98438 1.99219 2.99219 ]
[GRF_B][0][ 12.3438 0 0 0 0 0 0 0 0 0 0 0 0 0 0 0 ]
[GRF_B][1][ 0 22.3125 0 0 0 0 0 0 0 0 0 0 0 0 0 0 ]
[GRF_B][2][ 0 0 15.3594 0 0 0 0 0 0 0 0 0 0 0 0 0 ]
[GRF_B][3][ 0 0 0 15.5547 0 0 0 0 0 0 0 0 0 0 0 0 ]
[GRF_B][4][ 0 0 0 0 4.79297 0 0 0 0 0 0 0 0 0 0 0 ]
[GRF_B][5][ 0 0 0 0 0 9.66406 0 0 0 0 0 0 0 0 0 0 ]
[GRF_B][6][ 0 0 0 0 0 0 6.0625 0 0 0 0 0 0 0 0 0 ]
[GRF_B][7][ 0 0 0 0 0 0 0 11.9375 0 0 0 0 0 0 0 0 ]
[M_OUT][0000000000000000000000000000000000000000000000000000000000000000000000000000000000000000000000000000000000000000000000000000000000000000000000000000000000000000000000000000000000000000000000000000000000000000000000000000000000000000000000000000000000000000]
[A_OUT][0000000000000000000000000000000000000000000000000000000000000000000000000000000000000000000000000000000000000000000000000000000000000000000000000000000000000000000000000000000000000000000000000000000000000000000000000000000000000000000000000000000000000000]

----------
READ ch0 ra0 bg0 b1 r0 c28|| [2] MAC GRF_B[0], GRF_A[0], ODD_BANK, auto @ 6688
[BANK_R][ 0 0 0 0.9375 0 0 0 0 0 0 0 0 0 0 0 0 ]
[CMD]00111011000110001000000000000000(MAC GRF_B[0], GRF_A[0], ODD_BANK, auto)
[SRF][0000000000000000000000000000000000000000000000000000000000000000000000000000000000000000000000000000000000000000000000000000000000000000000000000000000000000000000000000000000000000000000000000000000000000000000000000000000000000000000000000000000000000000]
[GRF_A][0][ 1.5 2.5 1.50781 2.50781 1.51562 2.51562 1.52344 2.52344 1.53125 2.53125 1.53906 2.53906 1.54688 2.54688 1.55469 2.55469 ]
[GRF_A][1][ 1.5625 2.5625 1.57031 2.57031 1.57812 2.57812 1.58594 2.58594 1.59375 2.59375 1.60156 2.60156 1.60938 2.60938 1.61719 2.61719 ]
[GRF_A][2][ 1.625 2.625 1.63281 2.63281 1.64062 2.64062 1.64844 2.64844 1.65625 2.65625 1.66406 2.66406 1.67188 2.67188 1.67969 2.67969 ]
[GRF_A][3][ 1.6875 2.6875 1.69531 2.69531 1.70312 2.70312 1.71094 2.71094 1.71875 2.71875 1.72656 2.72656 1.73438 2.73438 1.74219 2.74219 ]
[GRF_A][4][ 1.75 2.75 1.75781 2.75781 1.76562 2.76562 1.77344 2.77344 1.78125 2.78125 1.78906 2.78906 1.79688 2.79688 1.80469 2.80469 ]
[GRF_A][5][ 1.8125 2.8125 1.82031 2.82031 1.82812 2.82812 1.83594 2.83594 1.84375 2.84375 1.85156 2.85156 1.85938 2.85938 1.86719 2.86719 ]
[GRF_A][6][ 1.875 2.875 1.88281 2.88281 1.89062 2.89062 1.89844 2.89844 1.90625 2.90625 1.91406 2.91406 1.92188 2.92188 1.92969 2.92969 ]
[GRF_A][7][ 1.9375 2.9375 1.94531 2.94531 1.95312 2.95312 1.96094 2.96094 1.96875 2.96875 1.97656 2.97656 1.98438 2.98438 1.99219 2.99219 ]
[GRF_B][0][ 12.3438 0 0 0 0 0 0 0 0 0 0 0 0 0 0 0 ]
[GRF_B][1][ 0 22.3125 0 0 0 0 0 0 0 0 0 0 0 0 0 0 ]
[GRF_B][2][ 0 0 15.3594 0 0 0 0 0 0 0 0 0 0 0 0 0 ]
[GRF_B][3][ 0 0 0 18.1406 0 0 0 0 0 0 0 0 0 0 0 0 ]
[GRF_B][4][ 0 0 0 0 4.79297 0 0 0 0 0 0 0 0 0 0 0 ]
[GRF_B][5][ 0 0 0 0 0 9.66406 0 0 0 0 0 0 0 0 0 0 ]
[GRF_B][6][ 0 0 0 0 0 0 6.0625 0 0 0 0 0 0 0 0 0 ]
[GRF_B][7][ 0 0 0 0 0 0 0 11.9375 0 0 0 0 0 0 0 0 ]
[M_OUT][0000000000000000000000000000000000000000000000000000000000000000000000000000000000000000000000000000000000000000000000000000000000000000000000000000000000000000000000000000000000000000000000000000000000000000000000000000000000000000000000000000000000000000]
[A_OUT][0000000000000000000000000000000000000000000000000000000000000000000000000000000000000000000000000000000000000000000000000000000000000000000000000000000000000000000000000000000000000000000000000000000000000000000000000000000000000000000000000000000000000000]

----------
READ ch0 ra0 bg0 b1 r0 c29|| [2] MAC GRF_B[0], GRF_A[0], ODD_BANK, auto @ 6692
[BANK_R][ 0 0 0 1 0 0 0 0 0 0 0 0 0 0 0 0 ]
[CMD]00111011000110001000000000000000(MAC GRF_B[0], GRF_A[0], ODD_BANK, auto)
[SRF][0000000000000000000000000000000000000000000000000000000000000000000000000000000000000000000000000000000000000000000000000000000000000000000000000000000000000000000000000000000000000000000000000000000000000000000000000000000000000000000000000000000000000000]
[GRF_A][0][ 1.5 2.5 1.50781 2.50781 1.51562 2.51562 1.52344 2.52344 1.53125 2.53125 1.53906 2.53906 1.54688 2.54688 1.55469 2.55469 ]
[GRF_A][1][ 1.5625 2.5625 1.57031 2.57031 1.57812 2.57812 1.58594 2.58594 1.59375 2.59375 1.60156 2.60156 1.60938 2.60938 1.61719 2.61719 ]
[GRF_A][2][ 1.625 2.625 1.63281 2.63281 1.64062 2.64062 1.64844 2.64844 1.65625 2.65625 1.66406 2.66406 1.67188 2.67188 1.67969 2.67969 ]
[GRF_A][3][ 1.6875 2.6875 1.69531 2.69531 1.70312 2.70312 1.71094 2.71094 1.71875 2.71875 1.72656 2.72656 1.73438 2.73438 1.74219 2.74219 ]
[GRF_A][4][ 1.75 2.75 1.75781 2.75781 1.76562 2.76562 1.77344 2.77344 1.78125 2.78125 1.78906 2.78906 1.79688 2.79688 1.80469 2.80469 ]
[GRF_A][5][ 1.8125 2.8125 1.82031 2.82031 1.82812 2.82812 1.83594 2.83594 1.84375 2.84375 1.85156 2.85156 1.85938 2.85938 1.86719 2.86719 ]
[GRF_A][6][ 1.875 2.875 1.88281 2.88281 1.89062 2.89062 1.89844 2.89844 1.90625 2.90625 1.91406 2.91406 1.92188 2.92188 1.92969 2.92969 ]
[GRF_A][7][ 1.9375 2.9375 1.94531 2.94531 1.95312 2.95312 1.96094 2.96094 1.96875 2.96875 1.97656 2.97656 1.98438 2.98438 1.99219 2.99219 ]
[GRF_B][0][ 12.3438 0 0 0 0 0 0 0 0 0 0 0 0 0 0 0 ]
[GRF_B][1][ 0 22.3125 0 0 0 0 0 0 0 0 0 0 0 0 0 0 ]
[GRF_B][2][ 0 0 15.3594 0 0 0 0 0 0 0 0 0 0 0 0 0 ]
[GRF_B][3][ 0 0 0 20.9688 0 0 0 0 0 0 0 0 0 0 0 0 ]
[GRF_B][4][ 0 0 0 0 4.79297 0 0 0 0 0 0 0 0 0 0 0 ]
[GRF_B][5][ 0 0 0 0 0 9.66406 0 0 0 0 0 0 0 0 0 0 ]
[GRF_B][6][ 0 0 0 0 0 0 6.0625 0 0 0 0 0 0 0 0 0 ]
[GRF_B][7][ 0 0 0 0 0 0 0 11.9375 0 0 0 0 0 0 0 0 ]
[M_OUT][0000000000000000000000000000000000000000000000000000000000000000000000000000000000000000000000000000000000000000000000000000000000000000000000000000000000000000000000000000000000000000000000000000000000000000000000000000000000000000000000000000000000000000]
[A_OUT][0000000000000000000000000000000000000000000000000000000000000000000000000000000000000000000000000000000000000000000000000000000000000000000000000000000000000000000000000000000000000000000000000000000000000000000000000000000000000000000000000000000000000000]

----------
READ ch0 ra0 bg0 b1 r0 c30|| [2] MAC GRF_B[0], GRF_A[0], ODD_BANK, auto @ 6696
[BANK_R][ 0 0 0 1.0625 0 0 0 0 0 0 0 0 0 0 0 0 ]
[CMD]00111011000110001000000000000000(MAC GRF_B[0], GRF_A[0], ODD_BANK, auto)
[SRF][0000000000000000000000000000000000000000000000000000000000000000000000000000000000000000000000000000000000000000000000000000000000000000000000000000000000000000000000000000000000000000000000000000000000000000000000000000000000000000000000000000000000000000]
[GRF_A][0][ 1.5 2.5 1.50781 2.50781 1.51562 2.51562 1.52344 2.52344 1.53125 2.53125 1.53906 2.53906 1.54688 2.54688 1.55469 2.55469 ]
[GRF_A][1][ 1.5625 2.5625 1.57031 2.57031 1.57812 2.57812 1.58594 2.58594 1.59375 2.59375 1.60156 2.60156 1.60938 2.60938 1.61719 2.61719 ]
[GRF_A][2][ 1.625 2.625 1.63281 2.63281 1.64062 2.64062 1.64844 2.64844 1.65625 2.65625 1.66406 2.66406 1.67188 2.67188 1.67969 2.67969 ]
[GRF_A][3][ 1.6875 2.6875 1.69531 2.69531 1.70312 2.70312 1.71094 2.71094 1.71875 2.71875 1.72656 2.72656 1.73438 2.73438 1.74219 2.74219 ]
[GRF_A][4][ 1.75 2.75 1.75781 2.75781 1.76562 2.76562 1.77344 2.77344 1.78125 2.78125 1.78906 2.78906 1.79688 2.79688 1.80469 2.80469 ]
[GRF_A][5][ 1.8125 2.8125 1.82031 2.82031 1.82812 2.82812 1.83594 2.83594 1.84375 2.84375 1.85156 2.85156 1.85938 2.85938 1.86719 2.86719 ]
[GRF_A][6][ 1.875 2.875 1.88281 2.88281 1.89062 2.89062 1.89844 2.89844 1.90625 2.90625 1.91406 2.91406 1.92188 2.92188 1.92969 2.92969 ]
[GRF_A][7][ 1.9375 2.9375 1.94531 2.94531 1.95312 2.95312 1.96094 2.96094 1.96875 2.96875 1.97656 2.97656 1.98438 2.98438 1.99219 2.99219 ]
[GRF_B][0][ 12.3438 0 0 0 0 0 0 0 0 0 0 0 0 0 0 0 ]
[GRF_B][1][ 0 22.3125 0 0 0 0 0 0 0 0 0 0 0 0 0 0 ]
[GRF_B][2][ 0 0 15.3594 0 0 0 0 0 0 0 0 0 0 0 0 0 ]
[GRF_B][3][ 0 0 0 24.0312 0 0 0 0 0 0 0 0 0 0 0 0 ]
[GRF_B][4][ 0 0 0 0 4.79297 0 0 0 0 0 0 0 0 0 0 0 ]
[GRF_B][5][ 0 0 0 0 0 9.66406 0 0 0 0 0 0 0 0 0 0 ]
[GRF_B][6][ 0 0 0 0 0 0 6.0625 0 0 0 0 0 0 0 0 0 ]
[GRF_B][7][ 0 0 0 0 0 0 0 11.9375 0 0 0 0 0 0 0 0 ]
[M_OUT][0000000000000000000000000000000000000000000000000000000000000000000000000000000000000000000000000000000000000000000000000000000000000000000000000000000000000000000000000000000000000000000000000000000000000000000000000000000000000000000000000000000000000000]
[A_OUT][0000000000000000000000000000000000000000000000000000000000000000000000000000000000000000000000000000000000000000000000000000000000000000000000000000000000000000000000000000000000000000000000000000000000000000000000000000000000000000000000000000000000000000]

----------
READ ch0 ra0 bg0 b1 r0 c31|| [2] MAC GRF_B[0], GRF_A[0], ODD_BANK, auto @ 6700
[BANK_R][ 0 0 0 1.125 0 0 0 0 0 0 0 0 0 0 0 0 ]
[CMD]00111011000110001000000000000000(MAC GRF_B[0], GRF_A[0], ODD_BANK, auto)
[SRF][0000000000000000000000000000000000000000000000000000000000000000000000000000000000000000000000000000000000000000000000000000000000000000000000000000000000000000000000000000000000000000000000000000000000000000000000000000000000000000000000000000000000000000]
[GRF_A][0][ 1.5 2.5 1.50781 2.50781 1.51562 2.51562 1.52344 2.52344 1.53125 2.53125 1.53906 2.53906 1.54688 2.54688 1.55469 2.55469 ]
[GRF_A][1][ 1.5625 2.5625 1.57031 2.57031 1.57812 2.57812 1.58594 2.58594 1.59375 2.59375 1.60156 2.60156 1.60938 2.60938 1.61719 2.61719 ]
[GRF_A][2][ 1.625 2.625 1.63281 2.63281 1.64062 2.64062 1.64844 2.64844 1.65625 2.65625 1.66406 2.66406 1.67188 2.67188 1.67969 2.67969 ]
[GRF_A][3][ 1.6875 2.6875 1.69531 2.69531 1.70312 2.70312 1.71094 2.71094 1.71875 2.71875 1.72656 2.72656 1.73438 2.73438 1.74219 2.74219 ]
[GRF_A][4][ 1.75 2.75 1.75781 2.75781 1.76562 2.76562 1.77344 2.77344 1.78125 2.78125 1.78906 2.78906 1.79688 2.79688 1.80469 2.80469 ]
[GRF_A][5][ 1.8125 2.8125 1.82031 2.82031 1.82812 2.82812 1.83594 2.83594 1.84375 2.84375 1.85156 2.85156 1.85938 2.85938 1.86719 2.86719 ]
[GRF_A][6][ 1.875 2.875 1.88281 2.88281 1.89062 2.89062 1.89844 2.89844 1.90625 2.90625 1.91406 2.91406 1.92188 2.92188 1.92969 2.92969 ]
[GRF_A][7][ 1.9375 2.9375 1.94531 2.94531 1.95312 2.95312 1.96094 2.96094 1.96875 2.96875 1.97656 2.97656 1.98438 2.98438 1.99219 2.99219 ]
[GRF_B][0][ 12.3438 0 0 0 0 0 0 0 0 0 0 0 0 0 0 0 ]
[GRF_B][1][ 0 22.3125 0 0 0 0 0 0 0 0 0 0 0 0 0 0 ]
[GRF_B][2][ 0 0 15.3594 0 0 0 0 0 0 0 0 0 0 0 0 0 ]
[GRF_B][3][ 0 0 0 27.3438 0 0 0 0 0 0 0 0 0 0 0 0 ]
[GRF_B][4][ 0 0 0 0 4.79297 0 0 0 0 0 0 0 0 0 0 0 ]
[GRF_B][5][ 0 0 0 0 0 9.66406 0 0 0 0 0 0 0 0 0 0 ]
[GRF_B][6][ 0 0 0 0 0 0 6.0625 0 0 0 0 0 0 0 0 0 ]
[GRF_B][7][ 0 0 0 0 0 0 0 11.9375 0 0 0 0 0 0 0 0 ]
[M_OUT][0000000000000000000000000000000000000000000000000000000000000000000000000000000000000000000000000000000000000000000000000000000000000000000000000000000000000000000000000000000000000000000000000000000000000000000000000000000000000000000000000000000000000000]
[A_OUT][0000000000000000000000000000000000000000000000000000000000000000000000000000000000000000000000000000000000000000000000000000000000000000000000000000000000000000000000000000000000000000000000000000000000000000000000000000000000000000000000000000000000000000]

----------
PRECHARGE ch[0] ra[0] bg[0] ba[1] ro[0] @6702
ACTIVATE ch[0] ra[0] bg[0] ba[1] ro[1] co[0] @6716 tag : MAC_
READ ch0 ra0 bg0 b1 r1 c0|| [3] JUMP 7x [PC - 2] @ 6731
READ ch0 ra0 bg0 b1 r1 c0|| [2] MAC GRF_B[0], GRF_A[0], ODD_BANK, auto @ 6731
[BANK_R][ 0 0 0 0 0.75 0 0 0 0 0 0 0 0 0 0 0 ]
[CMD]00111011000110001000000000000000(MAC GRF_B[0], GRF_A[0], ODD_BANK, auto)
[SRF][0000000000000000000000000000000000000000000000000000000000000000000000000000000000000000000000000000000000000000000000000000000000000000000000000000000000000000000000000000000000000000000000000000000000000000000000000000000000000000000000000000000000000000]
[GRF_A][0][ 1.5 2.5 1.50781 2.50781 1.51562 2.51562 1.52344 2.52344 1.53125 2.53125 1.53906 2.53906 1.54688 2.54688 1.55469 2.55469 ]
[GRF_A][1][ 1.5625 2.5625 1.57031 2.57031 1.57812 2.57812 1.58594 2.58594 1.59375 2.59375 1.60156 2.60156 1.60938 2.60938 1.61719 2.61719 ]
[GRF_A][2][ 1.625 2.625 1.63281 2.63281 1.64062 2.64062 1.64844 2.64844 1.65625 2.65625 1.66406 2.66406 1.67188 2.67188 1.67969 2.67969 ]
[GRF_A][3][ 1.6875 2.6875 1.69531 2.69531 1.70312 2.70312 1.71094 2.71094 1.71875 2.71875 1.72656 2.72656 1.73438 2.73438 1.74219 2.74219 ]
[GRF_A][4][ 1.75 2.75 1.75781 2.75781 1.76562 2.76562 1.77344 2.77344 1.78125 2.78125 1.78906 2.78906 1.79688 2.79688 1.80469 2.80469 ]
[GRF_A][5][ 1.8125 2.8125 1.82031 2.82031 1.82812 2.82812 1.83594 2.83594 1.84375 2.84375 1.85156 2.85156 1.85938 2.85938 1.86719 2.86719 ]
[GRF_A][6][ 1.875 2.875 1.88281 2.88281 1.89062 2.89062 1.89844 2.89844 1.90625 2.90625 1.91406 2.91406 1.92188 2.92188 1.92969 2.92969 ]
[GRF_A][7][ 1.9375 2.9375 1.94531 2.94531 1.95312 2.95312 1.96094 2.96094 1.96875 2.96875 1.97656 2.97656 1.98438 2.98438 1.99219 2.99219 ]
[GRF_B][0][ 12.3438 0 0 0 0 0 0 0 0 0 0 0 0 0 0 0 ]
[GRF_B][1][ 0 22.3125 0 0 0 0 0 0 0 0 0 0 0 0 0 0 ]
[GRF_B][2][ 0 0 15.3594 0 0 0 0 0 0 0 0 0 0 0 0 0 ]
[GRF_B][3][ 0 0 0 27.3438 0 0 0 0 0 0 0 0 0 0 0 0 ]
[GRF_B][4][ 0 0 0 0 5.92969 0 0 0 0 0 0 0 0 0 0 0 ]
[GRF_B][5][ 0 0 0 0 0 9.66406 0 0 0 0 0 0 0 0 0 0 ]
[GRF_B][6][ 0 0 0 0 0 0 6.0625 0 0 0 0 0 0 0 0 0 ]
[GRF_B][7][ 0 0 0 0 0 0 0 11.9375 0 0 0 0 0 0 0 0 ]
[M_OUT][0000000000000000000000000000000000000000000000000000000000000000000000000000000000000000000000000000000000000000000000000000000000000000000000000000000000000000000000000000000000000000000000000000000000000000000000000000000000000000000000000000000000000000]
[A_OUT][0000000000000000000000000000000000000000000000000000000000000000000000000000000000000000000000000000000000000000000000000000000000000000000000000000000000000000000000000000000000000000000000000000000000000000000000000000000000000000000000000000000000000000]

----------
READ ch0 ra0 bg0 b1 r1 c1|| [2] MAC GRF_B[0], GRF_A[0], ODD_BANK, auto @ 6735
[BANK_R][ 0 0 0 0 0.8125 0 0 0 0 0 0 0 0 0 0 0 ]
[CMD]00111011000110001000000000000000(MAC GRF_B[0], GRF_A[0], ODD_BANK, auto)
[SRF][0000000000000000000000000000000000000000000000000000000000000000000000000000000000000000000000000000000000000000000000000000000000000000000000000000000000000000000000000000000000000000000000000000000000000000000000000000000000000000000000000000000000000000]
[GRF_A][0][ 1.5 2.5 1.50781 2.50781 1.51562 2.51562 1.52344 2.52344 1.53125 2.53125 1.53906 2.53906 1.54688 2.54688 1.55469 2.55469 ]
[GRF_A][1][ 1.5625 2.5625 1.57031 2.57031 1.57812 2.57812 1.58594 2.58594 1.59375 2.59375 1.60156 2.60156 1.60938 2.60938 1.61719 2.61719 ]
[GRF_A][2][ 1.625 2.625 1.63281 2.63281 1.64062 2.64062 1.64844 2.64844 1.65625 2.65625 1.66406 2.66406 1.67188 2.67188 1.67969 2.67969 ]
[GRF_A][3][ 1.6875 2.6875 1.69531 2.69531 1.70312 2.70312 1.71094 2.71094 1.71875 2.71875 1.72656 2.72656 1.73438 2.73438 1.74219 2.74219 ]
[GRF_A][4][ 1.75 2.75 1.75781 2.75781 1.76562 2.76562 1.77344 2.77344 1.78125 2.78125 1.78906 2.78906 1.79688 2.79688 1.80469 2.80469 ]
[GRF_A][5][ 1.8125 2.8125 1.82031 2.82031 1.82812 2.82812 1.83594 2.83594 1.84375 2.84375 1.85156 2.85156 1.85938 2.85938 1.86719 2.86719 ]
[GRF_A][6][ 1.875 2.875 1.88281 2.88281 1.89062 2.89062 1.89844 2.89844 1.90625 2.90625 1.91406 2.91406 1.92188 2.92188 1.92969 2.92969 ]
[GRF_A][7][ 1.9375 2.9375 1.94531 2.94531 1.95312 2.95312 1.96094 2.96094 1.96875 2.96875 1.97656 2.97656 1.98438 2.98438 1.99219 2.99219 ]
[GRF_B][0][ 12.3438 0 0 0 0 0 0 0 0 0 0 0 0 0 0 0 ]
[GRF_B][1][ 0 22.3125 0 0 0 0 0 0 0 0 0 0 0 0 0 0 ]
[GRF_B][2][ 0 0 15.3594 0 0 0 0 0 0 0 0 0 0 0 0 0 ]
[GRF_B][3][ 0 0 0 27.3438 0 0 0 0 0 0 0 0 0 0 0 0 ]
[GRF_B][4][ 0 0 0 0 7.21094 0 0 0 0 0 0 0 0 0 0 0 ]
[GRF_B][5][ 0 0 0 0 0 9.66406 0 0 0 0 0 0 0 0 0 0 ]
[GRF_B][6][ 0 0 0 0 0 0 6.0625 0 0 0 0 0 0 0 0 0 ]
[GRF_B][7][ 0 0 0 0 0 0 0 11.9375 0 0 0 0 0 0 0 0 ]
[M_OUT][0000000000000000000000000000000000000000000000000000000000000000000000000000000000000000000000000000000000000000000000000000000000000000000000000000000000000000000000000000000000000000000000000000000000000000000000000000000000000000000000000000000000000000]
[A_OUT][0000000000000000000000000000000000000000000000000000000000000000000000000000000000000000000000000000000000000000000000000000000000000000000000000000000000000000000000000000000000000000000000000000000000000000000000000000000000000000000000000000000000000000]

----------
READ ch0 ra0 bg0 b1 r1 c2|| [2] MAC GRF_B[0], GRF_A[0], ODD_BANK, auto @ 6739
[BANK_R][ 0 0 0 0 0.875 0 0 0 0 0 0 0 0 0 0 0 ]
[CMD]00111011000110001000000000000000(MAC GRF_B[0], GRF_A[0], ODD_BANK, auto)
[SRF][0000000000000000000000000000000000000000000000000000000000000000000000000000000000000000000000000000000000000000000000000000000000000000000000000000000000000000000000000000000000000000000000000000000000000000000000000000000000000000000000000000000000000000]
[GRF_A][0][ 1.5 2.5 1.50781 2.50781 1.51562 2.51562 1.52344 2.52344 1.53125 2.53125 1.53906 2.53906 1.54688 2.54688 1.55469 2.55469 ]
[GRF_A][1][ 1.5625 2.5625 1.57031 2.57031 1.57812 2.57812 1.58594 2.58594 1.59375 2.59375 1.60156 2.60156 1.60938 2.60938 1.61719 2.61719 ]
[GRF_A][2][ 1.625 2.625 1.63281 2.63281 1.64062 2.64062 1.64844 2.64844 1.65625 2.65625 1.66406 2.66406 1.67188 2.67188 1.67969 2.67969 ]
[GRF_A][3][ 1.6875 2.6875 1.69531 2.69531 1.70312 2.70312 1.71094 2.71094 1.71875 2.71875 1.72656 2.72656 1.73438 2.73438 1.74219 2.74219 ]
[GRF_A][4][ 1.75 2.75 1.75781 2.75781 1.76562 2.76562 1.77344 2.77344 1.78125 2.78125 1.78906 2.78906 1.79688 2.79688 1.80469 2.80469 ]
[GRF_A][5][ 1.8125 2.8125 1.82031 2.82031 1.82812 2.82812 1.83594 2.83594 1.84375 2.84375 1.85156 2.85156 1.85938 2.85938 1.86719 2.86719 ]
[GRF_A][6][ 1.875 2.875 1.88281 2.88281 1.89062 2.89062 1.89844 2.89844 1.90625 2.90625 1.91406 2.91406 1.92188 2.92188 1.92969 2.92969 ]
[GRF_A][7][ 1.9375 2.9375 1.94531 2.94531 1.95312 2.95312 1.96094 2.96094 1.96875 2.96875 1.97656 2.97656 1.98438 2.98438 1.99219 2.99219 ]
[GRF_B][0][ 12.3438 0 0 0 0 0 0 0 0 0 0 0 0 0 0 0 ]
[GRF_B][1][ 0 22.3125 0 0 0 0 0 0 0 0 0 0 0 0 0 0 ]
[GRF_B][2][ 0 0 15.3594 0 0 0 0 0 0 0 0 0 0 0 0 0 ]
[GRF_B][3][ 0 0 0 27.3438 0 0 0 0 0 0 0 0 0 0 0 0 ]
[GRF_B][4][ 0 0 0 0 8.64844 0 0 0 0 0 0 0 0 0 0 0 ]
[GRF_B][5][ 0 0 0 0 0 9.66406 0 0 0 0 0 0 0 0 0 0 ]
[GRF_B][6][ 0 0 0 0 0 0 6.0625 0 0 0 0 0 0 0 0 0 ]
[GRF_B][7][ 0 0 0 0 0 0 0 11.9375 0 0 0 0 0 0 0 0 ]
[M_OUT][0000000000000000000000000000000000000000000000000000000000000000000000000000000000000000000000000000000000000000000000000000000000000000000000000000000000000000000000000000000000000000000000000000000000000000000000000000000000000000000000000000000000000000]
[A_OUT][0000000000000000000000000000000000000000000000000000000000000000000000000000000000000000000000000000000000000000000000000000000000000000000000000000000000000000000000000000000000000000000000000000000000000000000000000000000000000000000000000000000000000000]

----------
READ ch0 ra0 bg0 b1 r1 c3|| [2] MAC GRF_B[0], GRF_A[0], ODD_BANK, auto @ 6743
[BANK_R][ 0 0 0 0 0.9375 0 0 0 0 0 0 0 0 0 0 0 ]
[CMD]00111011000110001000000000000000(MAC GRF_B[0], GRF_A[0], ODD_BANK, auto)
[SRF][0000000000000000000000000000000000000000000000000000000000000000000000000000000000000000000000000000000000000000000000000000000000000000000000000000000000000000000000000000000000000000000000000000000000000000000000000000000000000000000000000000000000000000]
[GRF_A][0][ 1.5 2.5 1.50781 2.50781 1.51562 2.51562 1.52344 2.52344 1.53125 2.53125 1.53906 2.53906 1.54688 2.54688 1.55469 2.55469 ]
[GRF_A][1][ 1.5625 2.5625 1.57031 2.57031 1.57812 2.57812 1.58594 2.58594 1.59375 2.59375 1.60156 2.60156 1.60938 2.60938 1.61719 2.61719 ]
[GRF_A][2][ 1.625 2.625 1.63281 2.63281 1.64062 2.64062 1.64844 2.64844 1.65625 2.65625 1.66406 2.66406 1.67188 2.67188 1.67969 2.67969 ]
[GRF_A][3][ 1.6875 2.6875 1.69531 2.69531 1.70312 2.70312 1.71094 2.71094 1.71875 2.71875 1.72656 2.72656 1.73438 2.73438 1.74219 2.74219 ]
[GRF_A][4][ 1.75 2.75 1.75781 2.75781 1.76562 2.76562 1.77344 2.77344 1.78125 2.78125 1.78906 2.78906 1.79688 2.79688 1.80469 2.80469 ]
[GRF_A][5][ 1.8125 2.8125 1.82031 2.82031 1.82812 2.82812 1.83594 2.83594 1.84375 2.84375 1.85156 2.85156 1.85938 2.85938 1.86719 2.86719 ]
[GRF_A][6][ 1.875 2.875 1.88281 2.88281 1.89062 2.89062 1.89844 2.89844 1.90625 2.90625 1.91406 2.91406 1.92188 2.92188 1.92969 2.92969 ]
[GRF_A][7][ 1.9375 2.9375 1.94531 2.94531 1.95312 2.95312 1.96094 2.96094 1.96875 2.96875 1.97656 2.97656 1.98438 2.98438 1.99219 2.99219 ]
[GRF_B][0][ 12.3438 0 0 0 0 0 0 0 0 0 0 0 0 0 0 0 ]
[GRF_B][1][ 0 22.3125 0 0 0 0 0 0 0 0 0 0 0 0 0 0 ]
[GRF_B][2][ 0 0 15.3594 0 0 0 0 0 0 0 0 0 0 0 0 0 ]
[GRF_B][3][ 0 0 0 27.3438 0 0 0 0 0 0 0 0 0 0 0 0 ]
[GRF_B][4][ 0 0 0 0 10.2422 0 0 0 0 0 0 0 0 0 0 0 ]
[GRF_B][5][ 0 0 0 0 0 9.66406 0 0 0 0 0 0 0 0 0 0 ]
[GRF_B][6][ 0 0 0 0 0 0 6.0625 0 0 0 0 0 0 0 0 0 ]
[GRF_B][7][ 0 0 0 0 0 0 0 11.9375 0 0 0 0 0 0 0 0 ]
[M_OUT][0000000000000000000000000000000000000000000000000000000000000000000000000000000000000000000000000000000000000000000000000000000000000000000000000000000000000000000000000000000000000000000000000000000000000000000000000000000000000000000000000000000000000000]
[A_OUT][0000000000000000000000000000000000000000000000000000000000000000000000000000000000000000000000000000000000000000000000000000000000000000000000000000000000000000000000000000000000000000000000000000000000000000000000000000000000000000000000000000000000000000]

----------
READ ch0 ra0 bg0 b1 r1 c4|| [2] MAC GRF_B[0], GRF_A[0], ODD_BANK, auto @ 6747
[BANK_R][ 0 0 0 0 1 0 0 0 0 0 0 0 0 0 0 0 ]
[CMD]00111011000110001000000000000000(MAC GRF_B[0], GRF_A[0], ODD_BANK, auto)
[SRF][0000000000000000000000000000000000000000000000000000000000000000000000000000000000000000000000000000000000000000000000000000000000000000000000000000000000000000000000000000000000000000000000000000000000000000000000000000000000000000000000000000000000000000]
[GRF_A][0][ 1.5 2.5 1.50781 2.50781 1.51562 2.51562 1.52344 2.52344 1.53125 2.53125 1.53906 2.53906 1.54688 2.54688 1.55469 2.55469 ]
[GRF_A][1][ 1.5625 2.5625 1.57031 2.57031 1.57812 2.57812 1.58594 2.58594 1.59375 2.59375 1.60156 2.60156 1.60938 2.60938 1.61719 2.61719 ]
[GRF_A][2][ 1.625 2.625 1.63281 2.63281 1.64062 2.64062 1.64844 2.64844 1.65625 2.65625 1.66406 2.66406 1.67188 2.67188 1.67969 2.67969 ]
[GRF_A][3][ 1.6875 2.6875 1.69531 2.69531 1.70312 2.70312 1.71094 2.71094 1.71875 2.71875 1.72656 2.72656 1.73438 2.73438 1.74219 2.74219 ]
[GRF_A][4][ 1.75 2.75 1.75781 2.75781 1.76562 2.76562 1.77344 2.77344 1.78125 2.78125 1.78906 2.78906 1.79688 2.79688 1.80469 2.80469 ]
[GRF_A][5][ 1.8125 2.8125 1.82031 2.82031 1.82812 2.82812 1.83594 2.83594 1.84375 2.84375 1.85156 2.85156 1.85938 2.85938 1.86719 2.86719 ]
[GRF_A][6][ 1.875 2.875 1.88281 2.88281 1.89062 2.89062 1.89844 2.89844 1.90625 2.90625 1.91406 2.91406 1.92188 2.92188 1.92969 2.92969 ]
[GRF_A][7][ 1.9375 2.9375 1.94531 2.94531 1.95312 2.95312 1.96094 2.96094 1.96875 2.96875 1.97656 2.97656 1.98438 2.98438 1.99219 2.99219 ]
[GRF_B][0][ 12.3438 0 0 0 0 0 0 0 0 0 0 0 0 0 0 0 ]
[GRF_B][1][ 0 22.3125 0 0 0 0 0 0 0 0 0 0 0 0 0 0 ]
[GRF_B][2][ 0 0 15.3594 0 0 0 0 0 0 0 0 0 0 0 0 0 ]
[GRF_B][3][ 0 0 0 27.3438 0 0 0 0 0 0 0 0 0 0 0 0 ]
[GRF_B][4][ 0 0 0 0 12.0078 0 0 0 0 0 0 0 0 0 0 0 ]
[GRF_B][5][ 0 0 0 0 0 9.66406 0 0 0 0 0 0 0 0 0 0 ]
[GRF_B][6][ 0 0 0 0 0 0 6.0625 0 0 0 0 0 0 0 0 0 ]
[GRF_B][7][ 0 0 0 0 0 0 0 11.9375 0 0 0 0 0 0 0 0 ]
[M_OUT][0000000000000000000000000000000000000000000000000000000000000000000000000000000000000000000000000000000000000000000000000000000000000000000000000000000000000000000000000000000000000000000000000000000000000000000000000000000000000000000000000000000000000000]
[A_OUT][0000000000000000000000000000000000000000000000000000000000000000000000000000000000000000000000000000000000000000000000000000000000000000000000000000000000000000000000000000000000000000000000000000000000000000000000000000000000000000000000000000000000000000]

----------
READ ch0 ra0 bg0 b1 r1 c5|| [2] MAC GRF_B[0], GRF_A[0], ODD_BANK, auto @ 6751
[BANK_R][ 0 0 0 0 1.0625 0 0 0 0 0 0 0 0 0 0 0 ]
[CMD]00111011000110001000000000000000(MAC GRF_B[0], GRF_A[0], ODD_BANK, auto)
[SRF][0000000000000000000000000000000000000000000000000000000000000000000000000000000000000000000000000000000000000000000000000000000000000000000000000000000000000000000000000000000000000000000000000000000000000000000000000000000000000000000000000000000000000000]
[GRF_A][0][ 1.5 2.5 1.50781 2.50781 1.51562 2.51562 1.52344 2.52344 1.53125 2.53125 1.53906 2.53906 1.54688 2.54688 1.55469 2.55469 ]
[GRF_A][1][ 1.5625 2.5625 1.57031 2.57031 1.57812 2.57812 1.58594 2.58594 1.59375 2.59375 1.60156 2.60156 1.60938 2.60938 1.61719 2.61719 ]
[GRF_A][2][ 1.625 2.625 1.63281 2.63281 1.64062 2.64062 1.64844 2.64844 1.65625 2.65625 1.66406 2.66406 1.67188 2.67188 1.67969 2.67969 ]
[GRF_A][3][ 1.6875 2.6875 1.69531 2.69531 1.70312 2.70312 1.71094 2.71094 1.71875 2.71875 1.72656 2.72656 1.73438 2.73438 1.74219 2.74219 ]
[GRF_A][4][ 1.75 2.75 1.75781 2.75781 1.76562 2.76562 1.77344 2.77344 1.78125 2.78125 1.78906 2.78906 1.79688 2.79688 1.80469 2.80469 ]
[GRF_A][5][ 1.8125 2.8125 1.82031 2.82031 1.82812 2.82812 1.83594 2.83594 1.84375 2.84375 1.85156 2.85156 1.85938 2.85938 1.86719 2.86719 ]
[GRF_A][6][ 1.875 2.875 1.88281 2.88281 1.89062 2.89062 1.89844 2.89844 1.90625 2.90625 1.91406 2.91406 1.92188 2.92188 1.92969 2.92969 ]
[GRF_A][7][ 1.9375 2.9375 1.94531 2.94531 1.95312 2.95312 1.96094 2.96094 1.96875 2.96875 1.97656 2.97656 1.98438 2.98438 1.99219 2.99219 ]
[GRF_B][0][ 12.3438 0 0 0 0 0 0 0 0 0 0 0 0 0 0 0 ]
[GRF_B][1][ 0 22.3125 0 0 0 0 0 0 0 0 0 0 0 0 0 0 ]
[GRF_B][2][ 0 0 15.3594 0 0 0 0 0 0 0 0 0 0 0 0 0 ]
[GRF_B][3][ 0 0 0 27.3438 0 0 0 0 0 0 0 0 0 0 0 0 ]
[GRF_B][4][ 0 0 0 0 13.9531 0 0 0 0 0 0 0 0 0 0 0 ]
[GRF_B][5][ 0 0 0 0 0 9.66406 0 0 0 0 0 0 0 0 0 0 ]
[GRF_B][6][ 0 0 0 0 0 0 6.0625 0 0 0 0 0 0 0 0 0 ]
[GRF_B][7][ 0 0 0 0 0 0 0 11.9375 0 0 0 0 0 0 0 0 ]
[M_OUT][0000000000000000000000000000000000000000000000000000000000000000000000000000000000000000000000000000000000000000000000000000000000000000000000000000000000000000000000000000000000000000000000000000000000000000000000000000000000000000000000000000000000000000]
[A_OUT][0000000000000000000000000000000000000000000000000000000000000000000000000000000000000000000000000000000000000000000000000000000000000000000000000000000000000000000000000000000000000000000000000000000000000000000000000000000000000000000000000000000000000000]

----------
READ ch0 ra0 bg0 b1 r1 c6|| [2] MAC GRF_B[0], GRF_A[0], ODD_BANK, auto @ 6755
[BANK_R][ 0 0 0 0 1.125 0 0 0 0 0 0 0 0 0 0 0 ]
[CMD]00111011000110001000000000000000(MAC GRF_B[0], GRF_A[0], ODD_BANK, auto)
[SRF][0000000000000000000000000000000000000000000000000000000000000000000000000000000000000000000000000000000000000000000000000000000000000000000000000000000000000000000000000000000000000000000000000000000000000000000000000000000000000000000000000000000000000000]
[GRF_A][0][ 1.5 2.5 1.50781 2.50781 1.51562 2.51562 1.52344 2.52344 1.53125 2.53125 1.53906 2.53906 1.54688 2.54688 1.55469 2.55469 ]
[GRF_A][1][ 1.5625 2.5625 1.57031 2.57031 1.57812 2.57812 1.58594 2.58594 1.59375 2.59375 1.60156 2.60156 1.60938 2.60938 1.61719 2.61719 ]
[GRF_A][2][ 1.625 2.625 1.63281 2.63281 1.64062 2.64062 1.64844 2.64844 1.65625 2.65625 1.66406 2.66406 1.67188 2.67188 1.67969 2.67969 ]
[GRF_A][3][ 1.6875 2.6875 1.69531 2.69531 1.70312 2.70312 1.71094 2.71094 1.71875 2.71875 1.72656 2.72656 1.73438 2.73438 1.74219 2.74219 ]
[GRF_A][4][ 1.75 2.75 1.75781 2.75781 1.76562 2.76562 1.77344 2.77344 1.78125 2.78125 1.78906 2.78906 1.79688 2.79688 1.80469 2.80469 ]
[GRF_A][5][ 1.8125 2.8125 1.82031 2.82031 1.82812 2.82812 1.83594 2.83594 1.84375 2.84375 1.85156 2.85156 1.85938 2.85938 1.86719 2.86719 ]
[GRF_A][6][ 1.875 2.875 1.88281 2.88281 1.89062 2.89062 1.89844 2.89844 1.90625 2.90625 1.91406 2.91406 1.92188 2.92188 1.92969 2.92969 ]
[GRF_A][7][ 1.9375 2.9375 1.94531 2.94531 1.95312 2.95312 1.96094 2.96094 1.96875 2.96875 1.97656 2.97656 1.98438 2.98438 1.99219 2.99219 ]
[GRF_B][0][ 12.3438 0 0 0 0 0 0 0 0 0 0 0 0 0 0 0 ]
[GRF_B][1][ 0 22.3125 0 0 0 0 0 0 0 0 0 0 0 0 0 0 ]
[GRF_B][2][ 0 0 15.3594 0 0 0 0 0 0 0 0 0 0 0 0 0 ]
[GRF_B][3][ 0 0 0 27.3438 0 0 0 0 0 0 0 0 0 0 0 0 ]
[GRF_B][4][ 0 0 0 0 16.0781 0 0 0 0 0 0 0 0 0 0 0 ]
[GRF_B][5][ 0 0 0 0 0 9.66406 0 0 0 0 0 0 0 0 0 0 ]
[GRF_B][6][ 0 0 0 0 0 0 6.0625 0 0 0 0 0 0 0 0 0 ]
[GRF_B][7][ 0 0 0 0 0 0 0 11.9375 0 0 0 0 0 0 0 0 ]
[M_OUT][0000000000000000000000000000000000000000000000000000000000000000000000000000000000000000000000000000000000000000000000000000000000000000000000000000000000000000000000000000000000000000000000000000000000000000000000000000000000000000000000000000000000000000]
[A_OUT][0000000000000000000000000000000000000000000000000000000000000000000000000000000000000000000000000000000000000000000000000000000000000000000000000000000000000000000000000000000000000000000000000000000000000000000000000000000000000000000000000000000000000000]

----------
READ ch0 ra0 bg0 b1 r1 c7|| [2] MAC GRF_B[0], GRF_A[0], ODD_BANK, auto @ 6759
[BANK_R][ 0 0 0 0 1.1875 0 0 0 0 0 0 0 0 0 0 0 ]
[CMD]00111011000110001000000000000000(MAC GRF_B[0], GRF_A[0], ODD_BANK, auto)
[SRF][0000000000000000000000000000000000000000000000000000000000000000000000000000000000000000000000000000000000000000000000000000000000000000000000000000000000000000000000000000000000000000000000000000000000000000000000000000000000000000000000000000000000000000]
[GRF_A][0][ 1.5 2.5 1.50781 2.50781 1.51562 2.51562 1.52344 2.52344 1.53125 2.53125 1.53906 2.53906 1.54688 2.54688 1.55469 2.55469 ]
[GRF_A][1][ 1.5625 2.5625 1.57031 2.57031 1.57812 2.57812 1.58594 2.58594 1.59375 2.59375 1.60156 2.60156 1.60938 2.60938 1.61719 2.61719 ]
[GRF_A][2][ 1.625 2.625 1.63281 2.63281 1.64062 2.64062 1.64844 2.64844 1.65625 2.65625 1.66406 2.66406 1.67188 2.67188 1.67969 2.67969 ]
[GRF_A][3][ 1.6875 2.6875 1.69531 2.69531 1.70312 2.70312 1.71094 2.71094 1.71875 2.71875 1.72656 2.72656 1.73438 2.73438 1.74219 2.74219 ]
[GRF_A][4][ 1.75 2.75 1.75781 2.75781 1.76562 2.76562 1.77344 2.77344 1.78125 2.78125 1.78906 2.78906 1.79688 2.79688 1.80469 2.80469 ]
[GRF_A][5][ 1.8125 2.8125 1.82031 2.82031 1.82812 2.82812 1.83594 2.83594 1.84375 2.84375 1.85156 2.85156 1.85938 2.85938 1.86719 2.86719 ]
[GRF_A][6][ 1.875 2.875 1.88281 2.88281 1.89062 2.89062 1.89844 2.89844 1.90625 2.90625 1.91406 2.91406 1.92188 2.92188 1.92969 2.92969 ]
[GRF_A][7][ 1.9375 2.9375 1.94531 2.94531 1.95312 2.95312 1.96094 2.96094 1.96875 2.96875 1.97656 2.97656 1.98438 2.98438 1.99219 2.99219 ]
[GRF_B][0][ 12.3438 0 0 0 0 0 0 0 0 0 0 0 0 0 0 0 ]
[GRF_B][1][ 0 22.3125 0 0 0 0 0 0 0 0 0 0 0 0 0 0 ]
[GRF_B][2][ 0 0 15.3594 0 0 0 0 0 0 0 0 0 0 0 0 0 ]
[GRF_B][3][ 0 0 0 27.3438 0 0 0 0 0 0 0 0 0 0 0 0 ]
[GRF_B][4][ 0 0 0 0 18.4062 0 0 0 0 0 0 0 0 0 0 0 ]
[GRF_B][5][ 0 0 0 0 0 9.66406 0 0 0 0 0 0 0 0 0 0 ]
[GRF_B][6][ 0 0 0 0 0 0 6.0625 0 0 0 0 0 0 0 0 0 ]
[GRF_B][7][ 0 0 0 0 0 0 0 11.9375 0 0 0 0 0 0 0 0 ]
[M_OUT][0000000000000000000000000000000000000000000000000000000000000000000000000000000000000000000000000000000000000000000000000000000000000000000000000000000000000000000000000000000000000000000000000000000000000000000000000000000000000000000000000000000000000000]
[A_OUT][0000000000000000000000000000000000000000000000000000000000000000000000000000000000000000000000000000000000000000000000000000000000000000000000000000000000000000000000000000000000000000000000000000000000000000000000000000000000000000000000000000000000000000]

----------
READ ch0 ra0 bg0 b1 r1 c8|| [3] JUMP 7x [PC - 2] @ 6763
READ ch0 ra0 bg0 b1 r1 c8|| [2] MAC GRF_B[0], GRF_A[0], ODD_BANK, auto @ 6763
[BANK_R][ 0 0 0 0 0 0.8125 0 0 0 0 0 0 0 0 0 0 ]
[CMD]00111011000110001000000000000000(MAC GRF_B[0], GRF_A[0], ODD_BANK, auto)
[SRF][0000000000000000000000000000000000000000000000000000000000000000000000000000000000000000000000000000000000000000000000000000000000000000000000000000000000000000000000000000000000000000000000000000000000000000000000000000000000000000000000000000000000000000]
[GRF_A][0][ 1.5 2.5 1.50781 2.50781 1.51562 2.51562 1.52344 2.52344 1.53125 2.53125 1.53906 2.53906 1.54688 2.54688 1.55469 2.55469 ]
[GRF_A][1][ 1.5625 2.5625 1.57031 2.57031 1.57812 2.57812 1.58594 2.58594 1.59375 2.59375 1.60156 2.60156 1.60938 2.60938 1.61719 2.61719 ]
[GRF_A][2][ 1.625 2.625 1.63281 2.63281 1.64062 2.64062 1.64844 2.64844 1.65625 2.65625 1.66406 2.66406 1.67188 2.67188 1.67969 2.67969 ]
[GRF_A][3][ 1.6875 2.6875 1.69531 2.69531 1.70312 2.70312 1.71094 2.71094 1.71875 2.71875 1.72656 2.72656 1.73438 2.73438 1.74219 2.74219 ]
[GRF_A][4][ 1.75 2.75 1.75781 2.75781 1.76562 2.76562 1.77344 2.77344 1.78125 2.78125 1.78906 2.78906 1.79688 2.79688 1.80469 2.80469 ]
[GRF_A][5][ 1.8125 2.8125 1.82031 2.82031 1.82812 2.82812 1.83594 2.83594 1.84375 2.84375 1.85156 2.85156 1.85938 2.85938 1.86719 2.86719 ]
[GRF_A][6][ 1.875 2.875 1.88281 2.88281 1.89062 2.89062 1.89844 2.89844 1.90625 2.90625 1.91406 2.91406 1.92188 2.92188 1.92969 2.92969 ]
[GRF_A][7][ 1.9375 2.9375 1.94531 2.94531 1.95312 2.95312 1.96094 2.96094 1.96875 2.96875 1.97656 2.97656 1.98438 2.98438 1.99219 2.99219 ]
[GRF_B][0][ 12.3438 0 0 0 0 0 0 0 0 0 0 0 0 0 0 0 ]
[GRF_B][1][ 0 22.3125 0 0 0 0 0 0 0 0 0 0 0 0 0 0 ]
[GRF_B][2][ 0 0 15.3594 0 0 0 0 0 0 0 0 0 0 0 0 0 ]
[GRF_B][3][ 0 0 0 27.3438 0 0 0 0 0 0 0 0 0 0 0 0 ]
[GRF_B][4][ 0 0 0 0 18.4062 0 0 0 0 0 0 0 0 0 0 0 ]
[GRF_B][5][ 0 0 0 0 0 11.7031 0 0 0 0 0 0 0 0 0 0 ]
[GRF_B][6][ 0 0 0 0 0 0 6.0625 0 0 0 0 0 0 0 0 0 ]
[GRF_B][7][ 0 0 0 0 0 0 0 11.9375 0 0 0 0 0 0 0 0 ]
[M_OUT][0000000000000000000000000000000000000000000000000000000000000000000000000000000000000000000000000000000000000000000000000000000000000000000000000000000000000000000000000000000000000000000000000000000000000000000000000000000000000000000000000000000000000000]
[A_OUT][0000000000000000000000000000000000000000000000000000000000000000000000000000000000000000000000000000000000000000000000000000000000000000000000000000000000000000000000000000000000000000000000000000000000000000000000000000000000000000000000000000000000000000]

----------
READ ch0 ra0 bg0 b1 r1 c9|| [2] MAC GRF_B[0], GRF_A[0], ODD_BANK, auto @ 6767
[BANK_R][ 0 0 0 0 0 0.875 0 0 0 0 0 0 0 0 0 0 ]
[CMD]00111011000110001000000000000000(MAC GRF_B[0], GRF_A[0], ODD_BANK, auto)
[SRF][0000000000000000000000000000000000000000000000000000000000000000000000000000000000000000000000000000000000000000000000000000000000000000000000000000000000000000000000000000000000000000000000000000000000000000000000000000000000000000000000000000000000000000]
[GRF_A][0][ 1.5 2.5 1.50781 2.50781 1.51562 2.51562 1.52344 2.52344 1.53125 2.53125 1.53906 2.53906 1.54688 2.54688 1.55469 2.55469 ]
[GRF_A][1][ 1.5625 2.5625 1.57031 2.57031 1.57812 2.57812 1.58594 2.58594 1.59375 2.59375 1.60156 2.60156 1.60938 2.60938 1.61719 2.61719 ]
[GRF_A][2][ 1.625 2.625 1.63281 2.63281 1.64062 2.64062 1.64844 2.64844 1.65625 2.65625 1.66406 2.66406 1.67188 2.67188 1.67969 2.67969 ]
[GRF_A][3][ 1.6875 2.6875 1.69531 2.69531 1.70312 2.70312 1.71094 2.71094 1.71875 2.71875 1.72656 2.72656 1.73438 2.73438 1.74219 2.74219 ]
[GRF_A][4][ 1.75 2.75 1.75781 2.75781 1.76562 2.76562 1.77344 2.77344 1.78125 2.78125 1.78906 2.78906 1.79688 2.79688 1.80469 2.80469 ]
[GRF_A][5][ 1.8125 2.8125 1.82031 2.82031 1.82812 2.82812 1.83594 2.83594 1.84375 2.84375 1.85156 2.85156 1.85938 2.85938 1.86719 2.86719 ]
[GRF_A][6][ 1.875 2.875 1.88281 2.88281 1.89062 2.89062 1.89844 2.89844 1.90625 2.90625 1.91406 2.91406 1.92188 2.92188 1.92969 2.92969 ]
[GRF_A][7][ 1.9375 2.9375 1.94531 2.94531 1.95312 2.95312 1.96094 2.96094 1.96875 2.96875 1.97656 2.97656 1.98438 2.98438 1.99219 2.99219 ]
[GRF_B][0][ 12.3438 0 0 0 0 0 0 0 0 0 0 0 0 0 0 0 ]
[GRF_B][1][ 0 22.3125 0 0 0 0 0 0 0 0 0 0 0 0 0 0 ]
[GRF_B][2][ 0 0 15.3594 0 0 0 0 0 0 0 0 0 0 0 0 0 ]
[GRF_B][3][ 0 0 0 27.3438 0 0 0 0 0 0 0 0 0 0 0 0 ]
[GRF_B][4][ 0 0 0 0 18.4062 0 0 0 0 0 0 0 0 0 0 0 ]
[GRF_B][5][ 0 0 0 0 0 13.9609 0 0 0 0 0 0 0 0 0 0 ]
[GRF_B][6][ 0 0 0 0 0 0 6.0625 0 0 0 0 0 0 0 0 0 ]
[GRF_B][7][ 0 0 0 0 0 0 0 11.9375 0 0 0 0 0 0 0 0 ]
[M_OUT][0000000000000000000000000000000000000000000000000000000000000000000000000000000000000000000000000000000000000000000000000000000000000000000000000000000000000000000000000000000000000000000000000000000000000000000000000000000000000000000000000000000000000000]
[A_OUT][0000000000000000000000000000000000000000000000000000000000000000000000000000000000000000000000000000000000000000000000000000000000000000000000000000000000000000000000000000000000000000000000000000000000000000000000000000000000000000000000000000000000000000]

----------
READ ch0 ra0 bg0 b1 r1 c10|| [2] MAC GRF_B[0], GRF_A[0], ODD_BANK, auto @ 6771
[BANK_R][ 0 0 0 0 0 0.9375 0 0 0 0 0 0 0 0 0 0 ]
[CMD]00111011000110001000000000000000(MAC GRF_B[0], GRF_A[0], ODD_BANK, auto)
[SRF][0000000000000000000000000000000000000000000000000000000000000000000000000000000000000000000000000000000000000000000000000000000000000000000000000000000000000000000000000000000000000000000000000000000000000000000000000000000000000000000000000000000000000000]
[GRF_A][0][ 1.5 2.5 1.50781 2.50781 1.51562 2.51562 1.52344 2.52344 1.53125 2.53125 1.53906 2.53906 1.54688 2.54688 1.55469 2.55469 ]
[GRF_A][1][ 1.5625 2.5625 1.57031 2.57031 1.57812 2.57812 1.58594 2.58594 1.59375 2.59375 1.60156 2.60156 1.60938 2.60938 1.61719 2.61719 ]
[GRF_A][2][ 1.625 2.625 1.63281 2.63281 1.64062 2.64062 1.64844 2.64844 1.65625 2.65625 1.66406 2.66406 1.67188 2.67188 1.67969 2.67969 ]
[GRF_A][3][ 1.6875 2.6875 1.69531 2.69531 1.70312 2.70312 1.71094 2.71094 1.71875 2.71875 1.72656 2.72656 1.73438 2.73438 1.74219 2.74219 ]
[GRF_A][4][ 1.75 2.75 1.75781 2.75781 1.76562 2.76562 1.77344 2.77344 1.78125 2.78125 1.78906 2.78906 1.79688 2.79688 1.80469 2.80469 ]
[GRF_A][5][ 1.8125 2.8125 1.82031 2.82031 1.82812 2.82812 1.83594 2.83594 1.84375 2.84375 1.85156 2.85156 1.85938 2.85938 1.86719 2.86719 ]
[GRF_A][6][ 1.875 2.875 1.88281 2.88281 1.89062 2.89062 1.89844 2.89844 1.90625 2.90625 1.91406 2.91406 1.92188 2.92188 1.92969 2.92969 ]
[GRF_A][7][ 1.9375 2.9375 1.94531 2.94531 1.95312 2.95312 1.96094 2.96094 1.96875 2.96875 1.97656 2.97656 1.98438 2.98438 1.99219 2.99219 ]
[GRF_B][0][ 12.3438 0 0 0 0 0 0 0 0 0 0 0 0 0 0 0 ]
[GRF_B][1][ 0 22.3125 0 0 0 0 0 0 0 0 0 0 0 0 0 0 ]
[GRF_B][2][ 0 0 15.3594 0 0 0 0 0 0 0 0 0 0 0 0 0 ]
[GRF_B][3][ 0 0 0 27.3438 0 0 0 0 0 0 0 0 0 0 0 0 ]
[GRF_B][4][ 0 0 0 0 18.4062 0 0 0 0 0 0 0 0 0 0 0 ]
[GRF_B][5][ 0 0 0 0 0 16.4375 0 0 0 0 0 0 0 0 0 0 ]
[GRF_B][6][ 0 0 0 0 0 0 6.0625 0 0 0 0 0 0 0 0 0 ]
[GRF_B][7][ 0 0 0 0 0 0 0 11.9375 0 0 0 0 0 0 0 0 ]
[M_OUT][0000000000000000000000000000000000000000000000000000000000000000000000000000000000000000000000000000000000000000000000000000000000000000000000000000000000000000000000000000000000000000000000000000000000000000000000000000000000000000000000000000000000000000]
[A_OUT][0000000000000000000000000000000000000000000000000000000000000000000000000000000000000000000000000000000000000000000000000000000000000000000000000000000000000000000000000000000000000000000000000000000000000000000000000000000000000000000000000000000000000000]

----------
READ ch0 ra0 bg0 b1 r1 c11|| [2] MAC GRF_B[0], GRF_A[0], ODD_BANK, auto @ 6775
[BANK_R][ 0 0 0 0 0 1 0 0 0 0 0 0 0 0 0 0 ]
[CMD]00111011000110001000000000000000(MAC GRF_B[0], GRF_A[0], ODD_BANK, auto)
[SRF][0000000000000000000000000000000000000000000000000000000000000000000000000000000000000000000000000000000000000000000000000000000000000000000000000000000000000000000000000000000000000000000000000000000000000000000000000000000000000000000000000000000000000000]
[GRF_A][0][ 1.5 2.5 1.50781 2.50781 1.51562 2.51562 1.52344 2.52344 1.53125 2.53125 1.53906 2.53906 1.54688 2.54688 1.55469 2.55469 ]
[GRF_A][1][ 1.5625 2.5625 1.57031 2.57031 1.57812 2.57812 1.58594 2.58594 1.59375 2.59375 1.60156 2.60156 1.60938 2.60938 1.61719 2.61719 ]
[GRF_A][2][ 1.625 2.625 1.63281 2.63281 1.64062 2.64062 1.64844 2.64844 1.65625 2.65625 1.66406 2.66406 1.67188 2.67188 1.67969 2.67969 ]
[GRF_A][3][ 1.6875 2.6875 1.69531 2.69531 1.70312 2.70312 1.71094 2.71094 1.71875 2.71875 1.72656 2.72656 1.73438 2.73438 1.74219 2.74219 ]
[GRF_A][4][ 1.75 2.75 1.75781 2.75781 1.76562 2.76562 1.77344 2.77344 1.78125 2.78125 1.78906 2.78906 1.79688 2.79688 1.80469 2.80469 ]
[GRF_A][5][ 1.8125 2.8125 1.82031 2.82031 1.82812 2.82812 1.83594 2.83594 1.84375 2.84375 1.85156 2.85156 1.85938 2.85938 1.86719 2.86719 ]
[GRF_A][6][ 1.875 2.875 1.88281 2.88281 1.89062 2.89062 1.89844 2.89844 1.90625 2.90625 1.91406 2.91406 1.92188 2.92188 1.92969 2.92969 ]
[GRF_A][7][ 1.9375 2.9375 1.94531 2.94531 1.95312 2.95312 1.96094 2.96094 1.96875 2.96875 1.97656 2.97656 1.98438 2.98438 1.99219 2.99219 ]
[GRF_B][0][ 12.3438 0 0 0 0 0 0 0 0 0 0 0 0 0 0 0 ]
[GRF_B][1][ 0 22.3125 0 0 0 0 0 0 0 0 0 0 0 0 0 0 ]
[GRF_B][2][ 0 0 15.3594 0 0 0 0 0 0 0 0 0 0 0 0 0 ]
[GRF_B][3][ 0 0 0 27.3438 0 0 0 0 0 0 0 0 0 0 0 0 ]
[GRF_B][4][ 0 0 0 0 18.4062 0 0 0 0 0 0 0 0 0 0 0 ]
[GRF_B][5][ 0 0 0 0 0 19.1406 0 0 0 0 0 0 0 0 0 0 ]
[GRF_B][6][ 0 0 0 0 0 0 6.0625 0 0 0 0 0 0 0 0 0 ]
[GRF_B][7][ 0 0 0 0 0 0 0 11.9375 0 0 0 0 0 0 0 0 ]
[M_OUT][0000000000000000000000000000000000000000000000000000000000000000000000000000000000000000000000000000000000000000000000000000000000000000000000000000000000000000000000000000000000000000000000000000000000000000000000000000000000000000000000000000000000000000]
[A_OUT][0000000000000000000000000000000000000000000000000000000000000000000000000000000000000000000000000000000000000000000000000000000000000000000000000000000000000000000000000000000000000000000000000000000000000000000000000000000000000000000000000000000000000000]

----------
READ ch0 ra0 bg0 b1 r1 c12|| [2] MAC GRF_B[0], GRF_A[0], ODD_BANK, auto @ 6779
[BANK_R][ 0 0 0 0 0 1.0625 0 0 0 0 0 0 0 0 0 0 ]
[CMD]00111011000110001000000000000000(MAC GRF_B[0], GRF_A[0], ODD_BANK, auto)
[SRF][0000000000000000000000000000000000000000000000000000000000000000000000000000000000000000000000000000000000000000000000000000000000000000000000000000000000000000000000000000000000000000000000000000000000000000000000000000000000000000000000000000000000000000]
[GRF_A][0][ 1.5 2.5 1.50781 2.50781 1.51562 2.51562 1.52344 2.52344 1.53125 2.53125 1.53906 2.53906 1.54688 2.54688 1.55469 2.55469 ]
[GRF_A][1][ 1.5625 2.5625 1.57031 2.57031 1.57812 2.57812 1.58594 2.58594 1.59375 2.59375 1.60156 2.60156 1.60938 2.60938 1.61719 2.61719 ]
[GRF_A][2][ 1.625 2.625 1.63281 2.63281 1.64062 2.64062 1.64844 2.64844 1.65625 2.65625 1.66406 2.66406 1.67188 2.67188 1.67969 2.67969 ]
[GRF_A][3][ 1.6875 2.6875 1.69531 2.69531 1.70312 2.70312 1.71094 2.71094 1.71875 2.71875 1.72656 2.72656 1.73438 2.73438 1.74219 2.74219 ]
[GRF_A][4][ 1.75 2.75 1.75781 2.75781 1.76562 2.76562 1.77344 2.77344 1.78125 2.78125 1.78906 2.78906 1.79688 2.79688 1.80469 2.80469 ]
[GRF_A][5][ 1.8125 2.8125 1.82031 2.82031 1.82812 2.82812 1.83594 2.83594 1.84375 2.84375 1.85156 2.85156 1.85938 2.85938 1.86719 2.86719 ]
[GRF_A][6][ 1.875 2.875 1.88281 2.88281 1.89062 2.89062 1.89844 2.89844 1.90625 2.90625 1.91406 2.91406 1.92188 2.92188 1.92969 2.92969 ]
[GRF_A][7][ 1.9375 2.9375 1.94531 2.94531 1.95312 2.95312 1.96094 2.96094 1.96875 2.96875 1.97656 2.97656 1.98438 2.98438 1.99219 2.99219 ]
[GRF_B][0][ 12.3438 0 0 0 0 0 0 0 0 0 0 0 0 0 0 0 ]
[GRF_B][1][ 0 22.3125 0 0 0 0 0 0 0 0 0 0 0 0 0 0 ]
[GRF_B][2][ 0 0 15.3594 0 0 0 0 0 0 0 0 0 0 0 0 0 ]
[GRF_B][3][ 0 0 0 27.3438 0 0 0 0 0 0 0 0 0 0 0 0 ]
[GRF_B][4][ 0 0 0 0 18.4062 0 0 0 0 0 0 0 0 0 0 0 ]
[GRF_B][5][ 0 0 0 0 0 22.0781 0 0 0 0 0 0 0 0 0 0 ]
[GRF_B][6][ 0 0 0 0 0 0 6.0625 0 0 0 0 0 0 0 0 0 ]
[GRF_B][7][ 0 0 0 0 0 0 0 11.9375 0 0 0 0 0 0 0 0 ]
[M_OUT][0000000000000000000000000000000000000000000000000000000000000000000000000000000000000000000000000000000000000000000000000000000000000000000000000000000000000000000000000000000000000000000000000000000000000000000000000000000000000000000000000000000000000000]
[A_OUT][0000000000000000000000000000000000000000000000000000000000000000000000000000000000000000000000000000000000000000000000000000000000000000000000000000000000000000000000000000000000000000000000000000000000000000000000000000000000000000000000000000000000000000]

----------
READ ch0 ra0 bg0 b1 r1 c13|| [2] MAC GRF_B[0], GRF_A[0], ODD_BANK, auto @ 6783
[BANK_R][ 0 0 0 0 0 1.125 0 0 0 0 0 0 0 0 0 0 ]
[CMD]00111011000110001000000000000000(MAC GRF_B[0], GRF_A[0], ODD_BANK, auto)
[SRF][0000000000000000000000000000000000000000000000000000000000000000000000000000000000000000000000000000000000000000000000000000000000000000000000000000000000000000000000000000000000000000000000000000000000000000000000000000000000000000000000000000000000000000]
[GRF_A][0][ 1.5 2.5 1.50781 2.50781 1.51562 2.51562 1.52344 2.52344 1.53125 2.53125 1.53906 2.53906 1.54688 2.54688 1.55469 2.55469 ]
[GRF_A][1][ 1.5625 2.5625 1.57031 2.57031 1.57812 2.57812 1.58594 2.58594 1.59375 2.59375 1.60156 2.60156 1.60938 2.60938 1.61719 2.61719 ]
[GRF_A][2][ 1.625 2.625 1.63281 2.63281 1.64062 2.64062 1.64844 2.64844 1.65625 2.65625 1.66406 2.66406 1.67188 2.67188 1.67969 2.67969 ]
[GRF_A][3][ 1.6875 2.6875 1.69531 2.69531 1.70312 2.70312 1.71094 2.71094 1.71875 2.71875 1.72656 2.72656 1.73438 2.73438 1.74219 2.74219 ]
[GRF_A][4][ 1.75 2.75 1.75781 2.75781 1.76562 2.76562 1.77344 2.77344 1.78125 2.78125 1.78906 2.78906 1.79688 2.79688 1.80469 2.80469 ]
[GRF_A][5][ 1.8125 2.8125 1.82031 2.82031 1.82812 2.82812 1.83594 2.83594 1.84375 2.84375 1.85156 2.85156 1.85938 2.85938 1.86719 2.86719 ]
[GRF_A][6][ 1.875 2.875 1.88281 2.88281 1.89062 2.89062 1.89844 2.89844 1.90625 2.90625 1.91406 2.91406 1.92188 2.92188 1.92969 2.92969 ]
[GRF_A][7][ 1.9375 2.9375 1.94531 2.94531 1.95312 2.95312 1.96094 2.96094 1.96875 2.96875 1.97656 2.97656 1.98438 2.98438 1.99219 2.99219 ]
[GRF_B][0][ 12.3438 0 0 0 0 0 0 0 0 0 0 0 0 0 0 0 ]
[GRF_B][1][ 0 22.3125 0 0 0 0 0 0 0 0 0 0 0 0 0 0 ]
[GRF_B][2][ 0 0 15.3594 0 0 0 0 0 0 0 0 0 0 0 0 0 ]
[GRF_B][3][ 0 0 0 27.3438 0 0 0 0 0 0 0 0 0 0 0 0 ]
[GRF_B][4][ 0 0 0 0 18.4062 0 0 0 0 0 0 0 0 0 0 0 ]
[GRF_B][5][ 0 0 0 0 0 25.2656 0 0 0 0 0 0 0 0 0 0 ]
[GRF_B][6][ 0 0 0 0 0 0 6.0625 0 0 0 0 0 0 0 0 0 ]
[GRF_B][7][ 0 0 0 0 0 0 0 11.9375 0 0 0 0 0 0 0 0 ]
[M_OUT][0000000000000000000000000000000000000000000000000000000000000000000000000000000000000000000000000000000000000000000000000000000000000000000000000000000000000000000000000000000000000000000000000000000000000000000000000000000000000000000000000000000000000000]
[A_OUT][0000000000000000000000000000000000000000000000000000000000000000000000000000000000000000000000000000000000000000000000000000000000000000000000000000000000000000000000000000000000000000000000000000000000000000000000000000000000000000000000000000000000000000]

----------
READ ch0 ra0 bg0 b1 r1 c14|| [2] MAC GRF_B[0], GRF_A[0], ODD_BANK, auto @ 6787
[BANK_R][ 0 0 0 0 0 1.1875 0 0 0 0 0 0 0 0 0 0 ]
[CMD]00111011000110001000000000000000(MAC GRF_B[0], GRF_A[0], ODD_BANK, auto)
[SRF][0000000000000000000000000000000000000000000000000000000000000000000000000000000000000000000000000000000000000000000000000000000000000000000000000000000000000000000000000000000000000000000000000000000000000000000000000000000000000000000000000000000000000000]
[GRF_A][0][ 1.5 2.5 1.50781 2.50781 1.51562 2.51562 1.52344 2.52344 1.53125 2.53125 1.53906 2.53906 1.54688 2.54688 1.55469 2.55469 ]
[GRF_A][1][ 1.5625 2.5625 1.57031 2.57031 1.57812 2.57812 1.58594 2.58594 1.59375 2.59375 1.60156 2.60156 1.60938 2.60938 1.61719 2.61719 ]
[GRF_A][2][ 1.625 2.625 1.63281 2.63281 1.64062 2.64062 1.64844 2.64844 1.65625 2.65625 1.66406 2.66406 1.67188 2.67188 1.67969 2.67969 ]
[GRF_A][3][ 1.6875 2.6875 1.69531 2.69531 1.70312 2.70312 1.71094 2.71094 1.71875 2.71875 1.72656 2.72656 1.73438 2.73438 1.74219 2.74219 ]
[GRF_A][4][ 1.75 2.75 1.75781 2.75781 1.76562 2.76562 1.77344 2.77344 1.78125 2.78125 1.78906 2.78906 1.79688 2.79688 1.80469 2.80469 ]
[GRF_A][5][ 1.8125 2.8125 1.82031 2.82031 1.82812 2.82812 1.83594 2.83594 1.84375 2.84375 1.85156 2.85156 1.85938 2.85938 1.86719 2.86719 ]
[GRF_A][6][ 1.875 2.875 1.88281 2.88281 1.89062 2.89062 1.89844 2.89844 1.90625 2.90625 1.91406 2.91406 1.92188 2.92188 1.92969 2.92969 ]
[GRF_A][7][ 1.9375 2.9375 1.94531 2.94531 1.95312 2.95312 1.96094 2.96094 1.96875 2.96875 1.97656 2.97656 1.98438 2.98438 1.99219 2.99219 ]
[GRF_B][0][ 12.3438 0 0 0 0 0 0 0 0 0 0 0 0 0 0 0 ]
[GRF_B][1][ 0 22.3125 0 0 0 0 0 0 0 0 0 0 0 0 0 0 ]
[GRF_B][2][ 0 0 15.3594 0 0 0 0 0 0 0 0 0 0 0 0 0 ]
[GRF_B][3][ 0 0 0 27.3438 0 0 0 0 0 0 0 0 0 0 0 0 ]
[GRF_B][4][ 0 0 0 0 18.4062 0 0 0 0 0 0 0 0 0 0 0 ]
[GRF_B][5][ 0 0 0 0 0 28.7031 0 0 0 0 0 0 0 0 0 0 ]
[GRF_B][6][ 0 0 0 0 0 0 6.0625 0 0 0 0 0 0 0 0 0 ]
[GRF_B][7][ 0 0 0 0 0 0 0 11.9375 0 0 0 0 0 0 0 0 ]
[M_OUT][0000000000000000000000000000000000000000000000000000000000000000000000000000000000000000000000000000000000000000000000000000000000000000000000000000000000000000000000000000000000000000000000000000000000000000000000000000000000000000000000000000000000000000]
[A_OUT][0000000000000000000000000000000000000000000000000000000000000000000000000000000000000000000000000000000000000000000000000000000000000000000000000000000000000000000000000000000000000000000000000000000000000000000000000000000000000000000000000000000000000000]

----------
READ ch0 ra0 bg0 b1 r1 c15|| [2] MAC GRF_B[0], GRF_A[0], ODD_BANK, auto @ 6791
[BANK_R][ 0 0 0 0 0 1.25 0 0 0 0 0 0 0 0 0 0 ]
[CMD]00111011000110001000000000000000(MAC GRF_B[0], GRF_A[0], ODD_BANK, auto)
[SRF][0000000000000000000000000000000000000000000000000000000000000000000000000000000000000000000000000000000000000000000000000000000000000000000000000000000000000000000000000000000000000000000000000000000000000000000000000000000000000000000000000000000000000000]
[GRF_A][0][ 1.5 2.5 1.50781 2.50781 1.51562 2.51562 1.52344 2.52344 1.53125 2.53125 1.53906 2.53906 1.54688 2.54688 1.55469 2.55469 ]
[GRF_A][1][ 1.5625 2.5625 1.57031 2.57031 1.57812 2.57812 1.58594 2.58594 1.59375 2.59375 1.60156 2.60156 1.60938 2.60938 1.61719 2.61719 ]
[GRF_A][2][ 1.625 2.625 1.63281 2.63281 1.64062 2.64062 1.64844 2.64844 1.65625 2.65625 1.66406 2.66406 1.67188 2.67188 1.67969 2.67969 ]
[GRF_A][3][ 1.6875 2.6875 1.69531 2.69531 1.70312 2.70312 1.71094 2.71094 1.71875 2.71875 1.72656 2.72656 1.73438 2.73438 1.74219 2.74219 ]
[GRF_A][4][ 1.75 2.75 1.75781 2.75781 1.76562 2.76562 1.77344 2.77344 1.78125 2.78125 1.78906 2.78906 1.79688 2.79688 1.80469 2.80469 ]
[GRF_A][5][ 1.8125 2.8125 1.82031 2.82031 1.82812 2.82812 1.83594 2.83594 1.84375 2.84375 1.85156 2.85156 1.85938 2.85938 1.86719 2.86719 ]
[GRF_A][6][ 1.875 2.875 1.88281 2.88281 1.89062 2.89062 1.89844 2.89844 1.90625 2.90625 1.91406 2.91406 1.92188 2.92188 1.92969 2.92969 ]
[GRF_A][7][ 1.9375 2.9375 1.94531 2.94531 1.95312 2.95312 1.96094 2.96094 1.96875 2.96875 1.97656 2.97656 1.98438 2.98438 1.99219 2.99219 ]
[GRF_B][0][ 12.3438 0 0 0 0 0 0 0 0 0 0 0 0 0 0 0 ]
[GRF_B][1][ 0 22.3125 0 0 0 0 0 0 0 0 0 0 0 0 0 0 ]
[GRF_B][2][ 0 0 15.3594 0 0 0 0 0 0 0 0 0 0 0 0 0 ]
[GRF_B][3][ 0 0 0 27.3438 0 0 0 0 0 0 0 0 0 0 0 0 ]
[GRF_B][4][ 0 0 0 0 18.4062 0 0 0 0 0 0 0 0 0 0 0 ]
[GRF_B][5][ 0 0 0 0 0 32.4062 0 0 0 0 0 0 0 0 0 0 ]
[GRF_B][6][ 0 0 0 0 0 0 6.0625 0 0 0 0 0 0 0 0 0 ]
[GRF_B][7][ 0 0 0 0 0 0 0 11.9375 0 0 0 0 0 0 0 0 ]
[M_OUT][0000000000000000000000000000000000000000000000000000000000000000000000000000000000000000000000000000000000000000000000000000000000000000000000000000000000000000000000000000000000000000000000000000000000000000000000000000000000000000000000000000000000000000]
[A_OUT][0000000000000000000000000000000000000000000000000000000000000000000000000000000000000000000000000000000000000000000000000000000000000000000000000000000000000000000000000000000000000000000000000000000000000000000000000000000000000000000000000000000000000000]

----------
READ ch0 ra0 bg0 b1 r1 c16|| [3] JUMP 7x [PC - 2] @ 6795
READ ch0 ra0 bg0 b1 r1 c16|| [2] MAC GRF_B[0], GRF_A[0], ODD_BANK, auto @ 6795
[BANK_R][ 0 0 0 0 0 0 0.875 0 0 0 0 0 0 0 0 0 ]
[CMD]00111011000110001000000000000000(MAC GRF_B[0], GRF_A[0], ODD_BANK, auto)
[SRF][0000000000000000000000000000000000000000000000000000000000000000000000000000000000000000000000000000000000000000000000000000000000000000000000000000000000000000000000000000000000000000000000000000000000000000000000000000000000000000000000000000000000000000]
[GRF_A][0][ 1.5 2.5 1.50781 2.50781 1.51562 2.51562 1.52344 2.52344 1.53125 2.53125 1.53906 2.53906 1.54688 2.54688 1.55469 2.55469 ]
[GRF_A][1][ 1.5625 2.5625 1.57031 2.57031 1.57812 2.57812 1.58594 2.58594 1.59375 2.59375 1.60156 2.60156 1.60938 2.60938 1.61719 2.61719 ]
[GRF_A][2][ 1.625 2.625 1.63281 2.63281 1.64062 2.64062 1.64844 2.64844 1.65625 2.65625 1.66406 2.66406 1.67188 2.67188 1.67969 2.67969 ]
[GRF_A][3][ 1.6875 2.6875 1.69531 2.69531 1.70312 2.70312 1.71094 2.71094 1.71875 2.71875 1.72656 2.72656 1.73438 2.73438 1.74219 2.74219 ]
[GRF_A][4][ 1.75 2.75 1.75781 2.75781 1.76562 2.76562 1.77344 2.77344 1.78125 2.78125 1.78906 2.78906 1.79688 2.79688 1.80469 2.80469 ]
[GRF_A][5][ 1.8125 2.8125 1.82031 2.82031 1.82812 2.82812 1.83594 2.83594 1.84375 2.84375 1.85156 2.85156 1.85938 2.85938 1.86719 2.86719 ]
[GRF_A][6][ 1.875 2.875 1.88281 2.88281 1.89062 2.89062 1.89844 2.89844 1.90625 2.90625 1.91406 2.91406 1.92188 2.92188 1.92969 2.92969 ]
[GRF_A][7][ 1.9375 2.9375 1.94531 2.94531 1.95312 2.95312 1.96094 2.96094 1.96875 2.96875 1.97656 2.97656 1.98438 2.98438 1.99219 2.99219 ]
[GRF_B][0][ 12.3438 0 0 0 0 0 0 0 0 0 0 0 0 0 0 0 ]
[GRF_B][1][ 0 22.3125 0 0 0 0 0 0 0 0 0 0 0 0 0 0 ]
[GRF_B][2][ 0 0 15.3594 0 0 0 0 0 0 0 0 0 0 0 0 0 ]
[GRF_B][3][ 0 0 0 27.3438 0 0 0 0 0 0 0 0 0 0 0 0 ]
[GRF_B][4][ 0 0 0 0 18.4062 0 0 0 0 0 0 0 0 0 0 0 ]
[GRF_B][5][ 0 0 0 0 0 32.4062 0 0 0 0 0 0 0 0 0 0 ]
[GRF_B][6][ 0 0 0 0 0 0 7.39453 0 0 0 0 0 0 0 0 0 ]
[GRF_B][7][ 0 0 0 0 0 0 0 11.9375 0 0 0 0 0 0 0 0 ]
[M_OUT][0000000000000000000000000000000000000000000000000000000000000000000000000000000000000000000000000000000000000000000000000000000000000000000000000000000000000000000000000000000000000000000000000000000000000000000000000000000000000000000000000000000000000000]
[A_OUT][0000000000000000000000000000000000000000000000000000000000000000000000000000000000000000000000000000000000000000000000000000000000000000000000000000000000000000000000000000000000000000000000000000000000000000000000000000000000000000000000000000000000000000]

----------
READ ch0 ra0 bg0 b1 r1 c17|| [2] MAC GRF_B[0], GRF_A[0], ODD_BANK, auto @ 6799
[BANK_R][ 0 0 0 0 0 0 0.9375 0 0 0 0 0 0 0 0 0 ]
[CMD]00111011000110001000000000000000(MAC GRF_B[0], GRF_A[0], ODD_BANK, auto)
[SRF][0000000000000000000000000000000000000000000000000000000000000000000000000000000000000000000000000000000000000000000000000000000000000000000000000000000000000000000000000000000000000000000000000000000000000000000000000000000000000000000000000000000000000000]
[GRF_A][0][ 1.5 2.5 1.50781 2.50781 1.51562 2.51562 1.52344 2.52344 1.53125 2.53125 1.53906 2.53906 1.54688 2.54688 1.55469 2.55469 ]
[GRF_A][1][ 1.5625 2.5625 1.57031 2.57031 1.57812 2.57812 1.58594 2.58594 1.59375 2.59375 1.60156 2.60156 1.60938 2.60938 1.61719 2.61719 ]
[GRF_A][2][ 1.625 2.625 1.63281 2.63281 1.64062 2.64062 1.64844 2.64844 1.65625 2.65625 1.66406 2.66406 1.67188 2.67188 1.67969 2.67969 ]
[GRF_A][3][ 1.6875 2.6875 1.69531 2.69531 1.70312 2.70312 1.71094 2.71094 1.71875 2.71875 1.72656 2.72656 1.73438 2.73438 1.74219 2.74219 ]
[GRF_A][4][ 1.75 2.75 1.75781 2.75781 1.76562 2.76562 1.77344 2.77344 1.78125 2.78125 1.78906 2.78906 1.79688 2.79688 1.80469 2.80469 ]
[GRF_A][5][ 1.8125 2.8125 1.82031 2.82031 1.82812 2.82812 1.83594 2.83594 1.84375 2.84375 1.85156 2.85156 1.85938 2.85938 1.86719 2.86719 ]
[GRF_A][6][ 1.875 2.875 1.88281 2.88281 1.89062 2.89062 1.89844 2.89844 1.90625 2.90625 1.91406 2.91406 1.92188 2.92188 1.92969 2.92969 ]
[GRF_A][7][ 1.9375 2.9375 1.94531 2.94531 1.95312 2.95312 1.96094 2.96094 1.96875 2.96875 1.97656 2.97656 1.98438 2.98438 1.99219 2.99219 ]
[GRF_B][0][ 12.3438 0 0 0 0 0 0 0 0 0 0 0 0 0 0 0 ]
[GRF_B][1][ 0 22.3125 0 0 0 0 0 0 0 0 0 0 0 0 0 0 ]
[GRF_B][2][ 0 0 15.3594 0 0 0 0 0 0 0 0 0 0 0 0 0 ]
[GRF_B][3][ 0 0 0 27.3438 0 0 0 0 0 0 0 0 0 0 0 0 ]
[GRF_B][4][ 0 0 0 0 18.4062 0 0 0 0 0 0 0 0 0 0 0 ]
[GRF_B][5][ 0 0 0 0 0 32.4062 0 0 0 0 0 0 0 0 0 0 ]
[GRF_B][6][ 0 0 0 0 0 0 8.88281 0 0 0 0 0 0 0 0 0 ]
[GRF_B][7][ 0 0 0 0 0 0 0 11.9375 0 0 0 0 0 0 0 0 ]
[M_OUT][0000000000000000000000000000000000000000000000000000000000000000000000000000000000000000000000000000000000000000000000000000000000000000000000000000000000000000000000000000000000000000000000000000000000000000000000000000000000000000000000000000000000000000]
[A_OUT][0000000000000000000000000000000000000000000000000000000000000000000000000000000000000000000000000000000000000000000000000000000000000000000000000000000000000000000000000000000000000000000000000000000000000000000000000000000000000000000000000000000000000000]

----------
READ ch0 ra0 bg0 b1 r1 c18|| [2] MAC GRF_B[0], GRF_A[0], ODD_BANK, auto @ 6803
[BANK_R][ 0 0 0 0 0 0 1 0 0 0 0 0 0 0 0 0 ]
[CMD]00111011000110001000000000000000(MAC GRF_B[0], GRF_A[0], ODD_BANK, auto)
[SRF][0000000000000000000000000000000000000000000000000000000000000000000000000000000000000000000000000000000000000000000000000000000000000000000000000000000000000000000000000000000000000000000000000000000000000000000000000000000000000000000000000000000000000000]
[GRF_A][0][ 1.5 2.5 1.50781 2.50781 1.51562 2.51562 1.52344 2.52344 1.53125 2.53125 1.53906 2.53906 1.54688 2.54688 1.55469 2.55469 ]
[GRF_A][1][ 1.5625 2.5625 1.57031 2.57031 1.57812 2.57812 1.58594 2.58594 1.59375 2.59375 1.60156 2.60156 1.60938 2.60938 1.61719 2.61719 ]
[GRF_A][2][ 1.625 2.625 1.63281 2.63281 1.64062 2.64062 1.64844 2.64844 1.65625 2.65625 1.66406 2.66406 1.67188 2.67188 1.67969 2.67969 ]
[GRF_A][3][ 1.6875 2.6875 1.69531 2.69531 1.70312 2.70312 1.71094 2.71094 1.71875 2.71875 1.72656 2.72656 1.73438 2.73438 1.74219 2.74219 ]
[GRF_A][4][ 1.75 2.75 1.75781 2.75781 1.76562 2.76562 1.77344 2.77344 1.78125 2.78125 1.78906 2.78906 1.79688 2.79688 1.80469 2.80469 ]
[GRF_A][5][ 1.8125 2.8125 1.82031 2.82031 1.82812 2.82812 1.83594 2.83594 1.84375 2.84375 1.85156 2.85156 1.85938 2.85938 1.86719 2.86719 ]
[GRF_A][6][ 1.875 2.875 1.88281 2.88281 1.89062 2.89062 1.89844 2.89844 1.90625 2.90625 1.91406 2.91406 1.92188 2.92188 1.92969 2.92969 ]
[GRF_A][7][ 1.9375 2.9375 1.94531 2.94531 1.95312 2.95312 1.96094 2.96094 1.96875 2.96875 1.97656 2.97656 1.98438 2.98438 1.99219 2.99219 ]
[GRF_B][0][ 12.3438 0 0 0 0 0 0 0 0 0 0 0 0 0 0 0 ]
[GRF_B][1][ 0 22.3125 0 0 0 0 0 0 0 0 0 0 0 0 0 0 ]
[GRF_B][2][ 0 0 15.3594 0 0 0 0 0 0 0 0 0 0 0 0 0 ]
[GRF_B][3][ 0 0 0 27.3438 0 0 0 0 0 0 0 0 0 0 0 0 ]
[GRF_B][4][ 0 0 0 0 18.4062 0 0 0 0 0 0 0 0 0 0 0 ]
[GRF_B][5][ 0 0 0 0 0 32.4062 0 0 0 0 0 0 0 0 0 0 ]
[GRF_B][6][ 0 0 0 0 0 0 10.5312 0 0 0 0 0 0 0 0 0 ]
[GRF_B][7][ 0 0 0 0 0 0 0 11.9375 0 0 0 0 0 0 0 0 ]
[M_OUT][0000000000000000000000000000000000000000000000000000000000000000000000000000000000000000000000000000000000000000000000000000000000000000000000000000000000000000000000000000000000000000000000000000000000000000000000000000000000000000000000000000000000000000]
[A_OUT][0000000000000000000000000000000000000000000000000000000000000000000000000000000000000000000000000000000000000000000000000000000000000000000000000000000000000000000000000000000000000000000000000000000000000000000000000000000000000000000000000000000000000000]

----------
READ ch0 ra0 bg0 b1 r1 c19|| [2] MAC GRF_B[0], GRF_A[0], ODD_BANK, auto @ 6807
[BANK_R][ 0 0 0 0 0 0 1.0625 0 0 0 0 0 0 0 0 0 ]
[CMD]00111011000110001000000000000000(MAC GRF_B[0], GRF_A[0], ODD_BANK, auto)
[SRF][0000000000000000000000000000000000000000000000000000000000000000000000000000000000000000000000000000000000000000000000000000000000000000000000000000000000000000000000000000000000000000000000000000000000000000000000000000000000000000000000000000000000000000]
[GRF_A][0][ 1.5 2.5 1.50781 2.50781 1.51562 2.51562 1.52344 2.52344 1.53125 2.53125 1.53906 2.53906 1.54688 2.54688 1.55469 2.55469 ]
[GRF_A][1][ 1.5625 2.5625 1.57031 2.57031 1.57812 2.57812 1.58594 2.58594 1.59375 2.59375 1.60156 2.60156 1.60938 2.60938 1.61719 2.61719 ]
[GRF_A][2][ 1.625 2.625 1.63281 2.63281 1.64062 2.64062 1.64844 2.64844 1.65625 2.65625 1.66406 2.66406 1.67188 2.67188 1.67969 2.67969 ]
[GRF_A][3][ 1.6875 2.6875 1.69531 2.69531 1.70312 2.70312 1.71094 2.71094 1.71875 2.71875 1.72656 2.72656 1.73438 2.73438 1.74219 2.74219 ]
[GRF_A][4][ 1.75 2.75 1.75781 2.75781 1.76562 2.76562 1.77344 2.77344 1.78125 2.78125 1.78906 2.78906 1.79688 2.79688 1.80469 2.80469 ]
[GRF_A][5][ 1.8125 2.8125 1.82031 2.82031 1.82812 2.82812 1.83594 2.83594 1.84375 2.84375 1.85156 2.85156 1.85938 2.85938 1.86719 2.86719 ]
[GRF_A][6][ 1.875 2.875 1.88281 2.88281 1.89062 2.89062 1.89844 2.89844 1.90625 2.90625 1.91406 2.91406 1.92188 2.92188 1.92969 2.92969 ]
[GRF_A][7][ 1.9375 2.9375 1.94531 2.94531 1.95312 2.95312 1.96094 2.96094 1.96875 2.96875 1.97656 2.97656 1.98438 2.98438 1.99219 2.99219 ]
[GRF_B][0][ 12.3438 0 0 0 0 0 0 0 0 0 0 0 0 0 0 0 ]
[GRF_B][1][ 0 22.3125 0 0 0 0 0 0 0 0 0 0 0 0 0 0 ]
[GRF_B][2][ 0 0 15.3594 0 0 0 0 0 0 0 0 0 0 0 0 0 ]
[GRF_B][3][ 0 0 0 27.3438 0 0 0 0 0 0 0 0 0 0 0 0 ]
[GRF_B][4][ 0 0 0 0 18.4062 0 0 0 0 0 0 0 0 0 0 0 ]
[GRF_B][5][ 0 0 0 0 0 32.4062 0 0 0 0 0 0 0 0 0 0 ]
[GRF_B][6][ 0 0 0 0 0 0 12.3516 0 0 0 0 0 0 0 0 0 ]
[GRF_B][7][ 0 0 0 0 0 0 0 11.9375 0 0 0 0 0 0 0 0 ]
[M_OUT][0000000000000000000000000000000000000000000000000000000000000000000000000000000000000000000000000000000000000000000000000000000000000000000000000000000000000000000000000000000000000000000000000000000000000000000000000000000000000000000000000000000000000000]
[A_OUT][0000000000000000000000000000000000000000000000000000000000000000000000000000000000000000000000000000000000000000000000000000000000000000000000000000000000000000000000000000000000000000000000000000000000000000000000000000000000000000000000000000000000000000]

----------
READ ch0 ra0 bg0 b1 r1 c20|| [2] MAC GRF_B[0], GRF_A[0], ODD_BANK, auto @ 6811
[BANK_R][ 0 0 0 0 0 0 1.125 0 0 0 0 0 0 0 0 0 ]
[CMD]00111011000110001000000000000000(MAC GRF_B[0], GRF_A[0], ODD_BANK, auto)
[SRF][0000000000000000000000000000000000000000000000000000000000000000000000000000000000000000000000000000000000000000000000000000000000000000000000000000000000000000000000000000000000000000000000000000000000000000000000000000000000000000000000000000000000000000]
[GRF_A][0][ 1.5 2.5 1.50781 2.50781 1.51562 2.51562 1.52344 2.52344 1.53125 2.53125 1.53906 2.53906 1.54688 2.54688 1.55469 2.55469 ]
[GRF_A][1][ 1.5625 2.5625 1.57031 2.57031 1.57812 2.57812 1.58594 2.58594 1.59375 2.59375 1.60156 2.60156 1.60938 2.60938 1.61719 2.61719 ]
[GRF_A][2][ 1.625 2.625 1.63281 2.63281 1.64062 2.64062 1.64844 2.64844 1.65625 2.65625 1.66406 2.66406 1.67188 2.67188 1.67969 2.67969 ]
[GRF_A][3][ 1.6875 2.6875 1.69531 2.69531 1.70312 2.70312 1.71094 2.71094 1.71875 2.71875 1.72656 2.72656 1.73438 2.73438 1.74219 2.74219 ]
[GRF_A][4][ 1.75 2.75 1.75781 2.75781 1.76562 2.76562 1.77344 2.77344 1.78125 2.78125 1.78906 2.78906 1.79688 2.79688 1.80469 2.80469 ]
[GRF_A][5][ 1.8125 2.8125 1.82031 2.82031 1.82812 2.82812 1.83594 2.83594 1.84375 2.84375 1.85156 2.85156 1.85938 2.85938 1.86719 2.86719 ]
[GRF_A][6][ 1.875 2.875 1.88281 2.88281 1.89062 2.89062 1.89844 2.89844 1.90625 2.90625 1.91406 2.91406 1.92188 2.92188 1.92969 2.92969 ]
[GRF_A][7][ 1.9375 2.9375 1.94531 2.94531 1.95312 2.95312 1.96094 2.96094 1.96875 2.96875 1.97656 2.97656 1.98438 2.98438 1.99219 2.99219 ]
[GRF_B][0][ 12.3438 0 0 0 0 0 0 0 0 0 0 0 0 0 0 0 ]
[GRF_B][1][ 0 22.3125 0 0 0 0 0 0 0 0 0 0 0 0 0 0 ]
[GRF_B][2][ 0 0 15.3594 0 0 0 0 0 0 0 0 0 0 0 0 0 ]
[GRF_B][3][ 0 0 0 27.3438 0 0 0 0 0 0 0 0 0 0 0 0 ]
[GRF_B][4][ 0 0 0 0 18.4062 0 0 0 0 0 0 0 0 0 0 0 ]
[GRF_B][5][ 0 0 0 0 0 32.4062 0 0 0 0 0 0 0 0 0 0 ]
[GRF_B][6][ 0 0 0 0 0 0 14.3438 0 0 0 0 0 0 0 0 0 ]
[GRF_B][7][ 0 0 0 0 0 0 0 11.9375 0 0 0 0 0 0 0 0 ]
[M_OUT][0000000000000000000000000000000000000000000000000000000000000000000000000000000000000000000000000000000000000000000000000000000000000000000000000000000000000000000000000000000000000000000000000000000000000000000000000000000000000000000000000000000000000000]
[A_OUT][0000000000000000000000000000000000000000000000000000000000000000000000000000000000000000000000000000000000000000000000000000000000000000000000000000000000000000000000000000000000000000000000000000000000000000000000000000000000000000000000000000000000000000]

----------
READ ch0 ra0 bg0 b1 r1 c21|| [2] MAC GRF_B[0], GRF_A[0], ODD_BANK, auto @ 6815
[BANK_R][ 0 0 0 0 0 0 1.1875 0 0 0 0 0 0 0 0 0 ]
[CMD]00111011000110001000000000000000(MAC GRF_B[0], GRF_A[0], ODD_BANK, auto)
[SRF][0000000000000000000000000000000000000000000000000000000000000000000000000000000000000000000000000000000000000000000000000000000000000000000000000000000000000000000000000000000000000000000000000000000000000000000000000000000000000000000000000000000000000000]
[GRF_A][0][ 1.5 2.5 1.50781 2.50781 1.51562 2.51562 1.52344 2.52344 1.53125 2.53125 1.53906 2.53906 1.54688 2.54688 1.55469 2.55469 ]
[GRF_A][1][ 1.5625 2.5625 1.57031 2.57031 1.57812 2.57812 1.58594 2.58594 1.59375 2.59375 1.60156 2.60156 1.60938 2.60938 1.61719 2.61719 ]
[GRF_A][2][ 1.625 2.625 1.63281 2.63281 1.64062 2.64062 1.64844 2.64844 1.65625 2.65625 1.66406 2.66406 1.67188 2.67188 1.67969 2.67969 ]
[GRF_A][3][ 1.6875 2.6875 1.69531 2.69531 1.70312 2.70312 1.71094 2.71094 1.71875 2.71875 1.72656 2.72656 1.73438 2.73438 1.74219 2.74219 ]
[GRF_A][4][ 1.75 2.75 1.75781 2.75781 1.76562 2.76562 1.77344 2.77344 1.78125 2.78125 1.78906 2.78906 1.79688 2.79688 1.80469 2.80469 ]
[GRF_A][5][ 1.8125 2.8125 1.82031 2.82031 1.82812 2.82812 1.83594 2.83594 1.84375 2.84375 1.85156 2.85156 1.85938 2.85938 1.86719 2.86719 ]
[GRF_A][6][ 1.875 2.875 1.88281 2.88281 1.89062 2.89062 1.89844 2.89844 1.90625 2.90625 1.91406 2.91406 1.92188 2.92188 1.92969 2.92969 ]
[GRF_A][7][ 1.9375 2.9375 1.94531 2.94531 1.95312 2.95312 1.96094 2.96094 1.96875 2.96875 1.97656 2.97656 1.98438 2.98438 1.99219 2.99219 ]
[GRF_B][0][ 12.3438 0 0 0 0 0 0 0 0 0 0 0 0 0 0 0 ]
[GRF_B][1][ 0 22.3125 0 0 0 0 0 0 0 0 0 0 0 0 0 0 ]
[GRF_B][2][ 0 0 15.3594 0 0 0 0 0 0 0 0 0 0 0 0 0 ]
[GRF_B][3][ 0 0 0 27.3438 0 0 0 0 0 0 0 0 0 0 0 0 ]
[GRF_B][4][ 0 0 0 0 18.4062 0 0 0 0 0 0 0 0 0 0 0 ]
[GRF_B][5][ 0 0 0 0 0 32.4062 0 0 0 0 0 0 0 0 0 0 ]
[GRF_B][6][ 0 0 0 0 0 0 16.5312 0 0 0 0 0 0 0 0 0 ]
[GRF_B][7][ 0 0 0 0 0 0 0 11.9375 0 0 0 0 0 0 0 0 ]
[M_OUT][0000000000000000000000000000000000000000000000000000000000000000000000000000000000000000000000000000000000000000000000000000000000000000000000000000000000000000000000000000000000000000000000000000000000000000000000000000000000000000000000000000000000000000]
[A_OUT][0000000000000000000000000000000000000000000000000000000000000000000000000000000000000000000000000000000000000000000000000000000000000000000000000000000000000000000000000000000000000000000000000000000000000000000000000000000000000000000000000000000000000000]

----------
READ ch0 ra0 bg0 b1 r1 c22|| [2] MAC GRF_B[0], GRF_A[0], ODD_BANK, auto @ 6819
[BANK_R][ 0 0 0 0 0 0 1.25 0 0 0 0 0 0 0 0 0 ]
[CMD]00111011000110001000000000000000(MAC GRF_B[0], GRF_A[0], ODD_BANK, auto)
[SRF][0000000000000000000000000000000000000000000000000000000000000000000000000000000000000000000000000000000000000000000000000000000000000000000000000000000000000000000000000000000000000000000000000000000000000000000000000000000000000000000000000000000000000000]
[GRF_A][0][ 1.5 2.5 1.50781 2.50781 1.51562 2.51562 1.52344 2.52344 1.53125 2.53125 1.53906 2.53906 1.54688 2.54688 1.55469 2.55469 ]
[GRF_A][1][ 1.5625 2.5625 1.57031 2.57031 1.57812 2.57812 1.58594 2.58594 1.59375 2.59375 1.60156 2.60156 1.60938 2.60938 1.61719 2.61719 ]
[GRF_A][2][ 1.625 2.625 1.63281 2.63281 1.64062 2.64062 1.64844 2.64844 1.65625 2.65625 1.66406 2.66406 1.67188 2.67188 1.67969 2.67969 ]
[GRF_A][3][ 1.6875 2.6875 1.69531 2.69531 1.70312 2.70312 1.71094 2.71094 1.71875 2.71875 1.72656 2.72656 1.73438 2.73438 1.74219 2.74219 ]
[GRF_A][4][ 1.75 2.75 1.75781 2.75781 1.76562 2.76562 1.77344 2.77344 1.78125 2.78125 1.78906 2.78906 1.79688 2.79688 1.80469 2.80469 ]
[GRF_A][5][ 1.8125 2.8125 1.82031 2.82031 1.82812 2.82812 1.83594 2.83594 1.84375 2.84375 1.85156 2.85156 1.85938 2.85938 1.86719 2.86719 ]
[GRF_A][6][ 1.875 2.875 1.88281 2.88281 1.89062 2.89062 1.89844 2.89844 1.90625 2.90625 1.91406 2.91406 1.92188 2.92188 1.92969 2.92969 ]
[GRF_A][7][ 1.9375 2.9375 1.94531 2.94531 1.95312 2.95312 1.96094 2.96094 1.96875 2.96875 1.97656 2.97656 1.98438 2.98438 1.99219 2.99219 ]
[GRF_B][0][ 12.3438 0 0 0 0 0 0 0 0 0 0 0 0 0 0 0 ]
[GRF_B][1][ 0 22.3125 0 0 0 0 0 0 0 0 0 0 0 0 0 0 ]
[GRF_B][2][ 0 0 15.3594 0 0 0 0 0 0 0 0 0 0 0 0 0 ]
[GRF_B][3][ 0 0 0 27.3438 0 0 0 0 0 0 0 0 0 0 0 0 ]
[GRF_B][4][ 0 0 0 0 18.4062 0 0 0 0 0 0 0 0 0 0 0 ]
[GRF_B][5][ 0 0 0 0 0 32.4062 0 0 0 0 0 0 0 0 0 0 ]
[GRF_B][6][ 0 0 0 0 0 0 18.9062 0 0 0 0 0 0 0 0 0 ]
[GRF_B][7][ 0 0 0 0 0 0 0 11.9375 0 0 0 0 0 0 0 0 ]
[M_OUT][0000000000000000000000000000000000000000000000000000000000000000000000000000000000000000000000000000000000000000000000000000000000000000000000000000000000000000000000000000000000000000000000000000000000000000000000000000000000000000000000000000000000000000]
[A_OUT][0000000000000000000000000000000000000000000000000000000000000000000000000000000000000000000000000000000000000000000000000000000000000000000000000000000000000000000000000000000000000000000000000000000000000000000000000000000000000000000000000000000000000000]

----------
READ ch0 ra0 bg0 b1 r1 c23|| [2] MAC GRF_B[0], GRF_A[0], ODD_BANK, auto @ 6823
[BANK_R][ 0 0 0 0 0 0 1.3125 0 0 0 0 0 0 0 0 0 ]
[CMD]00111011000110001000000000000000(MAC GRF_B[0], GRF_A[0], ODD_BANK, auto)
[SRF][0000000000000000000000000000000000000000000000000000000000000000000000000000000000000000000000000000000000000000000000000000000000000000000000000000000000000000000000000000000000000000000000000000000000000000000000000000000000000000000000000000000000000000]
[GRF_A][0][ 1.5 2.5 1.50781 2.50781 1.51562 2.51562 1.52344 2.52344 1.53125 2.53125 1.53906 2.53906 1.54688 2.54688 1.55469 2.55469 ]
[GRF_A][1][ 1.5625 2.5625 1.57031 2.57031 1.57812 2.57812 1.58594 2.58594 1.59375 2.59375 1.60156 2.60156 1.60938 2.60938 1.61719 2.61719 ]
[GRF_A][2][ 1.625 2.625 1.63281 2.63281 1.64062 2.64062 1.64844 2.64844 1.65625 2.65625 1.66406 2.66406 1.67188 2.67188 1.67969 2.67969 ]
[GRF_A][3][ 1.6875 2.6875 1.69531 2.69531 1.70312 2.70312 1.71094 2.71094 1.71875 2.71875 1.72656 2.72656 1.73438 2.73438 1.74219 2.74219 ]
[GRF_A][4][ 1.75 2.75 1.75781 2.75781 1.76562 2.76562 1.77344 2.77344 1.78125 2.78125 1.78906 2.78906 1.79688 2.79688 1.80469 2.80469 ]
[GRF_A][5][ 1.8125 2.8125 1.82031 2.82031 1.82812 2.82812 1.83594 2.83594 1.84375 2.84375 1.85156 2.85156 1.85938 2.85938 1.86719 2.86719 ]
[GRF_A][6][ 1.875 2.875 1.88281 2.88281 1.89062 2.89062 1.89844 2.89844 1.90625 2.90625 1.91406 2.91406 1.92188 2.92188 1.92969 2.92969 ]
[GRF_A][7][ 1.9375 2.9375 1.94531 2.94531 1.95312 2.95312 1.96094 2.96094 1.96875 2.96875 1.97656 2.97656 1.98438 2.98438 1.99219 2.99219 ]
[GRF_B][0][ 12.3438 0 0 0 0 0 0 0 0 0 0 0 0 0 0 0 ]
[GRF_B][1][ 0 22.3125 0 0 0 0 0 0 0 0 0 0 0 0 0 0 ]
[GRF_B][2][ 0 0 15.3594 0 0 0 0 0 0 0 0 0 0 0 0 0 ]
[GRF_B][3][ 0 0 0 27.3438 0 0 0 0 0 0 0 0 0 0 0 0 ]
[GRF_B][4][ 0 0 0 0 18.4062 0 0 0 0 0 0 0 0 0 0 0 ]
[GRF_B][5][ 0 0 0 0 0 32.4062 0 0 0 0 0 0 0 0 0 0 ]
[GRF_B][6][ 0 0 0 0 0 0 21.4844 0 0 0 0 0 0 0 0 0 ]
[GRF_B][7][ 0 0 0 0 0 0 0 11.9375 0 0 0 0 0 0 0 0 ]
[M_OUT][0000000000000000000000000000000000000000000000000000000000000000000000000000000000000000000000000000000000000000000000000000000000000000000000000000000000000000000000000000000000000000000000000000000000000000000000000000000000000000000000000000000000000000]
[A_OUT][0000000000000000000000000000000000000000000000000000000000000000000000000000000000000000000000000000000000000000000000000000000000000000000000000000000000000000000000000000000000000000000000000000000000000000000000000000000000000000000000000000000000000000]

----------
READ ch0 ra0 bg0 b1 r1 c24|| [3] JUMP 7x [PC - 2] @ 6827
READ ch0 ra0 bg0 b1 r1 c24|| [2] MAC GRF_B[0], GRF_A[0], ODD_BANK, auto @ 6827
[BANK_R][ 0 0 0 0 0 0 0 0.9375 0 0 0 0 0 0 0 0 ]
[CMD]00111011000110001000000000000000(MAC GRF_B[0], GRF_A[0], ODD_BANK, auto)
[SRF][0000000000000000000000000000000000000000000000000000000000000000000000000000000000000000000000000000000000000000000000000000000000000000000000000000000000000000000000000000000000000000000000000000000000000000000000000000000000000000000000000000000000000000]
[GRF_A][0][ 1.5 2.5 1.50781 2.50781 1.51562 2.51562 1.52344 2.52344 1.53125 2.53125 1.53906 2.53906 1.54688 2.54688 1.55469 2.55469 ]
[GRF_A][1][ 1.5625 2.5625 1.57031 2.57031 1.57812 2.57812 1.58594 2.58594 1.59375 2.59375 1.60156 2.60156 1.60938 2.60938 1.61719 2.61719 ]
[GRF_A][2][ 1.625 2.625 1.63281 2.63281 1.64062 2.64062 1.64844 2.64844 1.65625 2.65625 1.66406 2.66406 1.67188 2.67188 1.67969 2.67969 ]
[GRF_A][3][ 1.6875 2.6875 1.69531 2.69531 1.70312 2.70312 1.71094 2.71094 1.71875 2.71875 1.72656 2.72656 1.73438 2.73438 1.74219 2.74219 ]
[GRF_A][4][ 1.75 2.75 1.75781 2.75781 1.76562 2.76562 1.77344 2.77344 1.78125 2.78125 1.78906 2.78906 1.79688 2.79688 1.80469 2.80469 ]
[GRF_A][5][ 1.8125 2.8125 1.82031 2.82031 1.82812 2.82812 1.83594 2.83594 1.84375 2.84375 1.85156 2.85156 1.85938 2.85938 1.86719 2.86719 ]
[GRF_A][6][ 1.875 2.875 1.88281 2.88281 1.89062 2.89062 1.89844 2.89844 1.90625 2.90625 1.91406 2.91406 1.92188 2.92188 1.92969 2.92969 ]
[GRF_A][7][ 1.9375 2.9375 1.94531 2.94531 1.95312 2.95312 1.96094 2.96094 1.96875 2.96875 1.97656 2.97656 1.98438 2.98438 1.99219 2.99219 ]
[GRF_B][0][ 12.3438 0 0 0 0 0 0 0 0 0 0 0 0 0 0 0 ]
[GRF_B][1][ 0 22.3125 0 0 0 0 0 0 0 0 0 0 0 0 0 0 ]
[GRF_B][2][ 0 0 15.3594 0 0 0 0 0 0 0 0 0 0 0 0 0 ]
[GRF_B][3][ 0 0 0 27.3438 0 0 0 0 0 0 0 0 0 0 0 0 ]
[GRF_B][4][ 0 0 0 0 18.4062 0 0 0 0 0 0 0 0 0 0 0 ]
[GRF_B][5][ 0 0 0 0 0 32.4062 0 0 0 0 0 0 0 0 0 0 ]
[GRF_B][6][ 0 0 0 0 0 0 21.4844 0 0 0 0 0 0 0 0 0 ]
[GRF_B][7][ 0 0 0 0 0 0 0 14.3047 0 0 0 0 0 0 0 0 ]
[M_OUT][0000000000000000000000000000000000000000000000000000000000000000000000000000000000000000000000000000000000000000000000000000000000000000000000000000000000000000000000000000000000000000000000000000000000000000000000000000000000000000000000000000000000000000]
[A_OUT][0000000000000000000000000000000000000000000000000000000000000000000000000000000000000000000000000000000000000000000000000000000000000000000000000000000000000000000000000000000000000000000000000000000000000000000000000000000000000000000000000000000000000000]

----------
READ ch0 ra0 bg0 b1 r1 c25|| [2] MAC GRF_B[0], GRF_A[0], ODD_BANK, auto @ 6831
[BANK_R][ 0 0 0 0 0 0 0 1 0 0 0 0 0 0 0 0 ]
[CMD]00111011000110001000000000000000(MAC GRF_B[0], GRF_A[0], ODD_BANK, auto)
[SRF][0000000000000000000000000000000000000000000000000000000000000000000000000000000000000000000000000000000000000000000000000000000000000000000000000000000000000000000000000000000000000000000000000000000000000000000000000000000000000000000000000000000000000000]
[GRF_A][0][ 1.5 2.5 1.50781 2.50781 1.51562 2.51562 1.52344 2.52344 1.53125 2.53125 1.53906 2.53906 1.54688 2.54688 1.55469 2.55469 ]
[GRF_A][1][ 1.5625 2.5625 1.57031 2.57031 1.57812 2.57812 1.58594 2.58594 1.59375 2.59375 1.60156 2.60156 1.60938 2.60938 1.61719 2.61719 ]
[GRF_A][2][ 1.625 2.625 1.63281 2.63281 1.64062 2.64062 1.64844 2.64844 1.65625 2.65625 1.66406 2.66406 1.67188 2.67188 1.67969 2.67969 ]
[GRF_A][3][ 1.6875 2.6875 1.69531 2.69531 1.70312 2.70312 1.71094 2.71094 1.71875 2.71875 1.72656 2.72656 1.73438 2.73438 1.74219 2.74219 ]
[GRF_A][4][ 1.75 2.75 1.75781 2.75781 1.76562 2.76562 1.77344 2.77344 1.78125 2.78125 1.78906 2.78906 1.79688 2.79688 1.80469 2.80469 ]
[GRF_A][5][ 1.8125 2.8125 1.82031 2.82031 1.82812 2.82812 1.83594 2.83594 1.84375 2.84375 1.85156 2.85156 1.85938 2.85938 1.86719 2.86719 ]
[GRF_A][6][ 1.875 2.875 1.88281 2.88281 1.89062 2.89062 1.89844 2.89844 1.90625 2.90625 1.91406 2.91406 1.92188 2.92188 1.92969 2.92969 ]
[GRF_A][7][ 1.9375 2.9375 1.94531 2.94531 1.95312 2.95312 1.96094 2.96094 1.96875 2.96875 1.97656 2.97656 1.98438 2.98438 1.99219 2.99219 ]
[GRF_B][0][ 12.3438 0 0 0 0 0 0 0 0 0 0 0 0 0 0 0 ]
[GRF_B][1][ 0 22.3125 0 0 0 0 0 0 0 0 0 0 0 0 0 0 ]
[GRF_B][2][ 0 0 15.3594 0 0 0 0 0 0 0 0 0 0 0 0 0 ]
[GRF_B][3][ 0 0 0 27.3438 0 0 0 0 0 0 0 0 0 0 0 0 ]
[GRF_B][4][ 0 0 0 0 18.4062 0 0 0 0 0 0 0 0 0 0 0 ]
[GRF_B][5][ 0 0 0 0 0 32.4062 0 0 0 0 0 0 0 0 0 0 ]
[GRF_B][6][ 0 0 0 0 0 0 21.4844 0 0 0 0 0 0 0 0 0 ]
[GRF_B][7][ 0 0 0 0 0 0 0 16.8906 0 0 0 0 0 0 0 0 ]
[M_OUT][0000000000000000000000000000000000000000000000000000000000000000000000000000000000000000000000000000000000000000000000000000000000000000000000000000000000000000000000000000000000000000000000000000000000000000000000000000000000000000000000000000000000000000]
[A_OUT][0000000000000000000000000000000000000000000000000000000000000000000000000000000000000000000000000000000000000000000000000000000000000000000000000000000000000000000000000000000000000000000000000000000000000000000000000000000000000000000000000000000000000000]

----------
READ ch0 ra0 bg0 b1 r1 c26|| [2] MAC GRF_B[0], GRF_A[0], ODD_BANK, auto @ 6835
[BANK_R][ 0 0 0 0 0 0 0 1.0625 0 0 0 0 0 0 0 0 ]
[CMD]00111011000110001000000000000000(MAC GRF_B[0], GRF_A[0], ODD_BANK, auto)
[SRF][0000000000000000000000000000000000000000000000000000000000000000000000000000000000000000000000000000000000000000000000000000000000000000000000000000000000000000000000000000000000000000000000000000000000000000000000000000000000000000000000000000000000000000]
[GRF_A][0][ 1.5 2.5 1.50781 2.50781 1.51562 2.51562 1.52344 2.52344 1.53125 2.53125 1.53906 2.53906 1.54688 2.54688 1.55469 2.55469 ]
[GRF_A][1][ 1.5625 2.5625 1.57031 2.57031 1.57812 2.57812 1.58594 2.58594 1.59375 2.59375 1.60156 2.60156 1.60938 2.60938 1.61719 2.61719 ]
[GRF_A][2][ 1.625 2.625 1.63281 2.63281 1.64062 2.64062 1.64844 2.64844 1.65625 2.65625 1.66406 2.66406 1.67188 2.67188 1.67969 2.67969 ]
[GRF_A][3][ 1.6875 2.6875 1.69531 2.69531 1.70312 2.70312 1.71094 2.71094 1.71875 2.71875 1.72656 2.72656 1.73438 2.73438 1.74219 2.74219 ]
[GRF_A][4][ 1.75 2.75 1.75781 2.75781 1.76562 2.76562 1.77344 2.77344 1.78125 2.78125 1.78906 2.78906 1.79688 2.79688 1.80469 2.80469 ]
[GRF_A][5][ 1.8125 2.8125 1.82031 2.82031 1.82812 2.82812 1.83594 2.83594 1.84375 2.84375 1.85156 2.85156 1.85938 2.85938 1.86719 2.86719 ]
[GRF_A][6][ 1.875 2.875 1.88281 2.88281 1.89062 2.89062 1.89844 2.89844 1.90625 2.90625 1.91406 2.91406 1.92188 2.92188 1.92969 2.92969 ]
[GRF_A][7][ 1.9375 2.9375 1.94531 2.94531 1.95312 2.95312 1.96094 2.96094 1.96875 2.96875 1.97656 2.97656 1.98438 2.98438 1.99219 2.99219 ]
[GRF_B][0][ 12.3438 0 0 0 0 0 0 0 0 0 0 0 0 0 0 0 ]
[GRF_B][1][ 0 22.3125 0 0 0 0 0 0 0 0 0 0 0 0 0 0 ]
[GRF_B][2][ 0 0 15.3594 0 0 0 0 0 0 0 0 0 0 0 0 0 ]
[GRF_B][3][ 0 0 0 27.3438 0 0 0 0 0 0 0 0 0 0 0 0 ]
[GRF_B][4][ 0 0 0 0 18.4062 0 0 0 0 0 0 0 0 0 0 0 ]
[GRF_B][5][ 0 0 0 0 0 32.4062 0 0 0 0 0 0 0 0 0 0 ]
[GRF_B][6][ 0 0 0 0 0 0 21.4844 0 0 0 0 0 0 0 0 0 ]
[GRF_B][7][ 0 0 0 0 0 0 0 19.7031 0 0 0 0 0 0 0 0 ]
[M_OUT][0000000000000000000000000000000000000000000000000000000000000000000000000000000000000000000000000000000000000000000000000000000000000000000000000000000000000000000000000000000000000000000000000000000000000000000000000000000000000000000000000000000000000000]
[A_OUT][0000000000000000000000000000000000000000000000000000000000000000000000000000000000000000000000000000000000000000000000000000000000000000000000000000000000000000000000000000000000000000000000000000000000000000000000000000000000000000000000000000000000000000]

----------
READ ch0 ra0 bg0 b1 r1 c27|| [2] MAC GRF_B[0], GRF_A[0], ODD_BANK, auto @ 6839
[BANK_R][ 0 0 0 0 0 0 0 1.125 0 0 0 0 0 0 0 0 ]
[CMD]00111011000110001000000000000000(MAC GRF_B[0], GRF_A[0], ODD_BANK, auto)
[SRF][0000000000000000000000000000000000000000000000000000000000000000000000000000000000000000000000000000000000000000000000000000000000000000000000000000000000000000000000000000000000000000000000000000000000000000000000000000000000000000000000000000000000000000]
[GRF_A][0][ 1.5 2.5 1.50781 2.50781 1.51562 2.51562 1.52344 2.52344 1.53125 2.53125 1.53906 2.53906 1.54688 2.54688 1.55469 2.55469 ]
[GRF_A][1][ 1.5625 2.5625 1.57031 2.57031 1.57812 2.57812 1.58594 2.58594 1.59375 2.59375 1.60156 2.60156 1.60938 2.60938 1.61719 2.61719 ]
[GRF_A][2][ 1.625 2.625 1.63281 2.63281 1.64062 2.64062 1.64844 2.64844 1.65625 2.65625 1.66406 2.66406 1.67188 2.67188 1.67969 2.67969 ]
[GRF_A][3][ 1.6875 2.6875 1.69531 2.69531 1.70312 2.70312 1.71094 2.71094 1.71875 2.71875 1.72656 2.72656 1.73438 2.73438 1.74219 2.74219 ]
[GRF_A][4][ 1.75 2.75 1.75781 2.75781 1.76562 2.76562 1.77344 2.77344 1.78125 2.78125 1.78906 2.78906 1.79688 2.79688 1.80469 2.80469 ]
[GRF_A][5][ 1.8125 2.8125 1.82031 2.82031 1.82812 2.82812 1.83594 2.83594 1.84375 2.84375 1.85156 2.85156 1.85938 2.85938 1.86719 2.86719 ]
[GRF_A][6][ 1.875 2.875 1.88281 2.88281 1.89062 2.89062 1.89844 2.89844 1.90625 2.90625 1.91406 2.91406 1.92188 2.92188 1.92969 2.92969 ]
[GRF_A][7][ 1.9375 2.9375 1.94531 2.94531 1.95312 2.95312 1.96094 2.96094 1.96875 2.96875 1.97656 2.97656 1.98438 2.98438 1.99219 2.99219 ]
[GRF_B][0][ 12.3438 0 0 0 0 0 0 0 0 0 0 0 0 0 0 0 ]
[GRF_B][1][ 0 22.3125 0 0 0 0 0 0 0 0 0 0 0 0 0 0 ]
[GRF_B][2][ 0 0 15.3594 0 0 0 0 0 0 0 0 0 0 0 0 0 ]
[GRF_B][3][ 0 0 0 27.3438 0 0 0 0 0 0 0 0 0 0 0 0 ]
[GRF_B][4][ 0 0 0 0 18.4062 0 0 0 0 0 0 0 0 0 0 0 ]
[GRF_B][5][ 0 0 0 0 0 32.4062 0 0 0 0 0 0 0 0 0 0 ]
[GRF_B][6][ 0 0 0 0 0 0 21.4844 0 0 0 0 0 0 0 0 0 ]
[GRF_B][7][ 0 0 0 0 0 0 0 22.75 0 0 0 0 0 0 0 0 ]
[M_OUT][0000000000000000000000000000000000000000000000000000000000000000000000000000000000000000000000000000000000000000000000000000000000000000000000000000000000000000000000000000000000000000000000000000000000000000000000000000000000000000000000000000000000000000]
[A_OUT][0000000000000000000000000000000000000000000000000000000000000000000000000000000000000000000000000000000000000000000000000000000000000000000000000000000000000000000000000000000000000000000000000000000000000000000000000000000000000000000000000000000000000000]

----------
READ ch0 ra0 bg0 b1 r1 c28|| [2] MAC GRF_B[0], GRF_A[0], ODD_BANK, auto @ 6843
[BANK_R][ 0 0 0 0 0 0 0 1.1875 0 0 0 0 0 0 0 0 ]
[CMD]00111011000110001000000000000000(MAC GRF_B[0], GRF_A[0], ODD_BANK, auto)
[SRF][0000000000000000000000000000000000000000000000000000000000000000000000000000000000000000000000000000000000000000000000000000000000000000000000000000000000000000000000000000000000000000000000000000000000000000000000000000000000000000000000000000000000000000]
[GRF_A][0][ 1.5 2.5 1.50781 2.50781 1.51562 2.51562 1.52344 2.52344 1.53125 2.53125 1.53906 2.53906 1.54688 2.54688 1.55469 2.55469 ]
[GRF_A][1][ 1.5625 2.5625 1.57031 2.57031 1.57812 2.57812 1.58594 2.58594 1.59375 2.59375 1.60156 2.60156 1.60938 2.60938 1.61719 2.61719 ]
[GRF_A][2][ 1.625 2.625 1.63281 2.63281 1.64062 2.64062 1.64844 2.64844 1.65625 2.65625 1.66406 2.66406 1.67188 2.67188 1.67969 2.67969 ]
[GRF_A][3][ 1.6875 2.6875 1.69531 2.69531 1.70312 2.70312 1.71094 2.71094 1.71875 2.71875 1.72656 2.72656 1.73438 2.73438 1.74219 2.74219 ]
[GRF_A][4][ 1.75 2.75 1.75781 2.75781 1.76562 2.76562 1.77344 2.77344 1.78125 2.78125 1.78906 2.78906 1.79688 2.79688 1.80469 2.80469 ]
[GRF_A][5][ 1.8125 2.8125 1.82031 2.82031 1.82812 2.82812 1.83594 2.83594 1.84375 2.84375 1.85156 2.85156 1.85938 2.85938 1.86719 2.86719 ]
[GRF_A][6][ 1.875 2.875 1.88281 2.88281 1.89062 2.89062 1.89844 2.89844 1.90625 2.90625 1.91406 2.91406 1.92188 2.92188 1.92969 2.92969 ]
[GRF_A][7][ 1.9375 2.9375 1.94531 2.94531 1.95312 2.95312 1.96094 2.96094 1.96875 2.96875 1.97656 2.97656 1.98438 2.98438 1.99219 2.99219 ]
[GRF_B][0][ 12.3438 0 0 0 0 0 0 0 0 0 0 0 0 0 0 0 ]
[GRF_B][1][ 0 22.3125 0 0 0 0 0 0 0 0 0 0 0 0 0 0 ]
[GRF_B][2][ 0 0 15.3594 0 0 0 0 0 0 0 0 0 0 0 0 0 ]
[GRF_B][3][ 0 0 0 27.3438 0 0 0 0 0 0 0 0 0 0 0 0 ]
[GRF_B][4][ 0 0 0 0 18.4062 0 0 0 0 0 0 0 0 0 0 0 ]
[GRF_B][5][ 0 0 0 0 0 32.4062 0 0 0 0 0 0 0 0 0 0 ]
[GRF_B][6][ 0 0 0 0 0 0 21.4844 0 0 0 0 0 0 0 0 0 ]
[GRF_B][7][ 0 0 0 0 0 0 0 26.0469 0 0 0 0 0 0 0 0 ]
[M_OUT][0000000000000000000000000000000000000000000000000000000000000000000000000000000000000000000000000000000000000000000000000000000000000000000000000000000000000000000000000000000000000000000000000000000000000000000000000000000000000000000000000000000000000000]
[A_OUT][0000000000000000000000000000000000000000000000000000000000000000000000000000000000000000000000000000000000000000000000000000000000000000000000000000000000000000000000000000000000000000000000000000000000000000000000000000000000000000000000000000000000000000]

----------
READ ch0 ra0 bg0 b1 r1 c29|| [2] MAC GRF_B[0], GRF_A[0], ODD_BANK, auto @ 6847
[BANK_R][ 0 0 0 0 0 0 0 1.25 0 0 0 0 0 0 0 0 ]
[CMD]00111011000110001000000000000000(MAC GRF_B[0], GRF_A[0], ODD_BANK, auto)
[SRF][0000000000000000000000000000000000000000000000000000000000000000000000000000000000000000000000000000000000000000000000000000000000000000000000000000000000000000000000000000000000000000000000000000000000000000000000000000000000000000000000000000000000000000]
[GRF_A][0][ 1.5 2.5 1.50781 2.50781 1.51562 2.51562 1.52344 2.52344 1.53125 2.53125 1.53906 2.53906 1.54688 2.54688 1.55469 2.55469 ]
[GRF_A][1][ 1.5625 2.5625 1.57031 2.57031 1.57812 2.57812 1.58594 2.58594 1.59375 2.59375 1.60156 2.60156 1.60938 2.60938 1.61719 2.61719 ]
[GRF_A][2][ 1.625 2.625 1.63281 2.63281 1.64062 2.64062 1.64844 2.64844 1.65625 2.65625 1.66406 2.66406 1.67188 2.67188 1.67969 2.67969 ]
[GRF_A][3][ 1.6875 2.6875 1.69531 2.69531 1.70312 2.70312 1.71094 2.71094 1.71875 2.71875 1.72656 2.72656 1.73438 2.73438 1.74219 2.74219 ]
[GRF_A][4][ 1.75 2.75 1.75781 2.75781 1.76562 2.76562 1.77344 2.77344 1.78125 2.78125 1.78906 2.78906 1.79688 2.79688 1.80469 2.80469 ]
[GRF_A][5][ 1.8125 2.8125 1.82031 2.82031 1.82812 2.82812 1.83594 2.83594 1.84375 2.84375 1.85156 2.85156 1.85938 2.85938 1.86719 2.86719 ]
[GRF_A][6][ 1.875 2.875 1.88281 2.88281 1.89062 2.89062 1.89844 2.89844 1.90625 2.90625 1.91406 2.91406 1.92188 2.92188 1.92969 2.92969 ]
[GRF_A][7][ 1.9375 2.9375 1.94531 2.94531 1.95312 2.95312 1.96094 2.96094 1.96875 2.96875 1.97656 2.97656 1.98438 2.98438 1.99219 2.99219 ]
[GRF_B][0][ 12.3438 0 0 0 0 0 0 0 0 0 0 0 0 0 0 0 ]
[GRF_B][1][ 0 22.3125 0 0 0 0 0 0 0 0 0 0 0 0 0 0 ]
[GRF_B][2][ 0 0 15.3594 0 0 0 0 0 0 0 0 0 0 0 0 0 ]
[GRF_B][3][ 0 0 0 27.3438 0 0 0 0 0 0 0 0 0 0 0 0 ]
[GRF_B][4][ 0 0 0 0 18.4062 0 0 0 0 0 0 0 0 0 0 0 ]
[GRF_B][5][ 0 0 0 0 0 32.4062 0 0 0 0 0 0 0 0 0 0 ]
[GRF_B][6][ 0 0 0 0 0 0 21.4844 0 0 0 0 0 0 0 0 0 ]
[GRF_B][7][ 0 0 0 0 0 0 0 29.5938 0 0 0 0 0 0 0 0 ]
[M_OUT][0000000000000000000000000000000000000000000000000000000000000000000000000000000000000000000000000000000000000000000000000000000000000000000000000000000000000000000000000000000000000000000000000000000000000000000000000000000000000000000000000000000000000000]
[A_OUT][0000000000000000000000000000000000000000000000000000000000000000000000000000000000000000000000000000000000000000000000000000000000000000000000000000000000000000000000000000000000000000000000000000000000000000000000000000000000000000000000000000000000000000]

----------
READ ch0 ra0 bg0 b1 r1 c30|| [2] MAC GRF_B[0], GRF_A[0], ODD_BANK, auto @ 6851
[BANK_R][ 0 0 0 0 0 0 0 1.3125 0 0 0 0 0 0 0 0 ]
[CMD]00111011000110001000000000000000(MAC GRF_B[0], GRF_A[0], ODD_BANK, auto)
[SRF][0000000000000000000000000000000000000000000000000000000000000000000000000000000000000000000000000000000000000000000000000000000000000000000000000000000000000000000000000000000000000000000000000000000000000000000000000000000000000000000000000000000000000000]
[GRF_A][0][ 1.5 2.5 1.50781 2.50781 1.51562 2.51562 1.52344 2.52344 1.53125 2.53125 1.53906 2.53906 1.54688 2.54688 1.55469 2.55469 ]
[GRF_A][1][ 1.5625 2.5625 1.57031 2.57031 1.57812 2.57812 1.58594 2.58594 1.59375 2.59375 1.60156 2.60156 1.60938 2.60938 1.61719 2.61719 ]
[GRF_A][2][ 1.625 2.625 1.63281 2.63281 1.64062 2.64062 1.64844 2.64844 1.65625 2.65625 1.66406 2.66406 1.67188 2.67188 1.67969 2.67969 ]
[GRF_A][3][ 1.6875 2.6875 1.69531 2.69531 1.70312 2.70312 1.71094 2.71094 1.71875 2.71875 1.72656 2.72656 1.73438 2.73438 1.74219 2.74219 ]
[GRF_A][4][ 1.75 2.75 1.75781 2.75781 1.76562 2.76562 1.77344 2.77344 1.78125 2.78125 1.78906 2.78906 1.79688 2.79688 1.80469 2.80469 ]
[GRF_A][5][ 1.8125 2.8125 1.82031 2.82031 1.82812 2.82812 1.83594 2.83594 1.84375 2.84375 1.85156 2.85156 1.85938 2.85938 1.86719 2.86719 ]
[GRF_A][6][ 1.875 2.875 1.88281 2.88281 1.89062 2.89062 1.89844 2.89844 1.90625 2.90625 1.91406 2.91406 1.92188 2.92188 1.92969 2.92969 ]
[GRF_A][7][ 1.9375 2.9375 1.94531 2.94531 1.95312 2.95312 1.96094 2.96094 1.96875 2.96875 1.97656 2.97656 1.98438 2.98438 1.99219 2.99219 ]
[GRF_B][0][ 12.3438 0 0 0 0 0 0 0 0 0 0 0 0 0 0 0 ]
[GRF_B][1][ 0 22.3125 0 0 0 0 0 0 0 0 0 0 0 0 0 0 ]
[GRF_B][2][ 0 0 15.3594 0 0 0 0 0 0 0 0 0 0 0 0 0 ]
[GRF_B][3][ 0 0 0 27.3438 0 0 0 0 0 0 0 0 0 0 0 0 ]
[GRF_B][4][ 0 0 0 0 18.4062 0 0 0 0 0 0 0 0 0 0 0 ]
[GRF_B][5][ 0 0 0 0 0 32.4062 0 0 0 0 0 0 0 0 0 0 ]
[GRF_B][6][ 0 0 0 0 0 0 21.4844 0 0 0 0 0 0 0 0 0 ]
[GRF_B][7][ 0 0 0 0 0 0 0 33.4062 0 0 0 0 0 0 0 0 ]
[M_OUT][0000000000000000000000000000000000000000000000000000000000000000000000000000000000000000000000000000000000000000000000000000000000000000000000000000000000000000000000000000000000000000000000000000000000000000000000000000000000000000000000000000000000000000]
[A_OUT][0000000000000000000000000000000000000000000000000000000000000000000000000000000000000000000000000000000000000000000000000000000000000000000000000000000000000000000000000000000000000000000000000000000000000000000000000000000000000000000000000000000000000000]

----------
READ ch0 ra0 bg0 b1 r1 c31|| [2] MAC GRF_B[0], GRF_A[0], ODD_BANK, auto @ 6855
[BANK_R][ 0 0 0 0 0 0 0 1.375 0 0 0 0 0 0 0 0 ]
[CMD]00111011000110001000000000000000(MAC GRF_B[0], GRF_A[0], ODD_BANK, auto)
[SRF][0000000000000000000000000000000000000000000000000000000000000000000000000000000000000000000000000000000000000000000000000000000000000000000000000000000000000000000000000000000000000000000000000000000000000000000000000000000000000000000000000000000000000000]
[GRF_A][0][ 1.5 2.5 1.50781 2.50781 1.51562 2.51562 1.52344 2.52344 1.53125 2.53125 1.53906 2.53906 1.54688 2.54688 1.55469 2.55469 ]
[GRF_A][1][ 1.5625 2.5625 1.57031 2.57031 1.57812 2.57812 1.58594 2.58594 1.59375 2.59375 1.60156 2.60156 1.60938 2.60938 1.61719 2.61719 ]
[GRF_A][2][ 1.625 2.625 1.63281 2.63281 1.64062 2.64062 1.64844 2.64844 1.65625 2.65625 1.66406 2.66406 1.67188 2.67188 1.67969 2.67969 ]
[GRF_A][3][ 1.6875 2.6875 1.69531 2.69531 1.70312 2.70312 1.71094 2.71094 1.71875 2.71875 1.72656 2.72656 1.73438 2.73438 1.74219 2.74219 ]
[GRF_A][4][ 1.75 2.75 1.75781 2.75781 1.76562 2.76562 1.77344 2.77344 1.78125 2.78125 1.78906 2.78906 1.79688 2.79688 1.80469 2.80469 ]
[GRF_A][5][ 1.8125 2.8125 1.82031 2.82031 1.82812 2.82812 1.83594 2.83594 1.84375 2.84375 1.85156 2.85156 1.85938 2.85938 1.86719 2.86719 ]
[GRF_A][6][ 1.875 2.875 1.88281 2.88281 1.89062 2.89062 1.89844 2.89844 1.90625 2.90625 1.91406 2.91406 1.92188 2.92188 1.92969 2.92969 ]
[GRF_A][7][ 1.9375 2.9375 1.94531 2.94531 1.95312 2.95312 1.96094 2.96094 1.96875 2.96875 1.97656 2.97656 1.98438 2.98438 1.99219 2.99219 ]
[GRF_B][0][ 12.3438 0 0 0 0 0 0 0 0 0 0 0 0 0 0 0 ]
[GRF_B][1][ 0 22.3125 0 0 0 0 0 0 0 0 0 0 0 0 0 0 ]
[GRF_B][2][ 0 0 15.3594 0 0 0 0 0 0 0 0 0 0 0 0 0 ]
[GRF_B][3][ 0 0 0 27.3438 0 0 0 0 0 0 0 0 0 0 0 0 ]
[GRF_B][4][ 0 0 0 0 18.4062 0 0 0 0 0 0 0 0 0 0 0 ]
[GRF_B][5][ 0 0 0 0 0 32.4062 0 0 0 0 0 0 0 0 0 0 ]
[GRF_B][6][ 0 0 0 0 0 0 21.4844 0 0 0 0 0 0 0 0 0 ]
[GRF_B][7][ 0 0 0 0 0 0 0 37.4688 0 0 0 0 0 0 0 0 ]
[M_OUT][0000000000000000000000000000000000000000000000000000000000000000000000000000000000000000000000000000000000000000000000000000000000000000000000000000000000000000000000000000000000000000000000000000000000000000000000000000000000000000000000000000000000000000]
[A_OUT][0000000000000000000000000000000000000000000000000000000000000000000000000000000000000000000000000000000000000000000000000000000000000000000000000000000000000000000000000000000000000000000000000000000000000000000000000000000000000000000000000000000000000000]

----------
PRECHARGE ch[0] ra[0] bg[0] ba[1] ro[1] @6857
ACTIVATE ch[0] ra[0] bg[0] ba[1] ro[4] co[0] @6871 tag : GRFB_TO_BANK_
WRITE ch0 ra0 bg0 b1 r4 c0|| [3] JUMP 7x [PC - 2] @ 6882
WRITE ch0 ra0 bg0 b1 r4 c0|| [4] NOP 8x @ 6882
[BANK_R][ 12.3438 0 0 0 0 0 0 0 0 0 0 0 0 0 0 0 ]
[CMD]00000000000000000000000000000111(NOP 8x)
[SRF][0000000000000000000000000000000000000000000000000000000000000000000000000000000000000000000000000000000000000000000000000000000000000000000000000000000000000000000000000000000000000000000000000000000000000000000000000000000000000000000000000000000000000000]
[GRF_A][0][ 1.5 2.5 1.50781 2.50781 1.51562 2.51562 1.52344 2.52344 1.53125 2.53125 1.53906 2.53906 1.54688 2.54688 1.55469 2.55469 ]
[GRF_A][1][ 1.5625 2.5625 1.57031 2.57031 1.57812 2.57812 1.58594 2.58594 1.59375 2.59375 1.60156 2.60156 1.60938 2.60938 1.61719 2.61719 ]
[GRF_A][2][ 1.625 2.625 1.63281 2.63281 1.64062 2.64062 1.64844 2.64844 1.65625 2.65625 1.66406 2.66406 1.67188 2.67188 1.67969 2.67969 ]
[GRF_A][3][ 1.6875 2.6875 1.69531 2.69531 1.70312 2.70312 1.71094 2.71094 1.71875 2.71875 1.72656 2.72656 1.73438 2.73438 1.74219 2.74219 ]
[GRF_A][4][ 1.75 2.75 1.75781 2.75781 1.76562 2.76562 1.77344 2.77344 1.78125 2.78125 1.78906 2.78906 1.79688 2.79688 1.80469 2.80469 ]
[GRF_A][5][ 1.8125 2.8125 1.82031 2.82031 1.82812 2.82812 1.83594 2.83594 1.84375 2.84375 1.85156 2.85156 1.85938 2.85938 1.86719 2.86719 ]
[GRF_A][6][ 1.875 2.875 1.88281 2.88281 1.89062 2.89062 1.89844 2.89844 1.90625 2.90625 1.91406 2.91406 1.92188 2.92188 1.92969 2.92969 ]
[GRF_A][7][ 1.9375 2.9375 1.94531 2.94531 1.95312 2.95312 1.96094 2.96094 1.96875 2.96875 1.97656 2.97656 1.98438 2.98438 1.99219 2.99219 ]
[GRF_B][0][ 12.3438 0 0 0 0 0 0 0 0 0 0 0 0 0 0 0 ]
[GRF_B][1][ 0 22.3125 0 0 0 0 0 0 0 0 0 0 0 0 0 0 ]
[GRF_B][2][ 0 0 15.3594 0 0 0 0 0 0 0 0 0 0 0 0 0 ]
[GRF_B][3][ 0 0 0 27.3438 0 0 0 0 0 0 0 0 0 0 0 0 ]
[GRF_B][4][ 0 0 0 0 18.4062 0 0 0 0 0 0 0 0 0 0 0 ]
[GRF_B][5][ 0 0 0 0 0 32.4062 0 0 0 0 0 0 0 0 0 0 ]
[GRF_B][6][ 0 0 0 0 0 0 21.4844 0 0 0 0 0 0 0 0 0 ]
[GRF_B][7][ 0 0 0 0 0 0 0 37.4688 0 0 0 0 0 0 0 0 ]
[M_OUT][0000000000000000000000000000000000000000000000000000000000000000000000000000000000000000000000000000000000000000000000000000000000000000000000000000000000000000000000000000000000000000000000000000000000000000000000000000000000000000000000000000000000000000]
[A_OUT][0000000000000000000000000000000000000000000000000000000000000000000000000000000000000000000000000000000000000000000000000000000000000000000000000000000000000000000000000000000000000000000000000000000000000000000000000000000000000000000000000000000000000000]

----------
WRITE ch0 ra0 bg0 b1 r4 c1|| [4] NOP 8x @ 6886
[BANK_R][ 0 22.3125 0 0 0 0 0 0 0 0 0 0 0 0 0 0 ]
[CMD]00000000000000000000000000000111(NOP 8x)
[SRF][0000000000000000000000000000000000000000000000000000000000000000000000000000000000000000000000000000000000000000000000000000000000000000000000000000000000000000000000000000000000000000000000000000000000000000000000000000000000000000000000000000000000000000]
[GRF_A][0][ 1.5 2.5 1.50781 2.50781 1.51562 2.51562 1.52344 2.52344 1.53125 2.53125 1.53906 2.53906 1.54688 2.54688 1.55469 2.55469 ]
[GRF_A][1][ 1.5625 2.5625 1.57031 2.57031 1.57812 2.57812 1.58594 2.58594 1.59375 2.59375 1.60156 2.60156 1.60938 2.60938 1.61719 2.61719 ]
[GRF_A][2][ 1.625 2.625 1.63281 2.63281 1.64062 2.64062 1.64844 2.64844 1.65625 2.65625 1.66406 2.66406 1.67188 2.67188 1.67969 2.67969 ]
[GRF_A][3][ 1.6875 2.6875 1.69531 2.69531 1.70312 2.70312 1.71094 2.71094 1.71875 2.71875 1.72656 2.72656 1.73438 2.73438 1.74219 2.74219 ]
[GRF_A][4][ 1.75 2.75 1.75781 2.75781 1.76562 2.76562 1.77344 2.77344 1.78125 2.78125 1.78906 2.78906 1.79688 2.79688 1.80469 2.80469 ]
[GRF_A][5][ 1.8125 2.8125 1.82031 2.82031 1.82812 2.82812 1.83594 2.83594 1.84375 2.84375 1.85156 2.85156 1.85938 2.85938 1.86719 2.86719 ]
[GRF_A][6][ 1.875 2.875 1.88281 2.88281 1.89062 2.89062 1.89844 2.89844 1.90625 2.90625 1.91406 2.91406 1.92188 2.92188 1.92969 2.92969 ]
[GRF_A][7][ 1.9375 2.9375 1.94531 2.94531 1.95312 2.95312 1.96094 2.96094 1.96875 2.96875 1.97656 2.97656 1.98438 2.98438 1.99219 2.99219 ]
[GRF_B][0][ 12.3438 0 0 0 0 0 0 0 0 0 0 0 0 0 0 0 ]
[GRF_B][1][ 0 22.3125 0 0 0 0 0 0 0 0 0 0 0 0 0 0 ]
[GRF_B][2][ 0 0 15.3594 0 0 0 0 0 0 0 0 0 0 0 0 0 ]
[GRF_B][3][ 0 0 0 27.3438 0 0 0 0 0 0 0 0 0 0 0 0 ]
[GRF_B][4][ 0 0 0 0 18.4062 0 0 0 0 0 0 0 0 0 0 0 ]
[GRF_B][5][ 0 0 0 0 0 32.4062 0 0 0 0 0 0 0 0 0 0 ]
[GRF_B][6][ 0 0 0 0 0 0 21.4844 0 0 0 0 0 0 0 0 0 ]
[GRF_B][7][ 0 0 0 0 0 0 0 37.4688 0 0 0 0 0 0 0 0 ]
[M_OUT][0000000000000000000000000000000000000000000000000000000000000000000000000000000000000000000000000000000000000000000000000000000000000000000000000000000000000000000000000000000000000000000000000000000000000000000000000000000000000000000000000000000000000000]
[A_OUT][0000000000000000000000000000000000000000000000000000000000000000000000000000000000000000000000000000000000000000000000000000000000000000000000000000000000000000000000000000000000000000000000000000000000000000000000000000000000000000000000000000000000000000]

----------
WRITE ch0 ra0 bg0 b1 r4 c2|| [4] NOP 8x @ 6890
[BANK_R][ 0 0 15.3594 0 0 0 0 0 0 0 0 0 0 0 0 0 ]
[CMD]00000000000000000000000000000111(NOP 8x)
[SRF][0000000000000000000000000000000000000000000000000000000000000000000000000000000000000000000000000000000000000000000000000000000000000000000000000000000000000000000000000000000000000000000000000000000000000000000000000000000000000000000000000000000000000000]
[GRF_A][0][ 1.5 2.5 1.50781 2.50781 1.51562 2.51562 1.52344 2.52344 1.53125 2.53125 1.53906 2.53906 1.54688 2.54688 1.55469 2.55469 ]
[GRF_A][1][ 1.5625 2.5625 1.57031 2.57031 1.57812 2.57812 1.58594 2.58594 1.59375 2.59375 1.60156 2.60156 1.60938 2.60938 1.61719 2.61719 ]
[GRF_A][2][ 1.625 2.625 1.63281 2.63281 1.64062 2.64062 1.64844 2.64844 1.65625 2.65625 1.66406 2.66406 1.67188 2.67188 1.67969 2.67969 ]
[GRF_A][3][ 1.6875 2.6875 1.69531 2.69531 1.70312 2.70312 1.71094 2.71094 1.71875 2.71875 1.72656 2.72656 1.73438 2.73438 1.74219 2.74219 ]
[GRF_A][4][ 1.75 2.75 1.75781 2.75781 1.76562 2.76562 1.77344 2.77344 1.78125 2.78125 1.78906 2.78906 1.79688 2.79688 1.80469 2.80469 ]
[GRF_A][5][ 1.8125 2.8125 1.82031 2.82031 1.82812 2.82812 1.83594 2.83594 1.84375 2.84375 1.85156 2.85156 1.85938 2.85938 1.86719 2.86719 ]
[GRF_A][6][ 1.875 2.875 1.88281 2.88281 1.89062 2.89062 1.89844 2.89844 1.90625 2.90625 1.91406 2.91406 1.92188 2.92188 1.92969 2.92969 ]
[GRF_A][7][ 1.9375 2.9375 1.94531 2.94531 1.95312 2.95312 1.96094 2.96094 1.96875 2.96875 1.97656 2.97656 1.98438 2.98438 1.99219 2.99219 ]
[GRF_B][0][ 12.3438 0 0 0 0 0 0 0 0 0 0 0 0 0 0 0 ]
[GRF_B][1][ 0 22.3125 0 0 0 0 0 0 0 0 0 0 0 0 0 0 ]
[GRF_B][2][ 0 0 15.3594 0 0 0 0 0 0 0 0 0 0 0 0 0 ]
[GRF_B][3][ 0 0 0 27.3438 0 0 0 0 0 0 0 0 0 0 0 0 ]
[GRF_B][4][ 0 0 0 0 18.4062 0 0 0 0 0 0 0 0 0 0 0 ]
[GRF_B][5][ 0 0 0 0 0 32.4062 0 0 0 0 0 0 0 0 0 0 ]
[GRF_B][6][ 0 0 0 0 0 0 21.4844 0 0 0 0 0 0 0 0 0 ]
[GRF_B][7][ 0 0 0 0 0 0 0 37.4688 0 0 0 0 0 0 0 0 ]
[M_OUT][0000000000000000000000000000000000000000000000000000000000000000000000000000000000000000000000000000000000000000000000000000000000000000000000000000000000000000000000000000000000000000000000000000000000000000000000000000000000000000000000000000000000000000]
[A_OUT][0000000000000000000000000000000000000000000000000000000000000000000000000000000000000000000000000000000000000000000000000000000000000000000000000000000000000000000000000000000000000000000000000000000000000000000000000000000000000000000000000000000000000000]

----------
WRITE ch0 ra0 bg0 b1 r4 c3|| [4] NOP 8x @ 6894
[BANK_R][ 0 0 0 27.3438 0 0 0 0 0 0 0 0 0 0 0 0 ]
[CMD]00000000000000000000000000000111(NOP 8x)
[SRF][0000000000000000000000000000000000000000000000000000000000000000000000000000000000000000000000000000000000000000000000000000000000000000000000000000000000000000000000000000000000000000000000000000000000000000000000000000000000000000000000000000000000000000]
[GRF_A][0][ 1.5 2.5 1.50781 2.50781 1.51562 2.51562 1.52344 2.52344 1.53125 2.53125 1.53906 2.53906 1.54688 2.54688 1.55469 2.55469 ]
[GRF_A][1][ 1.5625 2.5625 1.57031 2.57031 1.57812 2.57812 1.58594 2.58594 1.59375 2.59375 1.60156 2.60156 1.60938 2.60938 1.61719 2.61719 ]
[GRF_A][2][ 1.625 2.625 1.63281 2.63281 1.64062 2.64062 1.64844 2.64844 1.65625 2.65625 1.66406 2.66406 1.67188 2.67188 1.67969 2.67969 ]
[GRF_A][3][ 1.6875 2.6875 1.69531 2.69531 1.70312 2.70312 1.71094 2.71094 1.71875 2.71875 1.72656 2.72656 1.73438 2.73438 1.74219 2.74219 ]
[GRF_A][4][ 1.75 2.75 1.75781 2.75781 1.76562 2.76562 1.77344 2.77344 1.78125 2.78125 1.78906 2.78906 1.79688 2.79688 1.80469 2.80469 ]
[GRF_A][5][ 1.8125 2.8125 1.82031 2.82031 1.82812 2.82812 1.83594 2.83594 1.84375 2.84375 1.85156 2.85156 1.85938 2.85938 1.86719 2.86719 ]
[GRF_A][6][ 1.875 2.875 1.88281 2.88281 1.89062 2.89062 1.89844 2.89844 1.90625 2.90625 1.91406 2.91406 1.92188 2.92188 1.92969 2.92969 ]
[GRF_A][7][ 1.9375 2.9375 1.94531 2.94531 1.95312 2.95312 1.96094 2.96094 1.96875 2.96875 1.97656 2.97656 1.98438 2.98438 1.99219 2.99219 ]
[GRF_B][0][ 12.3438 0 0 0 0 0 0 0 0 0 0 0 0 0 0 0 ]
[GRF_B][1][ 0 22.3125 0 0 0 0 0 0 0 0 0 0 0 0 0 0 ]
[GRF_B][2][ 0 0 15.3594 0 0 0 0 0 0 0 0 0 0 0 0 0 ]
[GRF_B][3][ 0 0 0 27.3438 0 0 0 0 0 0 0 0 0 0 0 0 ]
[GRF_B][4][ 0 0 0 0 18.4062 0 0 0 0 0 0 0 0 0 0 0 ]
[GRF_B][5][ 0 0 0 0 0 32.4062 0 0 0 0 0 0 0 0 0 0 ]
[GRF_B][6][ 0 0 0 0 0 0 21.4844 0 0 0 0 0 0 0 0 0 ]
[GRF_B][7][ 0 0 0 0 0 0 0 37.4688 0 0 0 0 0 0 0 0 ]
[M_OUT][0000000000000000000000000000000000000000000000000000000000000000000000000000000000000000000000000000000000000000000000000000000000000000000000000000000000000000000000000000000000000000000000000000000000000000000000000000000000000000000000000000000000000000]
[A_OUT][0000000000000000000000000000000000000000000000000000000000000000000000000000000000000000000000000000000000000000000000000000000000000000000000000000000000000000000000000000000000000000000000000000000000000000000000000000000000000000000000000000000000000000]

----------
WRITE ch0 ra0 bg0 b1 r4 c4|| [4] NOP 8x @ 6898
[BANK_R][ 0 0 0 0 18.4062 0 0 0 0 0 0 0 0 0 0 0 ]
[CMD]00000000000000000000000000000111(NOP 8x)
[SRF][0000000000000000000000000000000000000000000000000000000000000000000000000000000000000000000000000000000000000000000000000000000000000000000000000000000000000000000000000000000000000000000000000000000000000000000000000000000000000000000000000000000000000000]
[GRF_A][0][ 1.5 2.5 1.50781 2.50781 1.51562 2.51562 1.52344 2.52344 1.53125 2.53125 1.53906 2.53906 1.54688 2.54688 1.55469 2.55469 ]
[GRF_A][1][ 1.5625 2.5625 1.57031 2.57031 1.57812 2.57812 1.58594 2.58594 1.59375 2.59375 1.60156 2.60156 1.60938 2.60938 1.61719 2.61719 ]
[GRF_A][2][ 1.625 2.625 1.63281 2.63281 1.64062 2.64062 1.64844 2.64844 1.65625 2.65625 1.66406 2.66406 1.67188 2.67188 1.67969 2.67969 ]
[GRF_A][3][ 1.6875 2.6875 1.69531 2.69531 1.70312 2.70312 1.71094 2.71094 1.71875 2.71875 1.72656 2.72656 1.73438 2.73438 1.74219 2.74219 ]
[GRF_A][4][ 1.75 2.75 1.75781 2.75781 1.76562 2.76562 1.77344 2.77344 1.78125 2.78125 1.78906 2.78906 1.79688 2.79688 1.80469 2.80469 ]
[GRF_A][5][ 1.8125 2.8125 1.82031 2.82031 1.82812 2.82812 1.83594 2.83594 1.84375 2.84375 1.85156 2.85156 1.85938 2.85938 1.86719 2.86719 ]
[GRF_A][6][ 1.875 2.875 1.88281 2.88281 1.89062 2.89062 1.89844 2.89844 1.90625 2.90625 1.91406 2.91406 1.92188 2.92188 1.92969 2.92969 ]
[GRF_A][7][ 1.9375 2.9375 1.94531 2.94531 1.95312 2.95312 1.96094 2.96094 1.96875 2.96875 1.97656 2.97656 1.98438 2.98438 1.99219 2.99219 ]
[GRF_B][0][ 12.3438 0 0 0 0 0 0 0 0 0 0 0 0 0 0 0 ]
[GRF_B][1][ 0 22.3125 0 0 0 0 0 0 0 0 0 0 0 0 0 0 ]
[GRF_B][2][ 0 0 15.3594 0 0 0 0 0 0 0 0 0 0 0 0 0 ]
[GRF_B][3][ 0 0 0 27.3438 0 0 0 0 0 0 0 0 0 0 0 0 ]
[GRF_B][4][ 0 0 0 0 18.4062 0 0 0 0 0 0 0 0 0 0 0 ]
[GRF_B][5][ 0 0 0 0 0 32.4062 0 0 0 0 0 0 0 0 0 0 ]
[GRF_B][6][ 0 0 0 0 0 0 21.4844 0 0 0 0 0 0 0 0 0 ]
[GRF_B][7][ 0 0 0 0 0 0 0 37.4688 0 0 0 0 0 0 0 0 ]
[M_OUT][0000000000000000000000000000000000000000000000000000000000000000000000000000000000000000000000000000000000000000000000000000000000000000000000000000000000000000000000000000000000000000000000000000000000000000000000000000000000000000000000000000000000000000]
[A_OUT][0000000000000000000000000000000000000000000000000000000000000000000000000000000000000000000000000000000000000000000000000000000000000000000000000000000000000000000000000000000000000000000000000000000000000000000000000000000000000000000000000000000000000000]

----------
WRITE ch0 ra0 bg0 b1 r4 c5|| [4] NOP 8x @ 6902
[BANK_R][ 0 0 0 0 0 32.4062 0 0 0 0 0 0 0 0 0 0 ]
[CMD]00000000000000000000000000000111(NOP 8x)
[SRF][0000000000000000000000000000000000000000000000000000000000000000000000000000000000000000000000000000000000000000000000000000000000000000000000000000000000000000000000000000000000000000000000000000000000000000000000000000000000000000000000000000000000000000]
[GRF_A][0][ 1.5 2.5 1.50781 2.50781 1.51562 2.51562 1.52344 2.52344 1.53125 2.53125 1.53906 2.53906 1.54688 2.54688 1.55469 2.55469 ]
[GRF_A][1][ 1.5625 2.5625 1.57031 2.57031 1.57812 2.57812 1.58594 2.58594 1.59375 2.59375 1.60156 2.60156 1.60938 2.60938 1.61719 2.61719 ]
[GRF_A][2][ 1.625 2.625 1.63281 2.63281 1.64062 2.64062 1.64844 2.64844 1.65625 2.65625 1.66406 2.66406 1.67188 2.67188 1.67969 2.67969 ]
[GRF_A][3][ 1.6875 2.6875 1.69531 2.69531 1.70312 2.70312 1.71094 2.71094 1.71875 2.71875 1.72656 2.72656 1.73438 2.73438 1.74219 2.74219 ]
[GRF_A][4][ 1.75 2.75 1.75781 2.75781 1.76562 2.76562 1.77344 2.77344 1.78125 2.78125 1.78906 2.78906 1.79688 2.79688 1.80469 2.80469 ]
[GRF_A][5][ 1.8125 2.8125 1.82031 2.82031 1.82812 2.82812 1.83594 2.83594 1.84375 2.84375 1.85156 2.85156 1.85938 2.85938 1.86719 2.86719 ]
[GRF_A][6][ 1.875 2.875 1.88281 2.88281 1.89062 2.89062 1.89844 2.89844 1.90625 2.90625 1.91406 2.91406 1.92188 2.92188 1.92969 2.92969 ]
[GRF_A][7][ 1.9375 2.9375 1.94531 2.94531 1.95312 2.95312 1.96094 2.96094 1.96875 2.96875 1.97656 2.97656 1.98438 2.98438 1.99219 2.99219 ]
[GRF_B][0][ 12.3438 0 0 0 0 0 0 0 0 0 0 0 0 0 0 0 ]
[GRF_B][1][ 0 22.3125 0 0 0 0 0 0 0 0 0 0 0 0 0 0 ]
[GRF_B][2][ 0 0 15.3594 0 0 0 0 0 0 0 0 0 0 0 0 0 ]
[GRF_B][3][ 0 0 0 27.3438 0 0 0 0 0 0 0 0 0 0 0 0 ]
[GRF_B][4][ 0 0 0 0 18.4062 0 0 0 0 0 0 0 0 0 0 0 ]
[GRF_B][5][ 0 0 0 0 0 32.4062 0 0 0 0 0 0 0 0 0 0 ]
[GRF_B][6][ 0 0 0 0 0 0 21.4844 0 0 0 0 0 0 0 0 0 ]
[GRF_B][7][ 0 0 0 0 0 0 0 37.4688 0 0 0 0 0 0 0 0 ]
[M_OUT][0000000000000000000000000000000000000000000000000000000000000000000000000000000000000000000000000000000000000000000000000000000000000000000000000000000000000000000000000000000000000000000000000000000000000000000000000000000000000000000000000000000000000000]
[A_OUT][0000000000000000000000000000000000000000000000000000000000000000000000000000000000000000000000000000000000000000000000000000000000000000000000000000000000000000000000000000000000000000000000000000000000000000000000000000000000000000000000000000000000000000]

----------
WRITE ch0 ra0 bg0 b1 r4 c6|| [4] NOP 8x @ 6906
[BANK_R][ 0 0 0 0 0 0 21.4844 0 0 0 0 0 0 0 0 0 ]
[CMD]00000000000000000000000000000111(NOP 8x)
[SRF][0000000000000000000000000000000000000000000000000000000000000000000000000000000000000000000000000000000000000000000000000000000000000000000000000000000000000000000000000000000000000000000000000000000000000000000000000000000000000000000000000000000000000000]
[GRF_A][0][ 1.5 2.5 1.50781 2.50781 1.51562 2.51562 1.52344 2.52344 1.53125 2.53125 1.53906 2.53906 1.54688 2.54688 1.55469 2.55469 ]
[GRF_A][1][ 1.5625 2.5625 1.57031 2.57031 1.57812 2.57812 1.58594 2.58594 1.59375 2.59375 1.60156 2.60156 1.60938 2.60938 1.61719 2.61719 ]
[GRF_A][2][ 1.625 2.625 1.63281 2.63281 1.64062 2.64062 1.64844 2.64844 1.65625 2.65625 1.66406 2.66406 1.67188 2.67188 1.67969 2.67969 ]
[GRF_A][3][ 1.6875 2.6875 1.69531 2.69531 1.70312 2.70312 1.71094 2.71094 1.71875 2.71875 1.72656 2.72656 1.73438 2.73438 1.74219 2.74219 ]
[GRF_A][4][ 1.75 2.75 1.75781 2.75781 1.76562 2.76562 1.77344 2.77344 1.78125 2.78125 1.78906 2.78906 1.79688 2.79688 1.80469 2.80469 ]
[GRF_A][5][ 1.8125 2.8125 1.82031 2.82031 1.82812 2.82812 1.83594 2.83594 1.84375 2.84375 1.85156 2.85156 1.85938 2.85938 1.86719 2.86719 ]
[GRF_A][6][ 1.875 2.875 1.88281 2.88281 1.89062 2.89062 1.89844 2.89844 1.90625 2.90625 1.91406 2.91406 1.92188 2.92188 1.92969 2.92969 ]
[GRF_A][7][ 1.9375 2.9375 1.94531 2.94531 1.95312 2.95312 1.96094 2.96094 1.96875 2.96875 1.97656 2.97656 1.98438 2.98438 1.99219 2.99219 ]
[GRF_B][0][ 12.3438 0 0 0 0 0 0 0 0 0 0 0 0 0 0 0 ]
[GRF_B][1][ 0 22.3125 0 0 0 0 0 0 0 0 0 0 0 0 0 0 ]
[GRF_B][2][ 0 0 15.3594 0 0 0 0 0 0 0 0 0 0 0 0 0 ]
[GRF_B][3][ 0 0 0 27.3438 0 0 0 0 0 0 0 0 0 0 0 0 ]
[GRF_B][4][ 0 0 0 0 18.4062 0 0 0 0 0 0 0 0 0 0 0 ]
[GRF_B][5][ 0 0 0 0 0 32.4062 0 0 0 0 0 0 0 0 0 0 ]
[GRF_B][6][ 0 0 0 0 0 0 21.4844 0 0 0 0 0 0 0 0 0 ]
[GRF_B][7][ 0 0 0 0 0 0 0 37.4688 0 0 0 0 0 0 0 0 ]
[M_OUT][0000000000000000000000000000000000000000000000000000000000000000000000000000000000000000000000000000000000000000000000000000000000000000000000000000000000000000000000000000000000000000000000000000000000000000000000000000000000000000000000000000000000000000]
[A_OUT][0000000000000000000000000000000000000000000000000000000000000000000000000000000000000000000000000000000000000000000000000000000000000000000000000000000000000000000000000000000000000000000000000000000000000000000000000000000000000000000000000000000000000000]

----------
WRITE ch0 ra0 bg0 b1 r4 c7|| [4] NOP 8x @ 6910
[BANK_R][ 0 0 0 0 0 0 0 37.4688 0 0 0 0 0 0 0 0 ]
[CMD]00000000000000000000000000000111(NOP 8x)
[SRF][0000000000000000000000000000000000000000000000000000000000000000000000000000000000000000000000000000000000000000000000000000000000000000000000000000000000000000000000000000000000000000000000000000000000000000000000000000000000000000000000000000000000000000]
[GRF_A][0][ 1.5 2.5 1.50781 2.50781 1.51562 2.51562 1.52344 2.52344 1.53125 2.53125 1.53906 2.53906 1.54688 2.54688 1.55469 2.55469 ]
[GRF_A][1][ 1.5625 2.5625 1.57031 2.57031 1.57812 2.57812 1.58594 2.58594 1.59375 2.59375 1.60156 2.60156 1.60938 2.60938 1.61719 2.61719 ]
[GRF_A][2][ 1.625 2.625 1.63281 2.63281 1.64062 2.64062 1.64844 2.64844 1.65625 2.65625 1.66406 2.66406 1.67188 2.67188 1.67969 2.67969 ]
[GRF_A][3][ 1.6875 2.6875 1.69531 2.69531 1.70312 2.70312 1.71094 2.71094 1.71875 2.71875 1.72656 2.72656 1.73438 2.73438 1.74219 2.74219 ]
[GRF_A][4][ 1.75 2.75 1.75781 2.75781 1.76562 2.76562 1.77344 2.77344 1.78125 2.78125 1.78906 2.78906 1.79688 2.79688 1.80469 2.80469 ]
[GRF_A][5][ 1.8125 2.8125 1.82031 2.82031 1.82812 2.82812 1.83594 2.83594 1.84375 2.84375 1.85156 2.85156 1.85938 2.85938 1.86719 2.86719 ]
[GRF_A][6][ 1.875 2.875 1.88281 2.88281 1.89062 2.89062 1.89844 2.89844 1.90625 2.90625 1.91406 2.91406 1.92188 2.92188 1.92969 2.92969 ]
[GRF_A][7][ 1.9375 2.9375 1.94531 2.94531 1.95312 2.95312 1.96094 2.96094 1.96875 2.96875 1.97656 2.97656 1.98438 2.98438 1.99219 2.99219 ]
[GRF_B][0][ 12.3438 0 0 0 0 0 0 0 0 0 0 0 0 0 0 0 ]
[GRF_B][1][ 0 22.3125 0 0 0 0 0 0 0 0 0 0 0 0 0 0 ]
[GRF_B][2][ 0 0 15.3594 0 0 0 0 0 0 0 0 0 0 0 0 0 ]
[GRF_B][3][ 0 0 0 27.3438 0 0 0 0 0 0 0 0 0 0 0 0 ]
[GRF_B][4][ 0 0 0 0 18.4062 0 0 0 0 0 0 0 0 0 0 0 ]
[GRF_B][5][ 0 0 0 0 0 32.4062 0 0 0 0 0 0 0 0 0 0 ]
[GRF_B][6][ 0 0 0 0 0 0 21.4844 0 0 0 0 0 0 0 0 0 ]
[GRF_B][7][ 0 0 0 0 0 0 0 37.4688 0 0 0 0 0 0 0 0 ]
[M_OUT][0000000000000000000000000000000000000000000000000000000000000000000000000000000000000000000000000000000000000000000000000000000000000000000000000000000000000000000000000000000000000000000000000000000000000000000000000000000000000000000000000000000000000000]
[A_OUT][0000000000000000000000000000000000000000000000000000000000000000000000000000000000000000000000000000000000000000000000000000000000000000000000000000000000000000000000000000000000000000000000000000000000000000000000000000000000000000000000000000000000000000]

----------
ACTIVATE ch[0] ra[0] bg[0] ba[0] ro[16383] co[0] @6910 tag : PIMBAR
HAB mode ch[0] ra[0] @6921
GRF_B_ZEROIZE ch[0] ra[0] @6925
HAB_PIM ch[0] ra[0] @6925
PRECHARGE ch[0] ra[0] bg[0] ba[1] ro[4] @6935
ACTIVATE ch[0] ra[0] bg[0] ba[1] ro[16383] co[8] @6949 tag : WRIO_TO_GRF_
PRECHARGE ch[0] ra[0] bg[0] ba[0] ro[1] @6950
BWRITE_GRF_A ch[0] ra[0] reg[0] @6960
BWRITE_GRF_A ch[0] ra[0] reg[1] @6964
BWRITE_GRF_A ch[0] ra[0] reg[2] @6968
BWRITE_GRF_A ch[0] ra[0] reg[3] @6972
BWRITE_GRF_A ch[0] ra[0] reg[4] @6976
BWRITE_GRF_A ch[0] ra[0] reg[5] @6980
BWRITE_GRF_A ch[0] ra[0] reg[6] @6984
ACTIVATE ch[0] ra[0] bg[0] ba[0] ro[2] co[0] @6984 tag : MAC_
BWRITE_GRF_A ch[0] ra[0] reg[7] @6988
READ ch0 ra0 bg0 b0 r2 c0|| [0] MAC GRF_B[0], GRF_A[0], EVEN_BANK, auto @ 7007
[BANK_R][ 4 0 0 0 0 0 0 0 0 0 0 0 0 0 0 0 ]
[CMD]00111011000100001000000000000000(MAC GRF_B[0], GRF_A[0], EVEN_BANK, auto)
[SRF][0000000000000000000000000000000000000000000000000000000000000000000000000000000000000000000000000000000000000000000000000000000000000000000000000000000000000000000000000000000000000000000000000000000000000000000000000000000000000000000000000000000000000000]
[GRF_A][0][ 1 2 1.00781 2.00781 1.01562 2.01562 1.02344 2.02344 1.03125 2.03125 1.03906 2.03906 1.04688 2.04688 1.05469 2.05469 ]
[GRF_A][1][ 1.0625 2.0625 1.07031 2.07031 1.07812 2.07812 1.08594 2.08594 1.09375 2.09375 1.10156 2.10156 1.10938 2.10938 1.11719 2.11719 ]
[GRF_A][2][ 1.125 2.125 1.13281 2.13281 1.14062 2.14062 1.14844 2.14844 1.15625 2.15625 1.16406 2.16406 1.17188 2.17188 1.17969 2.17969 ]
[GRF_A][3][ 1.1875 2.1875 1.19531 2.19531 1.20312 2.20312 1.21094 2.21094 1.21875 2.21875 1.22656 2.22656 1.23438 2.23438 1.24219 2.24219 ]
[GRF_A][4][ 1.25 2.25 1.25781 2.25781 1.26562 2.26562 1.27344 2.27344 1.28125 2.28125 1.28906 2.28906 1.29688 2.29688 1.30469 2.30469 ]
[GRF_A][5][ 1.3125 2.3125 1.32031 2.32031 1.32812 2.32812 1.33594 2.33594 1.34375 2.34375 1.35156 2.35156 1.35938 2.35938 1.36719 2.36719 ]
[GRF_A][6][ 1.375 2.375 1.38281 2.38281 1.39062 2.39062 1.39844 2.39844 1.40625 2.40625 1.41406 2.41406 1.42188 2.42188 1.42969 2.42969 ]
[GRF_A][7][ 1.4375 2.4375 1.44531 2.44531 1.45312 2.45312 1.46094 2.46094 1.46875 2.46875 1.47656 2.47656 1.48438 2.48438 1.49219 2.49219 ]
[GRF_B][0][ 4 0 0 0 0 0 0 0 0 0 0 0 0 0 0 0 ]
[GRF_B][1][ 0 0 0 0 0 0 0 0 0 0 0 0 0 0 0 0 ]
[GRF_B][2][ 0 0 0 0 0 0 0 0 0 0 0 0 0 0 0 0 ]
[GRF_B][3][ 0 0 0 0 0 0 0 0 0 0 0 0 0 0 0 0 ]
[GRF_B][4][ 0 0 0 0 0 0 0 0 0 0 0 0 0 0 0 0 ]
[GRF_B][5][ 0 0 0 0 0 0 0 0 0 0 0 0 0 0 0 0 ]
[GRF_B][6][ 0 0 0 0 0 0 0 0 0 0 0 0 0 0 0 0 ]
[GRF_B][7][ 0 0 0 0 0 0 0 0 0 0 0 0 0 0 0 0 ]
[M_OUT][0000000000000000000000000000000000000000000000000000000000000000000000000000000000000000000000000000000000000000000000000000000000000000000000000000000000000000000000000000000000000000000000000000000000000000000000000000000000000000000000000000000000000000]
[A_OUT][0000000000000000000000000000000000000000000000000000000000000000000000000000000000000000000000000000000000000000000000000000000000000000000000000000000000000000000000000000000000000000000000000000000000000000000000000000000000000000000000000000000000000000]

----------
READ ch0 ra0 bg0 b0 r2 c1|| [0] MAC GRF_B[0], GRF_A[0], EVEN_BANK, auto @ 7011
[BANK_R][ 4.0625 0 0 0 0 0 0 0 0 0 0 0 0 0 0 0 ]
[CMD]00111011000100001000000000000000(MAC GRF_B[0], GRF_A[0], EVEN_BANK, auto)
[SRF][0000000000000000000000000000000000000000000000000000000000000000000000000000000000000000000000000000000000000000000000000000000000000000000000000000000000000000000000000000000000000000000000000000000000000000000000000000000000000000000000000000000000000000]
[GRF_A][0][ 1 2 1.00781 2.00781 1.01562 2.01562 1.02344 2.02344 1.03125 2.03125 1.03906 2.03906 1.04688 2.04688 1.05469 2.05469 ]
[GRF_A][1][ 1.0625 2.0625 1.07031 2.07031 1.07812 2.07812 1.08594 2.08594 1.09375 2.09375 1.10156 2.10156 1.10938 2.10938 1.11719 2.11719 ]
[GRF_A][2][ 1.125 2.125 1.13281 2.13281 1.14062 2.14062 1.14844 2.14844 1.15625 2.15625 1.16406 2.16406 1.17188 2.17188 1.17969 2.17969 ]
[GRF_A][3][ 1.1875 2.1875 1.19531 2.19531 1.20312 2.20312 1.21094 2.21094 1.21875 2.21875 1.22656 2.22656 1.23438 2.23438 1.24219 2.24219 ]
[GRF_A][4][ 1.25 2.25 1.25781 2.25781 1.26562 2.26562 1.27344 2.27344 1.28125 2.28125 1.28906 2.28906 1.29688 2.29688 1.30469 2.30469 ]
[GRF_A][5][ 1.3125 2.3125 1.32031 2.32031 1.32812 2.32812 1.33594 2.33594 1.34375 2.34375 1.35156 2.35156 1.35938 2.35938 1.36719 2.36719 ]
[GRF_A][6][ 1.375 2.375 1.38281 2.38281 1.39062 2.39062 1.39844 2.39844 1.40625 2.40625 1.41406 2.41406 1.42188 2.42188 1.42969 2.42969 ]
[GRF_A][7][ 1.4375 2.4375 1.44531 2.44531 1.45312 2.45312 1.46094 2.46094 1.46875 2.46875 1.47656 2.47656 1.48438 2.48438 1.49219 2.49219 ]
[GRF_B][0][ 8.3125 0 0 0 0 0 0 0 0 0 0 0 0 0 0 0 ]
[GRF_B][1][ 0 0 0 0 0 0 0 0 0 0 0 0 0 0 0 0 ]
[GRF_B][2][ 0 0 0 0 0 0 0 0 0 0 0 0 0 0 0 0 ]
[GRF_B][3][ 0 0 0 0 0 0 0 0 0 0 0 0 0 0 0 0 ]
[GRF_B][4][ 0 0 0 0 0 0 0 0 0 0 0 0 0 0 0 0 ]
[GRF_B][5][ 0 0 0 0 0 0 0 0 0 0 0 0 0 0 0 0 ]
[GRF_B][6][ 0 0 0 0 0 0 0 0 0 0 0 0 0 0 0 0 ]
[GRF_B][7][ 0 0 0 0 0 0 0 0 0 0 0 0 0 0 0 0 ]
[M_OUT][0000000000000000000000000000000000000000000000000000000000000000000000000000000000000000000000000000000000000000000000000000000000000000000000000000000000000000000000000000000000000000000000000000000000000000000000000000000000000000000000000000000000000000]
[A_OUT][0000000000000000000000000000000000000000000000000000000000000000000000000000000000000000000000000000000000000000000000000000000000000000000000000000000000000000000000000000000000000000000000000000000000000000000000000000000000000000000000000000000000000000]

----------
PRECHARGE ch[0] ra[0] bg[0] ba[1] ro[4] @7013
READ ch0 ra0 bg0 b0 r2 c2|| [0] MAC GRF_B[0], GRF_A[0], EVEN_BANK, auto @ 7015
[BANK_R][ 4.125 0 0 0 0 0 0 0 0 0 0 0 0 0 0 0 ]
[CMD]00111011000100001000000000000000(MAC GRF_B[0], GRF_A[0], EVEN_BANK, auto)
[SRF][0000000000000000000000000000000000000000000000000000000000000000000000000000000000000000000000000000000000000000000000000000000000000000000000000000000000000000000000000000000000000000000000000000000000000000000000000000000000000000000000000000000000000000]
[GRF_A][0][ 1 2 1.00781 2.00781 1.01562 2.01562 1.02344 2.02344 1.03125 2.03125 1.03906 2.03906 1.04688 2.04688 1.05469 2.05469 ]
[GRF_A][1][ 1.0625 2.0625 1.07031 2.07031 1.07812 2.07812 1.08594 2.08594 1.09375 2.09375 1.10156 2.10156 1.10938 2.10938 1.11719 2.11719 ]
[GRF_A][2][ 1.125 2.125 1.13281 2.13281 1.14062 2.14062 1.14844 2.14844 1.15625 2.15625 1.16406 2.16406 1.17188 2.17188 1.17969 2.17969 ]
[GRF_A][3][ 1.1875 2.1875 1.19531 2.19531 1.20312 2.20312 1.21094 2.21094 1.21875 2.21875 1.22656 2.22656 1.23438 2.23438 1.24219 2.24219 ]
[GRF_A][4][ 1.25 2.25 1.25781 2.25781 1.26562 2.26562 1.27344 2.27344 1.28125 2.28125 1.28906 2.28906 1.29688 2.29688 1.30469 2.30469 ]
[GRF_A][5][ 1.3125 2.3125 1.32031 2.32031 1.32812 2.32812 1.33594 2.33594 1.34375 2.34375 1.35156 2.35156 1.35938 2.35938 1.36719 2.36719 ]
[GRF_A][6][ 1.375 2.375 1.38281 2.38281 1.39062 2.39062 1.39844 2.39844 1.40625 2.40625 1.41406 2.41406 1.42188 2.42188 1.42969 2.42969 ]
[GRF_A][7][ 1.4375 2.4375 1.44531 2.44531 1.45312 2.45312 1.46094 2.46094 1.46875 2.46875 1.47656 2.47656 1.48438 2.48438 1.49219 2.49219 ]
[GRF_B][0][ 12.9531 0 0 0 0 0 0 0 0 0 0 0 0 0 0 0 ]
[GRF_B][1][ 0 0 0 0 0 0 0 0 0 0 0 0 0 0 0 0 ]
[GRF_B][2][ 0 0 0 0 0 0 0 0 0 0 0 0 0 0 0 0 ]
[GRF_B][3][ 0 0 0 0 0 0 0 0 0 0 0 0 0 0 0 0 ]
[GRF_B][4][ 0 0 0 0 0 0 0 0 0 0 0 0 0 0 0 0 ]
[GRF_B][5][ 0 0 0 0 0 0 0 0 0 0 0 0 0 0 0 0 ]
[GRF_B][6][ 0 0 0 0 0 0 0 0 0 0 0 0 0 0 0 0 ]
[GRF_B][7][ 0 0 0 0 0 0 0 0 0 0 0 0 0 0 0 0 ]
[M_OUT][0000000000000000000000000000000000000000000000000000000000000000000000000000000000000000000000000000000000000000000000000000000000000000000000000000000000000000000000000000000000000000000000000000000000000000000000000000000000000000000000000000000000000000]
[A_OUT][0000000000000000000000000000000000000000000000000000000000000000000000000000000000000000000000000000000000000000000000000000000000000000000000000000000000000000000000000000000000000000000000000000000000000000000000000000000000000000000000000000000000000000]

----------
READ ch0 ra0 bg0 b0 r2 c3|| [0] MAC GRF_B[0], GRF_A[0], EVEN_BANK, auto @ 7019
[BANK_R][ 4.1875 0 0 0 0 0 0 0 0 0 0 0 0 0 0 0 ]
[CMD]00111011000100001000000000000000(MAC GRF_B[0], GRF_A[0], EVEN_BANK, auto)
[SRF][0000000000000000000000000000000000000000000000000000000000000000000000000000000000000000000000000000000000000000000000000000000000000000000000000000000000000000000000000000000000000000000000000000000000000000000000000000000000000000000000000000000000000000]
[GRF_A][0][ 1 2 1.00781 2.00781 1.01562 2.01562 1.02344 2.02344 1.03125 2.03125 1.03906 2.03906 1.04688 2.04688 1.05469 2.05469 ]
[GRF_A][1][ 1.0625 2.0625 1.07031 2.07031 1.07812 2.07812 1.08594 2.08594 1.09375 2.09375 1.10156 2.10156 1.10938 2.10938 1.11719 2.11719 ]
[GRF_A][2][ 1.125 2.125 1.13281 2.13281 1.14062 2.14062 1.14844 2.14844 1.15625 2.15625 1.16406 2.16406 1.17188 2.17188 1.17969 2.17969 ]
[GRF_A][3][ 1.1875 2.1875 1.19531 2.19531 1.20312 2.20312 1.21094 2.21094 1.21875 2.21875 1.22656 2.22656 1.23438 2.23438 1.24219 2.24219 ]
[GRF_A][4][ 1.25 2.25 1.25781 2.25781 1.26562 2.26562 1.27344 2.27344 1.28125 2.28125 1.28906 2.28906 1.29688 2.29688 1.30469 2.30469 ]
[GRF_A][5][ 1.3125 2.3125 1.32031 2.32031 1.32812 2.32812 1.33594 2.33594 1.34375 2.34375 1.35156 2.35156 1.35938 2.35938 1.36719 2.36719 ]
[GRF_A][6][ 1.375 2.375 1.38281 2.38281 1.39062 2.39062 1.39844 2.39844 1.40625 2.40625 1.41406 2.41406 1.42188 2.42188 1.42969 2.42969 ]
[GRF_A][7][ 1.4375 2.4375 1.44531 2.44531 1.45312 2.45312 1.46094 2.46094 1.46875 2.46875 1.47656 2.47656 1.48438 2.48438 1.49219 2.49219 ]
[GRF_B][0][ 17.9219 0 0 0 0 0 0 0 0 0 0 0 0 0 0 0 ]
[GRF_B][1][ 0 0 0 0 0 0 0 0 0 0 0 0 0 0 0 0 ]
[GRF_B][2][ 0 0 0 0 0 0 0 0 0 0 0 0 0 0 0 0 ]
[GRF_B][3][ 0 0 0 0 0 0 0 0 0 0 0 0 0 0 0 0 ]
[GRF_B][4][ 0 0 0 0 0 0 0 0 0 0 0 0 0 0 0 0 ]
[GRF_B][5][ 0 0 0 0 0 0 0 0 0 0 0 0 0 0 0 0 ]
[GRF_B][6][ 0 0 0 0 0 0 0 0 0 0 0 0 0 0 0 0 ]
[GRF_B][7][ 0 0 0 0 0 0 0 0 0 0 0 0 0 0 0 0 ]
[M_OUT][0000000000000000000000000000000000000000000000000000000000000000000000000000000000000000000000000000000000000000000000000000000000000000000000000000000000000000000000000000000000000000000000000000000000000000000000000000000000000000000000000000000000000000]
[A_OUT][0000000000000000000000000000000000000000000000000000000000000000000000000000000000000000000000000000000000000000000000000000000000000000000000000000000000000000000000000000000000000000000000000000000000000000000000000000000000000000000000000000000000000000]

----------
READ ch0 ra0 bg0 b0 r2 c4|| [0] MAC GRF_B[0], GRF_A[0], EVEN_BANK, auto @ 7023
[BANK_R][ 4.25 0 0 0 0 0 0 0 0 0 0 0 0 0 0 0 ]
[CMD]00111011000100001000000000000000(MAC GRF_B[0], GRF_A[0], EVEN_BANK, auto)
[SRF][0000000000000000000000000000000000000000000000000000000000000000000000000000000000000000000000000000000000000000000000000000000000000000000000000000000000000000000000000000000000000000000000000000000000000000000000000000000000000000000000000000000000000000]
[GRF_A][0][ 1 2 1.00781 2.00781 1.01562 2.01562 1.02344 2.02344 1.03125 2.03125 1.03906 2.03906 1.04688 2.04688 1.05469 2.05469 ]
[GRF_A][1][ 1.0625 2.0625 1.07031 2.07031 1.07812 2.07812 1.08594 2.08594 1.09375 2.09375 1.10156 2.10156 1.10938 2.10938 1.11719 2.11719 ]
[GRF_A][2][ 1.125 2.125 1.13281 2.13281 1.14062 2.14062 1.14844 2.14844 1.15625 2.15625 1.16406 2.16406 1.17188 2.17188 1.17969 2.17969 ]
[GRF_A][3][ 1.1875 2.1875 1.19531 2.19531 1.20312 2.20312 1.21094 2.21094 1.21875 2.21875 1.22656 2.22656 1.23438 2.23438 1.24219 2.24219 ]
[GRF_A][4][ 1.25 2.25 1.25781 2.25781 1.26562 2.26562 1.27344 2.27344 1.28125 2.28125 1.28906 2.28906 1.29688 2.29688 1.30469 2.30469 ]
[GRF_A][5][ 1.3125 2.3125 1.32031 2.32031 1.32812 2.32812 1.33594 2.33594 1.34375 2.34375 1.35156 2.35156 1.35938 2.35938 1.36719 2.36719 ]
[GRF_A][6][ 1.375 2.375 1.38281 2.38281 1.39062 2.39062 1.39844 2.39844 1.40625 2.40625 1.41406 2.41406 1.42188 2.42188 1.42969 2.42969 ]
[GRF_A][7][ 1.4375 2.4375 1.44531 2.44531 1.45312 2.45312 1.46094 2.46094 1.46875 2.46875 1.47656 2.47656 1.48438 2.48438 1.49219 2.49219 ]
[GRF_B][0][ 23.2344 0 0 0 0 0 0 0 0 0 0 0 0 0 0 0 ]
[GRF_B][1][ 0 0 0 0 0 0 0 0 0 0 0 0 0 0 0 0 ]
[GRF_B][2][ 0 0 0 0 0 0 0 0 0 0 0 0 0 0 0 0 ]
[GRF_B][3][ 0 0 0 0 0 0 0 0 0 0 0 0 0 0 0 0 ]
[GRF_B][4][ 0 0 0 0 0 0 0 0 0 0 0 0 0 0 0 0 ]
[GRF_B][5][ 0 0 0 0 0 0 0 0 0 0 0 0 0 0 0 0 ]
[GRF_B][6][ 0 0 0 0 0 0 0 0 0 0 0 0 0 0 0 0 ]
[GRF_B][7][ 0 0 0 0 0 0 0 0 0 0 0 0 0 0 0 0 ]
[M_OUT][0000000000000000000000000000000000000000000000000000000000000000000000000000000000000000000000000000000000000000000000000000000000000000000000000000000000000000000000000000000000000000000000000000000000000000000000000000000000000000000000000000000000000000]
[A_OUT][0000000000000000000000000000000000000000000000000000000000000000000000000000000000000000000000000000000000000000000000000000000000000000000000000000000000000000000000000000000000000000000000000000000000000000000000000000000000000000000000000000000000000000]

----------
READ ch0 ra0 bg0 b0 r2 c5|| [0] MAC GRF_B[0], GRF_A[0], EVEN_BANK, auto @ 7027
[BANK_R][ 4.3125 0 0 0 0 0 0 0 0 0 0 0 0 0 0 0 ]
[CMD]00111011000100001000000000000000(MAC GRF_B[0], GRF_A[0], EVEN_BANK, auto)
[SRF][0000000000000000000000000000000000000000000000000000000000000000000000000000000000000000000000000000000000000000000000000000000000000000000000000000000000000000000000000000000000000000000000000000000000000000000000000000000000000000000000000000000000000000]
[GRF_A][0][ 1 2 1.00781 2.00781 1.01562 2.01562 1.02344 2.02344 1.03125 2.03125 1.03906 2.03906 1.04688 2.04688 1.05469 2.05469 ]
[GRF_A][1][ 1.0625 2.0625 1.07031 2.07031 1.07812 2.07812 1.08594 2.08594 1.09375 2.09375 1.10156 2.10156 1.10938 2.10938 1.11719 2.11719 ]
[GRF_A][2][ 1.125 2.125 1.13281 2.13281 1.14062 2.14062 1.14844 2.14844 1.15625 2.15625 1.16406 2.16406 1.17188 2.17188 1.17969 2.17969 ]
[GRF_A][3][ 1.1875 2.1875 1.19531 2.19531 1.20312 2.20312 1.21094 2.21094 1.21875 2.21875 1.22656 2.22656 1.23438 2.23438 1.24219 2.24219 ]
[GRF_A][4][ 1.25 2.25 1.25781 2.25781 1.26562 2.26562 1.27344 2.27344 1.28125 2.28125 1.28906 2.28906 1.29688 2.29688 1.30469 2.30469 ]
[GRF_A][5][ 1.3125 2.3125 1.32031 2.32031 1.32812 2.32812 1.33594 2.33594 1.34375 2.34375 1.35156 2.35156 1.35938 2.35938 1.36719 2.36719 ]
[GRF_A][6][ 1.375 2.375 1.38281 2.38281 1.39062 2.39062 1.39844 2.39844 1.40625 2.40625 1.41406 2.41406 1.42188 2.42188 1.42969 2.42969 ]
[GRF_A][7][ 1.4375 2.4375 1.44531 2.44531 1.45312 2.45312 1.46094 2.46094 1.46875 2.46875 1.47656 2.47656 1.48438 2.48438 1.49219 2.49219 ]
[GRF_B][0][ 28.8906 0 0 0 0 0 0 0 0 0 0 0 0 0 0 0 ]
[GRF_B][1][ 0 0 0 0 0 0 0 0 0 0 0 0 0 0 0 0 ]
[GRF_B][2][ 0 0 0 0 0 0 0 0 0 0 0 0 0 0 0 0 ]
[GRF_B][3][ 0 0 0 0 0 0 0 0 0 0 0 0 0 0 0 0 ]
[GRF_B][4][ 0 0 0 0 0 0 0 0 0 0 0 0 0 0 0 0 ]
[GRF_B][5][ 0 0 0 0 0 0 0 0 0 0 0 0 0 0 0 0 ]
[GRF_B][6][ 0 0 0 0 0 0 0 0 0 0 0 0 0 0 0 0 ]
[GRF_B][7][ 0 0 0 0 0 0 0 0 0 0 0 0 0 0 0 0 ]
[M_OUT][0000000000000000000000000000000000000000000000000000000000000000000000000000000000000000000000000000000000000000000000000000000000000000000000000000000000000000000000000000000000000000000000000000000000000000000000000000000000000000000000000000000000000000]
[A_OUT][0000000000000000000000000000000000000000000000000000000000000000000000000000000000000000000000000000000000000000000000000000000000000000000000000000000000000000000000000000000000000000000000000000000000000000000000000000000000000000000000000000000000000000]

----------
READ ch0 ra0 bg0 b0 r2 c6|| [0] MAC GRF_B[0], GRF_A[0], EVEN_BANK, auto @ 7031
[BANK_R][ 4.375 0 0 0 0 0 0 0 0 0 0 0 0 0 0 0 ]
[CMD]00111011000100001000000000000000(MAC GRF_B[0], GRF_A[0], EVEN_BANK, auto)
[SRF][0000000000000000000000000000000000000000000000000000000000000000000000000000000000000000000000000000000000000000000000000000000000000000000000000000000000000000000000000000000000000000000000000000000000000000000000000000000000000000000000000000000000000000]
[GRF_A][0][ 1 2 1.00781 2.00781 1.01562 2.01562 1.02344 2.02344 1.03125 2.03125 1.03906 2.03906 1.04688 2.04688 1.05469 2.05469 ]
[GRF_A][1][ 1.0625 2.0625 1.07031 2.07031 1.07812 2.07812 1.08594 2.08594 1.09375 2.09375 1.10156 2.10156 1.10938 2.10938 1.11719 2.11719 ]
[GRF_A][2][ 1.125 2.125 1.13281 2.13281 1.14062 2.14062 1.14844 2.14844 1.15625 2.15625 1.16406 2.16406 1.17188 2.17188 1.17969 2.17969 ]
[GRF_A][3][ 1.1875 2.1875 1.19531 2.19531 1.20312 2.20312 1.21094 2.21094 1.21875 2.21875 1.22656 2.22656 1.23438 2.23438 1.24219 2.24219 ]
[GRF_A][4][ 1.25 2.25 1.25781 2.25781 1.26562 2.26562 1.27344 2.27344 1.28125 2.28125 1.28906 2.28906 1.29688 2.29688 1.30469 2.30469 ]
[GRF_A][5][ 1.3125 2.3125 1.32031 2.32031 1.32812 2.32812 1.33594 2.33594 1.34375 2.34375 1.35156 2.35156 1.35938 2.35938 1.36719 2.36719 ]
[GRF_A][6][ 1.375 2.375 1.38281 2.38281 1.39062 2.39062 1.39844 2.39844 1.40625 2.40625 1.41406 2.41406 1.42188 2.42188 1.42969 2.42969 ]
[GRF_A][7][ 1.4375 2.4375 1.44531 2.44531 1.45312 2.45312 1.46094 2.46094 1.46875 2.46875 1.47656 2.47656 1.48438 2.48438 1.49219 2.49219 ]
[GRF_B][0][ 34.9062 0 0 0 0 0 0 0 0 0 0 0 0 0 0 0 ]
[GRF_B][1][ 0 0 0 0 0 0 0 0 0 0 0 0 0 0 0 0 ]
[GRF_B][2][ 0 0 0 0 0 0 0 0 0 0 0 0 0 0 0 0 ]
[GRF_B][3][ 0 0 0 0 0 0 0 0 0 0 0 0 0 0 0 0 ]
[GRF_B][4][ 0 0 0 0 0 0 0 0 0 0 0 0 0 0 0 0 ]
[GRF_B][5][ 0 0 0 0 0 0 0 0 0 0 0 0 0 0 0 0 ]
[GRF_B][6][ 0 0 0 0 0 0 0 0 0 0 0 0 0 0 0 0 ]
[GRF_B][7][ 0 0 0 0 0 0 0 0 0 0 0 0 0 0 0 0 ]
[M_OUT][0000000000000000000000000000000000000000000000000000000000000000000000000000000000000000000000000000000000000000000000000000000000000000000000000000000000000000000000000000000000000000000000000000000000000000000000000000000000000000000000000000000000000000]
[A_OUT][0000000000000000000000000000000000000000000000000000000000000000000000000000000000000000000000000000000000000000000000000000000000000000000000000000000000000000000000000000000000000000000000000000000000000000000000000000000000000000000000000000000000000000]

----------
READ ch0 ra0 bg0 b0 r2 c7|| [0] MAC GRF_B[0], GRF_A[0], EVEN_BANK, auto @ 7035
[BANK_R][ 4.4375 0 0 0 0 0 0 0 0 0 0 0 0 0 0 0 ]
[CMD]00111011000100001000000000000000(MAC GRF_B[0], GRF_A[0], EVEN_BANK, auto)
[SRF][0000000000000000000000000000000000000000000000000000000000000000000000000000000000000000000000000000000000000000000000000000000000000000000000000000000000000000000000000000000000000000000000000000000000000000000000000000000000000000000000000000000000000000]
[GRF_A][0][ 1 2 1.00781 2.00781 1.01562 2.01562 1.02344 2.02344 1.03125 2.03125 1.03906 2.03906 1.04688 2.04688 1.05469 2.05469 ]
[GRF_A][1][ 1.0625 2.0625 1.07031 2.07031 1.07812 2.07812 1.08594 2.08594 1.09375 2.09375 1.10156 2.10156 1.10938 2.10938 1.11719 2.11719 ]
[GRF_A][2][ 1.125 2.125 1.13281 2.13281 1.14062 2.14062 1.14844 2.14844 1.15625 2.15625 1.16406 2.16406 1.17188 2.17188 1.17969 2.17969 ]
[GRF_A][3][ 1.1875 2.1875 1.19531 2.19531 1.20312 2.20312 1.21094 2.21094 1.21875 2.21875 1.22656 2.22656 1.23438 2.23438 1.24219 2.24219 ]
[GRF_A][4][ 1.25 2.25 1.25781 2.25781 1.26562 2.26562 1.27344 2.27344 1.28125 2.28125 1.28906 2.28906 1.29688 2.29688 1.30469 2.30469 ]
[GRF_A][5][ 1.3125 2.3125 1.32031 2.32031 1.32812 2.32812 1.33594 2.33594 1.34375 2.34375 1.35156 2.35156 1.35938 2.35938 1.36719 2.36719 ]
[GRF_A][6][ 1.375 2.375 1.38281 2.38281 1.39062 2.39062 1.39844 2.39844 1.40625 2.40625 1.41406 2.41406 1.42188 2.42188 1.42969 2.42969 ]
[GRF_A][7][ 1.4375 2.4375 1.44531 2.44531 1.45312 2.45312 1.46094 2.46094 1.46875 2.46875 1.47656 2.47656 1.48438 2.48438 1.49219 2.49219 ]
[GRF_B][0][ 41.2812 0 0 0 0 0 0 0 0 0 0 0 0 0 0 0 ]
[GRF_B][1][ 0 0 0 0 0 0 0 0 0 0 0 0 0 0 0 0 ]
[GRF_B][2][ 0 0 0 0 0 0 0 0 0 0 0 0 0 0 0 0 ]
[GRF_B][3][ 0 0 0 0 0 0 0 0 0 0 0 0 0 0 0 0 ]
[GRF_B][4][ 0 0 0 0 0 0 0 0 0 0 0 0 0 0 0 0 ]
[GRF_B][5][ 0 0 0 0 0 0 0 0 0 0 0 0 0 0 0 0 ]
[GRF_B][6][ 0 0 0 0 0 0 0 0 0 0 0 0 0 0 0 0 ]
[GRF_B][7][ 0 0 0 0 0 0 0 0 0 0 0 0 0 0 0 0 ]
[M_OUT][0000000000000000000000000000000000000000000000000000000000000000000000000000000000000000000000000000000000000000000000000000000000000000000000000000000000000000000000000000000000000000000000000000000000000000000000000000000000000000000000000000000000000000]
[A_OUT][0000000000000000000000000000000000000000000000000000000000000000000000000000000000000000000000000000000000000000000000000000000000000000000000000000000000000000000000000000000000000000000000000000000000000000000000000000000000000000000000000000000000000000]

----------
READ ch0 ra0 bg0 b0 r2 c8|| [1] JUMP 7x [PC - 2] @ 7039
READ ch0 ra0 bg0 b0 r2 c8|| [0] MAC GRF_B[0], GRF_A[0], EVEN_BANK, auto @ 7039
[BANK_R][ 0 4.0625 0 0 0 0 0 0 0 0 0 0 0 0 0 0 ]
[CMD]00111011000100001000000000000000(MAC GRF_B[0], GRF_A[0], EVEN_BANK, auto)
[SRF][0000000000000000000000000000000000000000000000000000000000000000000000000000000000000000000000000000000000000000000000000000000000000000000000000000000000000000000000000000000000000000000000000000000000000000000000000000000000000000000000000000000000000000]
[GRF_A][0][ 1 2 1.00781 2.00781 1.01562 2.01562 1.02344 2.02344 1.03125 2.03125 1.03906 2.03906 1.04688 2.04688 1.05469 2.05469 ]
[GRF_A][1][ 1.0625 2.0625 1.07031 2.07031 1.07812 2.07812 1.08594 2.08594 1.09375 2.09375 1.10156 2.10156 1.10938 2.10938 1.11719 2.11719 ]
[GRF_A][2][ 1.125 2.125 1.13281 2.13281 1.14062 2.14062 1.14844 2.14844 1.15625 2.15625 1.16406 2.16406 1.17188 2.17188 1.17969 2.17969 ]
[GRF_A][3][ 1.1875 2.1875 1.19531 2.19531 1.20312 2.20312 1.21094 2.21094 1.21875 2.21875 1.22656 2.22656 1.23438 2.23438 1.24219 2.24219 ]
[GRF_A][4][ 1.25 2.25 1.25781 2.25781 1.26562 2.26562 1.27344 2.27344 1.28125 2.28125 1.28906 2.28906 1.29688 2.29688 1.30469 2.30469 ]
[GRF_A][5][ 1.3125 2.3125 1.32031 2.32031 1.32812 2.32812 1.33594 2.33594 1.34375 2.34375 1.35156 2.35156 1.35938 2.35938 1.36719 2.36719 ]
[GRF_A][6][ 1.375 2.375 1.38281 2.38281 1.39062 2.39062 1.39844 2.39844 1.40625 2.40625 1.41406 2.41406 1.42188 2.42188 1.42969 2.42969 ]
[GRF_A][7][ 1.4375 2.4375 1.44531 2.44531 1.45312 2.45312 1.46094 2.46094 1.46875 2.46875 1.47656 2.47656 1.48438 2.48438 1.49219 2.49219 ]
[GRF_B][0][ 41.2812 0 0 0 0 0 0 0 0 0 0 0 0 0 0 0 ]
[GRF_B][1][ 0 8.125 0 0 0 0 0 0 0 0 0 0 0 0 0 0 ]
[GRF_B][2][ 0 0 0 0 0 0 0 0 0 0 0 0 0 0 0 0 ]
[GRF_B][3][ 0 0 0 0 0 0 0 0 0 0 0 0 0 0 0 0 ]
[GRF_B][4][ 0 0 0 0 0 0 0 0 0 0 0 0 0 0 0 0 ]
[GRF_B][5][ 0 0 0 0 0 0 0 0 0 0 0 0 0 0 0 0 ]
[GRF_B][6][ 0 0 0 0 0 0 0 0 0 0 0 0 0 0 0 0 ]
[GRF_B][7][ 0 0 0 0 0 0 0 0 0 0 0 0 0 0 0 0 ]
[M_OUT][0000000000000000000000000000000000000000000000000000000000000000000000000000000000000000000000000000000000000000000000000000000000000000000000000000000000000000000000000000000000000000000000000000000000000000000000000000000000000000000000000000000000000000]
[A_OUT][0000000000000000000000000000000000000000000000000000000000000000000000000000000000000000000000000000000000000000000000000000000000000000000000000000000000000000000000000000000000000000000000000000000000000000000000000000000000000000000000000000000000000000]

----------
READ ch0 ra0 bg0 b0 r2 c9|| [0] MAC GRF_B[0], GRF_A[0], EVEN_BANK, auto @ 7043
[BANK_R][ 0 4.125 0 0 0 0 0 0 0 0 0 0 0 0 0 0 ]
[CMD]00111011000100001000000000000000(MAC GRF_B[0], GRF_A[0], EVEN_BANK, auto)
[SRF][0000000000000000000000000000000000000000000000000000000000000000000000000000000000000000000000000000000000000000000000000000000000000000000000000000000000000000000000000000000000000000000000000000000000000000000000000000000000000000000000000000000000000000]
[GRF_A][0][ 1 2 1.00781 2.00781 1.01562 2.01562 1.02344 2.02344 1.03125 2.03125 1.03906 2.03906 1.04688 2.04688 1.05469 2.05469 ]
[GRF_A][1][ 1.0625 2.0625 1.07031 2.07031 1.07812 2.07812 1.08594 2.08594 1.09375 2.09375 1.10156 2.10156 1.10938 2.10938 1.11719 2.11719 ]
[GRF_A][2][ 1.125 2.125 1.13281 2.13281 1.14062 2.14062 1.14844 2.14844 1.15625 2.15625 1.16406 2.16406 1.17188 2.17188 1.17969 2.17969 ]
[GRF_A][3][ 1.1875 2.1875 1.19531 2.19531 1.20312 2.20312 1.21094 2.21094 1.21875 2.21875 1.22656 2.22656 1.23438 2.23438 1.24219 2.24219 ]
[GRF_A][4][ 1.25 2.25 1.25781 2.25781 1.26562 2.26562 1.27344 2.27344 1.28125 2.28125 1.28906 2.28906 1.29688 2.29688 1.30469 2.30469 ]
[GRF_A][5][ 1.3125 2.3125 1.32031 2.32031 1.32812 2.32812 1.33594 2.33594 1.34375 2.34375 1.35156 2.35156 1.35938 2.35938 1.36719 2.36719 ]
[GRF_A][6][ 1.375 2.375 1.38281 2.38281 1.39062 2.39062 1.39844 2.39844 1.40625 2.40625 1.41406 2.41406 1.42188 2.42188 1.42969 2.42969 ]
[GRF_A][7][ 1.4375 2.4375 1.44531 2.44531 1.45312 2.45312 1.46094 2.46094 1.46875 2.46875 1.47656 2.47656 1.48438 2.48438 1.49219 2.49219 ]
[GRF_B][0][ 41.2812 0 0 0 0 0 0 0 0 0 0 0 0 0 0 0 ]
[GRF_B][1][ 0 16.625 0 0 0 0 0 0 0 0 0 0 0 0 0 0 ]
[GRF_B][2][ 0 0 0 0 0 0 0 0 0 0 0 0 0 0 0 0 ]
[GRF_B][3][ 0 0 0 0 0 0 0 0 0 0 0 0 0 0 0 0 ]
[GRF_B][4][ 0 0 0 0 0 0 0 0 0 0 0 0 0 0 0 0 ]
[GRF_B][5][ 0 0 0 0 0 0 0 0 0 0 0 0 0 0 0 0 ]
[GRF_B][6][ 0 0 0 0 0 0 0 0 0 0 0 0 0 0 0 0 ]
[GRF_B][7][ 0 0 0 0 0 0 0 0 0 0 0 0 0 0 0 0 ]
[M_OUT][0000000000000000000000000000000000000000000000000000000000000000000000000000000000000000000000000000000000000000000000000000000000000000000000000000000000000000000000000000000000000000000000000000000000000000000000000000000000000000000000000000000000000000]
[A_OUT][0000000000000000000000000000000000000000000000000000000000000000000000000000000000000000000000000000000000000000000000000000000000000000000000000000000000000000000000000000000000000000000000000000000000000000000000000000000000000000000000000000000000000000]

----------
READ ch0 ra0 bg0 b0 r2 c10|| [0] MAC GRF_B[0], GRF_A[0], EVEN_BANK, auto @ 7047
[BANK_R][ 0 4.1875 0 0 0 0 0 0 0 0 0 0 0 0 0 0 ]
[CMD]00111011000100001000000000000000(MAC GRF_B[0], GRF_A[0], EVEN_BANK, auto)
[SRF][0000000000000000000000000000000000000000000000000000000000000000000000000000000000000000000000000000000000000000000000000000000000000000000000000000000000000000000000000000000000000000000000000000000000000000000000000000000000000000000000000000000000000000]
[GRF_A][0][ 1 2 1.00781 2.00781 1.01562 2.01562 1.02344 2.02344 1.03125 2.03125 1.03906 2.03906 1.04688 2.04688 1.05469 2.05469 ]
[GRF_A][1][ 1.0625 2.0625 1.07031 2.07031 1.07812 2.07812 1.08594 2.08594 1.09375 2.09375 1.10156 2.10156 1.10938 2.10938 1.11719 2.11719 ]
[GRF_A][2][ 1.125 2.125 1.13281 2.13281 1.14062 2.14062 1.14844 2.14844 1.15625 2.15625 1.16406 2.16406 1.17188 2.17188 1.17969 2.17969 ]
[GRF_A][3][ 1.1875 2.1875 1.19531 2.19531 1.20312 2.20312 1.21094 2.21094 1.21875 2.21875 1.22656 2.22656 1.23438 2.23438 1.24219 2.24219 ]
[GRF_A][4][ 1.25 2.25 1.25781 2.25781 1.26562 2.26562 1.27344 2.27344 1.28125 2.28125 1.28906 2.28906 1.29688 2.29688 1.30469 2.30469 ]
[GRF_A][5][ 1.3125 2.3125 1.32031 2.32031 1.32812 2.32812 1.33594 2.33594 1.34375 2.34375 1.35156 2.35156 1.35938 2.35938 1.36719 2.36719 ]
[GRF_A][6][ 1.375 2.375 1.38281 2.38281 1.39062 2.39062 1.39844 2.39844 1.40625 2.40625 1.41406 2.41406 1.42188 2.42188 1.42969 2.42969 ]
[GRF_A][7][ 1.4375 2.4375 1.44531 2.44531 1.45312 2.45312 1.46094 2.46094 1.46875 2.46875 1.47656 2.47656 1.48438 2.48438 1.49219 2.49219 ]
[GRF_B][0][ 41.2812 0 0 0 0 0 0 0 0 0 0 0 0 0 0 0 ]
[GRF_B][1][ 0 25.5312 0 0 0 0 0 0 0 0 0 0 0 0 0 0 ]
[GRF_B][2][ 0 0 0 0 0 0 0 0 0 0 0 0 0 0 0 0 ]
[GRF_B][3][ 0 0 0 0 0 0 0 0 0 0 0 0 0 0 0 0 ]
[GRF_B][4][ 0 0 0 0 0 0 0 0 0 0 0 0 0 0 0 0 ]
[GRF_B][5][ 0 0 0 0 0 0 0 0 0 0 0 0 0 0 0 0 ]
[GRF_B][6][ 0 0 0 0 0 0 0 0 0 0 0 0 0 0 0 0 ]
[GRF_B][7][ 0 0 0 0 0 0 0 0 0 0 0 0 0 0 0 0 ]
[M_OUT][0000000000000000000000000000000000000000000000000000000000000000000000000000000000000000000000000000000000000000000000000000000000000000000000000000000000000000000000000000000000000000000000000000000000000000000000000000000000000000000000000000000000000000]
[A_OUT][0000000000000000000000000000000000000000000000000000000000000000000000000000000000000000000000000000000000000000000000000000000000000000000000000000000000000000000000000000000000000000000000000000000000000000000000000000000000000000000000000000000000000000]

----------
READ ch0 ra0 bg0 b0 r2 c11|| [0] MAC GRF_B[0], GRF_A[0], EVEN_BANK, auto @ 7051
[BANK_R][ 0 4.25 0 0 0 0 0 0 0 0 0 0 0 0 0 0 ]
[CMD]00111011000100001000000000000000(MAC GRF_B[0], GRF_A[0], EVEN_BANK, auto)
[SRF][0000000000000000000000000000000000000000000000000000000000000000000000000000000000000000000000000000000000000000000000000000000000000000000000000000000000000000000000000000000000000000000000000000000000000000000000000000000000000000000000000000000000000000]
[GRF_A][0][ 1 2 1.00781 2.00781 1.01562 2.01562 1.02344 2.02344 1.03125 2.03125 1.03906 2.03906 1.04688 2.04688 1.05469 2.05469 ]
[GRF_A][1][ 1.0625 2.0625 1.07031 2.07031 1.07812 2.07812 1.08594 2.08594 1.09375 2.09375 1.10156 2.10156 1.10938 2.10938 1.11719 2.11719 ]
[GRF_A][2][ 1.125 2.125 1.13281 2.13281 1.14062 2.14062 1.14844 2.14844 1.15625 2.15625 1.16406 2.16406 1.17188 2.17188 1.17969 2.17969 ]
[GRF_A][3][ 1.1875 2.1875 1.19531 2.19531 1.20312 2.20312 1.21094 2.21094 1.21875 2.21875 1.22656 2.22656 1.23438 2.23438 1.24219 2.24219 ]
[GRF_A][4][ 1.25 2.25 1.25781 2.25781 1.26562 2.26562 1.27344 2.27344 1.28125 2.28125 1.28906 2.28906 1.29688 2.29688 1.30469 2.30469 ]
[GRF_A][5][ 1.3125 2.3125 1.32031 2.32031 1.32812 2.32812 1.33594 2.33594 1.34375 2.34375 1.35156 2.35156 1.35938 2.35938 1.36719 2.36719 ]
[GRF_A][6][ 1.375 2.375 1.38281 2.38281 1.39062 2.39062 1.39844 2.39844 1.40625 2.40625 1.41406 2.41406 1.42188 2.42188 1.42969 2.42969 ]
[GRF_A][7][ 1.4375 2.4375 1.44531 2.44531 1.45312 2.45312 1.46094 2.46094 1.46875 2.46875 1.47656 2.47656 1.48438 2.48438 1.49219 2.49219 ]
[GRF_B][0][ 41.2812 0 0 0 0 0 0 0 0 0 0 0 0 0 0 0 ]
[GRF_B][1][ 0 34.8125 0 0 0 0 0 0 0 0 0 0 0 0 0 0 ]
[GRF_B][2][ 0 0 0 0 0 0 0 0 0 0 0 0 0 0 0 0 ]
[GRF_B][3][ 0 0 0 0 0 0 0 0 0 0 0 0 0 0 0 0 ]
[GRF_B][4][ 0 0 0 0 0 0 0 0 0 0 0 0 0 0 0 0 ]
[GRF_B][5][ 0 0 0 0 0 0 0 0 0 0 0 0 0 0 0 0 ]
[GRF_B][6][ 0 0 0 0 0 0 0 0 0 0 0 0 0 0 0 0 ]
[GRF_B][7][ 0 0 0 0 0 0 0 0 0 0 0 0 0 0 0 0 ]
[M_OUT][0000000000000000000000000000000000000000000000000000000000000000000000000000000000000000000000000000000000000000000000000000000000000000000000000000000000000000000000000000000000000000000000000000000000000000000000000000000000000000000000000000000000000000]
[A_OUT][0000000000000000000000000000000000000000000000000000000000000000000000000000000000000000000000000000000000000000000000000000000000000000000000000000000000000000000000000000000000000000000000000000000000000000000000000000000000000000000000000000000000000000]

----------
READ ch0 ra0 bg0 b0 r2 c12|| [0] MAC GRF_B[0], GRF_A[0], EVEN_BANK, auto @ 7055
[BANK_R][ 0 4.3125 0 0 0 0 0 0 0 0 0 0 0 0 0 0 ]
[CMD]00111011000100001000000000000000(MAC GRF_B[0], GRF_A[0], EVEN_BANK, auto)
[SRF][0000000000000000000000000000000000000000000000000000000000000000000000000000000000000000000000000000000000000000000000000000000000000000000000000000000000000000000000000000000000000000000000000000000000000000000000000000000000000000000000000000000000000000]
[GRF_A][0][ 1 2 1.00781 2.00781 1.01562 2.01562 1.02344 2.02344 1.03125 2.03125 1.03906 2.03906 1.04688 2.04688 1.05469 2.05469 ]
[GRF_A][1][ 1.0625 2.0625 1.07031 2.07031 1.07812 2.07812 1.08594 2.08594 1.09375 2.09375 1.10156 2.10156 1.10938 2.10938 1.11719 2.11719 ]
[GRF_A][2][ 1.125 2.125 1.13281 2.13281 1.14062 2.14062 1.14844 2.14844 1.15625 2.15625 1.16406 2.16406 1.17188 2.17188 1.17969 2.17969 ]
[GRF_A][3][ 1.1875 2.1875 1.19531 2.19531 1.20312 2.20312 1.21094 2.21094 1.21875 2.21875 1.22656 2.22656 1.23438 2.23438 1.24219 2.24219 ]
[GRF_A][4][ 1.25 2.25 1.25781 2.25781 1.26562 2.26562 1.27344 2.27344 1.28125 2.28125 1.28906 2.28906 1.29688 2.29688 1.30469 2.30469 ]
[GRF_A][5][ 1.3125 2.3125 1.32031 2.32031 1.32812 2.32812 1.33594 2.33594 1.34375 2.34375 1.35156 2.35156 1.35938 2.35938 1.36719 2.36719 ]
[GRF_A][6][ 1.375 2.375 1.38281 2.38281 1.39062 2.39062 1.39844 2.39844 1.40625 2.40625 1.41406 2.41406 1.42188 2.42188 1.42969 2.42969 ]
[GRF_A][7][ 1.4375 2.4375 1.44531 2.44531 1.45312 2.45312 1.46094 2.46094 1.46875 2.46875 1.47656 2.47656 1.48438 2.48438 1.49219 2.49219 ]
[GRF_B][0][ 41.2812 0 0 0 0 0 0 0 0 0 0 0 0 0 0 0 ]
[GRF_B][1][ 0 44.5 0 0 0 0 0 0 0 0 0 0 0 0 0 0 ]
[GRF_B][2][ 0 0 0 0 0 0 0 0 0 0 0 0 0 0 0 0 ]
[GRF_B][3][ 0 0 0 0 0 0 0 0 0 0 0 0 0 0 0 0 ]
[GRF_B][4][ 0 0 0 0 0 0 0 0 0 0 0 0 0 0 0 0 ]
[GRF_B][5][ 0 0 0 0 0 0 0 0 0 0 0 0 0 0 0 0 ]
[GRF_B][6][ 0 0 0 0 0 0 0 0 0 0 0 0 0 0 0 0 ]
[GRF_B][7][ 0 0 0 0 0 0 0 0 0 0 0 0 0 0 0 0 ]
[M_OUT][0000000000000000000000000000000000000000000000000000000000000000000000000000000000000000000000000000000000000000000000000000000000000000000000000000000000000000000000000000000000000000000000000000000000000000000000000000000000000000000000000000000000000000]
[A_OUT][0000000000000000000000000000000000000000000000000000000000000000000000000000000000000000000000000000000000000000000000000000000000000000000000000000000000000000000000000000000000000000000000000000000000000000000000000000000000000000000000000000000000000000]

----------
READ ch0 ra0 bg0 b0 r2 c13|| [0] MAC GRF_B[0], GRF_A[0], EVEN_BANK, auto @ 7059
[BANK_R][ 0 4.375 0 0 0 0 0 0 0 0 0 0 0 0 0 0 ]
[CMD]00111011000100001000000000000000(MAC GRF_B[0], GRF_A[0], EVEN_BANK, auto)
[SRF][0000000000000000000000000000000000000000000000000000000000000000000000000000000000000000000000000000000000000000000000000000000000000000000000000000000000000000000000000000000000000000000000000000000000000000000000000000000000000000000000000000000000000000]
[GRF_A][0][ 1 2 1.00781 2.00781 1.01562 2.01562 1.02344 2.02344 1.03125 2.03125 1.03906 2.03906 1.04688 2.04688 1.05469 2.05469 ]
[GRF_A][1][ 1.0625 2.0625 1.07031 2.07031 1.07812 2.07812 1.08594 2.08594 1.09375 2.09375 1.10156 2.10156 1.10938 2.10938 1.11719 2.11719 ]
[GRF_A][2][ 1.125 2.125 1.13281 2.13281 1.14062 2.14062 1.14844 2.14844 1.15625 2.15625 1.16406 2.16406 1.17188 2.17188 1.17969 2.17969 ]
[GRF_A][3][ 1.1875 2.1875 1.19531 2.19531 1.20312 2.20312 1.21094 2.21094 1.21875 2.21875 1.22656 2.22656 1.23438 2.23438 1.24219 2.24219 ]
[GRF_A][4][ 1.25 2.25 1.25781 2.25781 1.26562 2.26562 1.27344 2.27344 1.28125 2.28125 1.28906 2.28906 1.29688 2.29688 1.30469 2.30469 ]
[GRF_A][5][ 1.3125 2.3125 1.32031 2.32031 1.32812 2.32812 1.33594 2.33594 1.34375 2.34375 1.35156 2.35156 1.35938 2.35938 1.36719 2.36719 ]
[GRF_A][6][ 1.375 2.375 1.38281 2.38281 1.39062 2.39062 1.39844 2.39844 1.40625 2.40625 1.41406 2.41406 1.42188 2.42188 1.42969 2.42969 ]
[GRF_A][7][ 1.4375 2.4375 1.44531 2.44531 1.45312 2.45312 1.46094 2.46094 1.46875 2.46875 1.47656 2.47656 1.48438 2.48438 1.49219 2.49219 ]
[GRF_B][0][ 41.2812 0 0 0 0 0 0 0 0 0 0 0 0 0 0 0 ]
[GRF_B][1][ 0 54.625 0 0 0 0 0 0 0 0 0 0 0 0 0 0 ]
[GRF_B][2][ 0 0 0 0 0 0 0 0 0 0 0 0 0 0 0 0 ]
[GRF_B][3][ 0 0 0 0 0 0 0 0 0 0 0 0 0 0 0 0 ]
[GRF_B][4][ 0 0 0 0 0 0 0 0 0 0 0 0 0 0 0 0 ]
[GRF_B][5][ 0 0 0 0 0 0 0 0 0 0 0 0 0 0 0 0 ]
[GRF_B][6][ 0 0 0 0 0 0 0 0 0 0 0 0 0 0 0 0 ]
[GRF_B][7][ 0 0 0 0 0 0 0 0 0 0 0 0 0 0 0 0 ]
[M_OUT][0000000000000000000000000000000000000000000000000000000000000000000000000000000000000000000000000000000000000000000000000000000000000000000000000000000000000000000000000000000000000000000000000000000000000000000000000000000000000000000000000000000000000000]
[A_OUT][0000000000000000000000000000000000000000000000000000000000000000000000000000000000000000000000000000000000000000000000000000000000000000000000000000000000000000000000000000000000000000000000000000000000000000000000000000000000000000000000000000000000000000]

----------
READ ch0 ra0 bg0 b0 r2 c14|| [0] MAC GRF_B[0], GRF_A[0], EVEN_BANK, auto @ 7063
[BANK_R][ 0 4.4375 0 0 0 0 0 0 0 0 0 0 0 0 0 0 ]
[CMD]00111011000100001000000000000000(MAC GRF_B[0], GRF_A[0], EVEN_BANK, auto)
[SRF][0000000000000000000000000000000000000000000000000000000000000000000000000000000000000000000000000000000000000000000000000000000000000000000000000000000000000000000000000000000000000000000000000000000000000000000000000000000000000000000000000000000000000000]
[GRF_A][0][ 1 2 1.00781 2.00781 1.01562 2.01562 1.02344 2.02344 1.03125 2.03125 1.03906 2.03906 1.04688 2.04688 1.05469 2.05469 ]
[GRF_A][1][ 1.0625 2.0625 1.07031 2.07031 1.07812 2.07812 1.08594 2.08594 1.09375 2.09375 1.10156 2.10156 1.10938 2.10938 1.11719 2.11719 ]
[GRF_A][2][ 1.125 2.125 1.13281 2.13281 1.14062 2.14062 1.14844 2.14844 1.15625 2.15625 1.16406 2.16406 1.17188 2.17188 1.17969 2.17969 ]
[GRF_A][3][ 1.1875 2.1875 1.19531 2.19531 1.20312 2.20312 1.21094 2.21094 1.21875 2.21875 1.22656 2.22656 1.23438 2.23438 1.24219 2.24219 ]
[GRF_A][4][ 1.25 2.25 1.25781 2.25781 1.26562 2.26562 1.27344 2.27344 1.28125 2.28125 1.28906 2.28906 1.29688 2.29688 1.30469 2.30469 ]
[GRF_A][5][ 1.3125 2.3125 1.32031 2.32031 1.32812 2.32812 1.33594 2.33594 1.34375 2.34375 1.35156 2.35156 1.35938 2.35938 1.36719 2.36719 ]
[GRF_A][6][ 1.375 2.375 1.38281 2.38281 1.39062 2.39062 1.39844 2.39844 1.40625 2.40625 1.41406 2.41406 1.42188 2.42188 1.42969 2.42969 ]
[GRF_A][7][ 1.4375 2.4375 1.44531 2.44531 1.45312 2.45312 1.46094 2.46094 1.46875 2.46875 1.47656 2.47656 1.48438 2.48438 1.49219 2.49219 ]
[GRF_B][0][ 41.2812 0 0 0 0 0 0 0 0 0 0 0 0 0 0 0 ]
[GRF_B][1][ 0 65.1875 0 0 0 0 0 0 0 0 0 0 0 0 0 0 ]
[GRF_B][2][ 0 0 0 0 0 0 0 0 0 0 0 0 0 0 0 0 ]
[GRF_B][3][ 0 0 0 0 0 0 0 0 0 0 0 0 0 0 0 0 ]
[GRF_B][4][ 0 0 0 0 0 0 0 0 0 0 0 0 0 0 0 0 ]
[GRF_B][5][ 0 0 0 0 0 0 0 0 0 0 0 0 0 0 0 0 ]
[GRF_B][6][ 0 0 0 0 0 0 0 0 0 0 0 0 0 0 0 0 ]
[GRF_B][7][ 0 0 0 0 0 0 0 0 0 0 0 0 0 0 0 0 ]
[M_OUT][0000000000000000000000000000000000000000000000000000000000000000000000000000000000000000000000000000000000000000000000000000000000000000000000000000000000000000000000000000000000000000000000000000000000000000000000000000000000000000000000000000000000000000]
[A_OUT][0000000000000000000000000000000000000000000000000000000000000000000000000000000000000000000000000000000000000000000000000000000000000000000000000000000000000000000000000000000000000000000000000000000000000000000000000000000000000000000000000000000000000000]

----------
READ ch0 ra0 bg0 b0 r2 c15|| [0] MAC GRF_B[0], GRF_A[0], EVEN_BANK, auto @ 7067
[BANK_R][ 0 4.5 0 0 0 0 0 0 0 0 0 0 0 0 0 0 ]
[CMD]00111011000100001000000000000000(MAC GRF_B[0], GRF_A[0], EVEN_BANK, auto)
[SRF][0000000000000000000000000000000000000000000000000000000000000000000000000000000000000000000000000000000000000000000000000000000000000000000000000000000000000000000000000000000000000000000000000000000000000000000000000000000000000000000000000000000000000000]
[GRF_A][0][ 1 2 1.00781 2.00781 1.01562 2.01562 1.02344 2.02344 1.03125 2.03125 1.03906 2.03906 1.04688 2.04688 1.05469 2.05469 ]
[GRF_A][1][ 1.0625 2.0625 1.07031 2.07031 1.07812 2.07812 1.08594 2.08594 1.09375 2.09375 1.10156 2.10156 1.10938 2.10938 1.11719 2.11719 ]
[GRF_A][2][ 1.125 2.125 1.13281 2.13281 1.14062 2.14062 1.14844 2.14844 1.15625 2.15625 1.16406 2.16406 1.17188 2.17188 1.17969 2.17969 ]
[GRF_A][3][ 1.1875 2.1875 1.19531 2.19531 1.20312 2.20312 1.21094 2.21094 1.21875 2.21875 1.22656 2.22656 1.23438 2.23438 1.24219 2.24219 ]
[GRF_A][4][ 1.25 2.25 1.25781 2.25781 1.26562 2.26562 1.27344 2.27344 1.28125 2.28125 1.28906 2.28906 1.29688 2.29688 1.30469 2.30469 ]
[GRF_A][5][ 1.3125 2.3125 1.32031 2.32031 1.32812 2.32812 1.33594 2.33594 1.34375 2.34375 1.35156 2.35156 1.35938 2.35938 1.36719 2.36719 ]
[GRF_A][6][ 1.375 2.375 1.38281 2.38281 1.39062 2.39062 1.39844 2.39844 1.40625 2.40625 1.41406 2.41406 1.42188 2.42188 1.42969 2.42969 ]
[GRF_A][7][ 1.4375 2.4375 1.44531 2.44531 1.45312 2.45312 1.46094 2.46094 1.46875 2.46875 1.47656 2.47656 1.48438 2.48438 1.49219 2.49219 ]
[GRF_B][0][ 41.2812 0 0 0 0 0 0 0 0 0 0 0 0 0 0 0 ]
[GRF_B][1][ 0 76.125 0 0 0 0 0 0 0 0 0 0 0 0 0 0 ]
[GRF_B][2][ 0 0 0 0 0 0 0 0 0 0 0 0 0 0 0 0 ]
[GRF_B][3][ 0 0 0 0 0 0 0 0 0 0 0 0 0 0 0 0 ]
[GRF_B][4][ 0 0 0 0 0 0 0 0 0 0 0 0 0 0 0 0 ]
[GRF_B][5][ 0 0 0 0 0 0 0 0 0 0 0 0 0 0 0 0 ]
[GRF_B][6][ 0 0 0 0 0 0 0 0 0 0 0 0 0 0 0 0 ]
[GRF_B][7][ 0 0 0 0 0 0 0 0 0 0 0 0 0 0 0 0 ]
[M_OUT][0000000000000000000000000000000000000000000000000000000000000000000000000000000000000000000000000000000000000000000000000000000000000000000000000000000000000000000000000000000000000000000000000000000000000000000000000000000000000000000000000000000000000000]
[A_OUT][0000000000000000000000000000000000000000000000000000000000000000000000000000000000000000000000000000000000000000000000000000000000000000000000000000000000000000000000000000000000000000000000000000000000000000000000000000000000000000000000000000000000000000]

----------
READ ch0 ra0 bg0 b0 r2 c16|| [1] JUMP 7x [PC - 2] @ 7071
READ ch0 ra0 bg0 b0 r2 c16|| [0] MAC GRF_B[0], GRF_A[0], EVEN_BANK, auto @ 7071
[BANK_R][ 0 0 4.125 0 0 0 0 0 0 0 0 0 0 0 0 0 ]
[CMD]00111011000100001000000000000000(MAC GRF_B[0], GRF_A[0], EVEN_BANK, auto)
[SRF][0000000000000000000000000000000000000000000000000000000000000000000000000000000000000000000000000000000000000000000000000000000000000000000000000000000000000000000000000000000000000000000000000000000000000000000000000000000000000000000000000000000000000000]
[GRF_A][0][ 1 2 1.00781 2.00781 1.01562 2.01562 1.02344 2.02344 1.03125 2.03125 1.03906 2.03906 1.04688 2.04688 1.05469 2.05469 ]
[GRF_A][1][ 1.0625 2.0625 1.07031 2.07031 1.07812 2.07812 1.08594 2.08594 1.09375 2.09375 1.10156 2.10156 1.10938 2.10938 1.11719 2.11719 ]
[GRF_A][2][ 1.125 2.125 1.13281 2.13281 1.14062 2.14062 1.14844 2.14844 1.15625 2.15625 1.16406 2.16406 1.17188 2.17188 1.17969 2.17969 ]
[GRF_A][3][ 1.1875 2.1875 1.19531 2.19531 1.20312 2.20312 1.21094 2.21094 1.21875 2.21875 1.22656 2.22656 1.23438 2.23438 1.24219 2.24219 ]
[GRF_A][4][ 1.25 2.25 1.25781 2.25781 1.26562 2.26562 1.27344 2.27344 1.28125 2.28125 1.28906 2.28906 1.29688 2.29688 1.30469 2.30469 ]
[GRF_A][5][ 1.3125 2.3125 1.32031 2.32031 1.32812 2.32812 1.33594 2.33594 1.34375 2.34375 1.35156 2.35156 1.35938 2.35938 1.36719 2.36719 ]
[GRF_A][6][ 1.375 2.375 1.38281 2.38281 1.39062 2.39062 1.39844 2.39844 1.40625 2.40625 1.41406 2.41406 1.42188 2.42188 1.42969 2.42969 ]
[GRF_A][7][ 1.4375 2.4375 1.44531 2.44531 1.45312 2.45312 1.46094 2.46094 1.46875 2.46875 1.47656 2.47656 1.48438 2.48438 1.49219 2.49219 ]
[GRF_B][0][ 41.2812 0 0 0 0 0 0 0 0 0 0 0 0 0 0 0 ]
[GRF_B][1][ 0 76.125 0 0 0 0 0 0 0 0 0 0 0 0 0 0 ]
[GRF_B][2][ 0 0 4.15625 0 0 0 0 0 0 0 0 0 0 0 0 0 ]
[GRF_B][3][ 0 0 0 0 0 0 0 0 0 0 0 0 0 0 0 0 ]
[GRF_B][4][ 0 0 0 0 0 0 0 0 0 0 0 0 0 0 0 0 ]
[GRF_B][5][ 0 0 0 0 0 0 0 0 0 0 0 0 0 0 0 0 ]
[GRF_B][6][ 0 0 0 0 0 0 0 0 0 0 0 0 0 0 0 0 ]
[GRF_B][7][ 0 0 0 0 0 0 0 0 0 0 0 0 0 0 0 0 ]
[M_OUT][0000000000000000000000000000000000000000000000000000000000000000000000000000000000000000000000000000000000000000000000000000000000000000000000000000000000000000000000000000000000000000000000000000000000000000000000000000000000000000000000000000000000000000]
[A_OUT][0000000000000000000000000000000000000000000000000000000000000000000000000000000000000000000000000000000000000000000000000000000000000000000000000000000000000000000000000000000000000000000000000000000000000000000000000000000000000000000000000000000000000000]

----------
READ ch0 ra0 bg0 b0 r2 c17|| [0] MAC GRF_B[0], GRF_A[0], EVEN_BANK, auto @ 7075
[BANK_R][ 0 0 4.1875 0 0 0 0 0 0 0 0 0 0 0 0 0 ]
[CMD]00111011000100001000000000000000(MAC GRF_B[0], GRF_A[0], EVEN_BANK, auto)
[SRF][0000000000000000000000000000000000000000000000000000000000000000000000000000000000000000000000000000000000000000000000000000000000000000000000000000000000000000000000000000000000000000000000000000000000000000000000000000000000000000000000000000000000000000]
[GRF_A][0][ 1 2 1.00781 2.00781 1.01562 2.01562 1.02344 2.02344 1.03125 2.03125 1.03906 2.03906 1.04688 2.04688 1.05469 2.05469 ]
[GRF_A][1][ 1.0625 2.0625 1.07031 2.07031 1.07812 2.07812 1.08594 2.08594 1.09375 2.09375 1.10156 2.10156 1.10938 2.10938 1.11719 2.11719 ]
[GRF_A][2][ 1.125 2.125 1.13281 2.13281 1.14062 2.14062 1.14844 2.14844 1.15625 2.15625 1.16406 2.16406 1.17188 2.17188 1.17969 2.17969 ]
[GRF_A][3][ 1.1875 2.1875 1.19531 2.19531 1.20312 2.20312 1.21094 2.21094 1.21875 2.21875 1.22656 2.22656 1.23438 2.23438 1.24219 2.24219 ]
[GRF_A][4][ 1.25 2.25 1.25781 2.25781 1.26562 2.26562 1.27344 2.27344 1.28125 2.28125 1.28906 2.28906 1.29688 2.29688 1.30469 2.30469 ]
[GRF_A][5][ 1.3125 2.3125 1.32031 2.32031 1.32812 2.32812 1.33594 2.33594 1.34375 2.34375 1.35156 2.35156 1.35938 2.35938 1.36719 2.36719 ]
[GRF_A][6][ 1.375 2.375 1.38281 2.38281 1.39062 2.39062 1.39844 2.39844 1.40625 2.40625 1.41406 2.41406 1.42188 2.42188 1.42969 2.42969 ]
[GRF_A][7][ 1.4375 2.4375 1.44531 2.44531 1.45312 2.45312 1.46094 2.46094 1.46875 2.46875 1.47656 2.47656 1.48438 2.48438 1.49219 2.49219 ]
[GRF_B][0][ 41.2812 0 0 0 0 0 0 0 0 0 0 0 0 0 0 0 ]
[GRF_B][1][ 0 76.125 0 0 0 0 0 0 0 0 0 0 0 0 0 0 ]
[GRF_B][2][ 0 0 8.64062 0 0 0 0 0 0 0 0 0 0 0 0 0 ]
[GRF_B][3][ 0 0 0 0 0 0 0 0 0 0 0 0 0 0 0 0 ]
[GRF_B][4][ 0 0 0 0 0 0 0 0 0 0 0 0 0 0 0 0 ]
[GRF_B][5][ 0 0 0 0 0 0 0 0 0 0 0 0 0 0 0 0 ]
[GRF_B][6][ 0 0 0 0 0 0 0 0 0 0 0 0 0 0 0 0 ]
[GRF_B][7][ 0 0 0 0 0 0 0 0 0 0 0 0 0 0 0 0 ]
[M_OUT][0000000000000000000000000000000000000000000000000000000000000000000000000000000000000000000000000000000000000000000000000000000000000000000000000000000000000000000000000000000000000000000000000000000000000000000000000000000000000000000000000000000000000000]
[A_OUT][0000000000000000000000000000000000000000000000000000000000000000000000000000000000000000000000000000000000000000000000000000000000000000000000000000000000000000000000000000000000000000000000000000000000000000000000000000000000000000000000000000000000000000]

----------
READ ch0 ra0 bg0 b0 r2 c18|| [0] MAC GRF_B[0], GRF_A[0], EVEN_BANK, auto @ 7079
[BANK_R][ 0 0 4.25 0 0 0 0 0 0 0 0 0 0 0 0 0 ]
[CMD]00111011000100001000000000000000(MAC GRF_B[0], GRF_A[0], EVEN_BANK, auto)
[SRF][0000000000000000000000000000000000000000000000000000000000000000000000000000000000000000000000000000000000000000000000000000000000000000000000000000000000000000000000000000000000000000000000000000000000000000000000000000000000000000000000000000000000000000]
[GRF_A][0][ 1 2 1.00781 2.00781 1.01562 2.01562 1.02344 2.02344 1.03125 2.03125 1.03906 2.03906 1.04688 2.04688 1.05469 2.05469 ]
[GRF_A][1][ 1.0625 2.0625 1.07031 2.07031 1.07812 2.07812 1.08594 2.08594 1.09375 2.09375 1.10156 2.10156 1.10938 2.10938 1.11719 2.11719 ]
[GRF_A][2][ 1.125 2.125 1.13281 2.13281 1.14062 2.14062 1.14844 2.14844 1.15625 2.15625 1.16406 2.16406 1.17188 2.17188 1.17969 2.17969 ]
[GRF_A][3][ 1.1875 2.1875 1.19531 2.19531 1.20312 2.20312 1.21094 2.21094 1.21875 2.21875 1.22656 2.22656 1.23438 2.23438 1.24219 2.24219 ]
[GRF_A][4][ 1.25 2.25 1.25781 2.25781 1.26562 2.26562 1.27344 2.27344 1.28125 2.28125 1.28906 2.28906 1.29688 2.29688 1.30469 2.30469 ]
[GRF_A][5][ 1.3125 2.3125 1.32031 2.32031 1.32812 2.32812 1.33594 2.33594 1.34375 2.34375 1.35156 2.35156 1.35938 2.35938 1.36719 2.36719 ]
[GRF_A][6][ 1.375 2.375 1.38281 2.38281 1.39062 2.39062 1.39844 2.39844 1.40625 2.40625 1.41406 2.41406 1.42188 2.42188 1.42969 2.42969 ]
[GRF_A][7][ 1.4375 2.4375 1.44531 2.44531 1.45312 2.45312 1.46094 2.46094 1.46875 2.46875 1.47656 2.47656 1.48438 2.48438 1.49219 2.49219 ]
[GRF_B][0][ 41.2812 0 0 0 0 0 0 0 0 0 0 0 0 0 0 0 ]
[GRF_B][1][ 0 76.125 0 0 0 0 0 0 0 0 0 0 0 0 0 0 ]
[GRF_B][2][ 0 0 13.4531 0 0 0 0 0 0 0 0 0 0 0 0 0 ]
[GRF_B][3][ 0 0 0 0 0 0 0 0 0 0 0 0 0 0 0 0 ]
[GRF_B][4][ 0 0 0 0 0 0 0 0 0 0 0 0 0 0 0 0 ]
[GRF_B][5][ 0 0 0 0 0 0 0 0 0 0 0 0 0 0 0 0 ]
[GRF_B][6][ 0 0 0 0 0 0 0 0 0 0 0 0 0 0 0 0 ]
[GRF_B][7][ 0 0 0 0 0 0 0 0 0 0 0 0 0 0 0 0 ]
[M_OUT][0000000000000000000000000000000000000000000000000000000000000000000000000000000000000000000000000000000000000000000000000000000000000000000000000000000000000000000000000000000000000000000000000000000000000000000000000000000000000000000000000000000000000000]
[A_OUT][0000000000000000000000000000000000000000000000000000000000000000000000000000000000000000000000000000000000000000000000000000000000000000000000000000000000000000000000000000000000000000000000000000000000000000000000000000000000000000000000000000000000000000]

----------
READ ch0 ra0 bg0 b0 r2 c19|| [0] MAC GRF_B[0], GRF_A[0], EVEN_BANK, auto @ 7083
[BANK_R][ 0 0 4.3125 0 0 0 0 0 0 0 0 0 0 0 0 0 ]
[CMD]00111011000100001000000000000000(MAC GRF_B[0], GRF_A[0], EVEN_BANK, auto)
[SRF][0000000000000000000000000000000000000000000000000000000000000000000000000000000000000000000000000000000000000000000000000000000000000000000000000000000000000000000000000000000000000000000000000000000000000000000000000000000000000000000000000000000000000000]
[GRF_A][0][ 1 2 1.00781 2.00781 1.01562 2.01562 1.02344 2.02344 1.03125 2.03125 1.03906 2.03906 1.04688 2.04688 1.05469 2.05469 ]
[GRF_A][1][ 1.0625 2.0625 1.07031 2.07031 1.07812 2.07812 1.08594 2.08594 1.09375 2.09375 1.10156 2.10156 1.10938 2.10938 1.11719 2.11719 ]
[GRF_A][2][ 1.125 2.125 1.13281 2.13281 1.14062 2.14062 1.14844 2.14844 1.15625 2.15625 1.16406 2.16406 1.17188 2.17188 1.17969 2.17969 ]
[GRF_A][3][ 1.1875 2.1875 1.19531 2.19531 1.20312 2.20312 1.21094 2.21094 1.21875 2.21875 1.22656 2.22656 1.23438 2.23438 1.24219 2.24219 ]
[GRF_A][4][ 1.25 2.25 1.25781 2.25781 1.26562 2.26562 1.27344 2.27344 1.28125 2.28125 1.28906 2.28906 1.29688 2.29688 1.30469 2.30469 ]
[GRF_A][5][ 1.3125 2.3125 1.32031 2.32031 1.32812 2.32812 1.33594 2.33594 1.34375 2.34375 1.35156 2.35156 1.35938 2.35938 1.36719 2.36719 ]
[GRF_A][6][ 1.375 2.375 1.38281 2.38281 1.39062 2.39062 1.39844 2.39844 1.40625 2.40625 1.41406 2.41406 1.42188 2.42188 1.42969 2.42969 ]
[GRF_A][7][ 1.4375 2.4375 1.44531 2.44531 1.45312 2.45312 1.46094 2.46094 1.46875 2.46875 1.47656 2.47656 1.48438 2.48438 1.49219 2.49219 ]
[GRF_B][0][ 41.2812 0 0 0 0 0 0 0 0 0 0 0 0 0 0 0 ]
[GRF_B][1][ 0 76.125 0 0 0 0 0 0 0 0 0 0 0 0 0 0 ]
[GRF_B][2][ 0 0 18.6094 0 0 0 0 0 0 0 0 0 0 0 0 0 ]
[GRF_B][3][ 0 0 0 0 0 0 0 0 0 0 0 0 0 0 0 0 ]
[GRF_B][4][ 0 0 0 0 0 0 0 0 0 0 0 0 0 0 0 0 ]
[GRF_B][5][ 0 0 0 0 0 0 0 0 0 0 0 0 0 0 0 0 ]
[GRF_B][6][ 0 0 0 0 0 0 0 0 0 0 0 0 0 0 0 0 ]
[GRF_B][7][ 0 0 0 0 0 0 0 0 0 0 0 0 0 0 0 0 ]
[M_OUT][0000000000000000000000000000000000000000000000000000000000000000000000000000000000000000000000000000000000000000000000000000000000000000000000000000000000000000000000000000000000000000000000000000000000000000000000000000000000000000000000000000000000000000]
[A_OUT][0000000000000000000000000000000000000000000000000000000000000000000000000000000000000000000000000000000000000000000000000000000000000000000000000000000000000000000000000000000000000000000000000000000000000000000000000000000000000000000000000000000000000000]

----------
READ ch0 ra0 bg0 b0 r2 c20|| [0] MAC GRF_B[0], GRF_A[0], EVEN_BANK, auto @ 7087
[BANK_R][ 0 0 4.375 0 0 0 0 0 0 0 0 0 0 0 0 0 ]
[CMD]00111011000100001000000000000000(MAC GRF_B[0], GRF_A[0], EVEN_BANK, auto)
[SRF][0000000000000000000000000000000000000000000000000000000000000000000000000000000000000000000000000000000000000000000000000000000000000000000000000000000000000000000000000000000000000000000000000000000000000000000000000000000000000000000000000000000000000000]
[GRF_A][0][ 1 2 1.00781 2.00781 1.01562 2.01562 1.02344 2.02344 1.03125 2.03125 1.03906 2.03906 1.04688 2.04688 1.05469 2.05469 ]
[GRF_A][1][ 1.0625 2.0625 1.07031 2.07031 1.07812 2.07812 1.08594 2.08594 1.09375 2.09375 1.10156 2.10156 1.10938 2.10938 1.11719 2.11719 ]
[GRF_A][2][ 1.125 2.125 1.13281 2.13281 1.14062 2.14062 1.14844 2.14844 1.15625 2.15625 1.16406 2.16406 1.17188 2.17188 1.17969 2.17969 ]
[GRF_A][3][ 1.1875 2.1875 1.19531 2.19531 1.20312 2.20312 1.21094 2.21094 1.21875 2.21875 1.22656 2.22656 1.23438 2.23438 1.24219 2.24219 ]
[GRF_A][4][ 1.25 2.25 1.25781 2.25781 1.26562 2.26562 1.27344 2.27344 1.28125 2.28125 1.28906 2.28906 1.29688 2.29688 1.30469 2.30469 ]
[GRF_A][5][ 1.3125 2.3125 1.32031 2.32031 1.32812 2.32812 1.33594 2.33594 1.34375 2.34375 1.35156 2.35156 1.35938 2.35938 1.36719 2.36719 ]
[GRF_A][6][ 1.375 2.375 1.38281 2.38281 1.39062 2.39062 1.39844 2.39844 1.40625 2.40625 1.41406 2.41406 1.42188 2.42188 1.42969 2.42969 ]
[GRF_A][7][ 1.4375 2.4375 1.44531 2.44531 1.45312 2.45312 1.46094 2.46094 1.46875 2.46875 1.47656 2.47656 1.48438 2.48438 1.49219 2.49219 ]
[GRF_B][0][ 41.2812 0 0 0 0 0 0 0 0 0 0 0 0 0 0 0 ]
[GRF_B][1][ 0 76.125 0 0 0 0 0 0 0 0 0 0 0 0 0 0 ]
[GRF_B][2][ 0 0 24.1094 0 0 0 0 0 0 0 0 0 0 0 0 0 ]
[GRF_B][3][ 0 0 0 0 0 0 0 0 0 0 0 0 0 0 0 0 ]
[GRF_B][4][ 0 0 0 0 0 0 0 0 0 0 0 0 0 0 0 0 ]
[GRF_B][5][ 0 0 0 0 0 0 0 0 0 0 0 0 0 0 0 0 ]
[GRF_B][6][ 0 0 0 0 0 0 0 0 0 0 0 0 0 0 0 0 ]
[GRF_B][7][ 0 0 0 0 0 0 0 0 0 0 0 0 0 0 0 0 ]
[M_OUT][0000000000000000000000000000000000000000000000000000000000000000000000000000000000000000000000000000000000000000000000000000000000000000000000000000000000000000000000000000000000000000000000000000000000000000000000000000000000000000000000000000000000000000]
[A_OUT][0000000000000000000000000000000000000000000000000000000000000000000000000000000000000000000000000000000000000000000000000000000000000000000000000000000000000000000000000000000000000000000000000000000000000000000000000000000000000000000000000000000000000000]

----------
READ ch0 ra0 bg0 b0 r2 c21|| [0] MAC GRF_B[0], GRF_A[0], EVEN_BANK, auto @ 7091
[BANK_R][ 0 0 4.4375 0 0 0 0 0 0 0 0 0 0 0 0 0 ]
[CMD]00111011000100001000000000000000(MAC GRF_B[0], GRF_A[0], EVEN_BANK, auto)
[SRF][0000000000000000000000000000000000000000000000000000000000000000000000000000000000000000000000000000000000000000000000000000000000000000000000000000000000000000000000000000000000000000000000000000000000000000000000000000000000000000000000000000000000000000]
[GRF_A][0][ 1 2 1.00781 2.00781 1.01562 2.01562 1.02344 2.02344 1.03125 2.03125 1.03906 2.03906 1.04688 2.04688 1.05469 2.05469 ]
[GRF_A][1][ 1.0625 2.0625 1.07031 2.07031 1.07812 2.07812 1.08594 2.08594 1.09375 2.09375 1.10156 2.10156 1.10938 2.10938 1.11719 2.11719 ]
[GRF_A][2][ 1.125 2.125 1.13281 2.13281 1.14062 2.14062 1.14844 2.14844 1.15625 2.15625 1.16406 2.16406 1.17188 2.17188 1.17969 2.17969 ]
[GRF_A][3][ 1.1875 2.1875 1.19531 2.19531 1.20312 2.20312 1.21094 2.21094 1.21875 2.21875 1.22656 2.22656 1.23438 2.23438 1.24219 2.24219 ]
[GRF_A][4][ 1.25 2.25 1.25781 2.25781 1.26562 2.26562 1.27344 2.27344 1.28125 2.28125 1.28906 2.28906 1.29688 2.29688 1.30469 2.30469 ]
[GRF_A][5][ 1.3125 2.3125 1.32031 2.32031 1.32812 2.32812 1.33594 2.33594 1.34375 2.34375 1.35156 2.35156 1.35938 2.35938 1.36719 2.36719 ]
[GRF_A][6][ 1.375 2.375 1.38281 2.38281 1.39062 2.39062 1.39844 2.39844 1.40625 2.40625 1.41406 2.41406 1.42188 2.42188 1.42969 2.42969 ]
[GRF_A][7][ 1.4375 2.4375 1.44531 2.44531 1.45312 2.45312 1.46094 2.46094 1.46875 2.46875 1.47656 2.47656 1.48438 2.48438 1.49219 2.49219 ]
[GRF_B][0][ 41.2812 0 0 0 0 0 0 0 0 0 0 0 0 0 0 0 ]
[GRF_B][1][ 0 76.125 0 0 0 0 0 0 0 0 0 0 0 0 0 0 ]
[GRF_B][2][ 0 0 29.9688 0 0 0 0 0 0 0 0 0 0 0 0 0 ]
[GRF_B][3][ 0 0 0 0 0 0 0 0 0 0 0 0 0 0 0 0 ]
[GRF_B][4][ 0 0 0 0 0 0 0 0 0 0 0 0 0 0 0 0 ]
[GRF_B][5][ 0 0 0 0 0 0 0 0 0 0 0 0 0 0 0 0 ]
[GRF_B][6][ 0 0 0 0 0 0 0 0 0 0 0 0 0 0 0 0 ]
[GRF_B][7][ 0 0 0 0 0 0 0 0 0 0 0 0 0 0 0 0 ]
[M_OUT][0000000000000000000000000000000000000000000000000000000000000000000000000000000000000000000000000000000000000000000000000000000000000000000000000000000000000000000000000000000000000000000000000000000000000000000000000000000000000000000000000000000000000000]
[A_OUT][0000000000000000000000000000000000000000000000000000000000000000000000000000000000000000000000000000000000000000000000000000000000000000000000000000000000000000000000000000000000000000000000000000000000000000000000000000000000000000000000000000000000000000]

----------
READ ch0 ra0 bg0 b0 r2 c22|| [0] MAC GRF_B[0], GRF_A[0], EVEN_BANK, auto @ 7095
[BANK_R][ 0 0 4.5 0 0 0 0 0 0 0 0 0 0 0 0 0 ]
[CMD]00111011000100001000000000000000(MAC GRF_B[0], GRF_A[0], EVEN_BANK, auto)
[SRF][0000000000000000000000000000000000000000000000000000000000000000000000000000000000000000000000000000000000000000000000000000000000000000000000000000000000000000000000000000000000000000000000000000000000000000000000000000000000000000000000000000000000000000]
[GRF_A][0][ 1 2 1.00781 2.00781 1.01562 2.01562 1.02344 2.02344 1.03125 2.03125 1.03906 2.03906 1.04688 2.04688 1.05469 2.05469 ]
[GRF_A][1][ 1.0625 2.0625 1.07031 2.07031 1.07812 2.07812 1.08594 2.08594 1.09375 2.09375 1.10156 2.10156 1.10938 2.10938 1.11719 2.11719 ]
[GRF_A][2][ 1.125 2.125 1.13281 2.13281 1.14062 2.14062 1.14844 2.14844 1.15625 2.15625 1.16406 2.16406 1.17188 2.17188 1.17969 2.17969 ]
[GRF_A][3][ 1.1875 2.1875 1.19531 2.19531 1.20312 2.20312 1.21094 2.21094 1.21875 2.21875 1.22656 2.22656 1.23438 2.23438 1.24219 2.24219 ]
[GRF_A][4][ 1.25 2.25 1.25781 2.25781 1.26562 2.26562 1.27344 2.27344 1.28125 2.28125 1.28906 2.28906 1.29688 2.29688 1.30469 2.30469 ]
[GRF_A][5][ 1.3125 2.3125 1.32031 2.32031 1.32812 2.32812 1.33594 2.33594 1.34375 2.34375 1.35156 2.35156 1.35938 2.35938 1.36719 2.36719 ]
[GRF_A][6][ 1.375 2.375 1.38281 2.38281 1.39062 2.39062 1.39844 2.39844 1.40625 2.40625 1.41406 2.41406 1.42188 2.42188 1.42969 2.42969 ]
[GRF_A][7][ 1.4375 2.4375 1.44531 2.44531 1.45312 2.45312 1.46094 2.46094 1.46875 2.46875 1.47656 2.47656 1.48438 2.48438 1.49219 2.49219 ]
[GRF_B][0][ 41.2812 0 0 0 0 0 0 0 0 0 0 0 0 0 0 0 ]
[GRF_B][1][ 0 76.125 0 0 0 0 0 0 0 0 0 0 0 0 0 0 ]
[GRF_B][2][ 0 0 36.1875 0 0 0 0 0 0 0 0 0 0 0 0 0 ]
[GRF_B][3][ 0 0 0 0 0 0 0 0 0 0 0 0 0 0 0 0 ]
[GRF_B][4][ 0 0 0 0 0 0 0 0 0 0 0 0 0 0 0 0 ]
[GRF_B][5][ 0 0 0 0 0 0 0 0 0 0 0 0 0 0 0 0 ]
[GRF_B][6][ 0 0 0 0 0 0 0 0 0 0 0 0 0 0 0 0 ]
[GRF_B][7][ 0 0 0 0 0 0 0 0 0 0 0 0 0 0 0 0 ]
[M_OUT][0000000000000000000000000000000000000000000000000000000000000000000000000000000000000000000000000000000000000000000000000000000000000000000000000000000000000000000000000000000000000000000000000000000000000000000000000000000000000000000000000000000000000000]
[A_OUT][0000000000000000000000000000000000000000000000000000000000000000000000000000000000000000000000000000000000000000000000000000000000000000000000000000000000000000000000000000000000000000000000000000000000000000000000000000000000000000000000000000000000000000]

----------
READ ch0 ra0 bg0 b0 r2 c23|| [0] MAC GRF_B[0], GRF_A[0], EVEN_BANK, auto @ 7099
[BANK_R][ 0 0 4.5625 0 0 0 0 0 0 0 0 0 0 0 0 0 ]
[CMD]00111011000100001000000000000000(MAC GRF_B[0], GRF_A[0], EVEN_BANK, auto)
[SRF][0000000000000000000000000000000000000000000000000000000000000000000000000000000000000000000000000000000000000000000000000000000000000000000000000000000000000000000000000000000000000000000000000000000000000000000000000000000000000000000000000000000000000000]
[GRF_A][0][ 1 2 1.00781 2.00781 1.01562 2.01562 1.02344 2.02344 1.03125 2.03125 1.03906 2.03906 1.04688 2.04688 1.05469 2.05469 ]
[GRF_A][1][ 1.0625 2.0625 1.07031 2.07031 1.07812 2.07812 1.08594 2.08594 1.09375 2.09375 1.10156 2.10156 1.10938 2.10938 1.11719 2.11719 ]
[GRF_A][2][ 1.125 2.125 1.13281 2.13281 1.14062 2.14062 1.14844 2.14844 1.15625 2.15625 1.16406 2.16406 1.17188 2.17188 1.17969 2.17969 ]
[GRF_A][3][ 1.1875 2.1875 1.19531 2.19531 1.20312 2.20312 1.21094 2.21094 1.21875 2.21875 1.22656 2.22656 1.23438 2.23438 1.24219 2.24219 ]
[GRF_A][4][ 1.25 2.25 1.25781 2.25781 1.26562 2.26562 1.27344 2.27344 1.28125 2.28125 1.28906 2.28906 1.29688 2.29688 1.30469 2.30469 ]
[GRF_A][5][ 1.3125 2.3125 1.32031 2.32031 1.32812 2.32812 1.33594 2.33594 1.34375 2.34375 1.35156 2.35156 1.35938 2.35938 1.36719 2.36719 ]
[GRF_A][6][ 1.375 2.375 1.38281 2.38281 1.39062 2.39062 1.39844 2.39844 1.40625 2.40625 1.41406 2.41406 1.42188 2.42188 1.42969 2.42969 ]
[GRF_A][7][ 1.4375 2.4375 1.44531 2.44531 1.45312 2.45312 1.46094 2.46094 1.46875 2.46875 1.47656 2.47656 1.48438 2.48438 1.49219 2.49219 ]
[GRF_B][0][ 41.2812 0 0 0 0 0 0 0 0 0 0 0 0 0 0 0 ]
[GRF_B][1][ 0 76.125 0 0 0 0 0 0 0 0 0 0 0 0 0 0 ]
[GRF_B][2][ 0 0 42.7812 0 0 0 0 0 0 0 0 0 0 0 0 0 ]
[GRF_B][3][ 0 0 0 0 0 0 0 0 0 0 0 0 0 0 0 0 ]
[GRF_B][4][ 0 0 0 0 0 0 0 0 0 0 0 0 0 0 0 0 ]
[GRF_B][5][ 0 0 0 0 0 0 0 0 0 0 0 0 0 0 0 0 ]
[GRF_B][6][ 0 0 0 0 0 0 0 0 0 0 0 0 0 0 0 0 ]
[GRF_B][7][ 0 0 0 0 0 0 0 0 0 0 0 0 0 0 0 0 ]
[M_OUT][0000000000000000000000000000000000000000000000000000000000000000000000000000000000000000000000000000000000000000000000000000000000000000000000000000000000000000000000000000000000000000000000000000000000000000000000000000000000000000000000000000000000000000]
[A_OUT][0000000000000000000000000000000000000000000000000000000000000000000000000000000000000000000000000000000000000000000000000000000000000000000000000000000000000000000000000000000000000000000000000000000000000000000000000000000000000000000000000000000000000000]

----------
READ ch0 ra0 bg0 b0 r2 c24|| [1] JUMP 7x [PC - 2] @ 7103
READ ch0 ra0 bg0 b0 r2 c24|| [0] MAC GRF_B[0], GRF_A[0], EVEN_BANK, auto @ 7103
[BANK_R][ 0 0 0 4.1875 0 0 0 0 0 0 0 0 0 0 0 0 ]
[CMD]00111011000100001000000000000000(MAC GRF_B[0], GRF_A[0], EVEN_BANK, auto)
[SRF][0000000000000000000000000000000000000000000000000000000000000000000000000000000000000000000000000000000000000000000000000000000000000000000000000000000000000000000000000000000000000000000000000000000000000000000000000000000000000000000000000000000000000000]
[GRF_A][0][ 1 2 1.00781 2.00781 1.01562 2.01562 1.02344 2.02344 1.03125 2.03125 1.03906 2.03906 1.04688 2.04688 1.05469 2.05469 ]
[GRF_A][1][ 1.0625 2.0625 1.07031 2.07031 1.07812 2.07812 1.08594 2.08594 1.09375 2.09375 1.10156 2.10156 1.10938 2.10938 1.11719 2.11719 ]
[GRF_A][2][ 1.125 2.125 1.13281 2.13281 1.14062 2.14062 1.14844 2.14844 1.15625 2.15625 1.16406 2.16406 1.17188 2.17188 1.17969 2.17969 ]
[GRF_A][3][ 1.1875 2.1875 1.19531 2.19531 1.20312 2.20312 1.21094 2.21094 1.21875 2.21875 1.22656 2.22656 1.23438 2.23438 1.24219 2.24219 ]
[GRF_A][4][ 1.25 2.25 1.25781 2.25781 1.26562 2.26562 1.27344 2.27344 1.28125 2.28125 1.28906 2.28906 1.29688 2.29688 1.30469 2.30469 ]
[GRF_A][5][ 1.3125 2.3125 1.32031 2.32031 1.32812 2.32812 1.33594 2.33594 1.34375 2.34375 1.35156 2.35156 1.35938 2.35938 1.36719 2.36719 ]
[GRF_A][6][ 1.375 2.375 1.38281 2.38281 1.39062 2.39062 1.39844 2.39844 1.40625 2.40625 1.41406 2.41406 1.42188 2.42188 1.42969 2.42969 ]
[GRF_A][7][ 1.4375 2.4375 1.44531 2.44531 1.45312 2.45312 1.46094 2.46094 1.46875 2.46875 1.47656 2.47656 1.48438 2.48438 1.49219 2.49219 ]
[GRF_B][0][ 41.2812 0 0 0 0 0 0 0 0 0 0 0 0 0 0 0 ]
[GRF_B][1][ 0 76.125 0 0 0 0 0 0 0 0 0 0 0 0 0 0 ]
[GRF_B][2][ 0 0 42.7812 0 0 0 0 0 0 0 0 0 0 0 0 0 ]
[GRF_B][3][ 0 0 0 8.40625 0 0 0 0 0 0 0 0 0 0 0 0 ]
[GRF_B][4][ 0 0 0 0 0 0 0 0 0 0 0 0 0 0 0 0 ]
[GRF_B][5][ 0 0 0 0 0 0 0 0 0 0 0 0 0 0 0 0 ]
[GRF_B][6][ 0 0 0 0 0 0 0 0 0 0 0 0 0 0 0 0 ]
[GRF_B][7][ 0 0 0 0 0 0 0 0 0 0 0 0 0 0 0 0 ]
[M_OUT][0000000000000000000000000000000000000000000000000000000000000000000000000000000000000000000000000000000000000000000000000000000000000000000000000000000000000000000000000000000000000000000000000000000000000000000000000000000000000000000000000000000000000000]
[A_OUT][0000000000000000000000000000000000000000000000000000000000000000000000000000000000000000000000000000000000000000000000000000000000000000000000000000000000000000000000000000000000000000000000000000000000000000000000000000000000000000000000000000000000000000]

----------
READ ch0 ra0 bg0 b0 r2 c25|| [0] MAC GRF_B[0], GRF_A[0], EVEN_BANK, auto @ 7107
[BANK_R][ 0 0 0 4.25 0 0 0 0 0 0 0 0 0 0 0 0 ]
[CMD]00111011000100001000000000000000(MAC GRF_B[0], GRF_A[0], EVEN_BANK, auto)
[SRF][0000000000000000000000000000000000000000000000000000000000000000000000000000000000000000000000000000000000000000000000000000000000000000000000000000000000000000000000000000000000000000000000000000000000000000000000000000000000000000000000000000000000000000]
[GRF_A][0][ 1 2 1.00781 2.00781 1.01562 2.01562 1.02344 2.02344 1.03125 2.03125 1.03906 2.03906 1.04688 2.04688 1.05469 2.05469 ]
[GRF_A][1][ 1.0625 2.0625 1.07031 2.07031 1.07812 2.07812 1.08594 2.08594 1.09375 2.09375 1.10156 2.10156 1.10938 2.10938 1.11719 2.11719 ]
[GRF_A][2][ 1.125 2.125 1.13281 2.13281 1.14062 2.14062 1.14844 2.14844 1.15625 2.15625 1.16406 2.16406 1.17188 2.17188 1.17969 2.17969 ]
[GRF_A][3][ 1.1875 2.1875 1.19531 2.19531 1.20312 2.20312 1.21094 2.21094 1.21875 2.21875 1.22656 2.22656 1.23438 2.23438 1.24219 2.24219 ]
[GRF_A][4][ 1.25 2.25 1.25781 2.25781 1.26562 2.26562 1.27344 2.27344 1.28125 2.28125 1.28906 2.28906 1.29688 2.29688 1.30469 2.30469 ]
[GRF_A][5][ 1.3125 2.3125 1.32031 2.32031 1.32812 2.32812 1.33594 2.33594 1.34375 2.34375 1.35156 2.35156 1.35938 2.35938 1.36719 2.36719 ]
[GRF_A][6][ 1.375 2.375 1.38281 2.38281 1.39062 2.39062 1.39844 2.39844 1.40625 2.40625 1.41406 2.41406 1.42188 2.42188 1.42969 2.42969 ]
[GRF_A][7][ 1.4375 2.4375 1.44531 2.44531 1.45312 2.45312 1.46094 2.46094 1.46875 2.46875 1.47656 2.47656 1.48438 2.48438 1.49219 2.49219 ]
[GRF_B][0][ 41.2812 0 0 0 0 0 0 0 0 0 0 0 0 0 0 0 ]
[GRF_B][1][ 0 76.125 0 0 0 0 0 0 0 0 0 0 0 0 0 0 ]
[GRF_B][2][ 0 0 42.7812 0 0 0 0 0 0 0 0 0 0 0 0 0 ]
[GRF_B][3][ 0 0 0 17.2031 0 0 0 0 0 0 0 0 0 0 0 0 ]
[GRF_B][4][ 0 0 0 0 0 0 0 0 0 0 0 0 0 0 0 0 ]
[GRF_B][5][ 0 0 0 0 0 0 0 0 0 0 0 0 0 0 0 0 ]
[GRF_B][6][ 0 0 0 0 0 0 0 0 0 0 0 0 0 0 0 0 ]
[GRF_B][7][ 0 0 0 0 0 0 0 0 0 0 0 0 0 0 0 0 ]
[M_OUT][0000000000000000000000000000000000000000000000000000000000000000000000000000000000000000000000000000000000000000000000000000000000000000000000000000000000000000000000000000000000000000000000000000000000000000000000000000000000000000000000000000000000000000]
[A_OUT][0000000000000000000000000000000000000000000000000000000000000000000000000000000000000000000000000000000000000000000000000000000000000000000000000000000000000000000000000000000000000000000000000000000000000000000000000000000000000000000000000000000000000000]

----------
READ ch0 ra0 bg0 b0 r2 c26|| [0] MAC GRF_B[0], GRF_A[0], EVEN_BANK, auto @ 7111
[BANK_R][ 0 0 0 4.3125 0 0 0 0 0 0 0 0 0 0 0 0 ]
[CMD]00111011000100001000000000000000(MAC GRF_B[0], GRF_A[0], EVEN_BANK, auto)
[SRF][0000000000000000000000000000000000000000000000000000000000000000000000000000000000000000000000000000000000000000000000000000000000000000000000000000000000000000000000000000000000000000000000000000000000000000000000000000000000000000000000000000000000000000]
[GRF_A][0][ 1 2 1.00781 2.00781 1.01562 2.01562 1.02344 2.02344 1.03125 2.03125 1.03906 2.03906 1.04688 2.04688 1.05469 2.05469 ]
[GRF_A][1][ 1.0625 2.0625 1.07031 2.07031 1.07812 2.07812 1.08594 2.08594 1.09375 2.09375 1.10156 2.10156 1.10938 2.10938 1.11719 2.11719 ]
[GRF_A][2][ 1.125 2.125 1.13281 2.13281 1.14062 2.14062 1.14844 2.14844 1.15625 2.15625 1.16406 2.16406 1.17188 2.17188 1.17969 2.17969 ]
[GRF_A][3][ 1.1875 2.1875 1.19531 2.19531 1.20312 2.20312 1.21094 2.21094 1.21875 2.21875 1.22656 2.22656 1.23438 2.23438 1.24219 2.24219 ]
[GRF_A][4][ 1.25 2.25 1.25781 2.25781 1.26562 2.26562 1.27344 2.27344 1.28125 2.28125 1.28906 2.28906 1.29688 2.29688 1.30469 2.30469 ]
[GRF_A][5][ 1.3125 2.3125 1.32031 2.32031 1.32812 2.32812 1.33594 2.33594 1.34375 2.34375 1.35156 2.35156 1.35938 2.35938 1.36719 2.36719 ]
[GRF_A][6][ 1.375 2.375 1.38281 2.38281 1.39062 2.39062 1.39844 2.39844 1.40625 2.40625 1.41406 2.41406 1.42188 2.42188 1.42969 2.42969 ]
[GRF_A][7][ 1.4375 2.4375 1.44531 2.44531 1.45312 2.45312 1.46094 2.46094 1.46875 2.46875 1.47656 2.47656 1.48438 2.48438 1.49219 2.49219 ]
[GRF_B][0][ 41.2812 0 0 0 0 0 0 0 0 0 0 0 0 0 0 0 ]
[GRF_B][1][ 0 76.125 0 0 0 0 0 0 0 0 0 0 0 0 0 0 ]
[GRF_B][2][ 0 0 42.7812 0 0 0 0 0 0 0 0 0 0 0 0 0 ]
[GRF_B][3][ 0 0 0 26.4062 0 0 0 0 0 0 0 0 0 0 0 0 ]
[GRF_B][4][ 0 0 0 0 0 0 0 0 0 0 0 0 0 0 0 0 ]
[GRF_B][5][ 0 0 0 0 0 0 0 0 0 0 0 0 0 0 0 0 ]
[GRF_B][6][ 0 0 0 0 0 0 0 0 0 0 0 0 0 0 0 0 ]
[GRF_B][7][ 0 0 0 0 0 0 0 0 0 0 0 0 0 0 0 0 ]
[M_OUT][0000000000000000000000000000000000000000000000000000000000000000000000000000000000000000000000000000000000000000000000000000000000000000000000000000000000000000000000000000000000000000000000000000000000000000000000000000000000000000000000000000000000000000]
[A_OUT][0000000000000000000000000000000000000000000000000000000000000000000000000000000000000000000000000000000000000000000000000000000000000000000000000000000000000000000000000000000000000000000000000000000000000000000000000000000000000000000000000000000000000000]

----------
READ ch0 ra0 bg0 b0 r2 c27|| [0] MAC GRF_B[0], GRF_A[0], EVEN_BANK, auto @ 7115
[BANK_R][ 0 0 0 4.375 0 0 0 0 0 0 0 0 0 0 0 0 ]
[CMD]00111011000100001000000000000000(MAC GRF_B[0], GRF_A[0], EVEN_BANK, auto)
[SRF][0000000000000000000000000000000000000000000000000000000000000000000000000000000000000000000000000000000000000000000000000000000000000000000000000000000000000000000000000000000000000000000000000000000000000000000000000000000000000000000000000000000000000000]
[GRF_A][0][ 1 2 1.00781 2.00781 1.01562 2.01562 1.02344 2.02344 1.03125 2.03125 1.03906 2.03906 1.04688 2.04688 1.05469 2.05469 ]
[GRF_A][1][ 1.0625 2.0625 1.07031 2.07031 1.07812 2.07812 1.08594 2.08594 1.09375 2.09375 1.10156 2.10156 1.10938 2.10938 1.11719 2.11719 ]
[GRF_A][2][ 1.125 2.125 1.13281 2.13281 1.14062 2.14062 1.14844 2.14844 1.15625 2.15625 1.16406 2.16406 1.17188 2.17188 1.17969 2.17969 ]
[GRF_A][3][ 1.1875 2.1875 1.19531 2.19531 1.20312 2.20312 1.21094 2.21094 1.21875 2.21875 1.22656 2.22656 1.23438 2.23438 1.24219 2.24219 ]
[GRF_A][4][ 1.25 2.25 1.25781 2.25781 1.26562 2.26562 1.27344 2.27344 1.28125 2.28125 1.28906 2.28906 1.29688 2.29688 1.30469 2.30469 ]
[GRF_A][5][ 1.3125 2.3125 1.32031 2.32031 1.32812 2.32812 1.33594 2.33594 1.34375 2.34375 1.35156 2.35156 1.35938 2.35938 1.36719 2.36719 ]
[GRF_A][6][ 1.375 2.375 1.38281 2.38281 1.39062 2.39062 1.39844 2.39844 1.40625 2.40625 1.41406 2.41406 1.42188 2.42188 1.42969 2.42969 ]
[GRF_A][7][ 1.4375 2.4375 1.44531 2.44531 1.45312 2.45312 1.46094 2.46094 1.46875 2.46875 1.47656 2.47656 1.48438 2.48438 1.49219 2.49219 ]
[GRF_B][0][ 41.2812 0 0 0 0 0 0 0 0 0 0 0 0 0 0 0 ]
[GRF_B][1][ 0 76.125 0 0 0 0 0 0 0 0 0 0 0 0 0 0 ]
[GRF_B][2][ 0 0 42.7812 0 0 0 0 0 0 0 0 0 0 0 0 0 ]
[GRF_B][3][ 0 0 0 36 0 0 0 0 0 0 0 0 0 0 0 0 ]
[GRF_B][4][ 0 0 0 0 0 0 0 0 0 0 0 0 0 0 0 0 ]
[GRF_B][5][ 0 0 0 0 0 0 0 0 0 0 0 0 0 0 0 0 ]
[GRF_B][6][ 0 0 0 0 0 0 0 0 0 0 0 0 0 0 0 0 ]
[GRF_B][7][ 0 0 0 0 0 0 0 0 0 0 0 0 0 0 0 0 ]
[M_OUT][0000000000000000000000000000000000000000000000000000000000000000000000000000000000000000000000000000000000000000000000000000000000000000000000000000000000000000000000000000000000000000000000000000000000000000000000000000000000000000000000000000000000000000]
[A_OUT][0000000000000000000000000000000000000000000000000000000000000000000000000000000000000000000000000000000000000000000000000000000000000000000000000000000000000000000000000000000000000000000000000000000000000000000000000000000000000000000000000000000000000000]

----------
READ ch0 ra0 bg0 b0 r2 c28|| [0] MAC GRF_B[0], GRF_A[0], EVEN_BANK, auto @ 7119
[BANK_R][ 0 0 0 4.4375 0 0 0 0 0 0 0 0 0 0 0 0 ]
[CMD]00111011000100001000000000000000(MAC GRF_B[0], GRF_A[0], EVEN_BANK, auto)
[SRF][0000000000000000000000000000000000000000000000000000000000000000000000000000000000000000000000000000000000000000000000000000000000000000000000000000000000000000000000000000000000000000000000000000000000000000000000000000000000000000000000000000000000000000]
[GRF_A][0][ 1 2 1.00781 2.00781 1.01562 2.01562 1.02344 2.02344 1.03125 2.03125 1.03906 2.03906 1.04688 2.04688 1.05469 2.05469 ]
[GRF_A][1][ 1.0625 2.0625 1.07031 2.07031 1.07812 2.07812 1.08594 2.08594 1.09375 2.09375 1.10156 2.10156 1.10938 2.10938 1.11719 2.11719 ]
[GRF_A][2][ 1.125 2.125 1.13281 2.13281 1.14062 2.14062 1.14844 2.14844 1.15625 2.15625 1.16406 2.16406 1.17188 2.17188 1.17969 2.17969 ]
[GRF_A][3][ 1.1875 2.1875 1.19531 2.19531 1.20312 2.20312 1.21094 2.21094 1.21875 2.21875 1.22656 2.22656 1.23438 2.23438 1.24219 2.24219 ]
[GRF_A][4][ 1.25 2.25 1.25781 2.25781 1.26562 2.26562 1.27344 2.27344 1.28125 2.28125 1.28906 2.28906 1.29688 2.29688 1.30469 2.30469 ]
[GRF_A][5][ 1.3125 2.3125 1.32031 2.32031 1.32812 2.32812 1.33594 2.33594 1.34375 2.34375 1.35156 2.35156 1.35938 2.35938 1.36719 2.36719 ]
[GRF_A][6][ 1.375 2.375 1.38281 2.38281 1.39062 2.39062 1.39844 2.39844 1.40625 2.40625 1.41406 2.41406 1.42188 2.42188 1.42969 2.42969 ]
[GRF_A][7][ 1.4375 2.4375 1.44531 2.44531 1.45312 2.45312 1.46094 2.46094 1.46875 2.46875 1.47656 2.47656 1.48438 2.48438 1.49219 2.49219 ]
[GRF_B][0][ 41.2812 0 0 0 0 0 0 0 0 0 0 0 0 0 0 0 ]
[GRF_B][1][ 0 76.125 0 0 0 0 0 0 0 0 0 0 0 0 0 0 ]
[GRF_B][2][ 0 0 42.7812 0 0 0 0 0 0 0 0 0 0 0 0 0 ]
[GRF_B][3][ 0 0 0 46 0 0 0 0 0 0 0 0 0 0 0 0 ]
[GRF_B][4][ 0 0 0 0 0 0 0 0 0 0 0 0 0 0 0 0 ]
[GRF_B][5][ 0 0 0 0 0 0 0 0 0 0 0 0 0 0 0 0 ]
[GRF_B][6][ 0 0 0 0 0 0 0 0 0 0 0 0 0 0 0 0 ]
[GRF_B][7][ 0 0 0 0 0 0 0 0 0 0 0 0 0 0 0 0 ]
[M_OUT][0000000000000000000000000000000000000000000000000000000000000000000000000000000000000000000000000000000000000000000000000000000000000000000000000000000000000000000000000000000000000000000000000000000000000000000000000000000000000000000000000000000000000000]
[A_OUT][0000000000000000000000000000000000000000000000000000000000000000000000000000000000000000000000000000000000000000000000000000000000000000000000000000000000000000000000000000000000000000000000000000000000000000000000000000000000000000000000000000000000000000]

----------
READ ch0 ra0 bg0 b0 r2 c29|| [0] MAC GRF_B[0], GRF_A[0], EVEN_BANK, auto @ 7123
[BANK_R][ 0 0 0 4.5 0 0 0 0 0 0 0 0 0 0 0 0 ]
[CMD]00111011000100001000000000000000(MAC GRF_B[0], GRF_A[0], EVEN_BANK, auto)
[SRF][0000000000000000000000000000000000000000000000000000000000000000000000000000000000000000000000000000000000000000000000000000000000000000000000000000000000000000000000000000000000000000000000000000000000000000000000000000000000000000000000000000000000000000]
[GRF_A][0][ 1 2 1.00781 2.00781 1.01562 2.01562 1.02344 2.02344 1.03125 2.03125 1.03906 2.03906 1.04688 2.04688 1.05469 2.05469 ]
[GRF_A][1][ 1.0625 2.0625 1.07031 2.07031 1.07812 2.07812 1.08594 2.08594 1.09375 2.09375 1.10156 2.10156 1.10938 2.10938 1.11719 2.11719 ]
[GRF_A][2][ 1.125 2.125 1.13281 2.13281 1.14062 2.14062 1.14844 2.14844 1.15625 2.15625 1.16406 2.16406 1.17188 2.17188 1.17969 2.17969 ]
[GRF_A][3][ 1.1875 2.1875 1.19531 2.19531 1.20312 2.20312 1.21094 2.21094 1.21875 2.21875 1.22656 2.22656 1.23438 2.23438 1.24219 2.24219 ]
[GRF_A][4][ 1.25 2.25 1.25781 2.25781 1.26562 2.26562 1.27344 2.27344 1.28125 2.28125 1.28906 2.28906 1.29688 2.29688 1.30469 2.30469 ]
[GRF_A][5][ 1.3125 2.3125 1.32031 2.32031 1.32812 2.32812 1.33594 2.33594 1.34375 2.34375 1.35156 2.35156 1.35938 2.35938 1.36719 2.36719 ]
[GRF_A][6][ 1.375 2.375 1.38281 2.38281 1.39062 2.39062 1.39844 2.39844 1.40625 2.40625 1.41406 2.41406 1.42188 2.42188 1.42969 2.42969 ]
[GRF_A][7][ 1.4375 2.4375 1.44531 2.44531 1.45312 2.45312 1.46094 2.46094 1.46875 2.46875 1.47656 2.47656 1.48438 2.48438 1.49219 2.49219 ]
[GRF_B][0][ 41.2812 0 0 0 0 0 0 0 0 0 0 0 0 0 0 0 ]
[GRF_B][1][ 0 76.125 0 0 0 0 0 0 0 0 0 0 0 0 0 0 ]
[GRF_B][2][ 0 0 42.7812 0 0 0 0 0 0 0 0 0 0 0 0 0 ]
[GRF_B][3][ 0 0 0 56.4375 0 0 0 0 0 0 0 0 0 0 0 0 ]
[GRF_B][4][ 0 0 0 0 0 0 0 0 0 0 0 0 0 0 0 0 ]
[GRF_B][5][ 0 0 0 0 0 0 0 0 0 0 0 0 0 0 0 0 ]
[GRF_B][6][ 0 0 0 0 0 0 0 0 0 0 0 0 0 0 0 0 ]
[GRF_B][7][ 0 0 0 0 0 0 0 0 0 0 0 0 0 0 0 0 ]
[M_OUT][0000000000000000000000000000000000000000000000000000000000000000000000000000000000000000000000000000000000000000000000000000000000000000000000000000000000000000000000000000000000000000000000000000000000000000000000000000000000000000000000000000000000000000]
[A_OUT][0000000000000000000000000000000000000000000000000000000000000000000000000000000000000000000000000000000000000000000000000000000000000000000000000000000000000000000000000000000000000000000000000000000000000000000000000000000000000000000000000000000000000000]

----------
READ ch0 ra0 bg0 b0 r2 c30|| [0] MAC GRF_B[0], GRF_A[0], EVEN_BANK, auto @ 7127
[BANK_R][ 0 0 0 4.5625 0 0 0 0 0 0 0 0 0 0 0 0 ]
[CMD]00111011000100001000000000000000(MAC GRF_B[0], GRF_A[0], EVEN_BANK, auto)
[SRF][0000000000000000000000000000000000000000000000000000000000000000000000000000000000000000000000000000000000000000000000000000000000000000000000000000000000000000000000000000000000000000000000000000000000000000000000000000000000000000000000000000000000000000]
[GRF_A][0][ 1 2 1.00781 2.00781 1.01562 2.01562 1.02344 2.02344 1.03125 2.03125 1.03906 2.03906 1.04688 2.04688 1.05469 2.05469 ]
[GRF_A][1][ 1.0625 2.0625 1.07031 2.07031 1.07812 2.07812 1.08594 2.08594 1.09375 2.09375 1.10156 2.10156 1.10938 2.10938 1.11719 2.11719 ]
[GRF_A][2][ 1.125 2.125 1.13281 2.13281 1.14062 2.14062 1.14844 2.14844 1.15625 2.15625 1.16406 2.16406 1.17188 2.17188 1.17969 2.17969 ]
[GRF_A][3][ 1.1875 2.1875 1.19531 2.19531 1.20312 2.20312 1.21094 2.21094 1.21875 2.21875 1.22656 2.22656 1.23438 2.23438 1.24219 2.24219 ]
[GRF_A][4][ 1.25 2.25 1.25781 2.25781 1.26562 2.26562 1.27344 2.27344 1.28125 2.28125 1.28906 2.28906 1.29688 2.29688 1.30469 2.30469 ]
[GRF_A][5][ 1.3125 2.3125 1.32031 2.32031 1.32812 2.32812 1.33594 2.33594 1.34375 2.34375 1.35156 2.35156 1.35938 2.35938 1.36719 2.36719 ]
[GRF_A][6][ 1.375 2.375 1.38281 2.38281 1.39062 2.39062 1.39844 2.39844 1.40625 2.40625 1.41406 2.41406 1.42188 2.42188 1.42969 2.42969 ]
[GRF_A][7][ 1.4375 2.4375 1.44531 2.44531 1.45312 2.45312 1.46094 2.46094 1.46875 2.46875 1.47656 2.47656 1.48438 2.48438 1.49219 2.49219 ]
[GRF_B][0][ 41.2812 0 0 0 0 0 0 0 0 0 0 0 0 0 0 0 ]
[GRF_B][1][ 0 76.125 0 0 0 0 0 0 0 0 0 0 0 0 0 0 ]
[GRF_B][2][ 0 0 42.7812 0 0 0 0 0 0 0 0 0 0 0 0 0 ]
[GRF_B][3][ 0 0 0 67.3125 0 0 0 0 0 0 0 0 0 0 0 0 ]
[GRF_B][4][ 0 0 0 0 0 0 0 0 0 0 0 0 0 0 0 0 ]
[GRF_B][5][ 0 0 0 0 0 0 0 0 0 0 0 0 0 0 0 0 ]
[GRF_B][6][ 0 0 0 0 0 0 0 0 0 0 0 0 0 0 0 0 ]
[GRF_B][7][ 0 0 0 0 0 0 0 0 0 0 0 0 0 0 0 0 ]
[M_OUT][0000000000000000000000000000000000000000000000000000000000000000000000000000000000000000000000000000000000000000000000000000000000000000000000000000000000000000000000000000000000000000000000000000000000000000000000000000000000000000000000000000000000000000]
[A_OUT][0000000000000000000000000000000000000000000000000000000000000000000000000000000000000000000000000000000000000000000000000000000000000000000000000000000000000000000000000000000000000000000000000000000000000000000000000000000000000000000000000000000000000000]

----------
READ ch0 ra0 bg0 b0 r2 c31|| [0] MAC GRF_B[0], GRF_A[0], EVEN_BANK, auto @ 7131
[BANK_R][ 0 0 0 4.625 0 0 0 0 0 0 0 0 0 0 0 0 ]
[CMD]00111011000100001000000000000000(MAC GRF_B[0], GRF_A[0], EVEN_BANK, auto)
[SRF][0000000000000000000000000000000000000000000000000000000000000000000000000000000000000000000000000000000000000000000000000000000000000000000000000000000000000000000000000000000000000000000000000000000000000000000000000000000000000000000000000000000000000000]
[GRF_A][0][ 1 2 1.00781 2.00781 1.01562 2.01562 1.02344 2.02344 1.03125 2.03125 1.03906 2.03906 1.04688 2.04688 1.05469 2.05469 ]
[GRF_A][1][ 1.0625 2.0625 1.07031 2.07031 1.07812 2.07812 1.08594 2.08594 1.09375 2.09375 1.10156 2.10156 1.10938 2.10938 1.11719 2.11719 ]
[GRF_A][2][ 1.125 2.125 1.13281 2.13281 1.14062 2.14062 1.14844 2.14844 1.15625 2.15625 1.16406 2.16406 1.17188 2.17188 1.17969 2.17969 ]
[GRF_A][3][ 1.1875 2.1875 1.19531 2.19531 1.20312 2.20312 1.21094 2.21094 1.21875 2.21875 1.22656 2.22656 1.23438 2.23438 1.24219 2.24219 ]
[GRF_A][4][ 1.25 2.25 1.25781 2.25781 1.26562 2.26562 1.27344 2.27344 1.28125 2.28125 1.28906 2.28906 1.29688 2.29688 1.30469 2.30469 ]
[GRF_A][5][ 1.3125 2.3125 1.32031 2.32031 1.32812 2.32812 1.33594 2.33594 1.34375 2.34375 1.35156 2.35156 1.35938 2.35938 1.36719 2.36719 ]
[GRF_A][6][ 1.375 2.375 1.38281 2.38281 1.39062 2.39062 1.39844 2.39844 1.40625 2.40625 1.41406 2.41406 1.42188 2.42188 1.42969 2.42969 ]
[GRF_A][7][ 1.4375 2.4375 1.44531 2.44531 1.45312 2.45312 1.46094 2.46094 1.46875 2.46875 1.47656 2.47656 1.48438 2.48438 1.49219 2.49219 ]
[GRF_B][0][ 41.2812 0 0 0 0 0 0 0 0 0 0 0 0 0 0 0 ]
[GRF_B][1][ 0 76.125 0 0 0 0 0 0 0 0 0 0 0 0 0 0 ]
[GRF_B][2][ 0 0 42.7812 0 0 0 0 0 0 0 0 0 0 0 0 0 ]
[GRF_B][3][ 0 0 0 78.625 0 0 0 0 0 0 0 0 0 0 0 0 ]
[GRF_B][4][ 0 0 0 0 0 0 0 0 0 0 0 0 0 0 0 0 ]
[GRF_B][5][ 0 0 0 0 0 0 0 0 0 0 0 0 0 0 0 0 ]
[GRF_B][6][ 0 0 0 0 0 0 0 0 0 0 0 0 0 0 0 0 ]
[GRF_B][7][ 0 0 0 0 0 0 0 0 0 0 0 0 0 0 0 0 ]
[M_OUT][0000000000000000000000000000000000000000000000000000000000000000000000000000000000000000000000000000000000000000000000000000000000000000000000000000000000000000000000000000000000000000000000000000000000000000000000000000000000000000000000000000000000000000]
[A_OUT][0000000000000000000000000000000000000000000000000000000000000000000000000000000000000000000000000000000000000000000000000000000000000000000000000000000000000000000000000000000000000000000000000000000000000000000000000000000000000000000000000000000000000000]

----------
PRECHARGE ch[0] ra[0] bg[0] ba[0] ro[2] @7133
ACTIVATE ch[0] ra[0] bg[0] ba[0] ro[3] co[0] @7147 tag : MAC_
READ ch0 ra0 bg0 b0 r3 c0|| [1] JUMP 7x [PC - 2] @ 7162
READ ch0 ra0 bg0 b0 r3 c0|| [0] MAC GRF_B[0], GRF_A[0], EVEN_BANK, auto @ 7162
[BANK_R][ 0 0 0 0 4.25 0 0 0 0 0 0 0 0 0 0 0 ]
[CMD]00111011000100001000000000000000(MAC GRF_B[0], GRF_A[0], EVEN_BANK, auto)
[SRF][0000000000000000000000000000000000000000000000000000000000000000000000000000000000000000000000000000000000000000000000000000000000000000000000000000000000000000000000000000000000000000000000000000000000000000000000000000000000000000000000000000000000000000]
[GRF_A][0][ 1 2 1.00781 2.00781 1.01562 2.01562 1.02344 2.02344 1.03125 2.03125 1.03906 2.03906 1.04688 2.04688 1.05469 2.05469 ]
[GRF_A][1][ 1.0625 2.0625 1.07031 2.07031 1.07812 2.07812 1.08594 2.08594 1.09375 2.09375 1.10156 2.10156 1.10938 2.10938 1.11719 2.11719 ]
[GRF_A][2][ 1.125 2.125 1.13281 2.13281 1.14062 2.14062 1.14844 2.14844 1.15625 2.15625 1.16406 2.16406 1.17188 2.17188 1.17969 2.17969 ]
[GRF_A][3][ 1.1875 2.1875 1.19531 2.19531 1.20312 2.20312 1.21094 2.21094 1.21875 2.21875 1.22656 2.22656 1.23438 2.23438 1.24219 2.24219 ]
[GRF_A][4][ 1.25 2.25 1.25781 2.25781 1.26562 2.26562 1.27344 2.27344 1.28125 2.28125 1.28906 2.28906 1.29688 2.29688 1.30469 2.30469 ]
[GRF_A][5][ 1.3125 2.3125 1.32031 2.32031 1.32812 2.32812 1.33594 2.33594 1.34375 2.34375 1.35156 2.35156 1.35938 2.35938 1.36719 2.36719 ]
[GRF_A][6][ 1.375 2.375 1.38281 2.38281 1.39062 2.39062 1.39844 2.39844 1.40625 2.40625 1.41406 2.41406 1.42188 2.42188 1.42969 2.42969 ]
[GRF_A][7][ 1.4375 2.4375 1.44531 2.44531 1.45312 2.45312 1.46094 2.46094 1.46875 2.46875 1.47656 2.47656 1.48438 2.48438 1.49219 2.49219 ]
[GRF_B][0][ 41.2812 0 0 0 0 0 0 0 0 0 0 0 0 0 0 0 ]
[GRF_B][1][ 0 76.125 0 0 0 0 0 0 0 0 0 0 0 0 0 0 ]
[GRF_B][2][ 0 0 42.7812 0 0 0 0 0 0 0 0 0 0 0 0 0 ]
[GRF_B][3][ 0 0 0 78.625 0 0 0 0 0 0 0 0 0 0 0 0 ]
[GRF_B][4][ 0 0 0 0 4.31641 0 0 0 0 0 0 0 0 0 0 0 ]
[GRF_B][5][ 0 0 0 0 0 0 0 0 0 0 0 0 0 0 0 0 ]
[GRF_B][6][ 0 0 0 0 0 0 0 0 0 0 0 0 0 0 0 0 ]
[GRF_B][7][ 0 0 0 0 0 0 0 0 0 0 0 0 0 0 0 0 ]
[M_OUT][0000000000000000000000000000000000000000000000000000000000000000000000000000000000000000000000000000000000000000000000000000000000000000000000000000000000000000000000000000000000000000000000000000000000000000000000000000000000000000000000000000000000000000]
[A_OUT][0000000000000000000000000000000000000000000000000000000000000000000000000000000000000000000000000000000000000000000000000000000000000000000000000000000000000000000000000000000000000000000000000000000000000000000000000000000000000000000000000000000000000000]

----------
READ ch0 ra0 bg0 b0 r3 c1|| [0] MAC GRF_B[0], GRF_A[0], EVEN_BANK, auto @ 7166
[BANK_R][ 0 0 0 0 4.3125 0 0 0 0 0 0 0 0 0 0 0 ]
[CMD]00111011000100001000000000000000(MAC GRF_B[0], GRF_A[0], EVEN_BANK, auto)
[SRF][0000000000000000000000000000000000000000000000000000000000000000000000000000000000000000000000000000000000000000000000000000000000000000000000000000000000000000000000000000000000000000000000000000000000000000000000000000000000000000000000000000000000000000]
[GRF_A][0][ 1 2 1.00781 2.00781 1.01562 2.01562 1.02344 2.02344 1.03125 2.03125 1.03906 2.03906 1.04688 2.04688 1.05469 2.05469 ]
[GRF_A][1][ 1.0625 2.0625 1.07031 2.07031 1.07812 2.07812 1.08594 2.08594 1.09375 2.09375 1.10156 2.10156 1.10938 2.10938 1.11719 2.11719 ]
[GRF_A][2][ 1.125 2.125 1.13281 2.13281 1.14062 2.14062 1.14844 2.14844 1.15625 2.15625 1.16406 2.16406 1.17188 2.17188 1.17969 2.17969 ]
[GRF_A][3][ 1.1875 2.1875 1.19531 2.19531 1.20312 2.20312 1.21094 2.21094 1.21875 2.21875 1.22656 2.22656 1.23438 2.23438 1.24219 2.24219 ]
[GRF_A][4][ 1.25 2.25 1.25781 2.25781 1.26562 2.26562 1.27344 2.27344 1.28125 2.28125 1.28906 2.28906 1.29688 2.29688 1.30469 2.30469 ]
[GRF_A][5][ 1.3125 2.3125 1.32031 2.32031 1.32812 2.32812 1.33594 2.33594 1.34375 2.34375 1.35156 2.35156 1.35938 2.35938 1.36719 2.36719 ]
[GRF_A][6][ 1.375 2.375 1.38281 2.38281 1.39062 2.39062 1.39844 2.39844 1.40625 2.40625 1.41406 2.41406 1.42188 2.42188 1.42969 2.42969 ]
[GRF_A][7][ 1.4375 2.4375 1.44531 2.44531 1.45312 2.45312 1.46094 2.46094 1.46875 2.46875 1.47656 2.47656 1.48438 2.48438 1.49219 2.49219 ]
[GRF_B][0][ 41.2812 0 0 0 0 0 0 0 0 0 0 0 0 0 0 0 ]
[GRF_B][1][ 0 76.125 0 0 0 0 0 0 0 0 0 0 0 0 0 0 ]
[GRF_B][2][ 0 0 42.7812 0 0 0 0 0 0 0 0 0 0 0 0 0 ]
[GRF_B][3][ 0 0 0 78.625 0 0 0 0 0 0 0 0 0 0 0 0 ]
[GRF_B][4][ 0 0 0 0 8.96875 0 0 0 0 0 0 0 0 0 0 0 ]
[GRF_B][5][ 0 0 0 0 0 0 0 0 0 0 0 0 0 0 0 0 ]
[GRF_B][6][ 0 0 0 0 0 0 0 0 0 0 0 0 0 0 0 0 ]
[GRF_B][7][ 0 0 0 0 0 0 0 0 0 0 0 0 0 0 0 0 ]
[M_OUT][0000000000000000000000000000000000000000000000000000000000000000000000000000000000000000000000000000000000000000000000000000000000000000000000000000000000000000000000000000000000000000000000000000000000000000000000000000000000000000000000000000000000000000]
[A_OUT][0000000000000000000000000000000000000000000000000000000000000000000000000000000000000000000000000000000000000000000000000000000000000000000000000000000000000000000000000000000000000000000000000000000000000000000000000000000000000000000000000000000000000000]

----------
READ ch0 ra0 bg0 b0 r3 c2|| [0] MAC GRF_B[0], GRF_A[0], EVEN_BANK, auto @ 7170
[BANK_R][ 0 0 0 0 4.375 0 0 0 0 0 0 0 0 0 0 0 ]
[CMD]00111011000100001000000000000000(MAC GRF_B[0], GRF_A[0], EVEN_BANK, auto)
[SRF][0000000000000000000000000000000000000000000000000000000000000000000000000000000000000000000000000000000000000000000000000000000000000000000000000000000000000000000000000000000000000000000000000000000000000000000000000000000000000000000000000000000000000000]
[GRF_A][0][ 1 2 1.00781 2.00781 1.01562 2.01562 1.02344 2.02344 1.03125 2.03125 1.03906 2.03906 1.04688 2.04688 1.05469 2.05469 ]
[GRF_A][1][ 1.0625 2.0625 1.07031 2.07031 1.07812 2.07812 1.08594 2.08594 1.09375 2.09375 1.10156 2.10156 1.10938 2.10938 1.11719 2.11719 ]
[GRF_A][2][ 1.125 2.125 1.13281 2.13281 1.14062 2.14062 1.14844 2.14844 1.15625 2.15625 1.16406 2.16406 1.17188 2.17188 1.17969 2.17969 ]
[GRF_A][3][ 1.1875 2.1875 1.19531 2.19531 1.20312 2.20312 1.21094 2.21094 1.21875 2.21875 1.22656 2.22656 1.23438 2.23438 1.24219 2.24219 ]
[GRF_A][4][ 1.25 2.25 1.25781 2.25781 1.26562 2.26562 1.27344 2.27344 1.28125 2.28125 1.28906 2.28906 1.29688 2.29688 1.30469 2.30469 ]
[GRF_A][5][ 1.3125 2.3125 1.32031 2.32031 1.32812 2.32812 1.33594 2.33594 1.34375 2.34375 1.35156 2.35156 1.35938 2.35938 1.36719 2.36719 ]
[GRF_A][6][ 1.375 2.375 1.38281 2.38281 1.39062 2.39062 1.39844 2.39844 1.40625 2.40625 1.41406 2.41406 1.42188 2.42188 1.42969 2.42969 ]
[GRF_A][7][ 1.4375 2.4375 1.44531 2.44531 1.45312 2.45312 1.46094 2.46094 1.46875 2.46875 1.47656 2.47656 1.48438 2.48438 1.49219 2.49219 ]
[GRF_B][0][ 41.2812 0 0 0 0 0 0 0 0 0 0 0 0 0 0 0 ]
[GRF_B][1][ 0 76.125 0 0 0 0 0 0 0 0 0 0 0 0 0 0 ]
[GRF_B][2][ 0 0 42.7812 0 0 0 0 0 0 0 0 0 0 0 0 0 ]
[GRF_B][3][ 0 0 0 78.625 0 0 0 0 0 0 0 0 0 0 0 0 ]
[GRF_B][4][ 0 0 0 0 13.9609 0 0 0 0 0 0 0 0 0 0 0 ]
[GRF_B][5][ 0 0 0 0 0 0 0 0 0 0 0 0 0 0 0 0 ]
[GRF_B][6][ 0 0 0 0 0 0 0 0 0 0 0 0 0 0 0 0 ]
[GRF_B][7][ 0 0 0 0 0 0 0 0 0 0 0 0 0 0 0 0 ]
[M_OUT][0000000000000000000000000000000000000000000000000000000000000000000000000000000000000000000000000000000000000000000000000000000000000000000000000000000000000000000000000000000000000000000000000000000000000000000000000000000000000000000000000000000000000000]
[A_OUT][0000000000000000000000000000000000000000000000000000000000000000000000000000000000000000000000000000000000000000000000000000000000000000000000000000000000000000000000000000000000000000000000000000000000000000000000000000000000000000000000000000000000000000]

----------
READ ch0 ra0 bg0 b0 r3 c3|| [0] MAC GRF_B[0], GRF_A[0], EVEN_BANK, auto @ 7174
[BANK_R][ 0 0 0 0 4.4375 0 0 0 0 0 0 0 0 0 0 0 ]
[CMD]00111011000100001000000000000000(MAC GRF_B[0], GRF_A[0], EVEN_BANK, auto)
[SRF][0000000000000000000000000000000000000000000000000000000000000000000000000000000000000000000000000000000000000000000000000000000000000000000000000000000000000000000000000000000000000000000000000000000000000000000000000000000000000000000000000000000000000000]
[GRF_A][0][ 1 2 1.00781 2.00781 1.01562 2.01562 1.02344 2.02344 1.03125 2.03125 1.03906 2.03906 1.04688 2.04688 1.05469 2.05469 ]
[GRF_A][1][ 1.0625 2.0625 1.07031 2.07031 1.07812 2.07812 1.08594 2.08594 1.09375 2.09375 1.10156 2.10156 1.10938 2.10938 1.11719 2.11719 ]
[GRF_A][2][ 1.125 2.125 1.13281 2.13281 1.14062 2.14062 1.14844 2.14844 1.15625 2.15625 1.16406 2.16406 1.17188 2.17188 1.17969 2.17969 ]
[GRF_A][3][ 1.1875 2.1875 1.19531 2.19531 1.20312 2.20312 1.21094 2.21094 1.21875 2.21875 1.22656 2.22656 1.23438 2.23438 1.24219 2.24219 ]
[GRF_A][4][ 1.25 2.25 1.25781 2.25781 1.26562 2.26562 1.27344 2.27344 1.28125 2.28125 1.28906 2.28906 1.29688 2.29688 1.30469 2.30469 ]
[GRF_A][5][ 1.3125 2.3125 1.32031 2.32031 1.32812 2.32812 1.33594 2.33594 1.34375 2.34375 1.35156 2.35156 1.35938 2.35938 1.36719 2.36719 ]
[GRF_A][6][ 1.375 2.375 1.38281 2.38281 1.39062 2.39062 1.39844 2.39844 1.40625 2.40625 1.41406 2.41406 1.42188 2.42188 1.42969 2.42969 ]
[GRF_A][7][ 1.4375 2.4375 1.44531 2.44531 1.45312 2.45312 1.46094 2.46094 1.46875 2.46875 1.47656 2.47656 1.48438 2.48438 1.49219 2.49219 ]
[GRF_B][0][ 41.2812 0 0 0 0 0 0 0 0 0 0 0 0 0 0 0 ]
[GRF_B][1][ 0 76.125 0 0 0 0 0 0 0 0 0 0 0 0 0 0 ]
[GRF_B][2][ 0 0 42.7812 0 0 0 0 0 0 0 0 0 0 0 0 0 ]
[GRF_B][3][ 0 0 0 78.625 0 0 0 0 0 0 0 0 0 0 0 0 ]
[GRF_B][4][ 0 0 0 0 19.2969 0 0 0 0 0 0 0 0 0 0 0 ]
[GRF_B][5][ 0 0 0 0 0 0 0 0 0 0 0 0 0 0 0 0 ]
[GRF_B][6][ 0 0 0 0 0 0 0 0 0 0 0 0 0 0 0 0 ]
[GRF_B][7][ 0 0 0 0 0 0 0 0 0 0 0 0 0 0 0 0 ]
[M_OUT][0000000000000000000000000000000000000000000000000000000000000000000000000000000000000000000000000000000000000000000000000000000000000000000000000000000000000000000000000000000000000000000000000000000000000000000000000000000000000000000000000000000000000000]
[A_OUT][0000000000000000000000000000000000000000000000000000000000000000000000000000000000000000000000000000000000000000000000000000000000000000000000000000000000000000000000000000000000000000000000000000000000000000000000000000000000000000000000000000000000000000]

----------
READ ch0 ra0 bg0 b0 r3 c4|| [0] MAC GRF_B[0], GRF_A[0], EVEN_BANK, auto @ 7178
[BANK_R][ 0 0 0 0 4.5 0 0 0 0 0 0 0 0 0 0 0 ]
[CMD]00111011000100001000000000000000(MAC GRF_B[0], GRF_A[0], EVEN_BANK, auto)
[SRF][0000000000000000000000000000000000000000000000000000000000000000000000000000000000000000000000000000000000000000000000000000000000000000000000000000000000000000000000000000000000000000000000000000000000000000000000000000000000000000000000000000000000000000]
[GRF_A][0][ 1 2 1.00781 2.00781 1.01562 2.01562 1.02344 2.02344 1.03125 2.03125 1.03906 2.03906 1.04688 2.04688 1.05469 2.05469 ]
[GRF_A][1][ 1.0625 2.0625 1.07031 2.07031 1.07812 2.07812 1.08594 2.08594 1.09375 2.09375 1.10156 2.10156 1.10938 2.10938 1.11719 2.11719 ]
[GRF_A][2][ 1.125 2.125 1.13281 2.13281 1.14062 2.14062 1.14844 2.14844 1.15625 2.15625 1.16406 2.16406 1.17188 2.17188 1.17969 2.17969 ]
[GRF_A][3][ 1.1875 2.1875 1.19531 2.19531 1.20312 2.20312 1.21094 2.21094 1.21875 2.21875 1.22656 2.22656 1.23438 2.23438 1.24219 2.24219 ]
[GRF_A][4][ 1.25 2.25 1.25781 2.25781 1.26562 2.26562 1.27344 2.27344 1.28125 2.28125 1.28906 2.28906 1.29688 2.29688 1.30469 2.30469 ]
[GRF_A][5][ 1.3125 2.3125 1.32031 2.32031 1.32812 2.32812 1.33594 2.33594 1.34375 2.34375 1.35156 2.35156 1.35938 2.35938 1.36719 2.36719 ]
[GRF_A][6][ 1.375 2.375 1.38281 2.38281 1.39062 2.39062 1.39844 2.39844 1.40625 2.40625 1.41406 2.41406 1.42188 2.42188 1.42969 2.42969 ]
[GRF_A][7][ 1.4375 2.4375 1.44531 2.44531 1.45312 2.45312 1.46094 2.46094 1.46875 2.46875 1.47656 2.47656 1.48438 2.48438 1.49219 2.49219 ]
[GRF_B][0][ 41.2812 0 0 0 0 0 0 0 0 0 0 0 0 0 0 0 ]
[GRF_B][1][ 0 76.125 0 0 0 0 0 0 0 0 0 0 0 0 0 0 ]
[GRF_B][2][ 0 0 42.7812 0 0 0 0 0 0 0 0 0 0 0 0 0 ]
[GRF_B][3][ 0 0 0 78.625 0 0 0 0 0 0 0 0 0 0 0 0 ]
[GRF_B][4][ 0 0 0 0 25 0 0 0 0 0 0 0 0 0 0 0 ]
[GRF_B][5][ 0 0 0 0 0 0 0 0 0 0 0 0 0 0 0 0 ]
[GRF_B][6][ 0 0 0 0 0 0 0 0 0 0 0 0 0 0 0 0 ]
[GRF_B][7][ 0 0 0 0 0 0 0 0 0 0 0 0 0 0 0 0 ]
[M_OUT][0000000000000000000000000000000000000000000000000000000000000000000000000000000000000000000000000000000000000000000000000000000000000000000000000000000000000000000000000000000000000000000000000000000000000000000000000000000000000000000000000000000000000000]
[A_OUT][0000000000000000000000000000000000000000000000000000000000000000000000000000000000000000000000000000000000000000000000000000000000000000000000000000000000000000000000000000000000000000000000000000000000000000000000000000000000000000000000000000000000000000]

----------
READ ch0 ra0 bg0 b0 r3 c5|| [0] MAC GRF_B[0], GRF_A[0], EVEN_BANK, auto @ 7182
[BANK_R][ 0 0 0 0 4.5625 0 0 0 0 0 0 0 0 0 0 0 ]
[CMD]00111011000100001000000000000000(MAC GRF_B[0], GRF_A[0], EVEN_BANK, auto)
[SRF][0000000000000000000000000000000000000000000000000000000000000000000000000000000000000000000000000000000000000000000000000000000000000000000000000000000000000000000000000000000000000000000000000000000000000000000000000000000000000000000000000000000000000000]
[GRF_A][0][ 1 2 1.00781 2.00781 1.01562 2.01562 1.02344 2.02344 1.03125 2.03125 1.03906 2.03906 1.04688 2.04688 1.05469 2.05469 ]
[GRF_A][1][ 1.0625 2.0625 1.07031 2.07031 1.07812 2.07812 1.08594 2.08594 1.09375 2.09375 1.10156 2.10156 1.10938 2.10938 1.11719 2.11719 ]
[GRF_A][2][ 1.125 2.125 1.13281 2.13281 1.14062 2.14062 1.14844 2.14844 1.15625 2.15625 1.16406 2.16406 1.17188 2.17188 1.17969 2.17969 ]
[GRF_A][3][ 1.1875 2.1875 1.19531 2.19531 1.20312 2.20312 1.21094 2.21094 1.21875 2.21875 1.22656 2.22656 1.23438 2.23438 1.24219 2.24219 ]
[GRF_A][4][ 1.25 2.25 1.25781 2.25781 1.26562 2.26562 1.27344 2.27344 1.28125 2.28125 1.28906 2.28906 1.29688 2.29688 1.30469 2.30469 ]
[GRF_A][5][ 1.3125 2.3125 1.32031 2.32031 1.32812 2.32812 1.33594 2.33594 1.34375 2.34375 1.35156 2.35156 1.35938 2.35938 1.36719 2.36719 ]
[GRF_A][6][ 1.375 2.375 1.38281 2.38281 1.39062 2.39062 1.39844 2.39844 1.40625 2.40625 1.41406 2.41406 1.42188 2.42188 1.42969 2.42969 ]
[GRF_A][7][ 1.4375 2.4375 1.44531 2.44531 1.45312 2.45312 1.46094 2.46094 1.46875 2.46875 1.47656 2.47656 1.48438 2.48438 1.49219 2.49219 ]
[GRF_B][0][ 41.2812 0 0 0 0 0 0 0 0 0 0 0 0 0 0 0 ]
[GRF_B][1][ 0 76.125 0 0 0 0 0 0 0 0 0 0 0 0 0 0 ]
[GRF_B][2][ 0 0 42.7812 0 0 0 0 0 0 0 0 0 0 0 0 0 ]
[GRF_B][3][ 0 0 0 78.625 0 0 0 0 0 0 0 0 0 0 0 0 ]
[GRF_B][4][ 0 0 0 0 31.0625 0 0 0 0 0 0 0 0 0 0 0 ]
[GRF_B][5][ 0 0 0 0 0 0 0 0 0 0 0 0 0 0 0 0 ]
[GRF_B][6][ 0 0 0 0 0 0 0 0 0 0 0 0 0 0 0 0 ]
[GRF_B][7][ 0 0 0 0 0 0 0 0 0 0 0 0 0 0 0 0 ]
[M_OUT][0000000000000000000000000000000000000000000000000000000000000000000000000000000000000000000000000000000000000000000000000000000000000000000000000000000000000000000000000000000000000000000000000000000000000000000000000000000000000000000000000000000000000000]
[A_OUT][0000000000000000000000000000000000000000000000000000000000000000000000000000000000000000000000000000000000000000000000000000000000000000000000000000000000000000000000000000000000000000000000000000000000000000000000000000000000000000000000000000000000000000]

----------
READ ch0 ra0 bg0 b0 r3 c6|| [0] MAC GRF_B[0], GRF_A[0], EVEN_BANK, auto @ 7186
[BANK_R][ 0 0 0 0 4.625 0 0 0 0 0 0 0 0 0 0 0 ]
[CMD]00111011000100001000000000000000(MAC GRF_B[0], GRF_A[0], EVEN_BANK, auto)
[SRF][0000000000000000000000000000000000000000000000000000000000000000000000000000000000000000000000000000000000000000000000000000000000000000000000000000000000000000000000000000000000000000000000000000000000000000000000000000000000000000000000000000000000000000]
[GRF_A][0][ 1 2 1.00781 2.00781 1.01562 2.01562 1.02344 2.02344 1.03125 2.03125 1.03906 2.03906 1.04688 2.04688 1.05469 2.05469 ]
[GRF_A][1][ 1.0625 2.0625 1.07031 2.07031 1.07812 2.07812 1.08594 2.08594 1.09375 2.09375 1.10156 2.10156 1.10938 2.10938 1.11719 2.11719 ]
[GRF_A][2][ 1.125 2.125 1.13281 2.13281 1.14062 2.14062 1.14844 2.14844 1.15625 2.15625 1.16406 2.16406 1.17188 2.17188 1.17969 2.17969 ]
[GRF_A][3][ 1.1875 2.1875 1.19531 2.19531 1.20312 2.20312 1.21094 2.21094 1.21875 2.21875 1.22656 2.22656 1.23438 2.23438 1.24219 2.24219 ]
[GRF_A][4][ 1.25 2.25 1.25781 2.25781 1.26562 2.26562 1.27344 2.27344 1.28125 2.28125 1.28906 2.28906 1.29688 2.29688 1.30469 2.30469 ]
[GRF_A][5][ 1.3125 2.3125 1.32031 2.32031 1.32812 2.32812 1.33594 2.33594 1.34375 2.34375 1.35156 2.35156 1.35938 2.35938 1.36719 2.36719 ]
[GRF_A][6][ 1.375 2.375 1.38281 2.38281 1.39062 2.39062 1.39844 2.39844 1.40625 2.40625 1.41406 2.41406 1.42188 2.42188 1.42969 2.42969 ]
[GRF_A][7][ 1.4375 2.4375 1.44531 2.44531 1.45312 2.45312 1.46094 2.46094 1.46875 2.46875 1.47656 2.47656 1.48438 2.48438 1.49219 2.49219 ]
[GRF_B][0][ 41.2812 0 0 0 0 0 0 0 0 0 0 0 0 0 0 0 ]
[GRF_B][1][ 0 76.125 0 0 0 0 0 0 0 0 0 0 0 0 0 0 ]
[GRF_B][2][ 0 0 42.7812 0 0 0 0 0 0 0 0 0 0 0 0 0 ]
[GRF_B][3][ 0 0 0 78.625 0 0 0 0 0 0 0 0 0 0 0 0 ]
[GRF_B][4][ 0 0 0 0 37.5 0 0 0 0 0 0 0 0 0 0 0 ]
[GRF_B][5][ 0 0 0 0 0 0 0 0 0 0 0 0 0 0 0 0 ]
[GRF_B][6][ 0 0 0 0 0 0 0 0 0 0 0 0 0 0 0 0 ]
[GRF_B][7][ 0 0 0 0 0 0 0 0 0 0 0 0 0 0 0 0 ]
[M_OUT][0000000000000000000000000000000000000000000000000000000000000000000000000000000000000000000000000000000000000000000000000000000000000000000000000000000000000000000000000000000000000000000000000000000000000000000000000000000000000000000000000000000000000000]
[A_OUT][0000000000000000000000000000000000000000000000000000000000000000000000000000000000000000000000000000000000000000000000000000000000000000000000000000000000000000000000000000000000000000000000000000000000000000000000000000000000000000000000000000000000000000]

----------
READ ch0 ra0 bg0 b0 r3 c7|| [0] MAC GRF_B[0], GRF_A[0], EVEN_BANK, auto @ 7190
[BANK_R][ 0 0 0 0 4.6875 0 0 0 0 0 0 0 0 0 0 0 ]
[CMD]00111011000100001000000000000000(MAC GRF_B[0], GRF_A[0], EVEN_BANK, auto)
[SRF][0000000000000000000000000000000000000000000000000000000000000000000000000000000000000000000000000000000000000000000000000000000000000000000000000000000000000000000000000000000000000000000000000000000000000000000000000000000000000000000000000000000000000000]
[GRF_A][0][ 1 2 1.00781 2.00781 1.01562 2.01562 1.02344 2.02344 1.03125 2.03125 1.03906 2.03906 1.04688 2.04688 1.05469 2.05469 ]
[GRF_A][1][ 1.0625 2.0625 1.07031 2.07031 1.07812 2.07812 1.08594 2.08594 1.09375 2.09375 1.10156 2.10156 1.10938 2.10938 1.11719 2.11719 ]
[GRF_A][2][ 1.125 2.125 1.13281 2.13281 1.14062 2.14062 1.14844 2.14844 1.15625 2.15625 1.16406 2.16406 1.17188 2.17188 1.17969 2.17969 ]
[GRF_A][3][ 1.1875 2.1875 1.19531 2.19531 1.20312 2.20312 1.21094 2.21094 1.21875 2.21875 1.22656 2.22656 1.23438 2.23438 1.24219 2.24219 ]
[GRF_A][4][ 1.25 2.25 1.25781 2.25781 1.26562 2.26562 1.27344 2.27344 1.28125 2.28125 1.28906 2.28906 1.29688 2.29688 1.30469 2.30469 ]
[GRF_A][5][ 1.3125 2.3125 1.32031 2.32031 1.32812 2.32812 1.33594 2.33594 1.34375 2.34375 1.35156 2.35156 1.35938 2.35938 1.36719 2.36719 ]
[GRF_A][6][ 1.375 2.375 1.38281 2.38281 1.39062 2.39062 1.39844 2.39844 1.40625 2.40625 1.41406 2.41406 1.42188 2.42188 1.42969 2.42969 ]
[GRF_A][7][ 1.4375 2.4375 1.44531 2.44531 1.45312 2.45312 1.46094 2.46094 1.46875 2.46875 1.47656 2.47656 1.48438 2.48438 1.49219 2.49219 ]
[GRF_B][0][ 41.2812 0 0 0 0 0 0 0 0 0 0 0 0 0 0 0 ]
[GRF_B][1][ 0 76.125 0 0 0 0 0 0 0 0 0 0 0 0 0 0 ]
[GRF_B][2][ 0 0 42.7812 0 0 0 0 0 0 0 0 0 0 0 0 0 ]
[GRF_B][3][ 0 0 0 78.625 0 0 0 0 0 0 0 0 0 0 0 0 ]
[GRF_B][4][ 0 0 0 0 44.3125 0 0 0 0 0 0 0 0 0 0 0 ]
[GRF_B][5][ 0 0 0 0 0 0 0 0 0 0 0 0 0 0 0 0 ]
[GRF_B][6][ 0 0 0 0 0 0 0 0 0 0 0 0 0 0 0 0 ]
[GRF_B][7][ 0 0 0 0 0 0 0 0 0 0 0 0 0 0 0 0 ]
[M_OUT][0000000000000000000000000000000000000000000000000000000000000000000000000000000000000000000000000000000000000000000000000000000000000000000000000000000000000000000000000000000000000000000000000000000000000000000000000000000000000000000000000000000000000000]
[A_OUT][0000000000000000000000000000000000000000000000000000000000000000000000000000000000000000000000000000000000000000000000000000000000000000000000000000000000000000000000000000000000000000000000000000000000000000000000000000000000000000000000000000000000000000]

----------
READ ch0 ra0 bg0 b0 r3 c8|| [1] JUMP 7x [PC - 2] @ 7194
READ ch0 ra0 bg0 b0 r3 c8|| [0] MAC GRF_B[0], GRF_A[0], EVEN_BANK, auto @ 7194
[BANK_R][ 0 0 0 0 0 4.3125 0 0 0 0 0 0 0 0 0 0 ]
[CMD]00111011000100001000000000000000(MAC GRF_B[0], GRF_A[0], EVEN_BANK, auto)
[SRF][0000000000000000000000000000000000000000000000000000000000000000000000000000000000000000000000000000000000000000000000000000000000000000000000000000000000000000000000000000000000000000000000000000000000000000000000000000000000000000000000000000000000000000]
[GRF_A][0][ 1 2 1.00781 2.00781 1.01562 2.01562 1.02344 2.02344 1.03125 2.03125 1.03906 2.03906 1.04688 2.04688 1.05469 2.05469 ]
[GRF_A][1][ 1.0625 2.0625 1.07031 2.07031 1.07812 2.07812 1.08594 2.08594 1.09375 2.09375 1.10156 2.10156 1.10938 2.10938 1.11719 2.11719 ]
[GRF_A][2][ 1.125 2.125 1.13281 2.13281 1.14062 2.14062 1.14844 2.14844 1.15625 2.15625 1.16406 2.16406 1.17188 2.17188 1.17969 2.17969 ]
[GRF_A][3][ 1.1875 2.1875 1.19531 2.19531 1.20312 2.20312 1.21094 2.21094 1.21875 2.21875 1.22656 2.22656 1.23438 2.23438 1.24219 2.24219 ]
[GRF_A][4][ 1.25 2.25 1.25781 2.25781 1.26562 2.26562 1.27344 2.27344 1.28125 2.28125 1.28906 2.28906 1.29688 2.29688 1.30469 2.30469 ]
[GRF_A][5][ 1.3125 2.3125 1.32031 2.32031 1.32812 2.32812 1.33594 2.33594 1.34375 2.34375 1.35156 2.35156 1.35938 2.35938 1.36719 2.36719 ]
[GRF_A][6][ 1.375 2.375 1.38281 2.38281 1.39062 2.39062 1.39844 2.39844 1.40625 2.40625 1.41406 2.41406 1.42188 2.42188 1.42969 2.42969 ]
[GRF_A][7][ 1.4375 2.4375 1.44531 2.44531 1.45312 2.45312 1.46094 2.46094 1.46875 2.46875 1.47656 2.47656 1.48438 2.48438 1.49219 2.49219 ]
[GRF_B][0][ 41.2812 0 0 0 0 0 0 0 0 0 0 0 0 0 0 0 ]
[GRF_B][1][ 0 76.125 0 0 0 0 0 0 0 0 0 0 0 0 0 0 ]
[GRF_B][2][ 0 0 42.7812 0 0 0 0 0 0 0 0 0 0 0 0 0 ]
[GRF_B][3][ 0 0 0 78.625 0 0 0 0 0 0 0 0 0 0 0 0 ]
[GRF_B][4][ 0 0 0 0 44.3125 0 0 0 0 0 0 0 0 0 0 0 ]
[GRF_B][5][ 0 0 0 0 0 8.69531 0 0 0 0 0 0 0 0 0 0 ]
[GRF_B][6][ 0 0 0 0 0 0 0 0 0 0 0 0 0 0 0 0 ]
[GRF_B][7][ 0 0 0 0 0 0 0 0 0 0 0 0 0 0 0 0 ]
[M_OUT][0000000000000000000000000000000000000000000000000000000000000000000000000000000000000000000000000000000000000000000000000000000000000000000000000000000000000000000000000000000000000000000000000000000000000000000000000000000000000000000000000000000000000000]
[A_OUT][0000000000000000000000000000000000000000000000000000000000000000000000000000000000000000000000000000000000000000000000000000000000000000000000000000000000000000000000000000000000000000000000000000000000000000000000000000000000000000000000000000000000000000]

----------
READ ch0 ra0 bg0 b0 r3 c9|| [0] MAC GRF_B[0], GRF_A[0], EVEN_BANK, auto @ 7198
[BANK_R][ 0 0 0 0 0 4.375 0 0 0 0 0 0 0 0 0 0 ]
[CMD]00111011000100001000000000000000(MAC GRF_B[0], GRF_A[0], EVEN_BANK, auto)
[SRF][0000000000000000000000000000000000000000000000000000000000000000000000000000000000000000000000000000000000000000000000000000000000000000000000000000000000000000000000000000000000000000000000000000000000000000000000000000000000000000000000000000000000000000]
[GRF_A][0][ 1 2 1.00781 2.00781 1.01562 2.01562 1.02344 2.02344 1.03125 2.03125 1.03906 2.03906 1.04688 2.04688 1.05469 2.05469 ]
[GRF_A][1][ 1.0625 2.0625 1.07031 2.07031 1.07812 2.07812 1.08594 2.08594 1.09375 2.09375 1.10156 2.10156 1.10938 2.10938 1.11719 2.11719 ]
[GRF_A][2][ 1.125 2.125 1.13281 2.13281 1.14062 2.14062 1.14844 2.14844 1.15625 2.15625 1.16406 2.16406 1.17188 2.17188 1.17969 2.17969 ]
[GRF_A][3][ 1.1875 2.1875 1.19531 2.19531 1.20312 2.20312 1.21094 2.21094 1.21875 2.21875 1.22656 2.22656 1.23438 2.23438 1.24219 2.24219 ]
[GRF_A][4][ 1.25 2.25 1.25781 2.25781 1.26562 2.26562 1.27344 2.27344 1.28125 2.28125 1.28906 2.28906 1.29688 2.29688 1.30469 2.30469 ]
[GRF_A][5][ 1.3125 2.3125 1.32031 2.32031 1.32812 2.32812 1.33594 2.33594 1.34375 2.34375 1.35156 2.35156 1.35938 2.35938 1.36719 2.36719 ]
[GRF_A][6][ 1.375 2.375 1.38281 2.38281 1.39062 2.39062 1.39844 2.39844 1.40625 2.40625 1.41406 2.41406 1.42188 2.42188 1.42969 2.42969 ]
[GRF_A][7][ 1.4375 2.4375 1.44531 2.44531 1.45312 2.45312 1.46094 2.46094 1.46875 2.46875 1.47656 2.47656 1.48438 2.48438 1.49219 2.49219 ]
[GRF_B][0][ 41.2812 0 0 0 0 0 0 0 0 0 0 0 0 0 0 0 ]
[GRF_B][1][ 0 76.125 0 0 0 0 0 0 0 0 0 0 0 0 0 0 ]
[GRF_B][2][ 0 0 42.7812 0 0 0 0 0 0 0 0 0 0 0 0 0 ]
[GRF_B][3][ 0 0 0 78.625 0 0 0 0 0 0 0 0 0 0 0 0 ]
[GRF_B][4][ 0 0 0 0 44.3125 0 0 0 0 0 0 0 0 0 0 0 ]
[GRF_B][5][ 0 0 0 0 0 17.7812 0 0 0 0 0 0 0 0 0 0 ]
[GRF_B][6][ 0 0 0 0 0 0 0 0 0 0 0 0 0 0 0 0 ]
[GRF_B][7][ 0 0 0 0 0 0 0 0 0 0 0 0 0 0 0 0 ]
[M_OUT][0000000000000000000000000000000000000000000000000000000000000000000000000000000000000000000000000000000000000000000000000000000000000000000000000000000000000000000000000000000000000000000000000000000000000000000000000000000000000000000000000000000000000000]
[A_OUT][0000000000000000000000000000000000000000000000000000000000000000000000000000000000000000000000000000000000000000000000000000000000000000000000000000000000000000000000000000000000000000000000000000000000000000000000000000000000000000000000000000000000000000]

----------
READ ch0 ra0 bg0 b0 r3 c10|| [0] MAC GRF_B[0], GRF_A[0], EVEN_BANK, auto @ 7202
[BANK_R][ 0 0 0 0 0 4.4375 0 0 0 0 0 0 0 0 0 0 ]
[CMD]00111011000100001000000000000000(MAC GRF_B[0], GRF_A[0], EVEN_BANK, auto)
[SRF][0000000000000000000000000000000000000000000000000000000000000000000000000000000000000000000000000000000000000000000000000000000000000000000000000000000000000000000000000000000000000000000000000000000000000000000000000000000000000000000000000000000000000000]
[GRF_A][0][ 1 2 1.00781 2.00781 1.01562 2.01562 1.02344 2.02344 1.03125 2.03125 1.03906 2.03906 1.04688 2.04688 1.05469 2.05469 ]
[GRF_A][1][ 1.0625 2.0625 1.07031 2.07031 1.07812 2.07812 1.08594 2.08594 1.09375 2.09375 1.10156 2.10156 1.10938 2.10938 1.11719 2.11719 ]
[GRF_A][2][ 1.125 2.125 1.13281 2.13281 1.14062 2.14062 1.14844 2.14844 1.15625 2.15625 1.16406 2.16406 1.17188 2.17188 1.17969 2.17969 ]
[GRF_A][3][ 1.1875 2.1875 1.19531 2.19531 1.20312 2.20312 1.21094 2.21094 1.21875 2.21875 1.22656 2.22656 1.23438 2.23438 1.24219 2.24219 ]
[GRF_A][4][ 1.25 2.25 1.25781 2.25781 1.26562 2.26562 1.27344 2.27344 1.28125 2.28125 1.28906 2.28906 1.29688 2.29688 1.30469 2.30469 ]
[GRF_A][5][ 1.3125 2.3125 1.32031 2.32031 1.32812 2.32812 1.33594 2.33594 1.34375 2.34375 1.35156 2.35156 1.35938 2.35938 1.36719 2.36719 ]
[GRF_A][6][ 1.375 2.375 1.38281 2.38281 1.39062 2.39062 1.39844 2.39844 1.40625 2.40625 1.41406 2.41406 1.42188 2.42188 1.42969 2.42969 ]
[GRF_A][7][ 1.4375 2.4375 1.44531 2.44531 1.45312 2.45312 1.46094 2.46094 1.46875 2.46875 1.47656 2.47656 1.48438 2.48438 1.49219 2.49219 ]
[GRF_B][0][ 41.2812 0 0 0 0 0 0 0 0 0 0 0 0 0 0 0 ]
[GRF_B][1][ 0 76.125 0 0 0 0 0 0 0 0 0 0 0 0 0 0 ]
[GRF_B][2][ 0 0 42.7812 0 0 0 0 0 0 0 0 0 0 0 0 0 ]
[GRF_B][3][ 0 0 0 78.625 0 0 0 0 0 0 0 0 0 0 0 0 ]
[GRF_B][4][ 0 0 0 0 44.3125 0 0 0 0 0 0 0 0 0 0 0 ]
[GRF_B][5][ 0 0 0 0 0 27.2812 0 0 0 0 0 0 0 0 0 0 ]
[GRF_B][6][ 0 0 0 0 0 0 0 0 0 0 0 0 0 0 0 0 ]
[GRF_B][7][ 0 0 0 0 0 0 0 0 0 0 0 0 0 0 0 0 ]
[M_OUT][0000000000000000000000000000000000000000000000000000000000000000000000000000000000000000000000000000000000000000000000000000000000000000000000000000000000000000000000000000000000000000000000000000000000000000000000000000000000000000000000000000000000000000]
[A_OUT][0000000000000000000000000000000000000000000000000000000000000000000000000000000000000000000000000000000000000000000000000000000000000000000000000000000000000000000000000000000000000000000000000000000000000000000000000000000000000000000000000000000000000000]

----------
READ ch0 ra0 bg0 b0 r3 c11|| [0] MAC GRF_B[0], GRF_A[0], EVEN_BANK, auto @ 7206
[BANK_R][ 0 0 0 0 0 4.5 0 0 0 0 0 0 0 0 0 0 ]
[CMD]00111011000100001000000000000000(MAC GRF_B[0], GRF_A[0], EVEN_BANK, auto)
[SRF][0000000000000000000000000000000000000000000000000000000000000000000000000000000000000000000000000000000000000000000000000000000000000000000000000000000000000000000000000000000000000000000000000000000000000000000000000000000000000000000000000000000000000000]
[GRF_A][0][ 1 2 1.00781 2.00781 1.01562 2.01562 1.02344 2.02344 1.03125 2.03125 1.03906 2.03906 1.04688 2.04688 1.05469 2.05469 ]
[GRF_A][1][ 1.0625 2.0625 1.07031 2.07031 1.07812 2.07812 1.08594 2.08594 1.09375 2.09375 1.10156 2.10156 1.10938 2.10938 1.11719 2.11719 ]
[GRF_A][2][ 1.125 2.125 1.13281 2.13281 1.14062 2.14062 1.14844 2.14844 1.15625 2.15625 1.16406 2.16406 1.17188 2.17188 1.17969 2.17969 ]
[GRF_A][3][ 1.1875 2.1875 1.19531 2.19531 1.20312 2.20312 1.21094 2.21094 1.21875 2.21875 1.22656 2.22656 1.23438 2.23438 1.24219 2.24219 ]
[GRF_A][4][ 1.25 2.25 1.25781 2.25781 1.26562 2.26562 1.27344 2.27344 1.28125 2.28125 1.28906 2.28906 1.29688 2.29688 1.30469 2.30469 ]
[GRF_A][5][ 1.3125 2.3125 1.32031 2.32031 1.32812 2.32812 1.33594 2.33594 1.34375 2.34375 1.35156 2.35156 1.35938 2.35938 1.36719 2.36719 ]
[GRF_A][6][ 1.375 2.375 1.38281 2.38281 1.39062 2.39062 1.39844 2.39844 1.40625 2.40625 1.41406 2.41406 1.42188 2.42188 1.42969 2.42969 ]
[GRF_A][7][ 1.4375 2.4375 1.44531 2.44531 1.45312 2.45312 1.46094 2.46094 1.46875 2.46875 1.47656 2.47656 1.48438 2.48438 1.49219 2.49219 ]
[GRF_B][0][ 41.2812 0 0 0 0 0 0 0 0 0 0 0 0 0 0 0 ]
[GRF_B][1][ 0 76.125 0 0 0 0 0 0 0 0 0 0 0 0 0 0 ]
[GRF_B][2][ 0 0 42.7812 0 0 0 0 0 0 0 0 0 0 0 0 0 ]
[GRF_B][3][ 0 0 0 78.625 0 0 0 0 0 0 0 0 0 0 0 0 ]
[GRF_B][4][ 0 0 0 0 44.3125 0 0 0 0 0 0 0 0 0 0 0 ]
[GRF_B][5][ 0 0 0 0 0 37.1875 0 0 0 0 0 0 0 0 0 0 ]
[GRF_B][6][ 0 0 0 0 0 0 0 0 0 0 0 0 0 0 0 0 ]
[GRF_B][7][ 0 0 0 0 0 0 0 0 0 0 0 0 0 0 0 0 ]
[M_OUT][0000000000000000000000000000000000000000000000000000000000000000000000000000000000000000000000000000000000000000000000000000000000000000000000000000000000000000000000000000000000000000000000000000000000000000000000000000000000000000000000000000000000000000]
[A_OUT][0000000000000000000000000000000000000000000000000000000000000000000000000000000000000000000000000000000000000000000000000000000000000000000000000000000000000000000000000000000000000000000000000000000000000000000000000000000000000000000000000000000000000000]

----------
READ ch0 ra0 bg0 b0 r3 c12|| [0] MAC GRF_B[0], GRF_A[0], EVEN_BANK, auto @ 7210
[BANK_R][ 0 0 0 0 0 4.5625 0 0 0 0 0 0 0 0 0 0 ]
[CMD]00111011000100001000000000000000(MAC GRF_B[0], GRF_A[0], EVEN_BANK, auto)
[SRF][0000000000000000000000000000000000000000000000000000000000000000000000000000000000000000000000000000000000000000000000000000000000000000000000000000000000000000000000000000000000000000000000000000000000000000000000000000000000000000000000000000000000000000]
[GRF_A][0][ 1 2 1.00781 2.00781 1.01562 2.01562 1.02344 2.02344 1.03125 2.03125 1.03906 2.03906 1.04688 2.04688 1.05469 2.05469 ]
[GRF_A][1][ 1.0625 2.0625 1.07031 2.07031 1.07812 2.07812 1.08594 2.08594 1.09375 2.09375 1.10156 2.10156 1.10938 2.10938 1.11719 2.11719 ]
[GRF_A][2][ 1.125 2.125 1.13281 2.13281 1.14062 2.14062 1.14844 2.14844 1.15625 2.15625 1.16406 2.16406 1.17188 2.17188 1.17969 2.17969 ]
[GRF_A][3][ 1.1875 2.1875 1.19531 2.19531 1.20312 2.20312 1.21094 2.21094 1.21875 2.21875 1.22656 2.22656 1.23438 2.23438 1.24219 2.24219 ]
[GRF_A][4][ 1.25 2.25 1.25781 2.25781 1.26562 2.26562 1.27344 2.27344 1.28125 2.28125 1.28906 2.28906 1.29688 2.29688 1.30469 2.30469 ]
[GRF_A][5][ 1.3125 2.3125 1.32031 2.32031 1.32812 2.32812 1.33594 2.33594 1.34375 2.34375 1.35156 2.35156 1.35938 2.35938 1.36719 2.36719 ]
[GRF_A][6][ 1.375 2.375 1.38281 2.38281 1.39062 2.39062 1.39844 2.39844 1.40625 2.40625 1.41406 2.41406 1.42188 2.42188 1.42969 2.42969 ]
[GRF_A][7][ 1.4375 2.4375 1.44531 2.44531 1.45312 2.45312 1.46094 2.46094 1.46875 2.46875 1.47656 2.47656 1.48438 2.48438 1.49219 2.49219 ]
[GRF_B][0][ 41.2812 0 0 0 0 0 0 0 0 0 0 0 0 0 0 0 ]
[GRF_B][1][ 0 76.125 0 0 0 0 0 0 0 0 0 0 0 0 0 0 ]
[GRF_B][2][ 0 0 42.7812 0 0 0 0 0 0 0 0 0 0 0 0 0 ]
[GRF_B][3][ 0 0 0 78.625 0 0 0 0 0 0 0 0 0 0 0 0 ]
[GRF_B][4][ 0 0 0 0 44.3125 0 0 0 0 0 0 0 0 0 0 0 ]
[GRF_B][5][ 0 0 0 0 0 47.5312 0 0 0 0 0 0 0 0 0 0 ]
[GRF_B][6][ 0 0 0 0 0 0 0 0 0 0 0 0 0 0 0 0 ]
[GRF_B][7][ 0 0 0 0 0 0 0 0 0 0 0 0 0 0 0 0 ]
[M_OUT][0000000000000000000000000000000000000000000000000000000000000000000000000000000000000000000000000000000000000000000000000000000000000000000000000000000000000000000000000000000000000000000000000000000000000000000000000000000000000000000000000000000000000000]
[A_OUT][0000000000000000000000000000000000000000000000000000000000000000000000000000000000000000000000000000000000000000000000000000000000000000000000000000000000000000000000000000000000000000000000000000000000000000000000000000000000000000000000000000000000000000]

----------
READ ch0 ra0 bg0 b0 r3 c13|| [0] MAC GRF_B[0], GRF_A[0], EVEN_BANK, auto @ 7214
[BANK_R][ 0 0 0 0 0 4.625 0 0 0 0 0 0 0 0 0 0 ]
[CMD]00111011000100001000000000000000(MAC GRF_B[0], GRF_A[0], EVEN_BANK, auto)
[SRF][0000000000000000000000000000000000000000000000000000000000000000000000000000000000000000000000000000000000000000000000000000000000000000000000000000000000000000000000000000000000000000000000000000000000000000000000000000000000000000000000000000000000000000]
[GRF_A][0][ 1 2 1.00781 2.00781 1.01562 2.01562 1.02344 2.02344 1.03125 2.03125 1.03906 2.03906 1.04688 2.04688 1.05469 2.05469 ]
[GRF_A][1][ 1.0625 2.0625 1.07031 2.07031 1.07812 2.07812 1.08594 2.08594 1.09375 2.09375 1.10156 2.10156 1.10938 2.10938 1.11719 2.11719 ]
[GRF_A][2][ 1.125 2.125 1.13281 2.13281 1.14062 2.14062 1.14844 2.14844 1.15625 2.15625 1.16406 2.16406 1.17188 2.17188 1.17969 2.17969 ]
[GRF_A][3][ 1.1875 2.1875 1.19531 2.19531 1.20312 2.20312 1.21094 2.21094 1.21875 2.21875 1.22656 2.22656 1.23438 2.23438 1.24219 2.24219 ]
[GRF_A][4][ 1.25 2.25 1.25781 2.25781 1.26562 2.26562 1.27344 2.27344 1.28125 2.28125 1.28906 2.28906 1.29688 2.29688 1.30469 2.30469 ]
[GRF_A][5][ 1.3125 2.3125 1.32031 2.32031 1.32812 2.32812 1.33594 2.33594 1.34375 2.34375 1.35156 2.35156 1.35938 2.35938 1.36719 2.36719 ]
[GRF_A][6][ 1.375 2.375 1.38281 2.38281 1.39062 2.39062 1.39844 2.39844 1.40625 2.40625 1.41406 2.41406 1.42188 2.42188 1.42969 2.42969 ]
[GRF_A][7][ 1.4375 2.4375 1.44531 2.44531 1.45312 2.45312 1.46094 2.46094 1.46875 2.46875 1.47656 2.47656 1.48438 2.48438 1.49219 2.49219 ]
[GRF_B][0][ 41.2812 0 0 0 0 0 0 0 0 0 0 0 0 0 0 0 ]
[GRF_B][1][ 0 76.125 0 0 0 0 0 0 0 0 0 0 0 0 0 0 ]
[GRF_B][2][ 0 0 42.7812 0 0 0 0 0 0 0 0 0 0 0 0 0 ]
[GRF_B][3][ 0 0 0 78.625 0 0 0 0 0 0 0 0 0 0 0 0 ]
[GRF_B][4][ 0 0 0 0 44.3125 0 0 0 0 0 0 0 0 0 0 0 ]
[GRF_B][5][ 0 0 0 0 0 58.3125 0 0 0 0 0 0 0 0 0 0 ]
[GRF_B][6][ 0 0 0 0 0 0 0 0 0 0 0 0 0 0 0 0 ]
[GRF_B][7][ 0 0 0 0 0 0 0 0 0 0 0 0 0 0 0 0 ]
[M_OUT][0000000000000000000000000000000000000000000000000000000000000000000000000000000000000000000000000000000000000000000000000000000000000000000000000000000000000000000000000000000000000000000000000000000000000000000000000000000000000000000000000000000000000000]
[A_OUT][0000000000000000000000000000000000000000000000000000000000000000000000000000000000000000000000000000000000000000000000000000000000000000000000000000000000000000000000000000000000000000000000000000000000000000000000000000000000000000000000000000000000000000]

----------
READ ch0 ra0 bg0 b0 r3 c14|| [0] MAC GRF_B[0], GRF_A[0], EVEN_BANK, auto @ 7218
[BANK_R][ 0 0 0 0 0 4.6875 0 0 0 0 0 0 0 0 0 0 ]
[CMD]00111011000100001000000000000000(MAC GRF_B[0], GRF_A[0], EVEN_BANK, auto)
[SRF][0000000000000000000000000000000000000000000000000000000000000000000000000000000000000000000000000000000000000000000000000000000000000000000000000000000000000000000000000000000000000000000000000000000000000000000000000000000000000000000000000000000000000000]
[GRF_A][0][ 1 2 1.00781 2.00781 1.01562 2.01562 1.02344 2.02344 1.03125 2.03125 1.03906 2.03906 1.04688 2.04688 1.05469 2.05469 ]
[GRF_A][1][ 1.0625 2.0625 1.07031 2.07031 1.07812 2.07812 1.08594 2.08594 1.09375 2.09375 1.10156 2.10156 1.10938 2.10938 1.11719 2.11719 ]
[GRF_A][2][ 1.125 2.125 1.13281 2.13281 1.14062 2.14062 1.14844 2.14844 1.15625 2.15625 1.16406 2.16406 1.17188 2.17188 1.17969 2.17969 ]
[GRF_A][3][ 1.1875 2.1875 1.19531 2.19531 1.20312 2.20312 1.21094 2.21094 1.21875 2.21875 1.22656 2.22656 1.23438 2.23438 1.24219 2.24219 ]
[GRF_A][4][ 1.25 2.25 1.25781 2.25781 1.26562 2.26562 1.27344 2.27344 1.28125 2.28125 1.28906 2.28906 1.29688 2.29688 1.30469 2.30469 ]
[GRF_A][5][ 1.3125 2.3125 1.32031 2.32031 1.32812 2.32812 1.33594 2.33594 1.34375 2.34375 1.35156 2.35156 1.35938 2.35938 1.36719 2.36719 ]
[GRF_A][6][ 1.375 2.375 1.38281 2.38281 1.39062 2.39062 1.39844 2.39844 1.40625 2.40625 1.41406 2.41406 1.42188 2.42188 1.42969 2.42969 ]
[GRF_A][7][ 1.4375 2.4375 1.44531 2.44531 1.45312 2.45312 1.46094 2.46094 1.46875 2.46875 1.47656 2.47656 1.48438 2.48438 1.49219 2.49219 ]
[GRF_B][0][ 41.2812 0 0 0 0 0 0 0 0 0 0 0 0 0 0 0 ]
[GRF_B][1][ 0 76.125 0 0 0 0 0 0 0 0 0 0 0 0 0 0 ]
[GRF_B][2][ 0 0 42.7812 0 0 0 0 0 0 0 0 0 0 0 0 0 ]
[GRF_B][3][ 0 0 0 78.625 0 0 0 0 0 0 0 0 0 0 0 0 ]
[GRF_B][4][ 0 0 0 0 44.3125 0 0 0 0 0 0 0 0 0 0 0 ]
[GRF_B][5][ 0 0 0 0 0 69.5 0 0 0 0 0 0 0 0 0 0 ]
[GRF_B][6][ 0 0 0 0 0 0 0 0 0 0 0 0 0 0 0 0 ]
[GRF_B][7][ 0 0 0 0 0 0 0 0 0 0 0 0 0 0 0 0 ]
[M_OUT][0000000000000000000000000000000000000000000000000000000000000000000000000000000000000000000000000000000000000000000000000000000000000000000000000000000000000000000000000000000000000000000000000000000000000000000000000000000000000000000000000000000000000000]
[A_OUT][0000000000000000000000000000000000000000000000000000000000000000000000000000000000000000000000000000000000000000000000000000000000000000000000000000000000000000000000000000000000000000000000000000000000000000000000000000000000000000000000000000000000000000]

----------
READ ch0 ra0 bg0 b0 r3 c15|| [0] MAC GRF_B[0], GRF_A[0], EVEN_BANK, auto @ 7222
[BANK_R][ 0 0 0 0 0 4.75 0 0 0 0 0 0 0 0 0 0 ]
[CMD]00111011000100001000000000000000(MAC GRF_B[0], GRF_A[0], EVEN_BANK, auto)
[SRF][0000000000000000000000000000000000000000000000000000000000000000000000000000000000000000000000000000000000000000000000000000000000000000000000000000000000000000000000000000000000000000000000000000000000000000000000000000000000000000000000000000000000000000]
[GRF_A][0][ 1 2 1.00781 2.00781 1.01562 2.01562 1.02344 2.02344 1.03125 2.03125 1.03906 2.03906 1.04688 2.04688 1.05469 2.05469 ]
[GRF_A][1][ 1.0625 2.0625 1.07031 2.07031 1.07812 2.07812 1.08594 2.08594 1.09375 2.09375 1.10156 2.10156 1.10938 2.10938 1.11719 2.11719 ]
[GRF_A][2][ 1.125 2.125 1.13281 2.13281 1.14062 2.14062 1.14844 2.14844 1.15625 2.15625 1.16406 2.16406 1.17188 2.17188 1.17969 2.17969 ]
[GRF_A][3][ 1.1875 2.1875 1.19531 2.19531 1.20312 2.20312 1.21094 2.21094 1.21875 2.21875 1.22656 2.22656 1.23438 2.23438 1.24219 2.24219 ]
[GRF_A][4][ 1.25 2.25 1.25781 2.25781 1.26562 2.26562 1.27344 2.27344 1.28125 2.28125 1.28906 2.28906 1.29688 2.29688 1.30469 2.30469 ]
[GRF_A][5][ 1.3125 2.3125 1.32031 2.32031 1.32812 2.32812 1.33594 2.33594 1.34375 2.34375 1.35156 2.35156 1.35938 2.35938 1.36719 2.36719 ]
[GRF_A][6][ 1.375 2.375 1.38281 2.38281 1.39062 2.39062 1.39844 2.39844 1.40625 2.40625 1.41406 2.41406 1.42188 2.42188 1.42969 2.42969 ]
[GRF_A][7][ 1.4375 2.4375 1.44531 2.44531 1.45312 2.45312 1.46094 2.46094 1.46875 2.46875 1.47656 2.47656 1.48438 2.48438 1.49219 2.49219 ]
[GRF_B][0][ 41.2812 0 0 0 0 0 0 0 0 0 0 0 0 0 0 0 ]
[GRF_B][1][ 0 76.125 0 0 0 0 0 0 0 0 0 0 0 0 0 0 ]
[GRF_B][2][ 0 0 42.7812 0 0 0 0 0 0 0 0 0 0 0 0 0 ]
[GRF_B][3][ 0 0 0 78.625 0 0 0 0 0 0 0 0 0 0 0 0 ]
[GRF_B][4][ 0 0 0 0 44.3125 0 0 0 0 0 0 0 0 0 0 0 ]
[GRF_B][5][ 0 0 0 0 0 81.125 0 0 0 0 0 0 0 0 0 0 ]
[GRF_B][6][ 0 0 0 0 0 0 0 0 0 0 0 0 0 0 0 0 ]
[GRF_B][7][ 0 0 0 0 0 0 0 0 0 0 0 0 0 0 0 0 ]
[M_OUT][0000000000000000000000000000000000000000000000000000000000000000000000000000000000000000000000000000000000000000000000000000000000000000000000000000000000000000000000000000000000000000000000000000000000000000000000000000000000000000000000000000000000000000]
[A_OUT][0000000000000000000000000000000000000000000000000000000000000000000000000000000000000000000000000000000000000000000000000000000000000000000000000000000000000000000000000000000000000000000000000000000000000000000000000000000000000000000000000000000000000000]

----------
READ ch0 ra0 bg0 b0 r3 c16|| [1] JUMP 7x [PC - 2] @ 7226
READ ch0 ra0 bg0 b0 r3 c16|| [0] MAC GRF_B[0], GRF_A[0], EVEN_BANK, auto @ 7226
[BANK_R][ 0 0 0 0 0 0 4.375 0 0 0 0 0 0 0 0 0 ]
[CMD]00111011000100001000000000000000(MAC GRF_B[0], GRF_A[0], EVEN_BANK, auto)
[SRF][0000000000000000000000000000000000000000000000000000000000000000000000000000000000000000000000000000000000000000000000000000000000000000000000000000000000000000000000000000000000000000000000000000000000000000000000000000000000000000000000000000000000000000]
[GRF_A][0][ 1 2 1.00781 2.00781 1.01562 2.01562 1.02344 2.02344 1.03125 2.03125 1.03906 2.03906 1.04688 2.04688 1.05469 2.05469 ]
[GRF_A][1][ 1.0625 2.0625 1.07031 2.07031 1.07812 2.07812 1.08594 2.08594 1.09375 2.09375 1.10156 2.10156 1.10938 2.10938 1.11719 2.11719 ]
[GRF_A][2][ 1.125 2.125 1.13281 2.13281 1.14062 2.14062 1.14844 2.14844 1.15625 2.15625 1.16406 2.16406 1.17188 2.17188 1.17969 2.17969 ]
[GRF_A][3][ 1.1875 2.1875 1.19531 2.19531 1.20312 2.20312 1.21094 2.21094 1.21875 2.21875 1.22656 2.22656 1.23438 2.23438 1.24219 2.24219 ]
[GRF_A][4][ 1.25 2.25 1.25781 2.25781 1.26562 2.26562 1.27344 2.27344 1.28125 2.28125 1.28906 2.28906 1.29688 2.29688 1.30469 2.30469 ]
[GRF_A][5][ 1.3125 2.3125 1.32031 2.32031 1.32812 2.32812 1.33594 2.33594 1.34375 2.34375 1.35156 2.35156 1.35938 2.35938 1.36719 2.36719 ]
[GRF_A][6][ 1.375 2.375 1.38281 2.38281 1.39062 2.39062 1.39844 2.39844 1.40625 2.40625 1.41406 2.41406 1.42188 2.42188 1.42969 2.42969 ]
[GRF_A][7][ 1.4375 2.4375 1.44531 2.44531 1.45312 2.45312 1.46094 2.46094 1.46875 2.46875 1.47656 2.47656 1.48438 2.48438 1.49219 2.49219 ]
[GRF_B][0][ 41.2812 0 0 0 0 0 0 0 0 0 0 0 0 0 0 0 ]
[GRF_B][1][ 0 76.125 0 0 0 0 0 0 0 0 0 0 0 0 0 0 ]
[GRF_B][2][ 0 0 42.7812 0 0 0 0 0 0 0 0 0 0 0 0 0 ]
[GRF_B][3][ 0 0 0 78.625 0 0 0 0 0 0 0 0 0 0 0 0 ]
[GRF_B][4][ 0 0 0 0 44.3125 0 0 0 0 0 0 0 0 0 0 0 ]
[GRF_B][5][ 0 0 0 0 0 81.125 0 0 0 0 0 0 0 0 0 0 ]
[GRF_B][6][ 0 0 0 0 0 0 4.47656 0 0 0 0 0 0 0 0 0 ]
[GRF_B][7][ 0 0 0 0 0 0 0 0 0 0 0 0 0 0 0 0 ]
[M_OUT][0000000000000000000000000000000000000000000000000000000000000000000000000000000000000000000000000000000000000000000000000000000000000000000000000000000000000000000000000000000000000000000000000000000000000000000000000000000000000000000000000000000000000000]
[A_OUT][0000000000000000000000000000000000000000000000000000000000000000000000000000000000000000000000000000000000000000000000000000000000000000000000000000000000000000000000000000000000000000000000000000000000000000000000000000000000000000000000000000000000000000]

----------
READ ch0 ra0 bg0 b0 r3 c17|| [0] MAC GRF_B[0], GRF_A[0], EVEN_BANK, auto @ 7230
[BANK_R][ 0 0 0 0 0 0 4.4375 0 0 0 0 0 0 0 0 0 ]
[CMD]00111011000100001000000000000000(MAC GRF_B[0], GRF_A[0], EVEN_BANK, auto)
[SRF][0000000000000000000000000000000000000000000000000000000000000000000000000000000000000000000000000000000000000000000000000000000000000000000000000000000000000000000000000000000000000000000000000000000000000000000000000000000000000000000000000000000000000000]
[GRF_A][0][ 1 2 1.00781 2.00781 1.01562 2.01562 1.02344 2.02344 1.03125 2.03125 1.03906 2.03906 1.04688 2.04688 1.05469 2.05469 ]
[GRF_A][1][ 1.0625 2.0625 1.07031 2.07031 1.07812 2.07812 1.08594 2.08594 1.09375 2.09375 1.10156 2.10156 1.10938 2.10938 1.11719 2.11719 ]
[GRF_A][2][ 1.125 2.125 1.13281 2.13281 1.14062 2.14062 1.14844 2.14844 1.15625 2.15625 1.16406 2.16406 1.17188 2.17188 1.17969 2.17969 ]
[GRF_A][3][ 1.1875 2.1875 1.19531 2.19531 1.20312 2.20312 1.21094 2.21094 1.21875 2.21875 1.22656 2.22656 1.23438 2.23438 1.24219 2.24219 ]
[GRF_A][4][ 1.25 2.25 1.25781 2.25781 1.26562 2.26562 1.27344 2.27344 1.28125 2.28125 1.28906 2.28906 1.29688 2.29688 1.30469 2.30469 ]
[GRF_A][5][ 1.3125 2.3125 1.32031 2.32031 1.32812 2.32812 1.33594 2.33594 1.34375 2.34375 1.35156 2.35156 1.35938 2.35938 1.36719 2.36719 ]
[GRF_A][6][ 1.375 2.375 1.38281 2.38281 1.39062 2.39062 1.39844 2.39844 1.40625 2.40625 1.41406 2.41406 1.42188 2.42188 1.42969 2.42969 ]
[GRF_A][7][ 1.4375 2.4375 1.44531 2.44531 1.45312 2.45312 1.46094 2.46094 1.46875 2.46875 1.47656 2.47656 1.48438 2.48438 1.49219 2.49219 ]
[GRF_B][0][ 41.2812 0 0 0 0 0 0 0 0 0 0 0 0 0 0 0 ]
[GRF_B][1][ 0 76.125 0 0 0 0 0 0 0 0 0 0 0 0 0 0 ]
[GRF_B][2][ 0 0 42.7812 0 0 0 0 0 0 0 0 0 0 0 0 0 ]
[GRF_B][3][ 0 0 0 78.625 0 0 0 0 0 0 0 0 0 0 0 0 ]
[GRF_B][4][ 0 0 0 0 44.3125 0 0 0 0 0 0 0 0 0 0 0 ]
[GRF_B][5][ 0 0 0 0 0 81.125 0 0 0 0 0 0 0 0 0 0 ]
[GRF_B][6][ 0 0 0 0 0 0 9.29688 0 0 0 0 0 0 0 0 0 ]
[GRF_B][7][ 0 0 0 0 0 0 0 0 0 0 0 0 0 0 0 0 ]
[M_OUT][0000000000000000000000000000000000000000000000000000000000000000000000000000000000000000000000000000000000000000000000000000000000000000000000000000000000000000000000000000000000000000000000000000000000000000000000000000000000000000000000000000000000000000]
[A_OUT][0000000000000000000000000000000000000000000000000000000000000000000000000000000000000000000000000000000000000000000000000000000000000000000000000000000000000000000000000000000000000000000000000000000000000000000000000000000000000000000000000000000000000000]

----------
READ ch0 ra0 bg0 b0 r3 c18|| [0] MAC GRF_B[0], GRF_A[0], EVEN_BANK, auto @ 7234
[BANK_R][ 0 0 0 0 0 0 4.5 0 0 0 0 0 0 0 0 0 ]
[CMD]00111011000100001000000000000000(MAC GRF_B[0], GRF_A[0], EVEN_BANK, auto)
[SRF][0000000000000000000000000000000000000000000000000000000000000000000000000000000000000000000000000000000000000000000000000000000000000000000000000000000000000000000000000000000000000000000000000000000000000000000000000000000000000000000000000000000000000000]
[GRF_A][0][ 1 2 1.00781 2.00781 1.01562 2.01562 1.02344 2.02344 1.03125 2.03125 1.03906 2.03906 1.04688 2.04688 1.05469 2.05469 ]
[GRF_A][1][ 1.0625 2.0625 1.07031 2.07031 1.07812 2.07812 1.08594 2.08594 1.09375 2.09375 1.10156 2.10156 1.10938 2.10938 1.11719 2.11719 ]
[GRF_A][2][ 1.125 2.125 1.13281 2.13281 1.14062 2.14062 1.14844 2.14844 1.15625 2.15625 1.16406 2.16406 1.17188 2.17188 1.17969 2.17969 ]
[GRF_A][3][ 1.1875 2.1875 1.19531 2.19531 1.20312 2.20312 1.21094 2.21094 1.21875 2.21875 1.22656 2.22656 1.23438 2.23438 1.24219 2.24219 ]
[GRF_A][4][ 1.25 2.25 1.25781 2.25781 1.26562 2.26562 1.27344 2.27344 1.28125 2.28125 1.28906 2.28906 1.29688 2.29688 1.30469 2.30469 ]
[GRF_A][5][ 1.3125 2.3125 1.32031 2.32031 1.32812 2.32812 1.33594 2.33594 1.34375 2.34375 1.35156 2.35156 1.35938 2.35938 1.36719 2.36719 ]
[GRF_A][6][ 1.375 2.375 1.38281 2.38281 1.39062 2.39062 1.39844 2.39844 1.40625 2.40625 1.41406 2.41406 1.42188 2.42188 1.42969 2.42969 ]
[GRF_A][7][ 1.4375 2.4375 1.44531 2.44531 1.45312 2.45312 1.46094 2.46094 1.46875 2.46875 1.47656 2.47656 1.48438 2.48438 1.49219 2.49219 ]
[GRF_B][0][ 41.2812 0 0 0 0 0 0 0 0 0 0 0 0 0 0 0 ]
[GRF_B][1][ 0 76.125 0 0 0 0 0 0 0 0 0 0 0 0 0 0 ]
[GRF_B][2][ 0 0 42.7812 0 0 0 0 0 0 0 0 0 0 0 0 0 ]
[GRF_B][3][ 0 0 0 78.625 0 0 0 0 0 0 0 0 0 0 0 0 ]
[GRF_B][4][ 0 0 0 0 44.3125 0 0 0 0 0 0 0 0 0 0 0 ]
[GRF_B][5][ 0 0 0 0 0 81.125 0 0 0 0 0 0 0 0 0 0 ]
[GRF_B][6][ 0 0 0 0 0 0 14.4688 0 0 0 0 0 0 0 0 0 ]
[GRF_B][7][ 0 0 0 0 0 0 0 0 0 0 0 0 0 0 0 0 ]
[M_OUT][0000000000000000000000000000000000000000000000000000000000000000000000000000000000000000000000000000000000000000000000000000000000000000000000000000000000000000000000000000000000000000000000000000000000000000000000000000000000000000000000000000000000000000]
[A_OUT][0000000000000000000000000000000000000000000000000000000000000000000000000000000000000000000000000000000000000000000000000000000000000000000000000000000000000000000000000000000000000000000000000000000000000000000000000000000000000000000000000000000000000000]

----------
READ ch0 ra0 bg0 b0 r3 c19|| [0] MAC GRF_B[0], GRF_A[0], EVEN_BANK, auto @ 7238
[BANK_R][ 0 0 0 0 0 0 4.5625 0 0 0 0 0 0 0 0 0 ]
[CMD]00111011000100001000000000000000(MAC GRF_B[0], GRF_A[0], EVEN_BANK, auto)
[SRF][0000000000000000000000000000000000000000000000000000000000000000000000000000000000000000000000000000000000000000000000000000000000000000000000000000000000000000000000000000000000000000000000000000000000000000000000000000000000000000000000000000000000000000]
[GRF_A][0][ 1 2 1.00781 2.00781 1.01562 2.01562 1.02344 2.02344 1.03125 2.03125 1.03906 2.03906 1.04688 2.04688 1.05469 2.05469 ]
[GRF_A][1][ 1.0625 2.0625 1.07031 2.07031 1.07812 2.07812 1.08594 2.08594 1.09375 2.09375 1.10156 2.10156 1.10938 2.10938 1.11719 2.11719 ]
[GRF_A][2][ 1.125 2.125 1.13281 2.13281 1.14062 2.14062 1.14844 2.14844 1.15625 2.15625 1.16406 2.16406 1.17188 2.17188 1.17969 2.17969 ]
[GRF_A][3][ 1.1875 2.1875 1.19531 2.19531 1.20312 2.20312 1.21094 2.21094 1.21875 2.21875 1.22656 2.22656 1.23438 2.23438 1.24219 2.24219 ]
[GRF_A][4][ 1.25 2.25 1.25781 2.25781 1.26562 2.26562 1.27344 2.27344 1.28125 2.28125 1.28906 2.28906 1.29688 2.29688 1.30469 2.30469 ]
[GRF_A][5][ 1.3125 2.3125 1.32031 2.32031 1.32812 2.32812 1.33594 2.33594 1.34375 2.34375 1.35156 2.35156 1.35938 2.35938 1.36719 2.36719 ]
[GRF_A][6][ 1.375 2.375 1.38281 2.38281 1.39062 2.39062 1.39844 2.39844 1.40625 2.40625 1.41406 2.41406 1.42188 2.42188 1.42969 2.42969 ]
[GRF_A][7][ 1.4375 2.4375 1.44531 2.44531 1.45312 2.45312 1.46094 2.46094 1.46875 2.46875 1.47656 2.47656 1.48438 2.48438 1.49219 2.49219 ]
[GRF_B][0][ 41.2812 0 0 0 0 0 0 0 0 0 0 0 0 0 0 0 ]
[GRF_B][1][ 0 76.125 0 0 0 0 0 0 0 0 0 0 0 0 0 0 ]
[GRF_B][2][ 0 0 42.7812 0 0 0 0 0 0 0 0 0 0 0 0 0 ]
[GRF_B][3][ 0 0 0 78.625 0 0 0 0 0 0 0 0 0 0 0 0 ]
[GRF_B][4][ 0 0 0 0 44.3125 0 0 0 0 0 0 0 0 0 0 0 ]
[GRF_B][5][ 0 0 0 0 0 81.125 0 0 0 0 0 0 0 0 0 0 ]
[GRF_B][6][ 0 0 0 0 0 0 20 0 0 0 0 0 0 0 0 0 ]
[GRF_B][7][ 0 0 0 0 0 0 0 0 0 0 0 0 0 0 0 0 ]
[M_OUT][0000000000000000000000000000000000000000000000000000000000000000000000000000000000000000000000000000000000000000000000000000000000000000000000000000000000000000000000000000000000000000000000000000000000000000000000000000000000000000000000000000000000000000]
[A_OUT][0000000000000000000000000000000000000000000000000000000000000000000000000000000000000000000000000000000000000000000000000000000000000000000000000000000000000000000000000000000000000000000000000000000000000000000000000000000000000000000000000000000000000000]

----------
READ ch0 ra0 bg0 b0 r3 c20|| [0] MAC GRF_B[0], GRF_A[0], EVEN_BANK, auto @ 7242
[BANK_R][ 0 0 0 0 0 0 4.625 0 0 0 0 0 0 0 0 0 ]
[CMD]00111011000100001000000000000000(MAC GRF_B[0], GRF_A[0], EVEN_BANK, auto)
[SRF][0000000000000000000000000000000000000000000000000000000000000000000000000000000000000000000000000000000000000000000000000000000000000000000000000000000000000000000000000000000000000000000000000000000000000000000000000000000000000000000000000000000000000000]
[GRF_A][0][ 1 2 1.00781 2.00781 1.01562 2.01562 1.02344 2.02344 1.03125 2.03125 1.03906 2.03906 1.04688 2.04688 1.05469 2.05469 ]
[GRF_A][1][ 1.0625 2.0625 1.07031 2.07031 1.07812 2.07812 1.08594 2.08594 1.09375 2.09375 1.10156 2.10156 1.10938 2.10938 1.11719 2.11719 ]
[GRF_A][2][ 1.125 2.125 1.13281 2.13281 1.14062 2.14062 1.14844 2.14844 1.15625 2.15625 1.16406 2.16406 1.17188 2.17188 1.17969 2.17969 ]
[GRF_A][3][ 1.1875 2.1875 1.19531 2.19531 1.20312 2.20312 1.21094 2.21094 1.21875 2.21875 1.22656 2.22656 1.23438 2.23438 1.24219 2.24219 ]
[GRF_A][4][ 1.25 2.25 1.25781 2.25781 1.26562 2.26562 1.27344 2.27344 1.28125 2.28125 1.28906 2.28906 1.29688 2.29688 1.30469 2.30469 ]
[GRF_A][5][ 1.3125 2.3125 1.32031 2.32031 1.32812 2.32812 1.33594 2.33594 1.34375 2.34375 1.35156 2.35156 1.35938 2.35938 1.36719 2.36719 ]
[GRF_A][6][ 1.375 2.375 1.38281 2.38281 1.39062 2.39062 1.39844 2.39844 1.40625 2.40625 1.41406 2.41406 1.42188 2.42188 1.42969 2.42969 ]
[GRF_A][7][ 1.4375 2.4375 1.44531 2.44531 1.45312 2.45312 1.46094 2.46094 1.46875 2.46875 1.47656 2.47656 1.48438 2.48438 1.49219 2.49219 ]
[GRF_B][0][ 41.2812 0 0 0 0 0 0 0 0 0 0 0 0 0 0 0 ]
[GRF_B][1][ 0 76.125 0 0 0 0 0 0 0 0 0 0 0 0 0 0 ]
[GRF_B][2][ 0 0 42.7812 0 0 0 0 0 0 0 0 0 0 0 0 0 ]
[GRF_B][3][ 0 0 0 78.625 0 0 0 0 0 0 0 0 0 0 0 0 ]
[GRF_B][4][ 0 0 0 0 44.3125 0 0 0 0 0 0 0 0 0 0 0 ]
[GRF_B][5][ 0 0 0 0 0 81.125 0 0 0 0 0 0 0 0 0 0 ]
[GRF_B][6][ 0 0 0 0 0 0 25.8906 0 0 0 0 0 0 0 0 0 ]
[GRF_B][7][ 0 0 0 0 0 0 0 0 0 0 0 0 0 0 0 0 ]
[M_OUT][0000000000000000000000000000000000000000000000000000000000000000000000000000000000000000000000000000000000000000000000000000000000000000000000000000000000000000000000000000000000000000000000000000000000000000000000000000000000000000000000000000000000000000]
[A_OUT][0000000000000000000000000000000000000000000000000000000000000000000000000000000000000000000000000000000000000000000000000000000000000000000000000000000000000000000000000000000000000000000000000000000000000000000000000000000000000000000000000000000000000000]

----------
READ ch0 ra0 bg0 b0 r3 c21|| [0] MAC GRF_B[0], GRF_A[0], EVEN_BANK, auto @ 7246
[BANK_R][ 0 0 0 0 0 0 4.6875 0 0 0 0 0 0 0 0 0 ]
[CMD]00111011000100001000000000000000(MAC GRF_B[0], GRF_A[0], EVEN_BANK, auto)
[SRF][0000000000000000000000000000000000000000000000000000000000000000000000000000000000000000000000000000000000000000000000000000000000000000000000000000000000000000000000000000000000000000000000000000000000000000000000000000000000000000000000000000000000000000]
[GRF_A][0][ 1 2 1.00781 2.00781 1.01562 2.01562 1.02344 2.02344 1.03125 2.03125 1.03906 2.03906 1.04688 2.04688 1.05469 2.05469 ]
[GRF_A][1][ 1.0625 2.0625 1.07031 2.07031 1.07812 2.07812 1.08594 2.08594 1.09375 2.09375 1.10156 2.10156 1.10938 2.10938 1.11719 2.11719 ]
[GRF_A][2][ 1.125 2.125 1.13281 2.13281 1.14062 2.14062 1.14844 2.14844 1.15625 2.15625 1.16406 2.16406 1.17188 2.17188 1.17969 2.17969 ]
[GRF_A][3][ 1.1875 2.1875 1.19531 2.19531 1.20312 2.20312 1.21094 2.21094 1.21875 2.21875 1.22656 2.22656 1.23438 2.23438 1.24219 2.24219 ]
[GRF_A][4][ 1.25 2.25 1.25781 2.25781 1.26562 2.26562 1.27344 2.27344 1.28125 2.28125 1.28906 2.28906 1.29688 2.29688 1.30469 2.30469 ]
[GRF_A][5][ 1.3125 2.3125 1.32031 2.32031 1.32812 2.32812 1.33594 2.33594 1.34375 2.34375 1.35156 2.35156 1.35938 2.35938 1.36719 2.36719 ]
[GRF_A][6][ 1.375 2.375 1.38281 2.38281 1.39062 2.39062 1.39844 2.39844 1.40625 2.40625 1.41406 2.41406 1.42188 2.42188 1.42969 2.42969 ]
[GRF_A][7][ 1.4375 2.4375 1.44531 2.44531 1.45312 2.45312 1.46094 2.46094 1.46875 2.46875 1.47656 2.47656 1.48438 2.48438 1.49219 2.49219 ]
[GRF_B][0][ 41.2812 0 0 0 0 0 0 0 0 0 0 0 0 0 0 0 ]
[GRF_B][1][ 0 76.125 0 0 0 0 0 0 0 0 0 0 0 0 0 0 ]
[GRF_B][2][ 0 0 42.7812 0 0 0 0 0 0 0 0 0 0 0 0 0 ]
[GRF_B][3][ 0 0 0 78.625 0 0 0 0 0 0 0 0 0 0 0 0 ]
[GRF_B][4][ 0 0 0 0 44.3125 0 0 0 0 0 0 0 0 0 0 0 ]
[GRF_B][5][ 0 0 0 0 0 81.125 0 0 0 0 0 0 0 0 0 0 ]
[GRF_B][6][ 0 0 0 0 0 0 32.1562 0 0 0 0 0 0 0 0 0 ]
[GRF_B][7][ 0 0 0 0 0 0 0 0 0 0 0 0 0 0 0 0 ]
[M_OUT][0000000000000000000000000000000000000000000000000000000000000000000000000000000000000000000000000000000000000000000000000000000000000000000000000000000000000000000000000000000000000000000000000000000000000000000000000000000000000000000000000000000000000000]
[A_OUT][0000000000000000000000000000000000000000000000000000000000000000000000000000000000000000000000000000000000000000000000000000000000000000000000000000000000000000000000000000000000000000000000000000000000000000000000000000000000000000000000000000000000000000]

----------
READ ch0 ra0 bg0 b0 r3 c22|| [0] MAC GRF_B[0], GRF_A[0], EVEN_BANK, auto @ 7250
[BANK_R][ 0 0 0 0 0 0 4.75 0 0 0 0 0 0 0 0 0 ]
[CMD]00111011000100001000000000000000(MAC GRF_B[0], GRF_A[0], EVEN_BANK, auto)
[SRF][0000000000000000000000000000000000000000000000000000000000000000000000000000000000000000000000000000000000000000000000000000000000000000000000000000000000000000000000000000000000000000000000000000000000000000000000000000000000000000000000000000000000000000]
[GRF_A][0][ 1 2 1.00781 2.00781 1.01562 2.01562 1.02344 2.02344 1.03125 2.03125 1.03906 2.03906 1.04688 2.04688 1.05469 2.05469 ]
[GRF_A][1][ 1.0625 2.0625 1.07031 2.07031 1.07812 2.07812 1.08594 2.08594 1.09375 2.09375 1.10156 2.10156 1.10938 2.10938 1.11719 2.11719 ]
[GRF_A][2][ 1.125 2.125 1.13281 2.13281 1.14062 2.14062 1.14844 2.14844 1.15625 2.15625 1.16406 2.16406 1.17188 2.17188 1.17969 2.17969 ]
[GRF_A][3][ 1.1875 2.1875 1.19531 2.19531 1.20312 2.20312 1.21094 2.21094 1.21875 2.21875 1.22656 2.22656 1.23438 2.23438 1.24219 2.24219 ]
[GRF_A][4][ 1.25 2.25 1.25781 2.25781 1.26562 2.26562 1.27344 2.27344 1.28125 2.28125 1.28906 2.28906 1.29688 2.29688 1.30469 2.30469 ]
[GRF_A][5][ 1.3125 2.3125 1.32031 2.32031 1.32812 2.32812 1.33594 2.33594 1.34375 2.34375 1.35156 2.35156 1.35938 2.35938 1.36719 2.36719 ]
[GRF_A][6][ 1.375 2.375 1.38281 2.38281 1.39062 2.39062 1.39844 2.39844 1.40625 2.40625 1.41406 2.41406 1.42188 2.42188 1.42969 2.42969 ]
[GRF_A][7][ 1.4375 2.4375 1.44531 2.44531 1.45312 2.45312 1.46094 2.46094 1.46875 2.46875 1.47656 2.47656 1.48438 2.48438 1.49219 2.49219 ]
[GRF_B][0][ 41.2812 0 0 0 0 0 0 0 0 0 0 0 0 0 0 0 ]
[GRF_B][1][ 0 76.125 0 0 0 0 0 0 0 0 0 0 0 0 0 0 ]
[GRF_B][2][ 0 0 42.7812 0 0 0 0 0 0 0 0 0 0 0 0 0 ]
[GRF_B][3][ 0 0 0 78.625 0 0 0 0 0 0 0 0 0 0 0 0 ]
[GRF_B][4][ 0 0 0 0 44.3125 0 0 0 0 0 0 0 0 0 0 0 ]
[GRF_B][5][ 0 0 0 0 0 81.125 0 0 0 0 0 0 0 0 0 0 ]
[GRF_B][6][ 0 0 0 0 0 0 38.8125 0 0 0 0 0 0 0 0 0 ]
[GRF_B][7][ 0 0 0 0 0 0 0 0 0 0 0 0 0 0 0 0 ]
[M_OUT][0000000000000000000000000000000000000000000000000000000000000000000000000000000000000000000000000000000000000000000000000000000000000000000000000000000000000000000000000000000000000000000000000000000000000000000000000000000000000000000000000000000000000000]
[A_OUT][0000000000000000000000000000000000000000000000000000000000000000000000000000000000000000000000000000000000000000000000000000000000000000000000000000000000000000000000000000000000000000000000000000000000000000000000000000000000000000000000000000000000000000]

----------
READ ch0 ra0 bg0 b0 r3 c23|| [0] MAC GRF_B[0], GRF_A[0], EVEN_BANK, auto @ 7254
[BANK_R][ 0 0 0 0 0 0 4.8125 0 0 0 0 0 0 0 0 0 ]
[CMD]00111011000100001000000000000000(MAC GRF_B[0], GRF_A[0], EVEN_BANK, auto)
[SRF][0000000000000000000000000000000000000000000000000000000000000000000000000000000000000000000000000000000000000000000000000000000000000000000000000000000000000000000000000000000000000000000000000000000000000000000000000000000000000000000000000000000000000000]
[GRF_A][0][ 1 2 1.00781 2.00781 1.01562 2.01562 1.02344 2.02344 1.03125 2.03125 1.03906 2.03906 1.04688 2.04688 1.05469 2.05469 ]
[GRF_A][1][ 1.0625 2.0625 1.07031 2.07031 1.07812 2.07812 1.08594 2.08594 1.09375 2.09375 1.10156 2.10156 1.10938 2.10938 1.11719 2.11719 ]
[GRF_A][2][ 1.125 2.125 1.13281 2.13281 1.14062 2.14062 1.14844 2.14844 1.15625 2.15625 1.16406 2.16406 1.17188 2.17188 1.17969 2.17969 ]
[GRF_A][3][ 1.1875 2.1875 1.19531 2.19531 1.20312 2.20312 1.21094 2.21094 1.21875 2.21875 1.22656 2.22656 1.23438 2.23438 1.24219 2.24219 ]
[GRF_A][4][ 1.25 2.25 1.25781 2.25781 1.26562 2.26562 1.27344 2.27344 1.28125 2.28125 1.28906 2.28906 1.29688 2.29688 1.30469 2.30469 ]
[GRF_A][5][ 1.3125 2.3125 1.32031 2.32031 1.32812 2.32812 1.33594 2.33594 1.34375 2.34375 1.35156 2.35156 1.35938 2.35938 1.36719 2.36719 ]
[GRF_A][6][ 1.375 2.375 1.38281 2.38281 1.39062 2.39062 1.39844 2.39844 1.40625 2.40625 1.41406 2.41406 1.42188 2.42188 1.42969 2.42969 ]
[GRF_A][7][ 1.4375 2.4375 1.44531 2.44531 1.45312 2.45312 1.46094 2.46094 1.46875 2.46875 1.47656 2.47656 1.48438 2.48438 1.49219 2.49219 ]
[GRF_B][0][ 41.2812 0 0 0 0 0 0 0 0 0 0 0 0 0 0 0 ]
[GRF_B][1][ 0 76.125 0 0 0 0 0 0 0 0 0 0 0 0 0 0 ]
[GRF_B][2][ 0 0 42.7812 0 0 0 0 0 0 0 0 0 0 0 0 0 ]
[GRF_B][3][ 0 0 0 78.625 0 0 0 0 0 0 0 0 0 0 0 0 ]
[GRF_B][4][ 0 0 0 0 44.3125 0 0 0 0 0 0 0 0 0 0 0 ]
[GRF_B][5][ 0 0 0 0 0 81.125 0 0 0 0 0 0 0 0 0 0 ]
[GRF_B][6][ 0 0 0 0 0 0 45.8438 0 0 0 0 0 0 0 0 0 ]
[GRF_B][7][ 0 0 0 0 0 0 0 0 0 0 0 0 0 0 0 0 ]
[M_OUT][0000000000000000000000000000000000000000000000000000000000000000000000000000000000000000000000000000000000000000000000000000000000000000000000000000000000000000000000000000000000000000000000000000000000000000000000000000000000000000000000000000000000000000]
[A_OUT][0000000000000000000000000000000000000000000000000000000000000000000000000000000000000000000000000000000000000000000000000000000000000000000000000000000000000000000000000000000000000000000000000000000000000000000000000000000000000000000000000000000000000000]

----------
READ ch0 ra0 bg0 b0 r3 c24|| [1] JUMP 7x [PC - 2] @ 7258
READ ch0 ra0 bg0 b0 r3 c24|| [0] MAC GRF_B[0], GRF_A[0], EVEN_BANK, auto @ 7258
[BANK_R][ 0 0 0 0 0 0 0 4.4375 0 0 0 0 0 0 0 0 ]
[CMD]00111011000100001000000000000000(MAC GRF_B[0], GRF_A[0], EVEN_BANK, auto)
[SRF][0000000000000000000000000000000000000000000000000000000000000000000000000000000000000000000000000000000000000000000000000000000000000000000000000000000000000000000000000000000000000000000000000000000000000000000000000000000000000000000000000000000000000000]
[GRF_A][0][ 1 2 1.00781 2.00781 1.01562 2.01562 1.02344 2.02344 1.03125 2.03125 1.03906 2.03906 1.04688 2.04688 1.05469 2.05469 ]
[GRF_A][1][ 1.0625 2.0625 1.07031 2.07031 1.07812 2.07812 1.08594 2.08594 1.09375 2.09375 1.10156 2.10156 1.10938 2.10938 1.11719 2.11719 ]
[GRF_A][2][ 1.125 2.125 1.13281 2.13281 1.14062 2.14062 1.14844 2.14844 1.15625 2.15625 1.16406 2.16406 1.17188 2.17188 1.17969 2.17969 ]
[GRF_A][3][ 1.1875 2.1875 1.19531 2.19531 1.20312 2.20312 1.21094 2.21094 1.21875 2.21875 1.22656 2.22656 1.23438 2.23438 1.24219 2.24219 ]
[GRF_A][4][ 1.25 2.25 1.25781 2.25781 1.26562 2.26562 1.27344 2.27344 1.28125 2.28125 1.28906 2.28906 1.29688 2.29688 1.30469 2.30469 ]
[GRF_A][5][ 1.3125 2.3125 1.32031 2.32031 1.32812 2.32812 1.33594 2.33594 1.34375 2.34375 1.35156 2.35156 1.35938 2.35938 1.36719 2.36719 ]
[GRF_A][6][ 1.375 2.375 1.38281 2.38281 1.39062 2.39062 1.39844 2.39844 1.40625 2.40625 1.41406 2.41406 1.42188 2.42188 1.42969 2.42969 ]
[GRF_A][7][ 1.4375 2.4375 1.44531 2.44531 1.45312 2.45312 1.46094 2.46094 1.46875 2.46875 1.47656 2.47656 1.48438 2.48438 1.49219 2.49219 ]
[GRF_B][0][ 41.2812 0 0 0 0 0 0 0 0 0 0 0 0 0 0 0 ]
[GRF_B][1][ 0 76.125 0 0 0 0 0 0 0 0 0 0 0 0 0 0 ]
[GRF_B][2][ 0 0 42.7812 0 0 0 0 0 0 0 0 0 0 0 0 0 ]
[GRF_B][3][ 0 0 0 78.625 0 0 0 0 0 0 0 0 0 0 0 0 ]
[GRF_B][4][ 0 0 0 0 44.3125 0 0 0 0 0 0 0 0 0 0 0 ]
[GRF_B][5][ 0 0 0 0 0 81.125 0 0 0 0 0 0 0 0 0 0 ]
[GRF_B][6][ 0 0 0 0 0 0 45.8438 0 0 0 0 0 0 0 0 0 ]
[GRF_B][7][ 0 0 0 0 0 0 0 8.97656 0 0 0 0 0 0 0 0 ]
[M_OUT][0000000000000000000000000000000000000000000000000000000000000000000000000000000000000000000000000000000000000000000000000000000000000000000000000000000000000000000000000000000000000000000000000000000000000000000000000000000000000000000000000000000000000000]
[A_OUT][0000000000000000000000000000000000000000000000000000000000000000000000000000000000000000000000000000000000000000000000000000000000000000000000000000000000000000000000000000000000000000000000000000000000000000000000000000000000000000000000000000000000000000]

----------
READ ch0 ra0 bg0 b0 r3 c25|| [0] MAC GRF_B[0], GRF_A[0], EVEN_BANK, auto @ 7262
[BANK_R][ 0 0 0 0 0 0 0 4.5 0 0 0 0 0 0 0 0 ]
[CMD]00111011000100001000000000000000(MAC GRF_B[0], GRF_A[0], EVEN_BANK, auto)
[SRF][0000000000000000000000000000000000000000000000000000000000000000000000000000000000000000000000000000000000000000000000000000000000000000000000000000000000000000000000000000000000000000000000000000000000000000000000000000000000000000000000000000000000000000]
[GRF_A][0][ 1 2 1.00781 2.00781 1.01562 2.01562 1.02344 2.02344 1.03125 2.03125 1.03906 2.03906 1.04688 2.04688 1.05469 2.05469 ]
[GRF_A][1][ 1.0625 2.0625 1.07031 2.07031 1.07812 2.07812 1.08594 2.08594 1.09375 2.09375 1.10156 2.10156 1.10938 2.10938 1.11719 2.11719 ]
[GRF_A][2][ 1.125 2.125 1.13281 2.13281 1.14062 2.14062 1.14844 2.14844 1.15625 2.15625 1.16406 2.16406 1.17188 2.17188 1.17969 2.17969 ]
[GRF_A][3][ 1.1875 2.1875 1.19531 2.19531 1.20312 2.20312 1.21094 2.21094 1.21875 2.21875 1.22656 2.22656 1.23438 2.23438 1.24219 2.24219 ]
[GRF_A][4][ 1.25 2.25 1.25781 2.25781 1.26562 2.26562 1.27344 2.27344 1.28125 2.28125 1.28906 2.28906 1.29688 2.29688 1.30469 2.30469 ]
[GRF_A][5][ 1.3125 2.3125 1.32031 2.32031 1.32812 2.32812 1.33594 2.33594 1.34375 2.34375 1.35156 2.35156 1.35938 2.35938 1.36719 2.36719 ]
[GRF_A][6][ 1.375 2.375 1.38281 2.38281 1.39062 2.39062 1.39844 2.39844 1.40625 2.40625 1.41406 2.41406 1.42188 2.42188 1.42969 2.42969 ]
[GRF_A][7][ 1.4375 2.4375 1.44531 2.44531 1.45312 2.45312 1.46094 2.46094 1.46875 2.46875 1.47656 2.47656 1.48438 2.48438 1.49219 2.49219 ]
[GRF_B][0][ 41.2812 0 0 0 0 0 0 0 0 0 0 0 0 0 0 0 ]
[GRF_B][1][ 0 76.125 0 0 0 0 0 0 0 0 0 0 0 0 0 0 ]
[GRF_B][2][ 0 0 42.7812 0 0 0 0 0 0 0 0 0 0 0 0 0 ]
[GRF_B][3][ 0 0 0 78.625 0 0 0 0 0 0 0 0 0 0 0 0 ]
[GRF_B][4][ 0 0 0 0 44.3125 0 0 0 0 0 0 0 0 0 0 0 ]
[GRF_B][5][ 0 0 0 0 0 81.125 0 0 0 0 0 0 0 0 0 0 ]
[GRF_B][6][ 0 0 0 0 0 0 45.8438 0 0 0 0 0 0 0 0 0 ]
[GRF_B][7][ 0 0 0 0 0 0 0 18.375 0 0 0 0 0 0 0 0 ]
[M_OUT][0000000000000000000000000000000000000000000000000000000000000000000000000000000000000000000000000000000000000000000000000000000000000000000000000000000000000000000000000000000000000000000000000000000000000000000000000000000000000000000000000000000000000000]
[A_OUT][0000000000000000000000000000000000000000000000000000000000000000000000000000000000000000000000000000000000000000000000000000000000000000000000000000000000000000000000000000000000000000000000000000000000000000000000000000000000000000000000000000000000000000]

----------
READ ch0 ra0 bg0 b0 r3 c26|| [0] MAC GRF_B[0], GRF_A[0], EVEN_BANK, auto @ 7266
[BANK_R][ 0 0 0 0 0 0 0 4.5625 0 0 0 0 0 0 0 0 ]
[CMD]00111011000100001000000000000000(MAC GRF_B[0], GRF_A[0], EVEN_BANK, auto)
[SRF][0000000000000000000000000000000000000000000000000000000000000000000000000000000000000000000000000000000000000000000000000000000000000000000000000000000000000000000000000000000000000000000000000000000000000000000000000000000000000000000000000000000000000000]
[GRF_A][0][ 1 2 1.00781 2.00781 1.01562 2.01562 1.02344 2.02344 1.03125 2.03125 1.03906 2.03906 1.04688 2.04688 1.05469 2.05469 ]
[GRF_A][1][ 1.0625 2.0625 1.07031 2.07031 1.07812 2.07812 1.08594 2.08594 1.09375 2.09375 1.10156 2.10156 1.10938 2.10938 1.11719 2.11719 ]
[GRF_A][2][ 1.125 2.125 1.13281 2.13281 1.14062 2.14062 1.14844 2.14844 1.15625 2.15625 1.16406 2.16406 1.17188 2.17188 1.17969 2.17969 ]
[GRF_A][3][ 1.1875 2.1875 1.19531 2.19531 1.20312 2.20312 1.21094 2.21094 1.21875 2.21875 1.22656 2.22656 1.23438 2.23438 1.24219 2.24219 ]
[GRF_A][4][ 1.25 2.25 1.25781 2.25781 1.26562 2.26562 1.27344 2.27344 1.28125 2.28125 1.28906 2.28906 1.29688 2.29688 1.30469 2.30469 ]
[GRF_A][5][ 1.3125 2.3125 1.32031 2.32031 1.32812 2.32812 1.33594 2.33594 1.34375 2.34375 1.35156 2.35156 1.35938 2.35938 1.36719 2.36719 ]
[GRF_A][6][ 1.375 2.375 1.38281 2.38281 1.39062 2.39062 1.39844 2.39844 1.40625 2.40625 1.41406 2.41406 1.42188 2.42188 1.42969 2.42969 ]
[GRF_A][7][ 1.4375 2.4375 1.44531 2.44531 1.45312 2.45312 1.46094 2.46094 1.46875 2.46875 1.47656 2.47656 1.48438 2.48438 1.49219 2.49219 ]
[GRF_B][0][ 41.2812 0 0 0 0 0 0 0 0 0 0 0 0 0 0 0 ]
[GRF_B][1][ 0 76.125 0 0 0 0 0 0 0 0 0 0 0 0 0 0 ]
[GRF_B][2][ 0 0 42.7812 0 0 0 0 0 0 0 0 0 0 0 0 0 ]
[GRF_B][3][ 0 0 0 78.625 0 0 0 0 0 0 0 0 0 0 0 0 ]
[GRF_B][4][ 0 0 0 0 44.3125 0 0 0 0 0 0 0 0 0 0 0 ]
[GRF_B][5][ 0 0 0 0 0 81.125 0 0 0 0 0 0 0 0 0 0 ]
[GRF_B][6][ 0 0 0 0 0 0 45.8438 0 0 0 0 0 0 0 0 0 ]
[GRF_B][7][ 0 0 0 0 0 0 0 28.1875 0 0 0 0 0 0 0 0 ]
[M_OUT][0000000000000000000000000000000000000000000000000000000000000000000000000000000000000000000000000000000000000000000000000000000000000000000000000000000000000000000000000000000000000000000000000000000000000000000000000000000000000000000000000000000000000000]
[A_OUT][0000000000000000000000000000000000000000000000000000000000000000000000000000000000000000000000000000000000000000000000000000000000000000000000000000000000000000000000000000000000000000000000000000000000000000000000000000000000000000000000000000000000000000]

----------
READ ch0 ra0 bg0 b0 r3 c27|| [0] MAC GRF_B[0], GRF_A[0], EVEN_BANK, auto @ 7270
[BANK_R][ 0 0 0 0 0 0 0 4.625 0 0 0 0 0 0 0 0 ]
[CMD]00111011000100001000000000000000(MAC GRF_B[0], GRF_A[0], EVEN_BANK, auto)
[SRF][0000000000000000000000000000000000000000000000000000000000000000000000000000000000000000000000000000000000000000000000000000000000000000000000000000000000000000000000000000000000000000000000000000000000000000000000000000000000000000000000000000000000000000]
[GRF_A][0][ 1 2 1.00781 2.00781 1.01562 2.01562 1.02344 2.02344 1.03125 2.03125 1.03906 2.03906 1.04688 2.04688 1.05469 2.05469 ]
[GRF_A][1][ 1.0625 2.0625 1.07031 2.07031 1.07812 2.07812 1.08594 2.08594 1.09375 2.09375 1.10156 2.10156 1.10938 2.10938 1.11719 2.11719 ]
[GRF_A][2][ 1.125 2.125 1.13281 2.13281 1.14062 2.14062 1.14844 2.14844 1.15625 2.15625 1.16406 2.16406 1.17188 2.17188 1.17969 2.17969 ]
[GRF_A][3][ 1.1875 2.1875 1.19531 2.19531 1.20312 2.20312 1.21094 2.21094 1.21875 2.21875 1.22656 2.22656 1.23438 2.23438 1.24219 2.24219 ]
[GRF_A][4][ 1.25 2.25 1.25781 2.25781 1.26562 2.26562 1.27344 2.27344 1.28125 2.28125 1.28906 2.28906 1.29688 2.29688 1.30469 2.30469 ]
[GRF_A][5][ 1.3125 2.3125 1.32031 2.32031 1.32812 2.32812 1.33594 2.33594 1.34375 2.34375 1.35156 2.35156 1.35938 2.35938 1.36719 2.36719 ]
[GRF_A][6][ 1.375 2.375 1.38281 2.38281 1.39062 2.39062 1.39844 2.39844 1.40625 2.40625 1.41406 2.41406 1.42188 2.42188 1.42969 2.42969 ]
[GRF_A][7][ 1.4375 2.4375 1.44531 2.44531 1.45312 2.45312 1.46094 2.46094 1.46875 2.46875 1.47656 2.47656 1.48438 2.48438 1.49219 2.49219 ]
[GRF_B][0][ 41.2812 0 0 0 0 0 0 0 0 0 0 0 0 0 0 0 ]
[GRF_B][1][ 0 76.125 0 0 0 0 0 0 0 0 0 0 0 0 0 0 ]
[GRF_B][2][ 0 0 42.7812 0 0 0 0 0 0 0 0 0 0 0 0 0 ]
[GRF_B][3][ 0 0 0 78.625 0 0 0 0 0 0 0 0 0 0 0 0 ]
[GRF_B][4][ 0 0 0 0 44.3125 0 0 0 0 0 0 0 0 0 0 0 ]
[GRF_B][5][ 0 0 0 0 0 81.125 0 0 0 0 0 0 0 0 0 0 ]
[GRF_B][6][ 0 0 0 0 0 0 45.8438 0 0 0 0 0 0 0 0 0 ]
[GRF_B][7][ 0 0 0 0 0 0 0 38.4062 0 0 0 0 0 0 0 0 ]
[M_OUT][0000000000000000000000000000000000000000000000000000000000000000000000000000000000000000000000000000000000000000000000000000000000000000000000000000000000000000000000000000000000000000000000000000000000000000000000000000000000000000000000000000000000000000]
[A_OUT][0000000000000000000000000000000000000000000000000000000000000000000000000000000000000000000000000000000000000000000000000000000000000000000000000000000000000000000000000000000000000000000000000000000000000000000000000000000000000000000000000000000000000000]

----------
READ ch0 ra0 bg0 b0 r3 c28|| [0] MAC GRF_B[0], GRF_A[0], EVEN_BANK, auto @ 7274
[BANK_R][ 0 0 0 0 0 0 0 4.6875 0 0 0 0 0 0 0 0 ]
[CMD]00111011000100001000000000000000(MAC GRF_B[0], GRF_A[0], EVEN_BANK, auto)
[SRF][0000000000000000000000000000000000000000000000000000000000000000000000000000000000000000000000000000000000000000000000000000000000000000000000000000000000000000000000000000000000000000000000000000000000000000000000000000000000000000000000000000000000000000]
[GRF_A][0][ 1 2 1.00781 2.00781 1.01562 2.01562 1.02344 2.02344 1.03125 2.03125 1.03906 2.03906 1.04688 2.04688 1.05469 2.05469 ]
[GRF_A][1][ 1.0625 2.0625 1.07031 2.07031 1.07812 2.07812 1.08594 2.08594 1.09375 2.09375 1.10156 2.10156 1.10938 2.10938 1.11719 2.11719 ]
[GRF_A][2][ 1.125 2.125 1.13281 2.13281 1.14062 2.14062 1.14844 2.14844 1.15625 2.15625 1.16406 2.16406 1.17188 2.17188 1.17969 2.17969 ]
[GRF_A][3][ 1.1875 2.1875 1.19531 2.19531 1.20312 2.20312 1.21094 2.21094 1.21875 2.21875 1.22656 2.22656 1.23438 2.23438 1.24219 2.24219 ]
[GRF_A][4][ 1.25 2.25 1.25781 2.25781 1.26562 2.26562 1.27344 2.27344 1.28125 2.28125 1.28906 2.28906 1.29688 2.29688 1.30469 2.30469 ]
[GRF_A][5][ 1.3125 2.3125 1.32031 2.32031 1.32812 2.32812 1.33594 2.33594 1.34375 2.34375 1.35156 2.35156 1.35938 2.35938 1.36719 2.36719 ]
[GRF_A][6][ 1.375 2.375 1.38281 2.38281 1.39062 2.39062 1.39844 2.39844 1.40625 2.40625 1.41406 2.41406 1.42188 2.42188 1.42969 2.42969 ]
[GRF_A][7][ 1.4375 2.4375 1.44531 2.44531 1.45312 2.45312 1.46094 2.46094 1.46875 2.46875 1.47656 2.47656 1.48438 2.48438 1.49219 2.49219 ]
[GRF_B][0][ 41.2812 0 0 0 0 0 0 0 0 0 0 0 0 0 0 0 ]
[GRF_B][1][ 0 76.125 0 0 0 0 0 0 0 0 0 0 0 0 0 0 ]
[GRF_B][2][ 0 0 42.7812 0 0 0 0 0 0 0 0 0 0 0 0 0 ]
[GRF_B][3][ 0 0 0 78.625 0 0 0 0 0 0 0 0 0 0 0 0 ]
[GRF_B][4][ 0 0 0 0 44.3125 0 0 0 0 0 0 0 0 0 0 0 ]
[GRF_B][5][ 0 0 0 0 0 81.125 0 0 0 0 0 0 0 0 0 0 ]
[GRF_B][6][ 0 0 0 0 0 0 45.8438 0 0 0 0 0 0 0 0 0 ]
[GRF_B][7][ 0 0 0 0 0 0 0 49.0625 0 0 0 0 0 0 0 0 ]
[M_OUT][0000000000000000000000000000000000000000000000000000000000000000000000000000000000000000000000000000000000000000000000000000000000000000000000000000000000000000000000000000000000000000000000000000000000000000000000000000000000000000000000000000000000000000]
[A_OUT][0000000000000000000000000000000000000000000000000000000000000000000000000000000000000000000000000000000000000000000000000000000000000000000000000000000000000000000000000000000000000000000000000000000000000000000000000000000000000000000000000000000000000000]

----------
READ ch0 ra0 bg0 b0 r3 c29|| [0] MAC GRF_B[0], GRF_A[0], EVEN_BANK, auto @ 7278
[BANK_R][ 0 0 0 0 0 0 0 4.75 0 0 0 0 0 0 0 0 ]
[CMD]00111011000100001000000000000000(MAC GRF_B[0], GRF_A[0], EVEN_BANK, auto)
[SRF][0000000000000000000000000000000000000000000000000000000000000000000000000000000000000000000000000000000000000000000000000000000000000000000000000000000000000000000000000000000000000000000000000000000000000000000000000000000000000000000000000000000000000000]
[GRF_A][0][ 1 2 1.00781 2.00781 1.01562 2.01562 1.02344 2.02344 1.03125 2.03125 1.03906 2.03906 1.04688 2.04688 1.05469 2.05469 ]
[GRF_A][1][ 1.0625 2.0625 1.07031 2.07031 1.07812 2.07812 1.08594 2.08594 1.09375 2.09375 1.10156 2.10156 1.10938 2.10938 1.11719 2.11719 ]
[GRF_A][2][ 1.125 2.125 1.13281 2.13281 1.14062 2.14062 1.14844 2.14844 1.15625 2.15625 1.16406 2.16406 1.17188 2.17188 1.17969 2.17969 ]
[GRF_A][3][ 1.1875 2.1875 1.19531 2.19531 1.20312 2.20312 1.21094 2.21094 1.21875 2.21875 1.22656 2.22656 1.23438 2.23438 1.24219 2.24219 ]
[GRF_A][4][ 1.25 2.25 1.25781 2.25781 1.26562 2.26562 1.27344 2.27344 1.28125 2.28125 1.28906 2.28906 1.29688 2.29688 1.30469 2.30469 ]
[GRF_A][5][ 1.3125 2.3125 1.32031 2.32031 1.32812 2.32812 1.33594 2.33594 1.34375 2.34375 1.35156 2.35156 1.35938 2.35938 1.36719 2.36719 ]
[GRF_A][6][ 1.375 2.375 1.38281 2.38281 1.39062 2.39062 1.39844 2.39844 1.40625 2.40625 1.41406 2.41406 1.42188 2.42188 1.42969 2.42969 ]
[GRF_A][7][ 1.4375 2.4375 1.44531 2.44531 1.45312 2.45312 1.46094 2.46094 1.46875 2.46875 1.47656 2.47656 1.48438 2.48438 1.49219 2.49219 ]
[GRF_B][0][ 41.2812 0 0 0 0 0 0 0 0 0 0 0 0 0 0 0 ]
[GRF_B][1][ 0 76.125 0 0 0 0 0 0 0 0 0 0 0 0 0 0 ]
[GRF_B][2][ 0 0 42.7812 0 0 0 0 0 0 0 0 0 0 0 0 0 ]
[GRF_B][3][ 0 0 0 78.625 0 0 0 0 0 0 0 0 0 0 0 0 ]
[GRF_B][4][ 0 0 0 0 44.3125 0 0 0 0 0 0 0 0 0 0 0 ]
[GRF_B][5][ 0 0 0 0 0 81.125 0 0 0 0 0 0 0 0 0 0 ]
[GRF_B][6][ 0 0 0 0 0 0 45.8438 0 0 0 0 0 0 0 0 0 ]
[GRF_B][7][ 0 0 0 0 0 0 0 60.1562 0 0 0 0 0 0 0 0 ]
[M_OUT][0000000000000000000000000000000000000000000000000000000000000000000000000000000000000000000000000000000000000000000000000000000000000000000000000000000000000000000000000000000000000000000000000000000000000000000000000000000000000000000000000000000000000000]
[A_OUT][0000000000000000000000000000000000000000000000000000000000000000000000000000000000000000000000000000000000000000000000000000000000000000000000000000000000000000000000000000000000000000000000000000000000000000000000000000000000000000000000000000000000000000]

----------
READ ch0 ra0 bg0 b0 r3 c30|| [0] MAC GRF_B[0], GRF_A[0], EVEN_BANK, auto @ 7282
[BANK_R][ 0 0 0 0 0 0 0 4.8125 0 0 0 0 0 0 0 0 ]
[CMD]00111011000100001000000000000000(MAC GRF_B[0], GRF_A[0], EVEN_BANK, auto)
[SRF][0000000000000000000000000000000000000000000000000000000000000000000000000000000000000000000000000000000000000000000000000000000000000000000000000000000000000000000000000000000000000000000000000000000000000000000000000000000000000000000000000000000000000000]
[GRF_A][0][ 1 2 1.00781 2.00781 1.01562 2.01562 1.02344 2.02344 1.03125 2.03125 1.03906 2.03906 1.04688 2.04688 1.05469 2.05469 ]
[GRF_A][1][ 1.0625 2.0625 1.07031 2.07031 1.07812 2.07812 1.08594 2.08594 1.09375 2.09375 1.10156 2.10156 1.10938 2.10938 1.11719 2.11719 ]
[GRF_A][2][ 1.125 2.125 1.13281 2.13281 1.14062 2.14062 1.14844 2.14844 1.15625 2.15625 1.16406 2.16406 1.17188 2.17188 1.17969 2.17969 ]
[GRF_A][3][ 1.1875 2.1875 1.19531 2.19531 1.20312 2.20312 1.21094 2.21094 1.21875 2.21875 1.22656 2.22656 1.23438 2.23438 1.24219 2.24219 ]
[GRF_A][4][ 1.25 2.25 1.25781 2.25781 1.26562 2.26562 1.27344 2.27344 1.28125 2.28125 1.28906 2.28906 1.29688 2.29688 1.30469 2.30469 ]
[GRF_A][5][ 1.3125 2.3125 1.32031 2.32031 1.32812 2.32812 1.33594 2.33594 1.34375 2.34375 1.35156 2.35156 1.35938 2.35938 1.36719 2.36719 ]
[GRF_A][6][ 1.375 2.375 1.38281 2.38281 1.39062 2.39062 1.39844 2.39844 1.40625 2.40625 1.41406 2.41406 1.42188 2.42188 1.42969 2.42969 ]
[GRF_A][7][ 1.4375 2.4375 1.44531 2.44531 1.45312 2.45312 1.46094 2.46094 1.46875 2.46875 1.47656 2.47656 1.48438 2.48438 1.49219 2.49219 ]
[GRF_B][0][ 41.2812 0 0 0 0 0 0 0 0 0 0 0 0 0 0 0 ]
[GRF_B][1][ 0 76.125 0 0 0 0 0 0 0 0 0 0 0 0 0 0 ]
[GRF_B][2][ 0 0 42.7812 0 0 0 0 0 0 0 0 0 0 0 0 0 ]
[GRF_B][3][ 0 0 0 78.625 0 0 0 0 0 0 0 0 0 0 0 0 ]
[GRF_B][4][ 0 0 0 0 44.3125 0 0 0 0 0 0 0 0 0 0 0 ]
[GRF_B][5][ 0 0 0 0 0 81.125 0 0 0 0 0 0 0 0 0 0 ]
[GRF_B][6][ 0 0 0 0 0 0 45.8438 0 0 0 0 0 0 0 0 0 ]
[GRF_B][7][ 0 0 0 0 0 0 0 71.6875 0 0 0 0 0 0 0 0 ]
[M_OUT][0000000000000000000000000000000000000000000000000000000000000000000000000000000000000000000000000000000000000000000000000000000000000000000000000000000000000000000000000000000000000000000000000000000000000000000000000000000000000000000000000000000000000000]
[A_OUT][0000000000000000000000000000000000000000000000000000000000000000000000000000000000000000000000000000000000000000000000000000000000000000000000000000000000000000000000000000000000000000000000000000000000000000000000000000000000000000000000000000000000000000]

----------
ACTIVATE ch[0] ra[0] bg[0] ba[1] ro[16383] co[8] @7282 tag : WRIO_TO_GRF_
READ ch0 ra0 bg0 b0 r3 c31|| [0] MAC GRF_B[0], GRF_A[0], EVEN_BANK, auto @ 7286
[BANK_R][ 0 0 0 0 0 0 0 4.875 0 0 0 0 0 0 0 0 ]
[CMD]00111011000100001000000000000000(MAC GRF_B[0], GRF_A[0], EVEN_BANK, auto)
[SRF][0000000000000000000000000000000000000000000000000000000000000000000000000000000000000000000000000000000000000000000000000000000000000000000000000000000000000000000000000000000000000000000000000000000000000000000000000000000000000000000000000000000000000000]
[GRF_A][0][ 1 2 1.00781 2.00781 1.01562 2.01562 1.02344 2.02344 1.03125 2.03125 1.03906 2.03906 1.04688 2.04688 1.05469 2.05469 ]
[GRF_A][1][ 1.0625 2.0625 1.07031 2.07031 1.07812 2.07812 1.08594 2.08594 1.09375 2.09375 1.10156 2.10156 1.10938 2.10938 1.11719 2.11719 ]
[GRF_A][2][ 1.125 2.125 1.13281 2.13281 1.14062 2.14062 1.14844 2.14844 1.15625 2.15625 1.16406 2.16406 1.17188 2.17188 1.17969 2.17969 ]
[GRF_A][3][ 1.1875 2.1875 1.19531 2.19531 1.20312 2.20312 1.21094 2.21094 1.21875 2.21875 1.22656 2.22656 1.23438 2.23438 1.24219 2.24219 ]
[GRF_A][4][ 1.25 2.25 1.25781 2.25781 1.26562 2.26562 1.27344 2.27344 1.28125 2.28125 1.28906 2.28906 1.29688 2.29688 1.30469 2.30469 ]
[GRF_A][5][ 1.3125 2.3125 1.32031 2.32031 1.32812 2.32812 1.33594 2.33594 1.34375 2.34375 1.35156 2.35156 1.35938 2.35938 1.36719 2.36719 ]
[GRF_A][6][ 1.375 2.375 1.38281 2.38281 1.39062 2.39062 1.39844 2.39844 1.40625 2.40625 1.41406 2.41406 1.42188 2.42188 1.42969 2.42969 ]
[GRF_A][7][ 1.4375 2.4375 1.44531 2.44531 1.45312 2.45312 1.46094 2.46094 1.46875 2.46875 1.47656 2.47656 1.48438 2.48438 1.49219 2.49219 ]
[GRF_B][0][ 41.2812 0 0 0 0 0 0 0 0 0 0 0 0 0 0 0 ]
[GRF_B][1][ 0 76.125 0 0 0 0 0 0 0 0 0 0 0 0 0 0 ]
[GRF_B][2][ 0 0 42.7812 0 0 0 0 0 0 0 0 0 0 0 0 0 ]
[GRF_B][3][ 0 0 0 78.625 0 0 0 0 0 0 0 0 0 0 0 0 ]
[GRF_B][4][ 0 0 0 0 44.3125 0 0 0 0 0 0 0 0 0 0 0 ]
[GRF_B][5][ 0 0 0 0 0 81.125 0 0 0 0 0 0 0 0 0 0 ]
[GRF_B][6][ 0 0 0 0 0 0 45.8438 0 0 0 0 0 0 0 0 0 ]
[GRF_B][7][ 0 0 0 0 0 0 0 83.6875 0 0 0 0 0 0 0 0 ]
[M_OUT][0000000000000000000000000000000000000000000000000000000000000000000000000000000000000000000000000000000000000000000000000000000000000000000000000000000000000000000000000000000000000000000000000000000000000000000000000000000000000000000000000000000000000000]
[A_OUT][0000000000000000000000000000000000000000000000000000000000000000000000000000000000000000000000000000000000000000000000000000000000000000000000000000000000000000000000000000000000000000000000000000000000000000000000000000000000000000000000000000000000000000]

----------
PRECHARGE ch[0] ra[0] bg[0] ba[0] ro[3] @7288
BWRITE_GRF_A ch[0] ra[0] reg[0] @7301
BWRITE_GRF_A ch[0] ra[0] reg[1] @7305
BWRITE_GRF_A ch[0] ra[0] reg[2] @7309
BWRITE_GRF_A ch[0] ra[0] reg[3] @7313
BWRITE_GRF_A ch[0] ra[0] reg[4] @7317
BWRITE_GRF_A ch[0] ra[0] reg[5] @7321
BWRITE_GRF_A ch[0] ra[0] reg[6] @7325
BWRITE_GRF_A ch[0] ra[0] reg[7] @7329
PRECHARGE ch[0] ra[0] bg[0] ba[1] ro[4] @7354
ACTIVATE ch[0] ra[0] bg[0] ba[1] ro[2] co[0] @7368 tag : MAC_
READ ch0 ra0 bg0 b1 r2 c0|| [1] JUMP 7x [PC - 2] @ 7383
READ ch0 ra0 bg0 b1 r2 c0|| [2] MAC GRF_B[0], GRF_A[0], ODD_BANK, auto @ 7383
[BANK_R][ 4.5 0 0 0 0 0 0 0 0 0 0 0 0 0 0 0 ]
[CMD]00111011000110001000000000000000(MAC GRF_B[0], GRF_A[0], ODD_BANK, auto)
[SRF][0000000000000000000000000000000000000000000000000000000000000000000000000000000000000000000000000000000000000000000000000000000000000000000000000000000000000000000000000000000000000000000000000000000000000000000000000000000000000000000000000000000000000000]
[GRF_A][0][ 1.5 2.5 1.50781 2.50781 1.51562 2.51562 1.52344 2.52344 1.53125 2.53125 1.53906 2.53906 1.54688 2.54688 1.55469 2.55469 ]
[GRF_A][1][ 1.5625 2.5625 1.57031 2.57031 1.57812 2.57812 1.58594 2.58594 1.59375 2.59375 1.60156 2.60156 1.60938 2.60938 1.61719 2.61719 ]
[GRF_A][2][ 1.625 2.625 1.63281 2.63281 1.64062 2.64062 1.64844 2.64844 1.65625 2.65625 1.66406 2.66406 1.67188 2.67188 1.67969 2.67969 ]
[GRF_A][3][ 1.6875 2.6875 1.69531 2.69531 1.70312 2.70312 1.71094 2.71094 1.71875 2.71875 1.72656 2.72656 1.73438 2.73438 1.74219 2.74219 ]
[GRF_A][4][ 1.75 2.75 1.75781 2.75781 1.76562 2.76562 1.77344 2.77344 1.78125 2.78125 1.78906 2.78906 1.79688 2.79688 1.80469 2.80469 ]
[GRF_A][5][ 1.8125 2.8125 1.82031 2.82031 1.82812 2.82812 1.83594 2.83594 1.84375 2.84375 1.85156 2.85156 1.85938 2.85938 1.86719 2.86719 ]
[GRF_A][6][ 1.875 2.875 1.88281 2.88281 1.89062 2.89062 1.89844 2.89844 1.90625 2.90625 1.91406 2.91406 1.92188 2.92188 1.92969 2.92969 ]
[GRF_A][7][ 1.9375 2.9375 1.94531 2.94531 1.95312 2.95312 1.96094 2.96094 1.96875 2.96875 1.97656 2.97656 1.98438 2.98438 1.99219 2.99219 ]
[GRF_B][0][ 48.0312 0 0 0 0 0 0 0 0 0 0 0 0 0 0 0 ]
[GRF_B][1][ 0 76.125 0 0 0 0 0 0 0 0 0 0 0 0 0 0 ]
[GRF_B][2][ 0 0 42.7812 0 0 0 0 0 0 0 0 0 0 0 0 0 ]
[GRF_B][3][ 0 0 0 78.625 0 0 0 0 0 0 0 0 0 0 0 0 ]
[GRF_B][4][ 0 0 0 0 44.3125 0 0 0 0 0 0 0 0 0 0 0 ]
[GRF_B][5][ 0 0 0 0 0 81.125 0 0 0 0 0 0 0 0 0 0 ]
[GRF_B][6][ 0 0 0 0 0 0 45.8438 0 0 0 0 0 0 0 0 0 ]
[GRF_B][7][ 0 0 0 0 0 0 0 83.6875 0 0 0 0 0 0 0 0 ]
[M_OUT][0000000000000000000000000000000000000000000000000000000000000000000000000000000000000000000000000000000000000000000000000000000000000000000000000000000000000000000000000000000000000000000000000000000000000000000000000000000000000000000000000000000000000000]
[A_OUT][0000000000000000000000000000000000000000000000000000000000000000000000000000000000000000000000000000000000000000000000000000000000000000000000000000000000000000000000000000000000000000000000000000000000000000000000000000000000000000000000000000000000000000]

----------
READ ch0 ra0 bg0 b1 r2 c1|| [2] MAC GRF_B[0], GRF_A[0], ODD_BANK, auto @ 7387
[BANK_R][ 4.5625 0 0 0 0 0 0 0 0 0 0 0 0 0 0 0 ]
[CMD]00111011000110001000000000000000(MAC GRF_B[0], GRF_A[0], ODD_BANK, auto)
[SRF][0000000000000000000000000000000000000000000000000000000000000000000000000000000000000000000000000000000000000000000000000000000000000000000000000000000000000000000000000000000000000000000000000000000000000000000000000000000000000000000000000000000000000000]
[GRF_A][0][ 1.5 2.5 1.50781 2.50781 1.51562 2.51562 1.52344 2.52344 1.53125 2.53125 1.53906 2.53906 1.54688 2.54688 1.55469 2.55469 ]
[GRF_A][1][ 1.5625 2.5625 1.57031 2.57031 1.57812 2.57812 1.58594 2.58594 1.59375 2.59375 1.60156 2.60156 1.60938 2.60938 1.61719 2.61719 ]
[GRF_A][2][ 1.625 2.625 1.63281 2.63281 1.64062 2.64062 1.64844 2.64844 1.65625 2.65625 1.66406 2.66406 1.67188 2.67188 1.67969 2.67969 ]
[GRF_A][3][ 1.6875 2.6875 1.69531 2.69531 1.70312 2.70312 1.71094 2.71094 1.71875 2.71875 1.72656 2.72656 1.73438 2.73438 1.74219 2.74219 ]
[GRF_A][4][ 1.75 2.75 1.75781 2.75781 1.76562 2.76562 1.77344 2.77344 1.78125 2.78125 1.78906 2.78906 1.79688 2.79688 1.80469 2.80469 ]
[GRF_A][5][ 1.8125 2.8125 1.82031 2.82031 1.82812 2.82812 1.83594 2.83594 1.84375 2.84375 1.85156 2.85156 1.85938 2.85938 1.86719 2.86719 ]
[GRF_A][6][ 1.875 2.875 1.88281 2.88281 1.89062 2.89062 1.89844 2.89844 1.90625 2.90625 1.91406 2.91406 1.92188 2.92188 1.92969 2.92969 ]
[GRF_A][7][ 1.9375 2.9375 1.94531 2.94531 1.95312 2.95312 1.96094 2.96094 1.96875 2.96875 1.97656 2.97656 1.98438 2.98438 1.99219 2.99219 ]
[GRF_B][0][ 55.1562 0 0 0 0 0 0 0 0 0 0 0 0 0 0 0 ]
[GRF_B][1][ 0 76.125 0 0 0 0 0 0 0 0 0 0 0 0 0 0 ]
[GRF_B][2][ 0 0 42.7812 0 0 0 0 0 0 0 0 0 0 0 0 0 ]
[GRF_B][3][ 0 0 0 78.625 0 0 0 0 0 0 0 0 0 0 0 0 ]
[GRF_B][4][ 0 0 0 0 44.3125 0 0 0 0 0 0 0 0 0 0 0 ]
[GRF_B][5][ 0 0 0 0 0 81.125 0 0 0 0 0 0 0 0 0 0 ]
[GRF_B][6][ 0 0 0 0 0 0 45.8438 0 0 0 0 0 0 0 0 0 ]
[GRF_B][7][ 0 0 0 0 0 0 0 83.6875 0 0 0 0 0 0 0 0 ]
[M_OUT][0000000000000000000000000000000000000000000000000000000000000000000000000000000000000000000000000000000000000000000000000000000000000000000000000000000000000000000000000000000000000000000000000000000000000000000000000000000000000000000000000000000000000000]
[A_OUT][0000000000000000000000000000000000000000000000000000000000000000000000000000000000000000000000000000000000000000000000000000000000000000000000000000000000000000000000000000000000000000000000000000000000000000000000000000000000000000000000000000000000000000]

----------
READ ch0 ra0 bg0 b1 r2 c2|| [2] MAC GRF_B[0], GRF_A[0], ODD_BANK, auto @ 7391
[BANK_R][ 4.625 0 0 0 0 0 0 0 0 0 0 0 0 0 0 0 ]
[CMD]00111011000110001000000000000000(MAC GRF_B[0], GRF_A[0], ODD_BANK, auto)
[SRF][0000000000000000000000000000000000000000000000000000000000000000000000000000000000000000000000000000000000000000000000000000000000000000000000000000000000000000000000000000000000000000000000000000000000000000000000000000000000000000000000000000000000000000]
[GRF_A][0][ 1.5 2.5 1.50781 2.50781 1.51562 2.51562 1.52344 2.52344 1.53125 2.53125 1.53906 2.53906 1.54688 2.54688 1.55469 2.55469 ]
[GRF_A][1][ 1.5625 2.5625 1.57031 2.57031 1.57812 2.57812 1.58594 2.58594 1.59375 2.59375 1.60156 2.60156 1.60938 2.60938 1.61719 2.61719 ]
[GRF_A][2][ 1.625 2.625 1.63281 2.63281 1.64062 2.64062 1.64844 2.64844 1.65625 2.65625 1.66406 2.66406 1.67188 2.67188 1.67969 2.67969 ]
[GRF_A][3][ 1.6875 2.6875 1.69531 2.69531 1.70312 2.70312 1.71094 2.71094 1.71875 2.71875 1.72656 2.72656 1.73438 2.73438 1.74219 2.74219 ]
[GRF_A][4][ 1.75 2.75 1.75781 2.75781 1.76562 2.76562 1.77344 2.77344 1.78125 2.78125 1.78906 2.78906 1.79688 2.79688 1.80469 2.80469 ]
[GRF_A][5][ 1.8125 2.8125 1.82031 2.82031 1.82812 2.82812 1.83594 2.83594 1.84375 2.84375 1.85156 2.85156 1.85938 2.85938 1.86719 2.86719 ]
[GRF_A][6][ 1.875 2.875 1.88281 2.88281 1.89062 2.89062 1.89844 2.89844 1.90625 2.90625 1.91406 2.91406 1.92188 2.92188 1.92969 2.92969 ]
[GRF_A][7][ 1.9375 2.9375 1.94531 2.94531 1.95312 2.95312 1.96094 2.96094 1.96875 2.96875 1.97656 2.97656 1.98438 2.98438 1.99219 2.99219 ]
[GRF_B][0][ 62.6875 0 0 0 0 0 0 0 0 0 0 0 0 0 0 0 ]
[GRF_B][1][ 0 76.125 0 0 0 0 0 0 0 0 0 0 0 0 0 0 ]
[GRF_B][2][ 0 0 42.7812 0 0 0 0 0 0 0 0 0 0 0 0 0 ]
[GRF_B][3][ 0 0 0 78.625 0 0 0 0 0 0 0 0 0 0 0 0 ]
[GRF_B][4][ 0 0 0 0 44.3125 0 0 0 0 0 0 0 0 0 0 0 ]
[GRF_B][5][ 0 0 0 0 0 81.125 0 0 0 0 0 0 0 0 0 0 ]
[GRF_B][6][ 0 0 0 0 0 0 45.8438 0 0 0 0 0 0 0 0 0 ]
[GRF_B][7][ 0 0 0 0 0 0 0 83.6875 0 0 0 0 0 0 0 0 ]
[M_OUT][0000000000000000000000000000000000000000000000000000000000000000000000000000000000000000000000000000000000000000000000000000000000000000000000000000000000000000000000000000000000000000000000000000000000000000000000000000000000000000000000000000000000000000]
[A_OUT][0000000000000000000000000000000000000000000000000000000000000000000000000000000000000000000000000000000000000000000000000000000000000000000000000000000000000000000000000000000000000000000000000000000000000000000000000000000000000000000000000000000000000000]

----------
READ ch0 ra0 bg0 b1 r2 c3|| [2] MAC GRF_B[0], GRF_A[0], ODD_BANK, auto @ 7395
[BANK_R][ 4.6875 0 0 0 0 0 0 0 0 0 0 0 0 0 0 0 ]
[CMD]00111011000110001000000000000000(MAC GRF_B[0], GRF_A[0], ODD_BANK, auto)
[SRF][0000000000000000000000000000000000000000000000000000000000000000000000000000000000000000000000000000000000000000000000000000000000000000000000000000000000000000000000000000000000000000000000000000000000000000000000000000000000000000000000000000000000000000]
[GRF_A][0][ 1.5 2.5 1.50781 2.50781 1.51562 2.51562 1.52344 2.52344 1.53125 2.53125 1.53906 2.53906 1.54688 2.54688 1.55469 2.55469 ]
[GRF_A][1][ 1.5625 2.5625 1.57031 2.57031 1.57812 2.57812 1.58594 2.58594 1.59375 2.59375 1.60156 2.60156 1.60938 2.60938 1.61719 2.61719 ]
[GRF_A][2][ 1.625 2.625 1.63281 2.63281 1.64062 2.64062 1.64844 2.64844 1.65625 2.65625 1.66406 2.66406 1.67188 2.67188 1.67969 2.67969 ]
[GRF_A][3][ 1.6875 2.6875 1.69531 2.69531 1.70312 2.70312 1.71094 2.71094 1.71875 2.71875 1.72656 2.72656 1.73438 2.73438 1.74219 2.74219 ]
[GRF_A][4][ 1.75 2.75 1.75781 2.75781 1.76562 2.76562 1.77344 2.77344 1.78125 2.78125 1.78906 2.78906 1.79688 2.79688 1.80469 2.80469 ]
[GRF_A][5][ 1.8125 2.8125 1.82031 2.82031 1.82812 2.82812 1.83594 2.83594 1.84375 2.84375 1.85156 2.85156 1.85938 2.85938 1.86719 2.86719 ]
[GRF_A][6][ 1.875 2.875 1.88281 2.88281 1.89062 2.89062 1.89844 2.89844 1.90625 2.90625 1.91406 2.91406 1.92188 2.92188 1.92969 2.92969 ]
[GRF_A][7][ 1.9375 2.9375 1.94531 2.94531 1.95312 2.95312 1.96094 2.96094 1.96875 2.96875 1.97656 2.97656 1.98438 2.98438 1.99219 2.99219 ]
[GRF_B][0][ 70.625 0 0 0 0 0 0 0 0 0 0 0 0 0 0 0 ]
[GRF_B][1][ 0 76.125 0 0 0 0 0 0 0 0 0 0 0 0 0 0 ]
[GRF_B][2][ 0 0 42.7812 0 0 0 0 0 0 0 0 0 0 0 0 0 ]
[GRF_B][3][ 0 0 0 78.625 0 0 0 0 0 0 0 0 0 0 0 0 ]
[GRF_B][4][ 0 0 0 0 44.3125 0 0 0 0 0 0 0 0 0 0 0 ]
[GRF_B][5][ 0 0 0 0 0 81.125 0 0 0 0 0 0 0 0 0 0 ]
[GRF_B][6][ 0 0 0 0 0 0 45.8438 0 0 0 0 0 0 0 0 0 ]
[GRF_B][7][ 0 0 0 0 0 0 0 83.6875 0 0 0 0 0 0 0 0 ]
[M_OUT][0000000000000000000000000000000000000000000000000000000000000000000000000000000000000000000000000000000000000000000000000000000000000000000000000000000000000000000000000000000000000000000000000000000000000000000000000000000000000000000000000000000000000000]
[A_OUT][0000000000000000000000000000000000000000000000000000000000000000000000000000000000000000000000000000000000000000000000000000000000000000000000000000000000000000000000000000000000000000000000000000000000000000000000000000000000000000000000000000000000000000]

----------
READ ch0 ra0 bg0 b1 r2 c4|| [2] MAC GRF_B[0], GRF_A[0], ODD_BANK, auto @ 7399
[BANK_R][ 4.75 0 0 0 0 0 0 0 0 0 0 0 0 0 0 0 ]
[CMD]00111011000110001000000000000000(MAC GRF_B[0], GRF_A[0], ODD_BANK, auto)
[SRF][0000000000000000000000000000000000000000000000000000000000000000000000000000000000000000000000000000000000000000000000000000000000000000000000000000000000000000000000000000000000000000000000000000000000000000000000000000000000000000000000000000000000000000]
[GRF_A][0][ 1.5 2.5 1.50781 2.50781 1.51562 2.51562 1.52344 2.52344 1.53125 2.53125 1.53906 2.53906 1.54688 2.54688 1.55469 2.55469 ]
[GRF_A][1][ 1.5625 2.5625 1.57031 2.57031 1.57812 2.57812 1.58594 2.58594 1.59375 2.59375 1.60156 2.60156 1.60938 2.60938 1.61719 2.61719 ]
[GRF_A][2][ 1.625 2.625 1.63281 2.63281 1.64062 2.64062 1.64844 2.64844 1.65625 2.65625 1.66406 2.66406 1.67188 2.67188 1.67969 2.67969 ]
[GRF_A][3][ 1.6875 2.6875 1.69531 2.69531 1.70312 2.70312 1.71094 2.71094 1.71875 2.71875 1.72656 2.72656 1.73438 2.73438 1.74219 2.74219 ]
[GRF_A][4][ 1.75 2.75 1.75781 2.75781 1.76562 2.76562 1.77344 2.77344 1.78125 2.78125 1.78906 2.78906 1.79688 2.79688 1.80469 2.80469 ]
[GRF_A][5][ 1.8125 2.8125 1.82031 2.82031 1.82812 2.82812 1.83594 2.83594 1.84375 2.84375 1.85156 2.85156 1.85938 2.85938 1.86719 2.86719 ]
[GRF_A][6][ 1.875 2.875 1.88281 2.88281 1.89062 2.89062 1.89844 2.89844 1.90625 2.90625 1.91406 2.91406 1.92188 2.92188 1.92969 2.92969 ]
[GRF_A][7][ 1.9375 2.9375 1.94531 2.94531 1.95312 2.95312 1.96094 2.96094 1.96875 2.96875 1.97656 2.97656 1.98438 2.98438 1.99219 2.99219 ]
[GRF_B][0][ 78.9375 0 0 0 0 0 0 0 0 0 0 0 0 0 0 0 ]
[GRF_B][1][ 0 76.125 0 0 0 0 0 0 0 0 0 0 0 0 0 0 ]
[GRF_B][2][ 0 0 42.7812 0 0 0 0 0 0 0 0 0 0 0 0 0 ]
[GRF_B][3][ 0 0 0 78.625 0 0 0 0 0 0 0 0 0 0 0 0 ]
[GRF_B][4][ 0 0 0 0 44.3125 0 0 0 0 0 0 0 0 0 0 0 ]
[GRF_B][5][ 0 0 0 0 0 81.125 0 0 0 0 0 0 0 0 0 0 ]
[GRF_B][6][ 0 0 0 0 0 0 45.8438 0 0 0 0 0 0 0 0 0 ]
[GRF_B][7][ 0 0 0 0 0 0 0 83.6875 0 0 0 0 0 0 0 0 ]
[M_OUT][0000000000000000000000000000000000000000000000000000000000000000000000000000000000000000000000000000000000000000000000000000000000000000000000000000000000000000000000000000000000000000000000000000000000000000000000000000000000000000000000000000000000000000]
[A_OUT][0000000000000000000000000000000000000000000000000000000000000000000000000000000000000000000000000000000000000000000000000000000000000000000000000000000000000000000000000000000000000000000000000000000000000000000000000000000000000000000000000000000000000000]

----------
READ ch0 ra0 bg0 b1 r2 c5|| [2] MAC GRF_B[0], GRF_A[0], ODD_BANK, auto @ 7403
[BANK_R][ 4.8125 0 0 0 0 0 0 0 0 0 0 0 0 0 0 0 ]
[CMD]00111011000110001000000000000000(MAC GRF_B[0], GRF_A[0], ODD_BANK, auto)
[SRF][0000000000000000000000000000000000000000000000000000000000000000000000000000000000000000000000000000000000000000000000000000000000000000000000000000000000000000000000000000000000000000000000000000000000000000000000000000000000000000000000000000000000000000]
[GRF_A][0][ 1.5 2.5 1.50781 2.50781 1.51562 2.51562 1.52344 2.52344 1.53125 2.53125 1.53906 2.53906 1.54688 2.54688 1.55469 2.55469 ]
[GRF_A][1][ 1.5625 2.5625 1.57031 2.57031 1.57812 2.57812 1.58594 2.58594 1.59375 2.59375 1.60156 2.60156 1.60938 2.60938 1.61719 2.61719 ]
[GRF_A][2][ 1.625 2.625 1.63281 2.63281 1.64062 2.64062 1.64844 2.64844 1.65625 2.65625 1.66406 2.66406 1.67188 2.67188 1.67969 2.67969 ]
[GRF_A][3][ 1.6875 2.6875 1.69531 2.69531 1.70312 2.70312 1.71094 2.71094 1.71875 2.71875 1.72656 2.72656 1.73438 2.73438 1.74219 2.74219 ]
[GRF_A][4][ 1.75 2.75 1.75781 2.75781 1.76562 2.76562 1.77344 2.77344 1.78125 2.78125 1.78906 2.78906 1.79688 2.79688 1.80469 2.80469 ]
[GRF_A][5][ 1.8125 2.8125 1.82031 2.82031 1.82812 2.82812 1.83594 2.83594 1.84375 2.84375 1.85156 2.85156 1.85938 2.85938 1.86719 2.86719 ]
[GRF_A][6][ 1.875 2.875 1.88281 2.88281 1.89062 2.89062 1.89844 2.89844 1.90625 2.90625 1.91406 2.91406 1.92188 2.92188 1.92969 2.92969 ]
[GRF_A][7][ 1.9375 2.9375 1.94531 2.94531 1.95312 2.95312 1.96094 2.96094 1.96875 2.96875 1.97656 2.97656 1.98438 2.98438 1.99219 2.99219 ]
[GRF_B][0][ 87.625 0 0 0 0 0 0 0 0 0 0 0 0 0 0 0 ]
[GRF_B][1][ 0 76.125 0 0 0 0 0 0 0 0 0 0 0 0 0 0 ]
[GRF_B][2][ 0 0 42.7812 0 0 0 0 0 0 0 0 0 0 0 0 0 ]
[GRF_B][3][ 0 0 0 78.625 0 0 0 0 0 0 0 0 0 0 0 0 ]
[GRF_B][4][ 0 0 0 0 44.3125 0 0 0 0 0 0 0 0 0 0 0 ]
[GRF_B][5][ 0 0 0 0 0 81.125 0 0 0 0 0 0 0 0 0 0 ]
[GRF_B][6][ 0 0 0 0 0 0 45.8438 0 0 0 0 0 0 0 0 0 ]
[GRF_B][7][ 0 0 0 0 0 0 0 83.6875 0 0 0 0 0 0 0 0 ]
[M_OUT][0000000000000000000000000000000000000000000000000000000000000000000000000000000000000000000000000000000000000000000000000000000000000000000000000000000000000000000000000000000000000000000000000000000000000000000000000000000000000000000000000000000000000000]
[A_OUT][0000000000000000000000000000000000000000000000000000000000000000000000000000000000000000000000000000000000000000000000000000000000000000000000000000000000000000000000000000000000000000000000000000000000000000000000000000000000000000000000000000000000000000]

----------
READ ch0 ra0 bg0 b1 r2 c6|| [2] MAC GRF_B[0], GRF_A[0], ODD_BANK, auto @ 7407
[BANK_R][ 4.875 0 0 0 0 0 0 0 0 0 0 0 0 0 0 0 ]
[CMD]00111011000110001000000000000000(MAC GRF_B[0], GRF_A[0], ODD_BANK, auto)
[SRF][0000000000000000000000000000000000000000000000000000000000000000000000000000000000000000000000000000000000000000000000000000000000000000000000000000000000000000000000000000000000000000000000000000000000000000000000000000000000000000000000000000000000000000]
[GRF_A][0][ 1.5 2.5 1.50781 2.50781 1.51562 2.51562 1.52344 2.52344 1.53125 2.53125 1.53906 2.53906 1.54688 2.54688 1.55469 2.55469 ]
[GRF_A][1][ 1.5625 2.5625 1.57031 2.57031 1.57812 2.57812 1.58594 2.58594 1.59375 2.59375 1.60156 2.60156 1.60938 2.60938 1.61719 2.61719 ]
[GRF_A][2][ 1.625 2.625 1.63281 2.63281 1.64062 2.64062 1.64844 2.64844 1.65625 2.65625 1.66406 2.66406 1.67188 2.67188 1.67969 2.67969 ]
[GRF_A][3][ 1.6875 2.6875 1.69531 2.69531 1.70312 2.70312 1.71094 2.71094 1.71875 2.71875 1.72656 2.72656 1.73438 2.73438 1.74219 2.74219 ]
[GRF_A][4][ 1.75 2.75 1.75781 2.75781 1.76562 2.76562 1.77344 2.77344 1.78125 2.78125 1.78906 2.78906 1.79688 2.79688 1.80469 2.80469 ]
[GRF_A][5][ 1.8125 2.8125 1.82031 2.82031 1.82812 2.82812 1.83594 2.83594 1.84375 2.84375 1.85156 2.85156 1.85938 2.85938 1.86719 2.86719 ]
[GRF_A][6][ 1.875 2.875 1.88281 2.88281 1.89062 2.89062 1.89844 2.89844 1.90625 2.90625 1.91406 2.91406 1.92188 2.92188 1.92969 2.92969 ]
[GRF_A][7][ 1.9375 2.9375 1.94531 2.94531 1.95312 2.95312 1.96094 2.96094 1.96875 2.96875 1.97656 2.97656 1.98438 2.98438 1.99219 2.99219 ]
[GRF_B][0][ 96.75 0 0 0 0 0 0 0 0 0 0 0 0 0 0 0 ]
[GRF_B][1][ 0 76.125 0 0 0 0 0 0 0 0 0 0 0 0 0 0 ]
[GRF_B][2][ 0 0 42.7812 0 0 0 0 0 0 0 0 0 0 0 0 0 ]
[GRF_B][3][ 0 0 0 78.625 0 0 0 0 0 0 0 0 0 0 0 0 ]
[GRF_B][4][ 0 0 0 0 44.3125 0 0 0 0 0 0 0 0 0 0 0 ]
[GRF_B][5][ 0 0 0 0 0 81.125 0 0 0 0 0 0 0 0 0 0 ]
[GRF_B][6][ 0 0 0 0 0 0 45.8438 0 0 0 0 0 0 0 0 0 ]
[GRF_B][7][ 0 0 0 0 0 0 0 83.6875 0 0 0 0 0 0 0 0 ]
[M_OUT][0000000000000000000000000000000000000000000000000000000000000000000000000000000000000000000000000000000000000000000000000000000000000000000000000000000000000000000000000000000000000000000000000000000000000000000000000000000000000000000000000000000000000000]
[A_OUT][0000000000000000000000000000000000000000000000000000000000000000000000000000000000000000000000000000000000000000000000000000000000000000000000000000000000000000000000000000000000000000000000000000000000000000000000000000000000000000000000000000000000000000]

----------
READ ch0 ra0 bg0 b1 r2 c7|| [2] MAC GRF_B[0], GRF_A[0], ODD_BANK, auto @ 7411
[BANK_R][ 4.9375 0 0 0 0 0 0 0 0 0 0 0 0 0 0 0 ]
[CMD]00111011000110001000000000000000(MAC GRF_B[0], GRF_A[0], ODD_BANK, auto)
[SRF][0000000000000000000000000000000000000000000000000000000000000000000000000000000000000000000000000000000000000000000000000000000000000000000000000000000000000000000000000000000000000000000000000000000000000000000000000000000000000000000000000000000000000000]
[GRF_A][0][ 1.5 2.5 1.50781 2.50781 1.51562 2.51562 1.52344 2.52344 1.53125 2.53125 1.53906 2.53906 1.54688 2.54688 1.55469 2.55469 ]
[GRF_A][1][ 1.5625 2.5625 1.57031 2.57031 1.57812 2.57812 1.58594 2.58594 1.59375 2.59375 1.60156 2.60156 1.60938 2.60938 1.61719 2.61719 ]
[GRF_A][2][ 1.625 2.625 1.63281 2.63281 1.64062 2.64062 1.64844 2.64844 1.65625 2.65625 1.66406 2.66406 1.67188 2.67188 1.67969 2.67969 ]
[GRF_A][3][ 1.6875 2.6875 1.69531 2.69531 1.70312 2.70312 1.71094 2.71094 1.71875 2.71875 1.72656 2.72656 1.73438 2.73438 1.74219 2.74219 ]
[GRF_A][4][ 1.75 2.75 1.75781 2.75781 1.76562 2.76562 1.77344 2.77344 1.78125 2.78125 1.78906 2.78906 1.79688 2.79688 1.80469 2.80469 ]
[GRF_A][5][ 1.8125 2.8125 1.82031 2.82031 1.82812 2.82812 1.83594 2.83594 1.84375 2.84375 1.85156 2.85156 1.85938 2.85938 1.86719 2.86719 ]
[GRF_A][6][ 1.875 2.875 1.88281 2.88281 1.89062 2.89062 1.89844 2.89844 1.90625 2.90625 1.91406 2.91406 1.92188 2.92188 1.92969 2.92969 ]
[GRF_A][7][ 1.9375 2.9375 1.94531 2.94531 1.95312 2.95312 1.96094 2.96094 1.96875 2.96875 1.97656 2.97656 1.98438 2.98438 1.99219 2.99219 ]
[GRF_B][0][ 106.312 0 0 0 0 0 0 0 0 0 0 0 0 0 0 0 ]
[GRF_B][1][ 0 76.125 0 0 0 0 0 0 0 0 0 0 0 0 0 0 ]
[GRF_B][2][ 0 0 42.7812 0 0 0 0 0 0 0 0 0 0 0 0 0 ]
[GRF_B][3][ 0 0 0 78.625 0 0 0 0 0 0 0 0 0 0 0 0 ]
[GRF_B][4][ 0 0 0 0 44.3125 0 0 0 0 0 0 0 0 0 0 0 ]
[GRF_B][5][ 0 0 0 0 0 81.125 0 0 0 0 0 0 0 0 0 0 ]
[GRF_B][6][ 0 0 0 0 0 0 45.8438 0 0 0 0 0 0 0 0 0 ]
[GRF_B][7][ 0 0 0 0 0 0 0 83.6875 0 0 0 0 0 0 0 0 ]
[M_OUT][0000000000000000000000000000000000000000000000000000000000000000000000000000000000000000000000000000000000000000000000000000000000000000000000000000000000000000000000000000000000000000000000000000000000000000000000000000000000000000000000000000000000000000]
[A_OUT][0000000000000000000000000000000000000000000000000000000000000000000000000000000000000000000000000000000000000000000000000000000000000000000000000000000000000000000000000000000000000000000000000000000000000000000000000000000000000000000000000000000000000000]

----------
READ ch0 ra0 bg0 b1 r2 c8|| [3] JUMP 7x [PC - 2] @ 7415
READ ch0 ra0 bg0 b1 r2 c8|| [2] MAC GRF_B[0], GRF_A[0], ODD_BANK, auto @ 7415
[BANK_R][ 0 4.5625 0 0 0 0 0 0 0 0 0 0 0 0 0 0 ]
[CMD]00111011000110001000000000000000(MAC GRF_B[0], GRF_A[0], ODD_BANK, auto)
[SRF][0000000000000000000000000000000000000000000000000000000000000000000000000000000000000000000000000000000000000000000000000000000000000000000000000000000000000000000000000000000000000000000000000000000000000000000000000000000000000000000000000000000000000000]
[GRF_A][0][ 1.5 2.5 1.50781 2.50781 1.51562 2.51562 1.52344 2.52344 1.53125 2.53125 1.53906 2.53906 1.54688 2.54688 1.55469 2.55469 ]
[GRF_A][1][ 1.5625 2.5625 1.57031 2.57031 1.57812 2.57812 1.58594 2.58594 1.59375 2.59375 1.60156 2.60156 1.60938 2.60938 1.61719 2.61719 ]
[GRF_A][2][ 1.625 2.625 1.63281 2.63281 1.64062 2.64062 1.64844 2.64844 1.65625 2.65625 1.66406 2.66406 1.67188 2.67188 1.67969 2.67969 ]
[GRF_A][3][ 1.6875 2.6875 1.69531 2.69531 1.70312 2.70312 1.71094 2.71094 1.71875 2.71875 1.72656 2.72656 1.73438 2.73438 1.74219 2.74219 ]
[GRF_A][4][ 1.75 2.75 1.75781 2.75781 1.76562 2.76562 1.77344 2.77344 1.78125 2.78125 1.78906 2.78906 1.79688 2.79688 1.80469 2.80469 ]
[GRF_A][5][ 1.8125 2.8125 1.82031 2.82031 1.82812 2.82812 1.83594 2.83594 1.84375 2.84375 1.85156 2.85156 1.85938 2.85938 1.86719 2.86719 ]
[GRF_A][6][ 1.875 2.875 1.88281 2.88281 1.89062 2.89062 1.89844 2.89844 1.90625 2.90625 1.91406 2.91406 1.92188 2.92188 1.92969 2.92969 ]
[GRF_A][7][ 1.9375 2.9375 1.94531 2.94531 1.95312 2.95312 1.96094 2.96094 1.96875 2.96875 1.97656 2.97656 1.98438 2.98438 1.99219 2.99219 ]
[GRF_B][0][ 106.312 0 0 0 0 0 0 0 0 0 0 0 0 0 0 0 ]
[GRF_B][1][ 0 87.5 0 0 0 0 0 0 0 0 0 0 0 0 0 0 ]
[GRF_B][2][ 0 0 42.7812 0 0 0 0 0 0 0 0 0 0 0 0 0 ]
[GRF_B][3][ 0 0 0 78.625 0 0 0 0 0 0 0 0 0 0 0 0 ]
[GRF_B][4][ 0 0 0 0 44.3125 0 0 0 0 0 0 0 0 0 0 0 ]
[GRF_B][5][ 0 0 0 0 0 81.125 0 0 0 0 0 0 0 0 0 0 ]
[GRF_B][6][ 0 0 0 0 0 0 45.8438 0 0 0 0 0 0 0 0 0 ]
[GRF_B][7][ 0 0 0 0 0 0 0 83.6875 0 0 0 0 0 0 0 0 ]
[M_OUT][0000000000000000000000000000000000000000000000000000000000000000000000000000000000000000000000000000000000000000000000000000000000000000000000000000000000000000000000000000000000000000000000000000000000000000000000000000000000000000000000000000000000000000]
[A_OUT][0000000000000000000000000000000000000000000000000000000000000000000000000000000000000000000000000000000000000000000000000000000000000000000000000000000000000000000000000000000000000000000000000000000000000000000000000000000000000000000000000000000000000000]

----------
READ ch0 ra0 bg0 b1 r2 c9|| [2] MAC GRF_B[0], GRF_A[0], ODD_BANK, auto @ 7419
[BANK_R][ 0 4.625 0 0 0 0 0 0 0 0 0 0 0 0 0 0 ]
[CMD]00111011000110001000000000000000(MAC GRF_B[0], GRF_A[0], ODD_BANK, auto)
[SRF][0000000000000000000000000000000000000000000000000000000000000000000000000000000000000000000000000000000000000000000000000000000000000000000000000000000000000000000000000000000000000000000000000000000000000000000000000000000000000000000000000000000000000000]
[GRF_A][0][ 1.5 2.5 1.50781 2.50781 1.51562 2.51562 1.52344 2.52344 1.53125 2.53125 1.53906 2.53906 1.54688 2.54688 1.55469 2.55469 ]
[GRF_A][1][ 1.5625 2.5625 1.57031 2.57031 1.57812 2.57812 1.58594 2.58594 1.59375 2.59375 1.60156 2.60156 1.60938 2.60938 1.61719 2.61719 ]
[GRF_A][2][ 1.625 2.625 1.63281 2.63281 1.64062 2.64062 1.64844 2.64844 1.65625 2.65625 1.66406 2.66406 1.67188 2.67188 1.67969 2.67969 ]
[GRF_A][3][ 1.6875 2.6875 1.69531 2.69531 1.70312 2.70312 1.71094 2.71094 1.71875 2.71875 1.72656 2.72656 1.73438 2.73438 1.74219 2.74219 ]
[GRF_A][4][ 1.75 2.75 1.75781 2.75781 1.76562 2.76562 1.77344 2.77344 1.78125 2.78125 1.78906 2.78906 1.79688 2.79688 1.80469 2.80469 ]
[GRF_A][5][ 1.8125 2.8125 1.82031 2.82031 1.82812 2.82812 1.83594 2.83594 1.84375 2.84375 1.85156 2.85156 1.85938 2.85938 1.86719 2.86719 ]
[GRF_A][6][ 1.875 2.875 1.88281 2.88281 1.89062 2.89062 1.89844 2.89844 1.90625 2.90625 1.91406 2.91406 1.92188 2.92188 1.92969 2.92969 ]
[GRF_A][7][ 1.9375 2.9375 1.94531 2.94531 1.95312 2.95312 1.96094 2.96094 1.96875 2.96875 1.97656 2.97656 1.98438 2.98438 1.99219 2.99219 ]
[GRF_B][0][ 106.312 0 0 0 0 0 0 0 0 0 0 0 0 0 0 0 ]
[GRF_B][1][ 0 99.375 0 0 0 0 0 0 0 0 0 0 0 0 0 0 ]
[GRF_B][2][ 0 0 42.7812 0 0 0 0 0 0 0 0 0 0 0 0 0 ]
[GRF_B][3][ 0 0 0 78.625 0 0 0 0 0 0 0 0 0 0 0 0 ]
[GRF_B][4][ 0 0 0 0 44.3125 0 0 0 0 0 0 0 0 0 0 0 ]
[GRF_B][5][ 0 0 0 0 0 81.125 0 0 0 0 0 0 0 0 0 0 ]
[GRF_B][6][ 0 0 0 0 0 0 45.8438 0 0 0 0 0 0 0 0 0 ]
[GRF_B][7][ 0 0 0 0 0 0 0 83.6875 0 0 0 0 0 0 0 0 ]
[M_OUT][0000000000000000000000000000000000000000000000000000000000000000000000000000000000000000000000000000000000000000000000000000000000000000000000000000000000000000000000000000000000000000000000000000000000000000000000000000000000000000000000000000000000000000]
[A_OUT][0000000000000000000000000000000000000000000000000000000000000000000000000000000000000000000000000000000000000000000000000000000000000000000000000000000000000000000000000000000000000000000000000000000000000000000000000000000000000000000000000000000000000000]

----------
READ ch0 ra0 bg0 b1 r2 c10|| [2] MAC GRF_B[0], GRF_A[0], ODD_BANK, auto @ 7423
[BANK_R][ 0 4.6875 0 0 0 0 0 0 0 0 0 0 0 0 0 0 ]
[CMD]00111011000110001000000000000000(MAC GRF_B[0], GRF_A[0], ODD_BANK, auto)
[SRF][0000000000000000000000000000000000000000000000000000000000000000000000000000000000000000000000000000000000000000000000000000000000000000000000000000000000000000000000000000000000000000000000000000000000000000000000000000000000000000000000000000000000000000]
[GRF_A][0][ 1.5 2.5 1.50781 2.50781 1.51562 2.51562 1.52344 2.52344 1.53125 2.53125 1.53906 2.53906 1.54688 2.54688 1.55469 2.55469 ]
[GRF_A][1][ 1.5625 2.5625 1.57031 2.57031 1.57812 2.57812 1.58594 2.58594 1.59375 2.59375 1.60156 2.60156 1.60938 2.60938 1.61719 2.61719 ]
[GRF_A][2][ 1.625 2.625 1.63281 2.63281 1.64062 2.64062 1.64844 2.64844 1.65625 2.65625 1.66406 2.66406 1.67188 2.67188 1.67969 2.67969 ]
[GRF_A][3][ 1.6875 2.6875 1.69531 2.69531 1.70312 2.70312 1.71094 2.71094 1.71875 2.71875 1.72656 2.72656 1.73438 2.73438 1.74219 2.74219 ]
[GRF_A][4][ 1.75 2.75 1.75781 2.75781 1.76562 2.76562 1.77344 2.77344 1.78125 2.78125 1.78906 2.78906 1.79688 2.79688 1.80469 2.80469 ]
[GRF_A][5][ 1.8125 2.8125 1.82031 2.82031 1.82812 2.82812 1.83594 2.83594 1.84375 2.84375 1.85156 2.85156 1.85938 2.85938 1.86719 2.86719 ]
[GRF_A][6][ 1.875 2.875 1.88281 2.88281 1.89062 2.89062 1.89844 2.89844 1.90625 2.90625 1.91406 2.91406 1.92188 2.92188 1.92969 2.92969 ]
[GRF_A][7][ 1.9375 2.9375 1.94531 2.94531 1.95312 2.95312 1.96094 2.96094 1.96875 2.96875 1.97656 2.97656 1.98438 2.98438 1.99219 2.99219 ]
[GRF_B][0][ 106.312 0 0 0 0 0 0 0 0 0 0 0 0 0 0 0 ]
[GRF_B][1][ 0 111.688 0 0 0 0 0 0 0 0 0 0 0 0 0 0 ]
[GRF_B][2][ 0 0 42.7812 0 0 0 0 0 0 0 0 0 0 0 0 0 ]
[GRF_B][3][ 0 0 0 78.625 0 0 0 0 0 0 0 0 0 0 0 0 ]
[GRF_B][4][ 0 0 0 0 44.3125 0 0 0 0 0 0 0 0 0 0 0 ]
[GRF_B][5][ 0 0 0 0 0 81.125 0 0 0 0 0 0 0 0 0 0 ]
[GRF_B][6][ 0 0 0 0 0 0 45.8438 0 0 0 0 0 0 0 0 0 ]
[GRF_B][7][ 0 0 0 0 0 0 0 83.6875 0 0 0 0 0 0 0 0 ]
[M_OUT][0000000000000000000000000000000000000000000000000000000000000000000000000000000000000000000000000000000000000000000000000000000000000000000000000000000000000000000000000000000000000000000000000000000000000000000000000000000000000000000000000000000000000000]
[A_OUT][0000000000000000000000000000000000000000000000000000000000000000000000000000000000000000000000000000000000000000000000000000000000000000000000000000000000000000000000000000000000000000000000000000000000000000000000000000000000000000000000000000000000000000]

----------
READ ch0 ra0 bg0 b1 r2 c11|| [2] MAC GRF_B[0], GRF_A[0], ODD_BANK, auto @ 7427
[BANK_R][ 0 4.75 0 0 0 0 0 0 0 0 0 0 0 0 0 0 ]
[CMD]00111011000110001000000000000000(MAC GRF_B[0], GRF_A[0], ODD_BANK, auto)
[SRF][0000000000000000000000000000000000000000000000000000000000000000000000000000000000000000000000000000000000000000000000000000000000000000000000000000000000000000000000000000000000000000000000000000000000000000000000000000000000000000000000000000000000000000]
[GRF_A][0][ 1.5 2.5 1.50781 2.50781 1.51562 2.51562 1.52344 2.52344 1.53125 2.53125 1.53906 2.53906 1.54688 2.54688 1.55469 2.55469 ]
[GRF_A][1][ 1.5625 2.5625 1.57031 2.57031 1.57812 2.57812 1.58594 2.58594 1.59375 2.59375 1.60156 2.60156 1.60938 2.60938 1.61719 2.61719 ]
[GRF_A][2][ 1.625 2.625 1.63281 2.63281 1.64062 2.64062 1.64844 2.64844 1.65625 2.65625 1.66406 2.66406 1.67188 2.67188 1.67969 2.67969 ]
[GRF_A][3][ 1.6875 2.6875 1.69531 2.69531 1.70312 2.70312 1.71094 2.71094 1.71875 2.71875 1.72656 2.72656 1.73438 2.73438 1.74219 2.74219 ]
[GRF_A][4][ 1.75 2.75 1.75781 2.75781 1.76562 2.76562 1.77344 2.77344 1.78125 2.78125 1.78906 2.78906 1.79688 2.79688 1.80469 2.80469 ]
[GRF_A][5][ 1.8125 2.8125 1.82031 2.82031 1.82812 2.82812 1.83594 2.83594 1.84375 2.84375 1.85156 2.85156 1.85938 2.85938 1.86719 2.86719 ]
[GRF_A][6][ 1.875 2.875 1.88281 2.88281 1.89062 2.89062 1.89844 2.89844 1.90625 2.90625 1.91406 2.91406 1.92188 2.92188 1.92969 2.92969 ]
[GRF_A][7][ 1.9375 2.9375 1.94531 2.94531 1.95312 2.95312 1.96094 2.96094 1.96875 2.96875 1.97656 2.97656 1.98438 2.98438 1.99219 2.99219 ]
[GRF_B][0][ 106.312 0 0 0 0 0 0 0 0 0 0 0 0 0 0 0 ]
[GRF_B][1][ 0 124.438 0 0 0 0 0 0 0 0 0 0 0 0 0 0 ]
[GRF_B][2][ 0 0 42.7812 0 0 0 0 0 0 0 0 0 0 0 0 0 ]
[GRF_B][3][ 0 0 0 78.625 0 0 0 0 0 0 0 0 0 0 0 0 ]
[GRF_B][4][ 0 0 0 0 44.3125 0 0 0 0 0 0 0 0 0 0 0 ]
[GRF_B][5][ 0 0 0 0 0 81.125 0 0 0 0 0 0 0 0 0 0 ]
[GRF_B][6][ 0 0 0 0 0 0 45.8438 0 0 0 0 0 0 0 0 0 ]
[GRF_B][7][ 0 0 0 0 0 0 0 83.6875 0 0 0 0 0 0 0 0 ]
[M_OUT][0000000000000000000000000000000000000000000000000000000000000000000000000000000000000000000000000000000000000000000000000000000000000000000000000000000000000000000000000000000000000000000000000000000000000000000000000000000000000000000000000000000000000000]
[A_OUT][0000000000000000000000000000000000000000000000000000000000000000000000000000000000000000000000000000000000000000000000000000000000000000000000000000000000000000000000000000000000000000000000000000000000000000000000000000000000000000000000000000000000000000]

----------
READ ch0 ra0 bg0 b1 r2 c12|| [2] MAC GRF_B[0], GRF_A[0], ODD_BANK, auto @ 7431
[BANK_R][ 0 4.8125 0 0 0 0 0 0 0 0 0 0 0 0 0 0 ]
[CMD]00111011000110001000000000000000(MAC GRF_B[0], GRF_A[0], ODD_BANK, auto)
[SRF][0000000000000000000000000000000000000000000000000000000000000000000000000000000000000000000000000000000000000000000000000000000000000000000000000000000000000000000000000000000000000000000000000000000000000000000000000000000000000000000000000000000000000000]
[GRF_A][0][ 1.5 2.5 1.50781 2.50781 1.51562 2.51562 1.52344 2.52344 1.53125 2.53125 1.53906 2.53906 1.54688 2.54688 1.55469 2.55469 ]
[GRF_A][1][ 1.5625 2.5625 1.57031 2.57031 1.57812 2.57812 1.58594 2.58594 1.59375 2.59375 1.60156 2.60156 1.60938 2.60938 1.61719 2.61719 ]
[GRF_A][2][ 1.625 2.625 1.63281 2.63281 1.64062 2.64062 1.64844 2.64844 1.65625 2.65625 1.66406 2.66406 1.67188 2.67188 1.67969 2.67969 ]
[GRF_A][3][ 1.6875 2.6875 1.69531 2.69531 1.70312 2.70312 1.71094 2.71094 1.71875 2.71875 1.72656 2.72656 1.73438 2.73438 1.74219 2.74219 ]
[GRF_A][4][ 1.75 2.75 1.75781 2.75781 1.76562 2.76562 1.77344 2.77344 1.78125 2.78125 1.78906 2.78906 1.79688 2.79688 1.80469 2.80469 ]
[GRF_A][5][ 1.8125 2.8125 1.82031 2.82031 1.82812 2.82812 1.83594 2.83594 1.84375 2.84375 1.85156 2.85156 1.85938 2.85938 1.86719 2.86719 ]
[GRF_A][6][ 1.875 2.875 1.88281 2.88281 1.89062 2.89062 1.89844 2.89844 1.90625 2.90625 1.91406 2.91406 1.92188 2.92188 1.92969 2.92969 ]
[GRF_A][7][ 1.9375 2.9375 1.94531 2.94531 1.95312 2.95312 1.96094 2.96094 1.96875 2.96875 1.97656 2.97656 1.98438 2.98438 1.99219 2.99219 ]
[GRF_B][0][ 106.312 0 0 0 0 0 0 0 0 0 0 0 0 0 0 0 ]
[GRF_B][1][ 0 137.625 0 0 0 0 0 0 0 0 0 0 0 0 0 0 ]
[GRF_B][2][ 0 0 42.7812 0 0 0 0 0 0 0 0 0 0 0 0 0 ]
[GRF_B][3][ 0 0 0 78.625 0 0 0 0 0 0 0 0 0 0 0 0 ]
[GRF_B][4][ 0 0 0 0 44.3125 0 0 0 0 0 0 0 0 0 0 0 ]
[GRF_B][5][ 0 0 0 0 0 81.125 0 0 0 0 0 0 0 0 0 0 ]
[GRF_B][6][ 0 0 0 0 0 0 45.8438 0 0 0 0 0 0 0 0 0 ]
[GRF_B][7][ 0 0 0 0 0 0 0 83.6875 0 0 0 0 0 0 0 0 ]
[M_OUT][0000000000000000000000000000000000000000000000000000000000000000000000000000000000000000000000000000000000000000000000000000000000000000000000000000000000000000000000000000000000000000000000000000000000000000000000000000000000000000000000000000000000000000]
[A_OUT][0000000000000000000000000000000000000000000000000000000000000000000000000000000000000000000000000000000000000000000000000000000000000000000000000000000000000000000000000000000000000000000000000000000000000000000000000000000000000000000000000000000000000000]

----------
READ ch0 ra0 bg0 b1 r2 c13|| [2] MAC GRF_B[0], GRF_A[0], ODD_BANK, auto @ 7435
[BANK_R][ 0 4.875 0 0 0 0 0 0 0 0 0 0 0 0 0 0 ]
[CMD]00111011000110001000000000000000(MAC GRF_B[0], GRF_A[0], ODD_BANK, auto)
[SRF][0000000000000000000000000000000000000000000000000000000000000000000000000000000000000000000000000000000000000000000000000000000000000000000000000000000000000000000000000000000000000000000000000000000000000000000000000000000000000000000000000000000000000000]
[GRF_A][0][ 1.5 2.5 1.50781 2.50781 1.51562 2.51562 1.52344 2.52344 1.53125 2.53125 1.53906 2.53906 1.54688 2.54688 1.55469 2.55469 ]
[GRF_A][1][ 1.5625 2.5625 1.57031 2.57031 1.57812 2.57812 1.58594 2.58594 1.59375 2.59375 1.60156 2.60156 1.60938 2.60938 1.61719 2.61719 ]
[GRF_A][2][ 1.625 2.625 1.63281 2.63281 1.64062 2.64062 1.64844 2.64844 1.65625 2.65625 1.66406 2.66406 1.67188 2.67188 1.67969 2.67969 ]
[GRF_A][3][ 1.6875 2.6875 1.69531 2.69531 1.70312 2.70312 1.71094 2.71094 1.71875 2.71875 1.72656 2.72656 1.73438 2.73438 1.74219 2.74219 ]
[GRF_A][4][ 1.75 2.75 1.75781 2.75781 1.76562 2.76562 1.77344 2.77344 1.78125 2.78125 1.78906 2.78906 1.79688 2.79688 1.80469 2.80469 ]
[GRF_A][5][ 1.8125 2.8125 1.82031 2.82031 1.82812 2.82812 1.83594 2.83594 1.84375 2.84375 1.85156 2.85156 1.85938 2.85938 1.86719 2.86719 ]
[GRF_A][6][ 1.875 2.875 1.88281 2.88281 1.89062 2.89062 1.89844 2.89844 1.90625 2.90625 1.91406 2.91406 1.92188 2.92188 1.92969 2.92969 ]
[GRF_A][7][ 1.9375 2.9375 1.94531 2.94531 1.95312 2.95312 1.96094 2.96094 1.96875 2.96875 1.97656 2.97656 1.98438 2.98438 1.99219 2.99219 ]
[GRF_B][0][ 106.312 0 0 0 0 0 0 0 0 0 0 0 0 0 0 0 ]
[GRF_B][1][ 0 151.375 0 0 0 0 0 0 0 0 0 0 0 0 0 0 ]
[GRF_B][2][ 0 0 42.7812 0 0 0 0 0 0 0 0 0 0 0 0 0 ]
[GRF_B][3][ 0 0 0 78.625 0 0 0 0 0 0 0 0 0 0 0 0 ]
[GRF_B][4][ 0 0 0 0 44.3125 0 0 0 0 0 0 0 0 0 0 0 ]
[GRF_B][5][ 0 0 0 0 0 81.125 0 0 0 0 0 0 0 0 0 0 ]
[GRF_B][6][ 0 0 0 0 0 0 45.8438 0 0 0 0 0 0 0 0 0 ]
[GRF_B][7][ 0 0 0 0 0 0 0 83.6875 0 0 0 0 0 0 0 0 ]
[M_OUT][0000000000000000000000000000000000000000000000000000000000000000000000000000000000000000000000000000000000000000000000000000000000000000000000000000000000000000000000000000000000000000000000000000000000000000000000000000000000000000000000000000000000000000]
[A_OUT][0000000000000000000000000000000000000000000000000000000000000000000000000000000000000000000000000000000000000000000000000000000000000000000000000000000000000000000000000000000000000000000000000000000000000000000000000000000000000000000000000000000000000000]

----------
READ ch0 ra0 bg0 b1 r2 c14|| [2] MAC GRF_B[0], GRF_A[0], ODD_BANK, auto @ 7439
[BANK_R][ 0 4.9375 0 0 0 0 0 0 0 0 0 0 0 0 0 0 ]
[CMD]00111011000110001000000000000000(MAC GRF_B[0], GRF_A[0], ODD_BANK, auto)
[SRF][0000000000000000000000000000000000000000000000000000000000000000000000000000000000000000000000000000000000000000000000000000000000000000000000000000000000000000000000000000000000000000000000000000000000000000000000000000000000000000000000000000000000000000]
[GRF_A][0][ 1.5 2.5 1.50781 2.50781 1.51562 2.51562 1.52344 2.52344 1.53125 2.53125 1.53906 2.53906 1.54688 2.54688 1.55469 2.55469 ]
[GRF_A][1][ 1.5625 2.5625 1.57031 2.57031 1.57812 2.57812 1.58594 2.58594 1.59375 2.59375 1.60156 2.60156 1.60938 2.60938 1.61719 2.61719 ]
[GRF_A][2][ 1.625 2.625 1.63281 2.63281 1.64062 2.64062 1.64844 2.64844 1.65625 2.65625 1.66406 2.66406 1.67188 2.67188 1.67969 2.67969 ]
[GRF_A][3][ 1.6875 2.6875 1.69531 2.69531 1.70312 2.70312 1.71094 2.71094 1.71875 2.71875 1.72656 2.72656 1.73438 2.73438 1.74219 2.74219 ]
[GRF_A][4][ 1.75 2.75 1.75781 2.75781 1.76562 2.76562 1.77344 2.77344 1.78125 2.78125 1.78906 2.78906 1.79688 2.79688 1.80469 2.80469 ]
[GRF_A][5][ 1.8125 2.8125 1.82031 2.82031 1.82812 2.82812 1.83594 2.83594 1.84375 2.84375 1.85156 2.85156 1.85938 2.85938 1.86719 2.86719 ]
[GRF_A][6][ 1.875 2.875 1.88281 2.88281 1.89062 2.89062 1.89844 2.89844 1.90625 2.90625 1.91406 2.91406 1.92188 2.92188 1.92969 2.92969 ]
[GRF_A][7][ 1.9375 2.9375 1.94531 2.94531 1.95312 2.95312 1.96094 2.96094 1.96875 2.96875 1.97656 2.97656 1.98438 2.98438 1.99219 2.99219 ]
[GRF_B][0][ 106.312 0 0 0 0 0 0 0 0 0 0 0 0 0 0 0 ]
[GRF_B][1][ 0 165.625 0 0 0 0 0 0 0 0 0 0 0 0 0 0 ]
[GRF_B][2][ 0 0 42.7812 0 0 0 0 0 0 0 0 0 0 0 0 0 ]
[GRF_B][3][ 0 0 0 78.625 0 0 0 0 0 0 0 0 0 0 0 0 ]
[GRF_B][4][ 0 0 0 0 44.3125 0 0 0 0 0 0 0 0 0 0 0 ]
[GRF_B][5][ 0 0 0 0 0 81.125 0 0 0 0 0 0 0 0 0 0 ]
[GRF_B][6][ 0 0 0 0 0 0 45.8438 0 0 0 0 0 0 0 0 0 ]
[GRF_B][7][ 0 0 0 0 0 0 0 83.6875 0 0 0 0 0 0 0 0 ]
[M_OUT][0000000000000000000000000000000000000000000000000000000000000000000000000000000000000000000000000000000000000000000000000000000000000000000000000000000000000000000000000000000000000000000000000000000000000000000000000000000000000000000000000000000000000000]
[A_OUT][0000000000000000000000000000000000000000000000000000000000000000000000000000000000000000000000000000000000000000000000000000000000000000000000000000000000000000000000000000000000000000000000000000000000000000000000000000000000000000000000000000000000000000]

----------
READ ch0 ra0 bg0 b1 r2 c15|| [2] MAC GRF_B[0], GRF_A[0], ODD_BANK, auto @ 7443
[BANK_R][ 0 5 0 0 0 0 0 0 0 0 0 0 0 0 0 0 ]
[CMD]00111011000110001000000000000000(MAC GRF_B[0], GRF_A[0], ODD_BANK, auto)
[SRF][0000000000000000000000000000000000000000000000000000000000000000000000000000000000000000000000000000000000000000000000000000000000000000000000000000000000000000000000000000000000000000000000000000000000000000000000000000000000000000000000000000000000000000]
[GRF_A][0][ 1.5 2.5 1.50781 2.50781 1.51562 2.51562 1.52344 2.52344 1.53125 2.53125 1.53906 2.53906 1.54688 2.54688 1.55469 2.55469 ]
[GRF_A][1][ 1.5625 2.5625 1.57031 2.57031 1.57812 2.57812 1.58594 2.58594 1.59375 2.59375 1.60156 2.60156 1.60938 2.60938 1.61719 2.61719 ]
[GRF_A][2][ 1.625 2.625 1.63281 2.63281 1.64062 2.64062 1.64844 2.64844 1.65625 2.65625 1.66406 2.66406 1.67188 2.67188 1.67969 2.67969 ]
[GRF_A][3][ 1.6875 2.6875 1.69531 2.69531 1.70312 2.70312 1.71094 2.71094 1.71875 2.71875 1.72656 2.72656 1.73438 2.73438 1.74219 2.74219 ]
[GRF_A][4][ 1.75 2.75 1.75781 2.75781 1.76562 2.76562 1.77344 2.77344 1.78125 2.78125 1.78906 2.78906 1.79688 2.79688 1.80469 2.80469 ]
[GRF_A][5][ 1.8125 2.8125 1.82031 2.82031 1.82812 2.82812 1.83594 2.83594 1.84375 2.84375 1.85156 2.85156 1.85938 2.85938 1.86719 2.86719 ]
[GRF_A][6][ 1.875 2.875 1.88281 2.88281 1.89062 2.89062 1.89844 2.89844 1.90625 2.90625 1.91406 2.91406 1.92188 2.92188 1.92969 2.92969 ]
[GRF_A][7][ 1.9375 2.9375 1.94531 2.94531 1.95312 2.95312 1.96094 2.96094 1.96875 2.96875 1.97656 2.97656 1.98438 2.98438 1.99219 2.99219 ]
[GRF_B][0][ 106.312 0 0 0 0 0 0 0 0 0 0 0 0 0 0 0 ]
[GRF_B][1][ 0 180.25 0 0 0 0 0 0 0 0 0 0 0 0 0 0 ]
[GRF_B][2][ 0 0 42.7812 0 0 0 0 0 0 0 0 0 0 0 0 0 ]
[GRF_B][3][ 0 0 0 78.625 0 0 0 0 0 0 0 0 0 0 0 0 ]
[GRF_B][4][ 0 0 0 0 44.3125 0 0 0 0 0 0 0 0 0 0 0 ]
[GRF_B][5][ 0 0 0 0 0 81.125 0 0 0 0 0 0 0 0 0 0 ]
[GRF_B][6][ 0 0 0 0 0 0 45.8438 0 0 0 0 0 0 0 0 0 ]
[GRF_B][7][ 0 0 0 0 0 0 0 83.6875 0 0 0 0 0 0 0 0 ]
[M_OUT][0000000000000000000000000000000000000000000000000000000000000000000000000000000000000000000000000000000000000000000000000000000000000000000000000000000000000000000000000000000000000000000000000000000000000000000000000000000000000000000000000000000000000000]
[A_OUT][0000000000000000000000000000000000000000000000000000000000000000000000000000000000000000000000000000000000000000000000000000000000000000000000000000000000000000000000000000000000000000000000000000000000000000000000000000000000000000000000000000000000000000]

----------
READ ch0 ra0 bg0 b1 r2 c16|| [3] JUMP 7x [PC - 2] @ 7447
READ ch0 ra0 bg0 b1 r2 c16|| [2] MAC GRF_B[0], GRF_A[0], ODD_BANK, auto @ 7447
[BANK_R][ 0 0 4.625 0 0 0 0 0 0 0 0 0 0 0 0 0 ]
[CMD]00111011000110001000000000000000(MAC GRF_B[0], GRF_A[0], ODD_BANK, auto)
[SRF][0000000000000000000000000000000000000000000000000000000000000000000000000000000000000000000000000000000000000000000000000000000000000000000000000000000000000000000000000000000000000000000000000000000000000000000000000000000000000000000000000000000000000000]
[GRF_A][0][ 1.5 2.5 1.50781 2.50781 1.51562 2.51562 1.52344 2.52344 1.53125 2.53125 1.53906 2.53906 1.54688 2.54688 1.55469 2.55469 ]
[GRF_A][1][ 1.5625 2.5625 1.57031 2.57031 1.57812 2.57812 1.58594 2.58594 1.59375 2.59375 1.60156 2.60156 1.60938 2.60938 1.61719 2.61719 ]
[GRF_A][2][ 1.625 2.625 1.63281 2.63281 1.64062 2.64062 1.64844 2.64844 1.65625 2.65625 1.66406 2.66406 1.67188 2.67188 1.67969 2.67969 ]
[GRF_A][3][ 1.6875 2.6875 1.69531 2.69531 1.70312 2.70312 1.71094 2.71094 1.71875 2.71875 1.72656 2.72656 1.73438 2.73438 1.74219 2.74219 ]
[GRF_A][4][ 1.75 2.75 1.75781 2.75781 1.76562 2.76562 1.77344 2.77344 1.78125 2.78125 1.78906 2.78906 1.79688 2.79688 1.80469 2.80469 ]
[GRF_A][5][ 1.8125 2.8125 1.82031 2.82031 1.82812 2.82812 1.83594 2.83594 1.84375 2.84375 1.85156 2.85156 1.85938 2.85938 1.86719 2.86719 ]
[GRF_A][6][ 1.875 2.875 1.88281 2.88281 1.89062 2.89062 1.89844 2.89844 1.90625 2.90625 1.91406 2.91406 1.92188 2.92188 1.92969 2.92969 ]
[GRF_A][7][ 1.9375 2.9375 1.94531 2.94531 1.95312 2.95312 1.96094 2.96094 1.96875 2.96875 1.97656 2.97656 1.98438 2.98438 1.99219 2.99219 ]
[GRF_B][0][ 106.312 0 0 0 0 0 0 0 0 0 0 0 0 0 0 0 ]
[GRF_B][1][ 0 180.25 0 0 0 0 0 0 0 0 0 0 0 0 0 0 ]
[GRF_B][2][ 0 0 49.75 0 0 0 0 0 0 0 0 0 0 0 0 0 ]
[GRF_B][3][ 0 0 0 78.625 0 0 0 0 0 0 0 0 0 0 0 0 ]
[GRF_B][4][ 0 0 0 0 44.3125 0 0 0 0 0 0 0 0 0 0 0 ]
[GRF_B][5][ 0 0 0 0 0 81.125 0 0 0 0 0 0 0 0 0 0 ]
[GRF_B][6][ 0 0 0 0 0 0 45.8438 0 0 0 0 0 0 0 0 0 ]
[GRF_B][7][ 0 0 0 0 0 0 0 83.6875 0 0 0 0 0 0 0 0 ]
[M_OUT][0000000000000000000000000000000000000000000000000000000000000000000000000000000000000000000000000000000000000000000000000000000000000000000000000000000000000000000000000000000000000000000000000000000000000000000000000000000000000000000000000000000000000000]
[A_OUT][0000000000000000000000000000000000000000000000000000000000000000000000000000000000000000000000000000000000000000000000000000000000000000000000000000000000000000000000000000000000000000000000000000000000000000000000000000000000000000000000000000000000000000]

----------
READ ch0 ra0 bg0 b1 r2 c17|| [2] MAC GRF_B[0], GRF_A[0], ODD_BANK, auto @ 7451
[BANK_R][ 0 0 4.6875 0 0 0 0 0 0 0 0 0 0 0 0 0 ]
[CMD]00111011000110001000000000000000(MAC GRF_B[0], GRF_A[0], ODD_BANK, auto)
[SRF][0000000000000000000000000000000000000000000000000000000000000000000000000000000000000000000000000000000000000000000000000000000000000000000000000000000000000000000000000000000000000000000000000000000000000000000000000000000000000000000000000000000000000000]
[GRF_A][0][ 1.5 2.5 1.50781 2.50781 1.51562 2.51562 1.52344 2.52344 1.53125 2.53125 1.53906 2.53906 1.54688 2.54688 1.55469 2.55469 ]
[GRF_A][1][ 1.5625 2.5625 1.57031 2.57031 1.57812 2.57812 1.58594 2.58594 1.59375 2.59375 1.60156 2.60156 1.60938 2.60938 1.61719 2.61719 ]
[GRF_A][2][ 1.625 2.625 1.63281 2.63281 1.64062 2.64062 1.64844 2.64844 1.65625 2.65625 1.66406 2.66406 1.67188 2.67188 1.67969 2.67969 ]
[GRF_A][3][ 1.6875 2.6875 1.69531 2.69531 1.70312 2.70312 1.71094 2.71094 1.71875 2.71875 1.72656 2.72656 1.73438 2.73438 1.74219 2.74219 ]
[GRF_A][4][ 1.75 2.75 1.75781 2.75781 1.76562 2.76562 1.77344 2.77344 1.78125 2.78125 1.78906 2.78906 1.79688 2.79688 1.80469 2.80469 ]
[GRF_A][5][ 1.8125 2.8125 1.82031 2.82031 1.82812 2.82812 1.83594 2.83594 1.84375 2.84375 1.85156 2.85156 1.85938 2.85938 1.86719 2.86719 ]
[GRF_A][6][ 1.875 2.875 1.88281 2.88281 1.89062 2.89062 1.89844 2.89844 1.90625 2.90625 1.91406 2.91406 1.92188 2.92188 1.92969 2.92969 ]
[GRF_A][7][ 1.9375 2.9375 1.94531 2.94531 1.95312 2.95312 1.96094 2.96094 1.96875 2.96875 1.97656 2.97656 1.98438 2.98438 1.99219 2.99219 ]
[GRF_B][0][ 106.312 0 0 0 0 0 0 0 0 0 0 0 0 0 0 0 ]
[GRF_B][1][ 0 180.25 0 0 0 0 0 0 0 0 0 0 0 0 0 0 ]
[GRF_B][2][ 0 0 57.125 0 0 0 0 0 0 0 0 0 0 0 0 0 ]
[GRF_B][3][ 0 0 0 78.625 0 0 0 0 0 0 0 0 0 0 0 0 ]
[GRF_B][4][ 0 0 0 0 44.3125 0 0 0 0 0 0 0 0 0 0 0 ]
[GRF_B][5][ 0 0 0 0 0 81.125 0 0 0 0 0 0 0 0 0 0 ]
[GRF_B][6][ 0 0 0 0 0 0 45.8438 0 0 0 0 0 0 0 0 0 ]
[GRF_B][7][ 0 0 0 0 0 0 0 83.6875 0 0 0 0 0 0 0 0 ]
[M_OUT][0000000000000000000000000000000000000000000000000000000000000000000000000000000000000000000000000000000000000000000000000000000000000000000000000000000000000000000000000000000000000000000000000000000000000000000000000000000000000000000000000000000000000000]
[A_OUT][0000000000000000000000000000000000000000000000000000000000000000000000000000000000000000000000000000000000000000000000000000000000000000000000000000000000000000000000000000000000000000000000000000000000000000000000000000000000000000000000000000000000000000]

----------
READ ch0 ra0 bg0 b1 r2 c18|| [2] MAC GRF_B[0], GRF_A[0], ODD_BANK, auto @ 7455
[BANK_R][ 0 0 4.75 0 0 0 0 0 0 0 0 0 0 0 0 0 ]
[CMD]00111011000110001000000000000000(MAC GRF_B[0], GRF_A[0], ODD_BANK, auto)
[SRF][0000000000000000000000000000000000000000000000000000000000000000000000000000000000000000000000000000000000000000000000000000000000000000000000000000000000000000000000000000000000000000000000000000000000000000000000000000000000000000000000000000000000000000]
[GRF_A][0][ 1.5 2.5 1.50781 2.50781 1.51562 2.51562 1.52344 2.52344 1.53125 2.53125 1.53906 2.53906 1.54688 2.54688 1.55469 2.55469 ]
[GRF_A][1][ 1.5625 2.5625 1.57031 2.57031 1.57812 2.57812 1.58594 2.58594 1.59375 2.59375 1.60156 2.60156 1.60938 2.60938 1.61719 2.61719 ]
[GRF_A][2][ 1.625 2.625 1.63281 2.63281 1.64062 2.64062 1.64844 2.64844 1.65625 2.65625 1.66406 2.66406 1.67188 2.67188 1.67969 2.67969 ]
[GRF_A][3][ 1.6875 2.6875 1.69531 2.69531 1.70312 2.70312 1.71094 2.71094 1.71875 2.71875 1.72656 2.72656 1.73438 2.73438 1.74219 2.74219 ]
[GRF_A][4][ 1.75 2.75 1.75781 2.75781 1.76562 2.76562 1.77344 2.77344 1.78125 2.78125 1.78906 2.78906 1.79688 2.79688 1.80469 2.80469 ]
[GRF_A][5][ 1.8125 2.8125 1.82031 2.82031 1.82812 2.82812 1.83594 2.83594 1.84375 2.84375 1.85156 2.85156 1.85938 2.85938 1.86719 2.86719 ]
[GRF_A][6][ 1.875 2.875 1.88281 2.88281 1.89062 2.89062 1.89844 2.89844 1.90625 2.90625 1.91406 2.91406 1.92188 2.92188 1.92969 2.92969 ]
[GRF_A][7][ 1.9375 2.9375 1.94531 2.94531 1.95312 2.95312 1.96094 2.96094 1.96875 2.96875 1.97656 2.97656 1.98438 2.98438 1.99219 2.99219 ]
[GRF_B][0][ 106.312 0 0 0 0 0 0 0 0 0 0 0 0 0 0 0 ]
[GRF_B][1][ 0 180.25 0 0 0 0 0 0 0 0 0 0 0 0 0 0 ]
[GRF_B][2][ 0 0 64.875 0 0 0 0 0 0 0 0 0 0 0 0 0 ]
[GRF_B][3][ 0 0 0 78.625 0 0 0 0 0 0 0 0 0 0 0 0 ]
[GRF_B][4][ 0 0 0 0 44.3125 0 0 0 0 0 0 0 0 0 0 0 ]
[GRF_B][5][ 0 0 0 0 0 81.125 0 0 0 0 0 0 0 0 0 0 ]
[GRF_B][6][ 0 0 0 0 0 0 45.8438 0 0 0 0 0 0 0 0 0 ]
[GRF_B][7][ 0 0 0 0 0 0 0 83.6875 0 0 0 0 0 0 0 0 ]
[M_OUT][0000000000000000000000000000000000000000000000000000000000000000000000000000000000000000000000000000000000000000000000000000000000000000000000000000000000000000000000000000000000000000000000000000000000000000000000000000000000000000000000000000000000000000]
[A_OUT][0000000000000000000000000000000000000000000000000000000000000000000000000000000000000000000000000000000000000000000000000000000000000000000000000000000000000000000000000000000000000000000000000000000000000000000000000000000000000000000000000000000000000000]

----------
READ ch0 ra0 bg0 b1 r2 c19|| [2] MAC GRF_B[0], GRF_A[0], ODD_BANK, auto @ 7459
[BANK_R][ 0 0 4.8125 0 0 0 0 0 0 0 0 0 0 0 0 0 ]
[CMD]00111011000110001000000000000000(MAC GRF_B[0], GRF_A[0], ODD_BANK, auto)
[SRF][0000000000000000000000000000000000000000000000000000000000000000000000000000000000000000000000000000000000000000000000000000000000000000000000000000000000000000000000000000000000000000000000000000000000000000000000000000000000000000000000000000000000000000]
[GRF_A][0][ 1.5 2.5 1.50781 2.50781 1.51562 2.51562 1.52344 2.52344 1.53125 2.53125 1.53906 2.53906 1.54688 2.54688 1.55469 2.55469 ]
[GRF_A][1][ 1.5625 2.5625 1.57031 2.57031 1.57812 2.57812 1.58594 2.58594 1.59375 2.59375 1.60156 2.60156 1.60938 2.60938 1.61719 2.61719 ]
[GRF_A][2][ 1.625 2.625 1.63281 2.63281 1.64062 2.64062 1.64844 2.64844 1.65625 2.65625 1.66406 2.66406 1.67188 2.67188 1.67969 2.67969 ]
[GRF_A][3][ 1.6875 2.6875 1.69531 2.69531 1.70312 2.70312 1.71094 2.71094 1.71875 2.71875 1.72656 2.72656 1.73438 2.73438 1.74219 2.74219 ]
[GRF_A][4][ 1.75 2.75 1.75781 2.75781 1.76562 2.76562 1.77344 2.77344 1.78125 2.78125 1.78906 2.78906 1.79688 2.79688 1.80469 2.80469 ]
[GRF_A][5][ 1.8125 2.8125 1.82031 2.82031 1.82812 2.82812 1.83594 2.83594 1.84375 2.84375 1.85156 2.85156 1.85938 2.85938 1.86719 2.86719 ]
[GRF_A][6][ 1.875 2.875 1.88281 2.88281 1.89062 2.89062 1.89844 2.89844 1.90625 2.90625 1.91406 2.91406 1.92188 2.92188 1.92969 2.92969 ]
[GRF_A][7][ 1.9375 2.9375 1.94531 2.94531 1.95312 2.95312 1.96094 2.96094 1.96875 2.96875 1.97656 2.97656 1.98438 2.98438 1.99219 2.99219 ]
[GRF_B][0][ 106.312 0 0 0 0 0 0 0 0 0 0 0 0 0 0 0 ]
[GRF_B][1][ 0 180.25 0 0 0 0 0 0 0 0 0 0 0 0 0 0 ]
[GRF_B][2][ 0 0 73 0 0 0 0 0 0 0 0 0 0 0 0 0 ]
[GRF_B][3][ 0 0 0 78.625 0 0 0 0 0 0 0 0 0 0 0 0 ]
[GRF_B][4][ 0 0 0 0 44.3125 0 0 0 0 0 0 0 0 0 0 0 ]
[GRF_B][5][ 0 0 0 0 0 81.125 0 0 0 0 0 0 0 0 0 0 ]
[GRF_B][6][ 0 0 0 0 0 0 45.8438 0 0 0 0 0 0 0 0 0 ]
[GRF_B][7][ 0 0 0 0 0 0 0 83.6875 0 0 0 0 0 0 0 0 ]
[M_OUT][0000000000000000000000000000000000000000000000000000000000000000000000000000000000000000000000000000000000000000000000000000000000000000000000000000000000000000000000000000000000000000000000000000000000000000000000000000000000000000000000000000000000000000]
[A_OUT][0000000000000000000000000000000000000000000000000000000000000000000000000000000000000000000000000000000000000000000000000000000000000000000000000000000000000000000000000000000000000000000000000000000000000000000000000000000000000000000000000000000000000000]

----------
READ ch0 ra0 bg0 b1 r2 c20|| [2] MAC GRF_B[0], GRF_A[0], ODD_BANK, auto @ 7463
[BANK_R][ 0 0 4.875 0 0 0 0 0 0 0 0 0 0 0 0 0 ]
[CMD]00111011000110001000000000000000(MAC GRF_B[0], GRF_A[0], ODD_BANK, auto)
[SRF][0000000000000000000000000000000000000000000000000000000000000000000000000000000000000000000000000000000000000000000000000000000000000000000000000000000000000000000000000000000000000000000000000000000000000000000000000000000000000000000000000000000000000000]
[GRF_A][0][ 1.5 2.5 1.50781 2.50781 1.51562 2.51562 1.52344 2.52344 1.53125 2.53125 1.53906 2.53906 1.54688 2.54688 1.55469 2.55469 ]
[GRF_A][1][ 1.5625 2.5625 1.57031 2.57031 1.57812 2.57812 1.58594 2.58594 1.59375 2.59375 1.60156 2.60156 1.60938 2.60938 1.61719 2.61719 ]
[GRF_A][2][ 1.625 2.625 1.63281 2.63281 1.64062 2.64062 1.64844 2.64844 1.65625 2.65625 1.66406 2.66406 1.67188 2.67188 1.67969 2.67969 ]
[GRF_A][3][ 1.6875 2.6875 1.69531 2.69531 1.70312 2.70312 1.71094 2.71094 1.71875 2.71875 1.72656 2.72656 1.73438 2.73438 1.74219 2.74219 ]
[GRF_A][4][ 1.75 2.75 1.75781 2.75781 1.76562 2.76562 1.77344 2.77344 1.78125 2.78125 1.78906 2.78906 1.79688 2.79688 1.80469 2.80469 ]
[GRF_A][5][ 1.8125 2.8125 1.82031 2.82031 1.82812 2.82812 1.83594 2.83594 1.84375 2.84375 1.85156 2.85156 1.85938 2.85938 1.86719 2.86719 ]
[GRF_A][6][ 1.875 2.875 1.88281 2.88281 1.89062 2.89062 1.89844 2.89844 1.90625 2.90625 1.91406 2.91406 1.92188 2.92188 1.92969 2.92969 ]
[GRF_A][7][ 1.9375 2.9375 1.94531 2.94531 1.95312 2.95312 1.96094 2.96094 1.96875 2.96875 1.97656 2.97656 1.98438 2.98438 1.99219 2.99219 ]
[GRF_B][0][ 106.312 0 0 0 0 0 0 0 0 0 0 0 0 0 0 0 ]
[GRF_B][1][ 0 180.25 0 0 0 0 0 0 0 0 0 0 0 0 0 0 ]
[GRF_B][2][ 0 0 81.5625 0 0 0 0 0 0 0 0 0 0 0 0 0 ]
[GRF_B][3][ 0 0 0 78.625 0 0 0 0 0 0 0 0 0 0 0 0 ]
[GRF_B][4][ 0 0 0 0 44.3125 0 0 0 0 0 0 0 0 0 0 0 ]
[GRF_B][5][ 0 0 0 0 0 81.125 0 0 0 0 0 0 0 0 0 0 ]
[GRF_B][6][ 0 0 0 0 0 0 45.8438 0 0 0 0 0 0 0 0 0 ]
[GRF_B][7][ 0 0 0 0 0 0 0 83.6875 0 0 0 0 0 0 0 0 ]
[M_OUT][0000000000000000000000000000000000000000000000000000000000000000000000000000000000000000000000000000000000000000000000000000000000000000000000000000000000000000000000000000000000000000000000000000000000000000000000000000000000000000000000000000000000000000]
[A_OUT][0000000000000000000000000000000000000000000000000000000000000000000000000000000000000000000000000000000000000000000000000000000000000000000000000000000000000000000000000000000000000000000000000000000000000000000000000000000000000000000000000000000000000000]

----------
READ ch0 ra0 bg0 b1 r2 c21|| [2] MAC GRF_B[0], GRF_A[0], ODD_BANK, auto @ 7467
[BANK_R][ 0 0 4.9375 0 0 0 0 0 0 0 0 0 0 0 0 0 ]
[CMD]00111011000110001000000000000000(MAC GRF_B[0], GRF_A[0], ODD_BANK, auto)
[SRF][0000000000000000000000000000000000000000000000000000000000000000000000000000000000000000000000000000000000000000000000000000000000000000000000000000000000000000000000000000000000000000000000000000000000000000000000000000000000000000000000000000000000000000]
[GRF_A][0][ 1.5 2.5 1.50781 2.50781 1.51562 2.51562 1.52344 2.52344 1.53125 2.53125 1.53906 2.53906 1.54688 2.54688 1.55469 2.55469 ]
[GRF_A][1][ 1.5625 2.5625 1.57031 2.57031 1.57812 2.57812 1.58594 2.58594 1.59375 2.59375 1.60156 2.60156 1.60938 2.60938 1.61719 2.61719 ]
[GRF_A][2][ 1.625 2.625 1.63281 2.63281 1.64062 2.64062 1.64844 2.64844 1.65625 2.65625 1.66406 2.66406 1.67188 2.67188 1.67969 2.67969 ]
[GRF_A][3][ 1.6875 2.6875 1.69531 2.69531 1.70312 2.70312 1.71094 2.71094 1.71875 2.71875 1.72656 2.72656 1.73438 2.73438 1.74219 2.74219 ]
[GRF_A][4][ 1.75 2.75 1.75781 2.75781 1.76562 2.76562 1.77344 2.77344 1.78125 2.78125 1.78906 2.78906 1.79688 2.79688 1.80469 2.80469 ]
[GRF_A][5][ 1.8125 2.8125 1.82031 2.82031 1.82812 2.82812 1.83594 2.83594 1.84375 2.84375 1.85156 2.85156 1.85938 2.85938 1.86719 2.86719 ]
[GRF_A][6][ 1.875 2.875 1.88281 2.88281 1.89062 2.89062 1.89844 2.89844 1.90625 2.90625 1.91406 2.91406 1.92188 2.92188 1.92969 2.92969 ]
[GRF_A][7][ 1.9375 2.9375 1.94531 2.94531 1.95312 2.95312 1.96094 2.96094 1.96875 2.96875 1.97656 2.97656 1.98438 2.98438 1.99219 2.99219 ]
[GRF_B][0][ 106.312 0 0 0 0 0 0 0 0 0 0 0 0 0 0 0 ]
[GRF_B][1][ 0 180.25 0 0 0 0 0 0 0 0 0 0 0 0 0 0 ]
[GRF_B][2][ 0 0 90.5625 0 0 0 0 0 0 0 0 0 0 0 0 0 ]
[GRF_B][3][ 0 0 0 78.625 0 0 0 0 0 0 0 0 0 0 0 0 ]
[GRF_B][4][ 0 0 0 0 44.3125 0 0 0 0 0 0 0 0 0 0 0 ]
[GRF_B][5][ 0 0 0 0 0 81.125 0 0 0 0 0 0 0 0 0 0 ]
[GRF_B][6][ 0 0 0 0 0 0 45.8438 0 0 0 0 0 0 0 0 0 ]
[GRF_B][7][ 0 0 0 0 0 0 0 83.6875 0 0 0 0 0 0 0 0 ]
[M_OUT][0000000000000000000000000000000000000000000000000000000000000000000000000000000000000000000000000000000000000000000000000000000000000000000000000000000000000000000000000000000000000000000000000000000000000000000000000000000000000000000000000000000000000000]
[A_OUT][0000000000000000000000000000000000000000000000000000000000000000000000000000000000000000000000000000000000000000000000000000000000000000000000000000000000000000000000000000000000000000000000000000000000000000000000000000000000000000000000000000000000000000]

----------
READ ch0 ra0 bg0 b1 r2 c22|| [2] MAC GRF_B[0], GRF_A[0], ODD_BANK, auto @ 7471
[BANK_R][ 0 0 5 0 0 0 0 0 0 0 0 0 0 0 0 0 ]
[CMD]00111011000110001000000000000000(MAC GRF_B[0], GRF_A[0], ODD_BANK, auto)
[SRF][0000000000000000000000000000000000000000000000000000000000000000000000000000000000000000000000000000000000000000000000000000000000000000000000000000000000000000000000000000000000000000000000000000000000000000000000000000000000000000000000000000000000000000]
[GRF_A][0][ 1.5 2.5 1.50781 2.50781 1.51562 2.51562 1.52344 2.52344 1.53125 2.53125 1.53906 2.53906 1.54688 2.54688 1.55469 2.55469 ]
[GRF_A][1][ 1.5625 2.5625 1.57031 2.57031 1.57812 2.57812 1.58594 2.58594 1.59375 2.59375 1.60156 2.60156 1.60938 2.60938 1.61719 2.61719 ]
[GRF_A][2][ 1.625 2.625 1.63281 2.63281 1.64062 2.64062 1.64844 2.64844 1.65625 2.65625 1.66406 2.66406 1.67188 2.67188 1.67969 2.67969 ]
[GRF_A][3][ 1.6875 2.6875 1.69531 2.69531 1.70312 2.70312 1.71094 2.71094 1.71875 2.71875 1.72656 2.72656 1.73438 2.73438 1.74219 2.74219 ]
[GRF_A][4][ 1.75 2.75 1.75781 2.75781 1.76562 2.76562 1.77344 2.77344 1.78125 2.78125 1.78906 2.78906 1.79688 2.79688 1.80469 2.80469 ]
[GRF_A][5][ 1.8125 2.8125 1.82031 2.82031 1.82812 2.82812 1.83594 2.83594 1.84375 2.84375 1.85156 2.85156 1.85938 2.85938 1.86719 2.86719 ]
[GRF_A][6][ 1.875 2.875 1.88281 2.88281 1.89062 2.89062 1.89844 2.89844 1.90625 2.90625 1.91406 2.91406 1.92188 2.92188 1.92969 2.92969 ]
[GRF_A][7][ 1.9375 2.9375 1.94531 2.94531 1.95312 2.95312 1.96094 2.96094 1.96875 2.96875 1.97656 2.97656 1.98438 2.98438 1.99219 2.99219 ]
[GRF_B][0][ 106.312 0 0 0 0 0 0 0 0 0 0 0 0 0 0 0 ]
[GRF_B][1][ 0 180.25 0 0 0 0 0 0 0 0 0 0 0 0 0 0 ]
[GRF_B][2][ 0 0 100 0 0 0 0 0 0 0 0 0 0 0 0 0 ]
[GRF_B][3][ 0 0 0 78.625 0 0 0 0 0 0 0 0 0 0 0 0 ]
[GRF_B][4][ 0 0 0 0 44.3125 0 0 0 0 0 0 0 0 0 0 0 ]
[GRF_B][5][ 0 0 0 0 0 81.125 0 0 0 0 0 0 0 0 0 0 ]
[GRF_B][6][ 0 0 0 0 0 0 45.8438 0 0 0 0 0 0 0 0 0 ]
[GRF_B][7][ 0 0 0 0 0 0 0 83.6875 0 0 0 0 0 0 0 0 ]
[M_OUT][0000000000000000000000000000000000000000000000000000000000000000000000000000000000000000000000000000000000000000000000000000000000000000000000000000000000000000000000000000000000000000000000000000000000000000000000000000000000000000000000000000000000000000]
[A_OUT][0000000000000000000000000000000000000000000000000000000000000000000000000000000000000000000000000000000000000000000000000000000000000000000000000000000000000000000000000000000000000000000000000000000000000000000000000000000000000000000000000000000000000000]

----------
READ ch0 ra0 bg0 b1 r2 c23|| [2] MAC GRF_B[0], GRF_A[0], ODD_BANK, auto @ 7475
[BANK_R][ 0 0 5.0625 0 0 0 0 0 0 0 0 0 0 0 0 0 ]
[CMD]00111011000110001000000000000000(MAC GRF_B[0], GRF_A[0], ODD_BANK, auto)
[SRF][0000000000000000000000000000000000000000000000000000000000000000000000000000000000000000000000000000000000000000000000000000000000000000000000000000000000000000000000000000000000000000000000000000000000000000000000000000000000000000000000000000000000000000]
[GRF_A][0][ 1.5 2.5 1.50781 2.50781 1.51562 2.51562 1.52344 2.52344 1.53125 2.53125 1.53906 2.53906 1.54688 2.54688 1.55469 2.55469 ]
[GRF_A][1][ 1.5625 2.5625 1.57031 2.57031 1.57812 2.57812 1.58594 2.58594 1.59375 2.59375 1.60156 2.60156 1.60938 2.60938 1.61719 2.61719 ]
[GRF_A][2][ 1.625 2.625 1.63281 2.63281 1.64062 2.64062 1.64844 2.64844 1.65625 2.65625 1.66406 2.66406 1.67188 2.67188 1.67969 2.67969 ]
[GRF_A][3][ 1.6875 2.6875 1.69531 2.69531 1.70312 2.70312 1.71094 2.71094 1.71875 2.71875 1.72656 2.72656 1.73438 2.73438 1.74219 2.74219 ]
[GRF_A][4][ 1.75 2.75 1.75781 2.75781 1.76562 2.76562 1.77344 2.77344 1.78125 2.78125 1.78906 2.78906 1.79688 2.79688 1.80469 2.80469 ]
[GRF_A][5][ 1.8125 2.8125 1.82031 2.82031 1.82812 2.82812 1.83594 2.83594 1.84375 2.84375 1.85156 2.85156 1.85938 2.85938 1.86719 2.86719 ]
[GRF_A][6][ 1.875 2.875 1.88281 2.88281 1.89062 2.89062 1.89844 2.89844 1.90625 2.90625 1.91406 2.91406 1.92188 2.92188 1.92969 2.92969 ]
[GRF_A][7][ 1.9375 2.9375 1.94531 2.94531 1.95312 2.95312 1.96094 2.96094 1.96875 2.96875 1.97656 2.97656 1.98438 2.98438 1.99219 2.99219 ]
[GRF_B][0][ 106.312 0 0 0 0 0 0 0 0 0 0 0 0 0 0 0 ]
[GRF_B][1][ 0 180.25 0 0 0 0 0 0 0 0 0 0 0 0 0 0 ]
[GRF_B][2][ 0 0 109.875 0 0 0 0 0 0 0 0 0 0 0 0 0 ]
[GRF_B][3][ 0 0 0 78.625 0 0 0 0 0 0 0 0 0 0 0 0 ]
[GRF_B][4][ 0 0 0 0 44.3125 0 0 0 0 0 0 0 0 0 0 0 ]
[GRF_B][5][ 0 0 0 0 0 81.125 0 0 0 0 0 0 0 0 0 0 ]
[GRF_B][6][ 0 0 0 0 0 0 45.8438 0 0 0 0 0 0 0 0 0 ]
[GRF_B][7][ 0 0 0 0 0 0 0 83.6875 0 0 0 0 0 0 0 0 ]
[M_OUT][0000000000000000000000000000000000000000000000000000000000000000000000000000000000000000000000000000000000000000000000000000000000000000000000000000000000000000000000000000000000000000000000000000000000000000000000000000000000000000000000000000000000000000]
[A_OUT][0000000000000000000000000000000000000000000000000000000000000000000000000000000000000000000000000000000000000000000000000000000000000000000000000000000000000000000000000000000000000000000000000000000000000000000000000000000000000000000000000000000000000000]

----------
READ ch0 ra0 bg0 b1 r2 c24|| [3] JUMP 7x [PC - 2] @ 7479
READ ch0 ra0 bg0 b1 r2 c24|| [2] MAC GRF_B[0], GRF_A[0], ODD_BANK, auto @ 7479
[BANK_R][ 0 0 0 4.6875 0 0 0 0 0 0 0 0 0 0 0 0 ]
[CMD]00111011000110001000000000000000(MAC GRF_B[0], GRF_A[0], ODD_BANK, auto)
[SRF][0000000000000000000000000000000000000000000000000000000000000000000000000000000000000000000000000000000000000000000000000000000000000000000000000000000000000000000000000000000000000000000000000000000000000000000000000000000000000000000000000000000000000000]
[GRF_A][0][ 1.5 2.5 1.50781 2.50781 1.51562 2.51562 1.52344 2.52344 1.53125 2.53125 1.53906 2.53906 1.54688 2.54688 1.55469 2.55469 ]
[GRF_A][1][ 1.5625 2.5625 1.57031 2.57031 1.57812 2.57812 1.58594 2.58594 1.59375 2.59375 1.60156 2.60156 1.60938 2.60938 1.61719 2.61719 ]
[GRF_A][2][ 1.625 2.625 1.63281 2.63281 1.64062 2.64062 1.64844 2.64844 1.65625 2.65625 1.66406 2.66406 1.67188 2.67188 1.67969 2.67969 ]
[GRF_A][3][ 1.6875 2.6875 1.69531 2.69531 1.70312 2.70312 1.71094 2.71094 1.71875 2.71875 1.72656 2.72656 1.73438 2.73438 1.74219 2.74219 ]
[GRF_A][4][ 1.75 2.75 1.75781 2.75781 1.76562 2.76562 1.77344 2.77344 1.78125 2.78125 1.78906 2.78906 1.79688 2.79688 1.80469 2.80469 ]
[GRF_A][5][ 1.8125 2.8125 1.82031 2.82031 1.82812 2.82812 1.83594 2.83594 1.84375 2.84375 1.85156 2.85156 1.85938 2.85938 1.86719 2.86719 ]
[GRF_A][6][ 1.875 2.875 1.88281 2.88281 1.89062 2.89062 1.89844 2.89844 1.90625 2.90625 1.91406 2.91406 1.92188 2.92188 1.92969 2.92969 ]
[GRF_A][7][ 1.9375 2.9375 1.94531 2.94531 1.95312 2.95312 1.96094 2.96094 1.96875 2.96875 1.97656 2.97656 1.98438 2.98438 1.99219 2.99219 ]
[GRF_B][0][ 106.312 0 0 0 0 0 0 0 0 0 0 0 0 0 0 0 ]
[GRF_B][1][ 0 180.25 0 0 0 0 0 0 0 0 0 0 0 0 0 0 ]
[GRF_B][2][ 0 0 109.875 0 0 0 0 0 0 0 0 0 0 0 0 0 ]
[GRF_B][3][ 0 0 0 90.375 0 0 0 0 0 0 0 0 0 0 0 0 ]
[GRF_B][4][ 0 0 0 0 44.3125 0 0 0 0 0 0 0 0 0 0 0 ]
[GRF_B][5][ 0 0 0 0 0 81.125 0 0 0 0 0 0 0 0 0 0 ]
[GRF_B][6][ 0 0 0 0 0 0 45.8438 0 0 0 0 0 0 0 0 0 ]
[GRF_B][7][ 0 0 0 0 0 0 0 83.6875 0 0 0 0 0 0 0 0 ]
[M_OUT][0000000000000000000000000000000000000000000000000000000000000000000000000000000000000000000000000000000000000000000000000000000000000000000000000000000000000000000000000000000000000000000000000000000000000000000000000000000000000000000000000000000000000000]
[A_OUT][0000000000000000000000000000000000000000000000000000000000000000000000000000000000000000000000000000000000000000000000000000000000000000000000000000000000000000000000000000000000000000000000000000000000000000000000000000000000000000000000000000000000000000]

----------
READ ch0 ra0 bg0 b1 r2 c25|| [2] MAC GRF_B[0], GRF_A[0], ODD_BANK, auto @ 7483
[BANK_R][ 0 0 0 4.75 0 0 0 0 0 0 0 0 0 0 0 0 ]
[CMD]00111011000110001000000000000000(MAC GRF_B[0], GRF_A[0], ODD_BANK, auto)
[SRF][0000000000000000000000000000000000000000000000000000000000000000000000000000000000000000000000000000000000000000000000000000000000000000000000000000000000000000000000000000000000000000000000000000000000000000000000000000000000000000000000000000000000000000]
[GRF_A][0][ 1.5 2.5 1.50781 2.50781 1.51562 2.51562 1.52344 2.52344 1.53125 2.53125 1.53906 2.53906 1.54688 2.54688 1.55469 2.55469 ]
[GRF_A][1][ 1.5625 2.5625 1.57031 2.57031 1.57812 2.57812 1.58594 2.58594 1.59375 2.59375 1.60156 2.60156 1.60938 2.60938 1.61719 2.61719 ]
[GRF_A][2][ 1.625 2.625 1.63281 2.63281 1.64062 2.64062 1.64844 2.64844 1.65625 2.65625 1.66406 2.66406 1.67188 2.67188 1.67969 2.67969 ]
[GRF_A][3][ 1.6875 2.6875 1.69531 2.69531 1.70312 2.70312 1.71094 2.71094 1.71875 2.71875 1.72656 2.72656 1.73438 2.73438 1.74219 2.74219 ]
[GRF_A][4][ 1.75 2.75 1.75781 2.75781 1.76562 2.76562 1.77344 2.77344 1.78125 2.78125 1.78906 2.78906 1.79688 2.79688 1.80469 2.80469 ]
[GRF_A][5][ 1.8125 2.8125 1.82031 2.82031 1.82812 2.82812 1.83594 2.83594 1.84375 2.84375 1.85156 2.85156 1.85938 2.85938 1.86719 2.86719 ]
[GRF_A][6][ 1.875 2.875 1.88281 2.88281 1.89062 2.89062 1.89844 2.89844 1.90625 2.90625 1.91406 2.91406 1.92188 2.92188 1.92969 2.92969 ]
[GRF_A][7][ 1.9375 2.9375 1.94531 2.94531 1.95312 2.95312 1.96094 2.96094 1.96875 2.96875 1.97656 2.97656 1.98438 2.98438 1.99219 2.99219 ]
[GRF_B][0][ 106.312 0 0 0 0 0 0 0 0 0 0 0 0 0 0 0 ]
[GRF_B][1][ 0 180.25 0 0 0 0 0 0 0 0 0 0 0 0 0 0 ]
[GRF_B][2][ 0 0 109.875 0 0 0 0 0 0 0 0 0 0 0 0 0 ]
[GRF_B][3][ 0 0 0 102.562 0 0 0 0 0 0 0 0 0 0 0 0 ]
[GRF_B][4][ 0 0 0 0 44.3125 0 0 0 0 0 0 0 0 0 0 0 ]
[GRF_B][5][ 0 0 0 0 0 81.125 0 0 0 0 0 0 0 0 0 0 ]
[GRF_B][6][ 0 0 0 0 0 0 45.8438 0 0 0 0 0 0 0 0 0 ]
[GRF_B][7][ 0 0 0 0 0 0 0 83.6875 0 0 0 0 0 0 0 0 ]
[M_OUT][0000000000000000000000000000000000000000000000000000000000000000000000000000000000000000000000000000000000000000000000000000000000000000000000000000000000000000000000000000000000000000000000000000000000000000000000000000000000000000000000000000000000000000]
[A_OUT][0000000000000000000000000000000000000000000000000000000000000000000000000000000000000000000000000000000000000000000000000000000000000000000000000000000000000000000000000000000000000000000000000000000000000000000000000000000000000000000000000000000000000000]

----------
READ ch0 ra0 bg0 b1 r2 c26|| [2] MAC GRF_B[0], GRF_A[0], ODD_BANK, auto @ 7487
[BANK_R][ 0 0 0 4.8125 0 0 0 0 0 0 0 0 0 0 0 0 ]
[CMD]00111011000110001000000000000000(MAC GRF_B[0], GRF_A[0], ODD_BANK, auto)
[SRF][0000000000000000000000000000000000000000000000000000000000000000000000000000000000000000000000000000000000000000000000000000000000000000000000000000000000000000000000000000000000000000000000000000000000000000000000000000000000000000000000000000000000000000]
[GRF_A][0][ 1.5 2.5 1.50781 2.50781 1.51562 2.51562 1.52344 2.52344 1.53125 2.53125 1.53906 2.53906 1.54688 2.54688 1.55469 2.55469 ]
[GRF_A][1][ 1.5625 2.5625 1.57031 2.57031 1.57812 2.57812 1.58594 2.58594 1.59375 2.59375 1.60156 2.60156 1.60938 2.60938 1.61719 2.61719 ]
[GRF_A][2][ 1.625 2.625 1.63281 2.63281 1.64062 2.64062 1.64844 2.64844 1.65625 2.65625 1.66406 2.66406 1.67188 2.67188 1.67969 2.67969 ]
[GRF_A][3][ 1.6875 2.6875 1.69531 2.69531 1.70312 2.70312 1.71094 2.71094 1.71875 2.71875 1.72656 2.72656 1.73438 2.73438 1.74219 2.74219 ]
[GRF_A][4][ 1.75 2.75 1.75781 2.75781 1.76562 2.76562 1.77344 2.77344 1.78125 2.78125 1.78906 2.78906 1.79688 2.79688 1.80469 2.80469 ]
[GRF_A][5][ 1.8125 2.8125 1.82031 2.82031 1.82812 2.82812 1.83594 2.83594 1.84375 2.84375 1.85156 2.85156 1.85938 2.85938 1.86719 2.86719 ]
[GRF_A][6][ 1.875 2.875 1.88281 2.88281 1.89062 2.89062 1.89844 2.89844 1.90625 2.90625 1.91406 2.91406 1.92188 2.92188 1.92969 2.92969 ]
[GRF_A][7][ 1.9375 2.9375 1.94531 2.94531 1.95312 2.95312 1.96094 2.96094 1.96875 2.96875 1.97656 2.97656 1.98438 2.98438 1.99219 2.99219 ]
[GRF_B][0][ 106.312 0 0 0 0 0 0 0 0 0 0 0 0 0 0 0 ]
[GRF_B][1][ 0 180.25 0 0 0 0 0 0 0 0 0 0 0 0 0 0 ]
[GRF_B][2][ 0 0 109.875 0 0 0 0 0 0 0 0 0 0 0 0 0 ]
[GRF_B][3][ 0 0 0 115.25 0 0 0 0 0 0 0 0 0 0 0 0 ]
[GRF_B][4][ 0 0 0 0 44.3125 0 0 0 0 0 0 0 0 0 0 0 ]
[GRF_B][5][ 0 0 0 0 0 81.125 0 0 0 0 0 0 0 0 0 0 ]
[GRF_B][6][ 0 0 0 0 0 0 45.8438 0 0 0 0 0 0 0 0 0 ]
[GRF_B][7][ 0 0 0 0 0 0 0 83.6875 0 0 0 0 0 0 0 0 ]
[M_OUT][0000000000000000000000000000000000000000000000000000000000000000000000000000000000000000000000000000000000000000000000000000000000000000000000000000000000000000000000000000000000000000000000000000000000000000000000000000000000000000000000000000000000000000]
[A_OUT][0000000000000000000000000000000000000000000000000000000000000000000000000000000000000000000000000000000000000000000000000000000000000000000000000000000000000000000000000000000000000000000000000000000000000000000000000000000000000000000000000000000000000000]

----------
READ ch0 ra0 bg0 b1 r2 c27|| [2] MAC GRF_B[0], GRF_A[0], ODD_BANK, auto @ 7491
[BANK_R][ 0 0 0 4.875 0 0 0 0 0 0 0 0 0 0 0 0 ]
[CMD]00111011000110001000000000000000(MAC GRF_B[0], GRF_A[0], ODD_BANK, auto)
[SRF][0000000000000000000000000000000000000000000000000000000000000000000000000000000000000000000000000000000000000000000000000000000000000000000000000000000000000000000000000000000000000000000000000000000000000000000000000000000000000000000000000000000000000000]
[GRF_A][0][ 1.5 2.5 1.50781 2.50781 1.51562 2.51562 1.52344 2.52344 1.53125 2.53125 1.53906 2.53906 1.54688 2.54688 1.55469 2.55469 ]
[GRF_A][1][ 1.5625 2.5625 1.57031 2.57031 1.57812 2.57812 1.58594 2.58594 1.59375 2.59375 1.60156 2.60156 1.60938 2.60938 1.61719 2.61719 ]
[GRF_A][2][ 1.625 2.625 1.63281 2.63281 1.64062 2.64062 1.64844 2.64844 1.65625 2.65625 1.66406 2.66406 1.67188 2.67188 1.67969 2.67969 ]
[GRF_A][3][ 1.6875 2.6875 1.69531 2.69531 1.70312 2.70312 1.71094 2.71094 1.71875 2.71875 1.72656 2.72656 1.73438 2.73438 1.74219 2.74219 ]
[GRF_A][4][ 1.75 2.75 1.75781 2.75781 1.76562 2.76562 1.77344 2.77344 1.78125 2.78125 1.78906 2.78906 1.79688 2.79688 1.80469 2.80469 ]
[GRF_A][5][ 1.8125 2.8125 1.82031 2.82031 1.82812 2.82812 1.83594 2.83594 1.84375 2.84375 1.85156 2.85156 1.85938 2.85938 1.86719 2.86719 ]
[GRF_A][6][ 1.875 2.875 1.88281 2.88281 1.89062 2.89062 1.89844 2.89844 1.90625 2.90625 1.91406 2.91406 1.92188 2.92188 1.92969 2.92969 ]
[GRF_A][7][ 1.9375 2.9375 1.94531 2.94531 1.95312 2.95312 1.96094 2.96094 1.96875 2.96875 1.97656 2.97656 1.98438 2.98438 1.99219 2.99219 ]
[GRF_B][0][ 106.312 0 0 0 0 0 0 0 0 0 0 0 0 0 0 0 ]
[GRF_B][1][ 0 180.25 0 0 0 0 0 0 0 0 0 0 0 0 0 0 ]
[GRF_B][2][ 0 0 109.875 0 0 0 0 0 0 0 0 0 0 0 0 0 ]
[GRF_B][3][ 0 0 0 128.375 0 0 0 0 0 0 0 0 0 0 0 0 ]
[GRF_B][4][ 0 0 0 0 44.3125 0 0 0 0 0 0 0 0 0 0 0 ]
[GRF_B][5][ 0 0 0 0 0 81.125 0 0 0 0 0 0 0 0 0 0 ]
[GRF_B][6][ 0 0 0 0 0 0 45.8438 0 0 0 0 0 0 0 0 0 ]
[GRF_B][7][ 0 0 0 0 0 0 0 83.6875 0 0 0 0 0 0 0 0 ]
[M_OUT][0000000000000000000000000000000000000000000000000000000000000000000000000000000000000000000000000000000000000000000000000000000000000000000000000000000000000000000000000000000000000000000000000000000000000000000000000000000000000000000000000000000000000000]
[A_OUT][0000000000000000000000000000000000000000000000000000000000000000000000000000000000000000000000000000000000000000000000000000000000000000000000000000000000000000000000000000000000000000000000000000000000000000000000000000000000000000000000000000000000000000]

----------
READ ch0 ra0 bg0 b1 r2 c28|| [2] MAC GRF_B[0], GRF_A[0], ODD_BANK, auto @ 7495
[BANK_R][ 0 0 0 4.9375 0 0 0 0 0 0 0 0 0 0 0 0 ]
[CMD]00111011000110001000000000000000(MAC GRF_B[0], GRF_A[0], ODD_BANK, auto)
[SRF][0000000000000000000000000000000000000000000000000000000000000000000000000000000000000000000000000000000000000000000000000000000000000000000000000000000000000000000000000000000000000000000000000000000000000000000000000000000000000000000000000000000000000000]
[GRF_A][0][ 1.5 2.5 1.50781 2.50781 1.51562 2.51562 1.52344 2.52344 1.53125 2.53125 1.53906 2.53906 1.54688 2.54688 1.55469 2.55469 ]
[GRF_A][1][ 1.5625 2.5625 1.57031 2.57031 1.57812 2.57812 1.58594 2.58594 1.59375 2.59375 1.60156 2.60156 1.60938 2.60938 1.61719 2.61719 ]
[GRF_A][2][ 1.625 2.625 1.63281 2.63281 1.64062 2.64062 1.64844 2.64844 1.65625 2.65625 1.66406 2.66406 1.67188 2.67188 1.67969 2.67969 ]
[GRF_A][3][ 1.6875 2.6875 1.69531 2.69531 1.70312 2.70312 1.71094 2.71094 1.71875 2.71875 1.72656 2.72656 1.73438 2.73438 1.74219 2.74219 ]
[GRF_A][4][ 1.75 2.75 1.75781 2.75781 1.76562 2.76562 1.77344 2.77344 1.78125 2.78125 1.78906 2.78906 1.79688 2.79688 1.80469 2.80469 ]
[GRF_A][5][ 1.8125 2.8125 1.82031 2.82031 1.82812 2.82812 1.83594 2.83594 1.84375 2.84375 1.85156 2.85156 1.85938 2.85938 1.86719 2.86719 ]
[GRF_A][6][ 1.875 2.875 1.88281 2.88281 1.89062 2.89062 1.89844 2.89844 1.90625 2.90625 1.91406 2.91406 1.92188 2.92188 1.92969 2.92969 ]
[GRF_A][7][ 1.9375 2.9375 1.94531 2.94531 1.95312 2.95312 1.96094 2.96094 1.96875 2.96875 1.97656 2.97656 1.98438 2.98438 1.99219 2.99219 ]
[GRF_B][0][ 106.312 0 0 0 0 0 0 0 0 0 0 0 0 0 0 0 ]
[GRF_B][1][ 0 180.25 0 0 0 0 0 0 0 0 0 0 0 0 0 0 ]
[GRF_B][2][ 0 0 109.875 0 0 0 0 0 0 0 0 0 0 0 0 0 ]
[GRF_B][3][ 0 0 0 142 0 0 0 0 0 0 0 0 0 0 0 0 ]
[GRF_B][4][ 0 0 0 0 44.3125 0 0 0 0 0 0 0 0 0 0 0 ]
[GRF_B][5][ 0 0 0 0 0 81.125 0 0 0 0 0 0 0 0 0 0 ]
[GRF_B][6][ 0 0 0 0 0 0 45.8438 0 0 0 0 0 0 0 0 0 ]
[GRF_B][7][ 0 0 0 0 0 0 0 83.6875 0 0 0 0 0 0 0 0 ]
[M_OUT][0000000000000000000000000000000000000000000000000000000000000000000000000000000000000000000000000000000000000000000000000000000000000000000000000000000000000000000000000000000000000000000000000000000000000000000000000000000000000000000000000000000000000000]
[A_OUT][0000000000000000000000000000000000000000000000000000000000000000000000000000000000000000000000000000000000000000000000000000000000000000000000000000000000000000000000000000000000000000000000000000000000000000000000000000000000000000000000000000000000000000]

----------
READ ch0 ra0 bg0 b1 r2 c29|| [2] MAC GRF_B[0], GRF_A[0], ODD_BANK, auto @ 7499
[BANK_R][ 0 0 0 5 0 0 0 0 0 0 0 0 0 0 0 0 ]
[CMD]00111011000110001000000000000000(MAC GRF_B[0], GRF_A[0], ODD_BANK, auto)
[SRF][0000000000000000000000000000000000000000000000000000000000000000000000000000000000000000000000000000000000000000000000000000000000000000000000000000000000000000000000000000000000000000000000000000000000000000000000000000000000000000000000000000000000000000]
[GRF_A][0][ 1.5 2.5 1.50781 2.50781 1.51562 2.51562 1.52344 2.52344 1.53125 2.53125 1.53906 2.53906 1.54688 2.54688 1.55469 2.55469 ]
[GRF_A][1][ 1.5625 2.5625 1.57031 2.57031 1.57812 2.57812 1.58594 2.58594 1.59375 2.59375 1.60156 2.60156 1.60938 2.60938 1.61719 2.61719 ]
[GRF_A][2][ 1.625 2.625 1.63281 2.63281 1.64062 2.64062 1.64844 2.64844 1.65625 2.65625 1.66406 2.66406 1.67188 2.67188 1.67969 2.67969 ]
[GRF_A][3][ 1.6875 2.6875 1.69531 2.69531 1.70312 2.70312 1.71094 2.71094 1.71875 2.71875 1.72656 2.72656 1.73438 2.73438 1.74219 2.74219 ]
[GRF_A][4][ 1.75 2.75 1.75781 2.75781 1.76562 2.76562 1.77344 2.77344 1.78125 2.78125 1.78906 2.78906 1.79688 2.79688 1.80469 2.80469 ]
[GRF_A][5][ 1.8125 2.8125 1.82031 2.82031 1.82812 2.82812 1.83594 2.83594 1.84375 2.84375 1.85156 2.85156 1.85938 2.85938 1.86719 2.86719 ]
[GRF_A][6][ 1.875 2.875 1.88281 2.88281 1.89062 2.89062 1.89844 2.89844 1.90625 2.90625 1.91406 2.91406 1.92188 2.92188 1.92969 2.92969 ]
[GRF_A][7][ 1.9375 2.9375 1.94531 2.94531 1.95312 2.95312 1.96094 2.96094 1.96875 2.96875 1.97656 2.97656 1.98438 2.98438 1.99219 2.99219 ]
[GRF_B][0][ 106.312 0 0 0 0 0 0 0 0 0 0 0 0 0 0 0 ]
[GRF_B][1][ 0 180.25 0 0 0 0 0 0 0 0 0 0 0 0 0 0 ]
[GRF_B][2][ 0 0 109.875 0 0 0 0 0 0 0 0 0 0 0 0 0 ]
[GRF_B][3][ 0 0 0 156.125 0 0 0 0 0 0 0 0 0 0 0 0 ]
[GRF_B][4][ 0 0 0 0 44.3125 0 0 0 0 0 0 0 0 0 0 0 ]
[GRF_B][5][ 0 0 0 0 0 81.125 0 0 0 0 0 0 0 0 0 0 ]
[GRF_B][6][ 0 0 0 0 0 0 45.8438 0 0 0 0 0 0 0 0 0 ]
[GRF_B][7][ 0 0 0 0 0 0 0 83.6875 0 0 0 0 0 0 0 0 ]
[M_OUT][0000000000000000000000000000000000000000000000000000000000000000000000000000000000000000000000000000000000000000000000000000000000000000000000000000000000000000000000000000000000000000000000000000000000000000000000000000000000000000000000000000000000000000]
[A_OUT][0000000000000000000000000000000000000000000000000000000000000000000000000000000000000000000000000000000000000000000000000000000000000000000000000000000000000000000000000000000000000000000000000000000000000000000000000000000000000000000000000000000000000000]

----------
READ ch0 ra0 bg0 b1 r2 c30|| [2] MAC GRF_B[0], GRF_A[0], ODD_BANK, auto @ 7503
[BANK_R][ 0 0 0 5.0625 0 0 0 0 0 0 0 0 0 0 0 0 ]
[CMD]00111011000110001000000000000000(MAC GRF_B[0], GRF_A[0], ODD_BANK, auto)
[SRF][0000000000000000000000000000000000000000000000000000000000000000000000000000000000000000000000000000000000000000000000000000000000000000000000000000000000000000000000000000000000000000000000000000000000000000000000000000000000000000000000000000000000000000]
[GRF_A][0][ 1.5 2.5 1.50781 2.50781 1.51562 2.51562 1.52344 2.52344 1.53125 2.53125 1.53906 2.53906 1.54688 2.54688 1.55469 2.55469 ]
[GRF_A][1][ 1.5625 2.5625 1.57031 2.57031 1.57812 2.57812 1.58594 2.58594 1.59375 2.59375 1.60156 2.60156 1.60938 2.60938 1.61719 2.61719 ]
[GRF_A][2][ 1.625 2.625 1.63281 2.63281 1.64062 2.64062 1.64844 2.64844 1.65625 2.65625 1.66406 2.66406 1.67188 2.67188 1.67969 2.67969 ]
[GRF_A][3][ 1.6875 2.6875 1.69531 2.69531 1.70312 2.70312 1.71094 2.71094 1.71875 2.71875 1.72656 2.72656 1.73438 2.73438 1.74219 2.74219 ]
[GRF_A][4][ 1.75 2.75 1.75781 2.75781 1.76562 2.76562 1.77344 2.77344 1.78125 2.78125 1.78906 2.78906 1.79688 2.79688 1.80469 2.80469 ]
[GRF_A][5][ 1.8125 2.8125 1.82031 2.82031 1.82812 2.82812 1.83594 2.83594 1.84375 2.84375 1.85156 2.85156 1.85938 2.85938 1.86719 2.86719 ]
[GRF_A][6][ 1.875 2.875 1.88281 2.88281 1.89062 2.89062 1.89844 2.89844 1.90625 2.90625 1.91406 2.91406 1.92188 2.92188 1.92969 2.92969 ]
[GRF_A][7][ 1.9375 2.9375 1.94531 2.94531 1.95312 2.95312 1.96094 2.96094 1.96875 2.96875 1.97656 2.97656 1.98438 2.98438 1.99219 2.99219 ]
[GRF_B][0][ 106.312 0 0 0 0 0 0 0 0 0 0 0 0 0 0 0 ]
[GRF_B][1][ 0 180.25 0 0 0 0 0 0 0 0 0 0 0 0 0 0 ]
[GRF_B][2][ 0 0 109.875 0 0 0 0 0 0 0 0 0 0 0 0 0 ]
[GRF_B][3][ 0 0 0 170.75 0 0 0 0 0 0 0 0 0 0 0 0 ]
[GRF_B][4][ 0 0 0 0 44.3125 0 0 0 0 0 0 0 0 0 0 0 ]
[GRF_B][5][ 0 0 0 0 0 81.125 0 0 0 0 0 0 0 0 0 0 ]
[GRF_B][6][ 0 0 0 0 0 0 45.8438 0 0 0 0 0 0 0 0 0 ]
[GRF_B][7][ 0 0 0 0 0 0 0 83.6875 0 0 0 0 0 0 0 0 ]
[M_OUT][0000000000000000000000000000000000000000000000000000000000000000000000000000000000000000000000000000000000000000000000000000000000000000000000000000000000000000000000000000000000000000000000000000000000000000000000000000000000000000000000000000000000000000]
[A_OUT][0000000000000000000000000000000000000000000000000000000000000000000000000000000000000000000000000000000000000000000000000000000000000000000000000000000000000000000000000000000000000000000000000000000000000000000000000000000000000000000000000000000000000000]

----------
READ ch0 ra0 bg0 b1 r2 c31|| [2] MAC GRF_B[0], GRF_A[0], ODD_BANK, auto @ 7507
[BANK_R][ 0 0 0 5.125 0 0 0 0 0 0 0 0 0 0 0 0 ]
[CMD]00111011000110001000000000000000(MAC GRF_B[0], GRF_A[0], ODD_BANK, auto)
[SRF][0000000000000000000000000000000000000000000000000000000000000000000000000000000000000000000000000000000000000000000000000000000000000000000000000000000000000000000000000000000000000000000000000000000000000000000000000000000000000000000000000000000000000000]
[GRF_A][0][ 1.5 2.5 1.50781 2.50781 1.51562 2.51562 1.52344 2.52344 1.53125 2.53125 1.53906 2.53906 1.54688 2.54688 1.55469 2.55469 ]
[GRF_A][1][ 1.5625 2.5625 1.57031 2.57031 1.57812 2.57812 1.58594 2.58594 1.59375 2.59375 1.60156 2.60156 1.60938 2.60938 1.61719 2.61719 ]
[GRF_A][2][ 1.625 2.625 1.63281 2.63281 1.64062 2.64062 1.64844 2.64844 1.65625 2.65625 1.66406 2.66406 1.67188 2.67188 1.67969 2.67969 ]
[GRF_A][3][ 1.6875 2.6875 1.69531 2.69531 1.70312 2.70312 1.71094 2.71094 1.71875 2.71875 1.72656 2.72656 1.73438 2.73438 1.74219 2.74219 ]
[GRF_A][4][ 1.75 2.75 1.75781 2.75781 1.76562 2.76562 1.77344 2.77344 1.78125 2.78125 1.78906 2.78906 1.79688 2.79688 1.80469 2.80469 ]
[GRF_A][5][ 1.8125 2.8125 1.82031 2.82031 1.82812 2.82812 1.83594 2.83594 1.84375 2.84375 1.85156 2.85156 1.85938 2.85938 1.86719 2.86719 ]
[GRF_A][6][ 1.875 2.875 1.88281 2.88281 1.89062 2.89062 1.89844 2.89844 1.90625 2.90625 1.91406 2.91406 1.92188 2.92188 1.92969 2.92969 ]
[GRF_A][7][ 1.9375 2.9375 1.94531 2.94531 1.95312 2.95312 1.96094 2.96094 1.96875 2.96875 1.97656 2.97656 1.98438 2.98438 1.99219 2.99219 ]
[GRF_B][0][ 106.312 0 0 0 0 0 0 0 0 0 0 0 0 0 0 0 ]
[GRF_B][1][ 0 180.25 0 0 0 0 0 0 0 0 0 0 0 0 0 0 ]
[GRF_B][2][ 0 0 109.875 0 0 0 0 0 0 0 0 0 0 0 0 0 ]
[GRF_B][3][ 0 0 0 185.875 0 0 0 0 0 0 0 0 0 0 0 0 ]
[GRF_B][4][ 0 0 0 0 44.3125 0 0 0 0 0 0 0 0 0 0 0 ]
[GRF_B][5][ 0 0 0 0 0 81.125 0 0 0 0 0 0 0 0 0 0 ]
[GRF_B][6][ 0 0 0 0 0 0 45.8438 0 0 0 0 0 0 0 0 0 ]
[GRF_B][7][ 0 0 0 0 0 0 0 83.6875 0 0 0 0 0 0 0 0 ]
[M_OUT][0000000000000000000000000000000000000000000000000000000000000000000000000000000000000000000000000000000000000000000000000000000000000000000000000000000000000000000000000000000000000000000000000000000000000000000000000000000000000000000000000000000000000000]
[A_OUT][0000000000000000000000000000000000000000000000000000000000000000000000000000000000000000000000000000000000000000000000000000000000000000000000000000000000000000000000000000000000000000000000000000000000000000000000000000000000000000000000000000000000000000]

----------
PRECHARGE ch[0] ra[0] bg[0] ba[1] ro[2] @7509
ACTIVATE ch[0] ra[0] bg[0] ba[1] ro[3] co[0] @7523 tag : MAC_
READ ch0 ra0 bg0 b1 r3 c0|| [3] JUMP 7x [PC - 2] @ 7538
READ ch0 ra0 bg0 b1 r3 c0|| [2] MAC GRF_B[0], GRF_A[0], ODD_BANK, auto @ 7538
[BANK_R][ 0 0 0 0 4.75 0 0 0 0 0 0 0 0 0 0 0 ]
[CMD]00111011000110001000000000000000(MAC GRF_B[0], GRF_A[0], ODD_BANK, auto)
[SRF][0000000000000000000000000000000000000000000000000000000000000000000000000000000000000000000000000000000000000000000000000000000000000000000000000000000000000000000000000000000000000000000000000000000000000000000000000000000000000000000000000000000000000000]
[GRF_A][0][ 1.5 2.5 1.50781 2.50781 1.51562 2.51562 1.52344 2.52344 1.53125 2.53125 1.53906 2.53906 1.54688 2.54688 1.55469 2.55469 ]
[GRF_A][1][ 1.5625 2.5625 1.57031 2.57031 1.57812 2.57812 1.58594 2.58594 1.59375 2.59375 1.60156 2.60156 1.60938 2.60938 1.61719 2.61719 ]
[GRF_A][2][ 1.625 2.625 1.63281 2.63281 1.64062 2.64062 1.64844 2.64844 1.65625 2.65625 1.66406 2.66406 1.67188 2.67188 1.67969 2.67969 ]
[GRF_A][3][ 1.6875 2.6875 1.69531 2.69531 1.70312 2.70312 1.71094 2.71094 1.71875 2.71875 1.72656 2.72656 1.73438 2.73438 1.74219 2.74219 ]
[GRF_A][4][ 1.75 2.75 1.75781 2.75781 1.76562 2.76562 1.77344 2.77344 1.78125 2.78125 1.78906 2.78906 1.79688 2.79688 1.80469 2.80469 ]
[GRF_A][5][ 1.8125 2.8125 1.82031 2.82031 1.82812 2.82812 1.83594 2.83594 1.84375 2.84375 1.85156 2.85156 1.85938 2.85938 1.86719 2.86719 ]
[GRF_A][6][ 1.875 2.875 1.88281 2.88281 1.89062 2.89062 1.89844 2.89844 1.90625 2.90625 1.91406 2.91406 1.92188 2.92188 1.92969 2.92969 ]
[GRF_A][7][ 1.9375 2.9375 1.94531 2.94531 1.95312 2.95312 1.96094 2.96094 1.96875 2.96875 1.97656 2.97656 1.98438 2.98438 1.99219 2.99219 ]
[GRF_B][0][ 106.312 0 0 0 0 0 0 0 0 0 0 0 0 0 0 0 ]
[GRF_B][1][ 0 180.25 0 0 0 0 0 0 0 0 0 0 0 0 0 0 ]
[GRF_B][2][ 0 0 109.875 0 0 0 0 0 0 0 0 0 0 0 0 0 ]
[GRF_B][3][ 0 0 0 185.875 0 0 0 0 0 0 0 0 0 0 0 0 ]
[GRF_B][4][ 0 0 0 0 51.5 0 0 0 0 0 0 0 0 0 0 0 ]
[GRF_B][5][ 0 0 0 0 0 81.125 0 0 0 0 0 0 0 0 0 0 ]
[GRF_B][6][ 0 0 0 0 0 0 45.8438 0 0 0 0 0 0 0 0 0 ]
[GRF_B][7][ 0 0 0 0 0 0 0 83.6875 0 0 0 0 0 0 0 0 ]
[M_OUT][0000000000000000000000000000000000000000000000000000000000000000000000000000000000000000000000000000000000000000000000000000000000000000000000000000000000000000000000000000000000000000000000000000000000000000000000000000000000000000000000000000000000000000]
[A_OUT][0000000000000000000000000000000000000000000000000000000000000000000000000000000000000000000000000000000000000000000000000000000000000000000000000000000000000000000000000000000000000000000000000000000000000000000000000000000000000000000000000000000000000000]

----------
READ ch0 ra0 bg0 b1 r3 c1|| [2] MAC GRF_B[0], GRF_A[0], ODD_BANK, auto @ 7542
[BANK_R][ 0 0 0 0 4.8125 0 0 0 0 0 0 0 0 0 0 0 ]
[CMD]00111011000110001000000000000000(MAC GRF_B[0], GRF_A[0], ODD_BANK, auto)
[SRF][0000000000000000000000000000000000000000000000000000000000000000000000000000000000000000000000000000000000000000000000000000000000000000000000000000000000000000000000000000000000000000000000000000000000000000000000000000000000000000000000000000000000000000]
[GRF_A][0][ 1.5 2.5 1.50781 2.50781 1.51562 2.51562 1.52344 2.52344 1.53125 2.53125 1.53906 2.53906 1.54688 2.54688 1.55469 2.55469 ]
[GRF_A][1][ 1.5625 2.5625 1.57031 2.57031 1.57812 2.57812 1.58594 2.58594 1.59375 2.59375 1.60156 2.60156 1.60938 2.60938 1.61719 2.61719 ]
[GRF_A][2][ 1.625 2.625 1.63281 2.63281 1.64062 2.64062 1.64844 2.64844 1.65625 2.65625 1.66406 2.66406 1.67188 2.67188 1.67969 2.67969 ]
[GRF_A][3][ 1.6875 2.6875 1.69531 2.69531 1.70312 2.70312 1.71094 2.71094 1.71875 2.71875 1.72656 2.72656 1.73438 2.73438 1.74219 2.74219 ]
[GRF_A][4][ 1.75 2.75 1.75781 2.75781 1.76562 2.76562 1.77344 2.77344 1.78125 2.78125 1.78906 2.78906 1.79688 2.79688 1.80469 2.80469 ]
[GRF_A][5][ 1.8125 2.8125 1.82031 2.82031 1.82812 2.82812 1.83594 2.83594 1.84375 2.84375 1.85156 2.85156 1.85938 2.85938 1.86719 2.86719 ]
[GRF_A][6][ 1.875 2.875 1.88281 2.88281 1.89062 2.89062 1.89844 2.89844 1.90625 2.90625 1.91406 2.91406 1.92188 2.92188 1.92969 2.92969 ]
[GRF_A][7][ 1.9375 2.9375 1.94531 2.94531 1.95312 2.95312 1.96094 2.96094 1.96875 2.96875 1.97656 2.97656 1.98438 2.98438 1.99219 2.99219 ]
[GRF_B][0][ 106.312 0 0 0 0 0 0 0 0 0 0 0 0 0 0 0 ]
[GRF_B][1][ 0 180.25 0 0 0 0 0 0 0 0 0 0 0 0 0 0 ]
[GRF_B][2][ 0 0 109.875 0 0 0 0 0 0 0 0 0 0 0 0 0 ]
[GRF_B][3][ 0 0 0 185.875 0 0 0 0 0 0 0 0 0 0 0 0 ]
[GRF_B][4][ 0 0 0 0 59.0938 0 0 0 0 0 0 0 0 0 0 0 ]
[GRF_B][5][ 0 0 0 0 0 81.125 0 0 0 0 0 0 0 0 0 0 ]
[GRF_B][6][ 0 0 0 0 0 0 45.8438 0 0 0 0 0 0 0 0 0 ]
[GRF_B][7][ 0 0 0 0 0 0 0 83.6875 0 0 0 0 0 0 0 0 ]
[M_OUT][0000000000000000000000000000000000000000000000000000000000000000000000000000000000000000000000000000000000000000000000000000000000000000000000000000000000000000000000000000000000000000000000000000000000000000000000000000000000000000000000000000000000000000]
[A_OUT][0000000000000000000000000000000000000000000000000000000000000000000000000000000000000000000000000000000000000000000000000000000000000000000000000000000000000000000000000000000000000000000000000000000000000000000000000000000000000000000000000000000000000000]

----------
READ ch0 ra0 bg0 b1 r3 c2|| [2] MAC GRF_B[0], GRF_A[0], ODD_BANK, auto @ 7546
[BANK_R][ 0 0 0 0 4.875 0 0 0 0 0 0 0 0 0 0 0 ]
[CMD]00111011000110001000000000000000(MAC GRF_B[0], GRF_A[0], ODD_BANK, auto)
[SRF][0000000000000000000000000000000000000000000000000000000000000000000000000000000000000000000000000000000000000000000000000000000000000000000000000000000000000000000000000000000000000000000000000000000000000000000000000000000000000000000000000000000000000000]
[GRF_A][0][ 1.5 2.5 1.50781 2.50781 1.51562 2.51562 1.52344 2.52344 1.53125 2.53125 1.53906 2.53906 1.54688 2.54688 1.55469 2.55469 ]
[GRF_A][1][ 1.5625 2.5625 1.57031 2.57031 1.57812 2.57812 1.58594 2.58594 1.59375 2.59375 1.60156 2.60156 1.60938 2.60938 1.61719 2.61719 ]
[GRF_A][2][ 1.625 2.625 1.63281 2.63281 1.64062 2.64062 1.64844 2.64844 1.65625 2.65625 1.66406 2.66406 1.67188 2.67188 1.67969 2.67969 ]
[GRF_A][3][ 1.6875 2.6875 1.69531 2.69531 1.70312 2.70312 1.71094 2.71094 1.71875 2.71875 1.72656 2.72656 1.73438 2.73438 1.74219 2.74219 ]
[GRF_A][4][ 1.75 2.75 1.75781 2.75781 1.76562 2.76562 1.77344 2.77344 1.78125 2.78125 1.78906 2.78906 1.79688 2.79688 1.80469 2.80469 ]
[GRF_A][5][ 1.8125 2.8125 1.82031 2.82031 1.82812 2.82812 1.83594 2.83594 1.84375 2.84375 1.85156 2.85156 1.85938 2.85938 1.86719 2.86719 ]
[GRF_A][6][ 1.875 2.875 1.88281 2.88281 1.89062 2.89062 1.89844 2.89844 1.90625 2.90625 1.91406 2.91406 1.92188 2.92188 1.92969 2.92969 ]
[GRF_A][7][ 1.9375 2.9375 1.94531 2.94531 1.95312 2.95312 1.96094 2.96094 1.96875 2.96875 1.97656 2.97656 1.98438 2.98438 1.99219 2.99219 ]
[GRF_B][0][ 106.312 0 0 0 0 0 0 0 0 0 0 0 0 0 0 0 ]
[GRF_B][1][ 0 180.25 0 0 0 0 0 0 0 0 0 0 0 0 0 0 ]
[GRF_B][2][ 0 0 109.875 0 0 0 0 0 0 0 0 0 0 0 0 0 ]
[GRF_B][3][ 0 0 0 185.875 0 0 0 0 0 0 0 0 0 0 0 0 ]
[GRF_B][4][ 0 0 0 0 67.125 0 0 0 0 0 0 0 0 0 0 0 ]
[GRF_B][5][ 0 0 0 0 0 81.125 0 0 0 0 0 0 0 0 0 0 ]
[GRF_B][6][ 0 0 0 0 0 0 45.8438 0 0 0 0 0 0 0 0 0 ]
[GRF_B][7][ 0 0 0 0 0 0 0 83.6875 0 0 0 0 0 0 0 0 ]
[M_OUT][0000000000000000000000000000000000000000000000000000000000000000000000000000000000000000000000000000000000000000000000000000000000000000000000000000000000000000000000000000000000000000000000000000000000000000000000000000000000000000000000000000000000000000]
[A_OUT][0000000000000000000000000000000000000000000000000000000000000000000000000000000000000000000000000000000000000000000000000000000000000000000000000000000000000000000000000000000000000000000000000000000000000000000000000000000000000000000000000000000000000000]

----------
READ ch0 ra0 bg0 b1 r3 c3|| [2] MAC GRF_B[0], GRF_A[0], ODD_BANK, auto @ 7550
[BANK_R][ 0 0 0 0 4.9375 0 0 0 0 0 0 0 0 0 0 0 ]
[CMD]00111011000110001000000000000000(MAC GRF_B[0], GRF_A[0], ODD_BANK, auto)
[SRF][0000000000000000000000000000000000000000000000000000000000000000000000000000000000000000000000000000000000000000000000000000000000000000000000000000000000000000000000000000000000000000000000000000000000000000000000000000000000000000000000000000000000000000]
[GRF_A][0][ 1.5 2.5 1.50781 2.50781 1.51562 2.51562 1.52344 2.52344 1.53125 2.53125 1.53906 2.53906 1.54688 2.54688 1.55469 2.55469 ]
[GRF_A][1][ 1.5625 2.5625 1.57031 2.57031 1.57812 2.57812 1.58594 2.58594 1.59375 2.59375 1.60156 2.60156 1.60938 2.60938 1.61719 2.61719 ]
[GRF_A][2][ 1.625 2.625 1.63281 2.63281 1.64062 2.64062 1.64844 2.64844 1.65625 2.65625 1.66406 2.66406 1.67188 2.67188 1.67969 2.67969 ]
[GRF_A][3][ 1.6875 2.6875 1.69531 2.69531 1.70312 2.70312 1.71094 2.71094 1.71875 2.71875 1.72656 2.72656 1.73438 2.73438 1.74219 2.74219 ]
[GRF_A][4][ 1.75 2.75 1.75781 2.75781 1.76562 2.76562 1.77344 2.77344 1.78125 2.78125 1.78906 2.78906 1.79688 2.79688 1.80469 2.80469 ]
[GRF_A][5][ 1.8125 2.8125 1.82031 2.82031 1.82812 2.82812 1.83594 2.83594 1.84375 2.84375 1.85156 2.85156 1.85938 2.85938 1.86719 2.86719 ]
[GRF_A][6][ 1.875 2.875 1.88281 2.88281 1.89062 2.89062 1.89844 2.89844 1.90625 2.90625 1.91406 2.91406 1.92188 2.92188 1.92969 2.92969 ]
[GRF_A][7][ 1.9375 2.9375 1.94531 2.94531 1.95312 2.95312 1.96094 2.96094 1.96875 2.96875 1.97656 2.97656 1.98438 2.98438 1.99219 2.99219 ]
[GRF_B][0][ 106.312 0 0 0 0 0 0 0 0 0 0 0 0 0 0 0 ]
[GRF_B][1][ 0 180.25 0 0 0 0 0 0 0 0 0 0 0 0 0 0 ]
[GRF_B][2][ 0 0 109.875 0 0 0 0 0 0 0 0 0 0 0 0 0 ]
[GRF_B][3][ 0 0 0 185.875 0 0 0 0 0 0 0 0 0 0 0 0 ]
[GRF_B][4][ 0 0 0 0 75.5 0 0 0 0 0 0 0 0 0 0 0 ]
[GRF_B][5][ 0 0 0 0 0 81.125 0 0 0 0 0 0 0 0 0 0 ]
[GRF_B][6][ 0 0 0 0 0 0 45.8438 0 0 0 0 0 0 0 0 0 ]
[GRF_B][7][ 0 0 0 0 0 0 0 83.6875 0 0 0 0 0 0 0 0 ]
[M_OUT][0000000000000000000000000000000000000000000000000000000000000000000000000000000000000000000000000000000000000000000000000000000000000000000000000000000000000000000000000000000000000000000000000000000000000000000000000000000000000000000000000000000000000000]
[A_OUT][0000000000000000000000000000000000000000000000000000000000000000000000000000000000000000000000000000000000000000000000000000000000000000000000000000000000000000000000000000000000000000000000000000000000000000000000000000000000000000000000000000000000000000]

----------
READ ch0 ra0 bg0 b1 r3 c4|| [2] MAC GRF_B[0], GRF_A[0], ODD_BANK, auto @ 7554
[BANK_R][ 0 0 0 0 5 0 0 0 0 0 0 0 0 0 0 0 ]
[CMD]00111011000110001000000000000000(MAC GRF_B[0], GRF_A[0], ODD_BANK, auto)
[SRF][0000000000000000000000000000000000000000000000000000000000000000000000000000000000000000000000000000000000000000000000000000000000000000000000000000000000000000000000000000000000000000000000000000000000000000000000000000000000000000000000000000000000000000]
[GRF_A][0][ 1.5 2.5 1.50781 2.50781 1.51562 2.51562 1.52344 2.52344 1.53125 2.53125 1.53906 2.53906 1.54688 2.54688 1.55469 2.55469 ]
[GRF_A][1][ 1.5625 2.5625 1.57031 2.57031 1.57812 2.57812 1.58594 2.58594 1.59375 2.59375 1.60156 2.60156 1.60938 2.60938 1.61719 2.61719 ]
[GRF_A][2][ 1.625 2.625 1.63281 2.63281 1.64062 2.64062 1.64844 2.64844 1.65625 2.65625 1.66406 2.66406 1.67188 2.67188 1.67969 2.67969 ]
[GRF_A][3][ 1.6875 2.6875 1.69531 2.69531 1.70312 2.70312 1.71094 2.71094 1.71875 2.71875 1.72656 2.72656 1.73438 2.73438 1.74219 2.74219 ]
[GRF_A][4][ 1.75 2.75 1.75781 2.75781 1.76562 2.76562 1.77344 2.77344 1.78125 2.78125 1.78906 2.78906 1.79688 2.79688 1.80469 2.80469 ]
[GRF_A][5][ 1.8125 2.8125 1.82031 2.82031 1.82812 2.82812 1.83594 2.83594 1.84375 2.84375 1.85156 2.85156 1.85938 2.85938 1.86719 2.86719 ]
[GRF_A][6][ 1.875 2.875 1.88281 2.88281 1.89062 2.89062 1.89844 2.89844 1.90625 2.90625 1.91406 2.91406 1.92188 2.92188 1.92969 2.92969 ]
[GRF_A][7][ 1.9375 2.9375 1.94531 2.94531 1.95312 2.95312 1.96094 2.96094 1.96875 2.96875 1.97656 2.97656 1.98438 2.98438 1.99219 2.99219 ]
[GRF_B][0][ 106.312 0 0 0 0 0 0 0 0 0 0 0 0 0 0 0 ]
[GRF_B][1][ 0 180.25 0 0 0 0 0 0 0 0 0 0 0 0 0 0 ]
[GRF_B][2][ 0 0 109.875 0 0 0 0 0 0 0 0 0 0 0 0 0 ]
[GRF_B][3][ 0 0 0 185.875 0 0 0 0 0 0 0 0 0 0 0 0 ]
[GRF_B][4][ 0 0 0 0 84.3125 0 0 0 0 0 0 0 0 0 0 0 ]
[GRF_B][5][ 0 0 0 0 0 81.125 0 0 0 0 0 0 0 0 0 0 ]
[GRF_B][6][ 0 0 0 0 0 0 45.8438 0 0 0 0 0 0 0 0 0 ]
[GRF_B][7][ 0 0 0 0 0 0 0 83.6875 0 0 0 0 0 0 0 0 ]
[M_OUT][0000000000000000000000000000000000000000000000000000000000000000000000000000000000000000000000000000000000000000000000000000000000000000000000000000000000000000000000000000000000000000000000000000000000000000000000000000000000000000000000000000000000000000]
[A_OUT][0000000000000000000000000000000000000000000000000000000000000000000000000000000000000000000000000000000000000000000000000000000000000000000000000000000000000000000000000000000000000000000000000000000000000000000000000000000000000000000000000000000000000000]

----------
READ ch0 ra0 bg0 b1 r3 c5|| [2] MAC GRF_B[0], GRF_A[0], ODD_BANK, auto @ 7558
[BANK_R][ 0 0 0 0 5.0625 0 0 0 0 0 0 0 0 0 0 0 ]
[CMD]00111011000110001000000000000000(MAC GRF_B[0], GRF_A[0], ODD_BANK, auto)
[SRF][0000000000000000000000000000000000000000000000000000000000000000000000000000000000000000000000000000000000000000000000000000000000000000000000000000000000000000000000000000000000000000000000000000000000000000000000000000000000000000000000000000000000000000]
[GRF_A][0][ 1.5 2.5 1.50781 2.50781 1.51562 2.51562 1.52344 2.52344 1.53125 2.53125 1.53906 2.53906 1.54688 2.54688 1.55469 2.55469 ]
[GRF_A][1][ 1.5625 2.5625 1.57031 2.57031 1.57812 2.57812 1.58594 2.58594 1.59375 2.59375 1.60156 2.60156 1.60938 2.60938 1.61719 2.61719 ]
[GRF_A][2][ 1.625 2.625 1.63281 2.63281 1.64062 2.64062 1.64844 2.64844 1.65625 2.65625 1.66406 2.66406 1.67188 2.67188 1.67969 2.67969 ]
[GRF_A][3][ 1.6875 2.6875 1.69531 2.69531 1.70312 2.70312 1.71094 2.71094 1.71875 2.71875 1.72656 2.72656 1.73438 2.73438 1.74219 2.74219 ]
[GRF_A][4][ 1.75 2.75 1.75781 2.75781 1.76562 2.76562 1.77344 2.77344 1.78125 2.78125 1.78906 2.78906 1.79688 2.79688 1.80469 2.80469 ]
[GRF_A][5][ 1.8125 2.8125 1.82031 2.82031 1.82812 2.82812 1.83594 2.83594 1.84375 2.84375 1.85156 2.85156 1.85938 2.85938 1.86719 2.86719 ]
[GRF_A][6][ 1.875 2.875 1.88281 2.88281 1.89062 2.89062 1.89844 2.89844 1.90625 2.90625 1.91406 2.91406 1.92188 2.92188 1.92969 2.92969 ]
[GRF_A][7][ 1.9375 2.9375 1.94531 2.94531 1.95312 2.95312 1.96094 2.96094 1.96875 2.96875 1.97656 2.97656 1.98438 2.98438 1.99219 2.99219 ]
[GRF_B][0][ 106.312 0 0 0 0 0 0 0 0 0 0 0 0 0 0 0 ]
[GRF_B][1][ 0 180.25 0 0 0 0 0 0 0 0 0 0 0 0 0 0 ]
[GRF_B][2][ 0 0 109.875 0 0 0 0 0 0 0 0 0 0 0 0 0 ]
[GRF_B][3][ 0 0 0 185.875 0 0 0 0 0 0 0 0 0 0 0 0 ]
[GRF_B][4][ 0 0 0 0 93.5625 0 0 0 0 0 0 0 0 0 0 0 ]
[GRF_B][5][ 0 0 0 0 0 81.125 0 0 0 0 0 0 0 0 0 0 ]
[GRF_B][6][ 0 0 0 0 0 0 45.8438 0 0 0 0 0 0 0 0 0 ]
[GRF_B][7][ 0 0 0 0 0 0 0 83.6875 0 0 0 0 0 0 0 0 ]
[M_OUT][0000000000000000000000000000000000000000000000000000000000000000000000000000000000000000000000000000000000000000000000000000000000000000000000000000000000000000000000000000000000000000000000000000000000000000000000000000000000000000000000000000000000000000]
[A_OUT][0000000000000000000000000000000000000000000000000000000000000000000000000000000000000000000000000000000000000000000000000000000000000000000000000000000000000000000000000000000000000000000000000000000000000000000000000000000000000000000000000000000000000000]

----------
READ ch0 ra0 bg0 b1 r3 c6|| [2] MAC GRF_B[0], GRF_A[0], ODD_BANK, auto @ 7562
[BANK_R][ 0 0 0 0 5.125 0 0 0 0 0 0 0 0 0 0 0 ]
[CMD]00111011000110001000000000000000(MAC GRF_B[0], GRF_A[0], ODD_BANK, auto)
[SRF][0000000000000000000000000000000000000000000000000000000000000000000000000000000000000000000000000000000000000000000000000000000000000000000000000000000000000000000000000000000000000000000000000000000000000000000000000000000000000000000000000000000000000000]
[GRF_A][0][ 1.5 2.5 1.50781 2.50781 1.51562 2.51562 1.52344 2.52344 1.53125 2.53125 1.53906 2.53906 1.54688 2.54688 1.55469 2.55469 ]
[GRF_A][1][ 1.5625 2.5625 1.57031 2.57031 1.57812 2.57812 1.58594 2.58594 1.59375 2.59375 1.60156 2.60156 1.60938 2.60938 1.61719 2.61719 ]
[GRF_A][2][ 1.625 2.625 1.63281 2.63281 1.64062 2.64062 1.64844 2.64844 1.65625 2.65625 1.66406 2.66406 1.67188 2.67188 1.67969 2.67969 ]
[GRF_A][3][ 1.6875 2.6875 1.69531 2.69531 1.70312 2.70312 1.71094 2.71094 1.71875 2.71875 1.72656 2.72656 1.73438 2.73438 1.74219 2.74219 ]
[GRF_A][4][ 1.75 2.75 1.75781 2.75781 1.76562 2.76562 1.77344 2.77344 1.78125 2.78125 1.78906 2.78906 1.79688 2.79688 1.80469 2.80469 ]
[GRF_A][5][ 1.8125 2.8125 1.82031 2.82031 1.82812 2.82812 1.83594 2.83594 1.84375 2.84375 1.85156 2.85156 1.85938 2.85938 1.86719 2.86719 ]
[GRF_A][6][ 1.875 2.875 1.88281 2.88281 1.89062 2.89062 1.89844 2.89844 1.90625 2.90625 1.91406 2.91406 1.92188 2.92188 1.92969 2.92969 ]
[GRF_A][7][ 1.9375 2.9375 1.94531 2.94531 1.95312 2.95312 1.96094 2.96094 1.96875 2.96875 1.97656 2.97656 1.98438 2.98438 1.99219 2.99219 ]
[GRF_B][0][ 106.312 0 0 0 0 0 0 0 0 0 0 0 0 0 0 0 ]
[GRF_B][1][ 0 180.25 0 0 0 0 0 0 0 0 0 0 0 0 0 0 ]
[GRF_B][2][ 0 0 109.875 0 0 0 0 0 0 0 0 0 0 0 0 0 ]
[GRF_B][3][ 0 0 0 185.875 0 0 0 0 0 0 0 0 0 0 0 0 ]
[GRF_B][4][ 0 0 0 0 103.25 0 0 0 0 0 0 0 0 0 0 0 ]
[GRF_B][5][ 0 0 0 0 0 81.125 0 0 0 0 0 0 0 0 0 0 ]
[GRF_B][6][ 0 0 0 0 0 0 45.8438 0 0 0 0 0 0 0 0 0 ]
[GRF_B][7][ 0 0 0 0 0 0 0 83.6875 0 0 0 0 0 0 0 0 ]
[M_OUT][0000000000000000000000000000000000000000000000000000000000000000000000000000000000000000000000000000000000000000000000000000000000000000000000000000000000000000000000000000000000000000000000000000000000000000000000000000000000000000000000000000000000000000]
[A_OUT][0000000000000000000000000000000000000000000000000000000000000000000000000000000000000000000000000000000000000000000000000000000000000000000000000000000000000000000000000000000000000000000000000000000000000000000000000000000000000000000000000000000000000000]

----------
READ ch0 ra0 bg0 b1 r3 c7|| [2] MAC GRF_B[0], GRF_A[0], ODD_BANK, auto @ 7566
[BANK_R][ 0 0 0 0 5.1875 0 0 0 0 0 0 0 0 0 0 0 ]
[CMD]00111011000110001000000000000000(MAC GRF_B[0], GRF_A[0], ODD_BANK, auto)
[SRF][0000000000000000000000000000000000000000000000000000000000000000000000000000000000000000000000000000000000000000000000000000000000000000000000000000000000000000000000000000000000000000000000000000000000000000000000000000000000000000000000000000000000000000]
[GRF_A][0][ 1.5 2.5 1.50781 2.50781 1.51562 2.51562 1.52344 2.52344 1.53125 2.53125 1.53906 2.53906 1.54688 2.54688 1.55469 2.55469 ]
[GRF_A][1][ 1.5625 2.5625 1.57031 2.57031 1.57812 2.57812 1.58594 2.58594 1.59375 2.59375 1.60156 2.60156 1.60938 2.60938 1.61719 2.61719 ]
[GRF_A][2][ 1.625 2.625 1.63281 2.63281 1.64062 2.64062 1.64844 2.64844 1.65625 2.65625 1.66406 2.66406 1.67188 2.67188 1.67969 2.67969 ]
[GRF_A][3][ 1.6875 2.6875 1.69531 2.69531 1.70312 2.70312 1.71094 2.71094 1.71875 2.71875 1.72656 2.72656 1.73438 2.73438 1.74219 2.74219 ]
[GRF_A][4][ 1.75 2.75 1.75781 2.75781 1.76562 2.76562 1.77344 2.77344 1.78125 2.78125 1.78906 2.78906 1.79688 2.79688 1.80469 2.80469 ]
[GRF_A][5][ 1.8125 2.8125 1.82031 2.82031 1.82812 2.82812 1.83594 2.83594 1.84375 2.84375 1.85156 2.85156 1.85938 2.85938 1.86719 2.86719 ]
[GRF_A][6][ 1.875 2.875 1.88281 2.88281 1.89062 2.89062 1.89844 2.89844 1.90625 2.90625 1.91406 2.91406 1.92188 2.92188 1.92969 2.92969 ]
[GRF_A][7][ 1.9375 2.9375 1.94531 2.94531 1.95312 2.95312 1.96094 2.96094 1.96875 2.96875 1.97656 2.97656 1.98438 2.98438 1.99219 2.99219 ]
[GRF_B][0][ 106.312 0 0 0 0 0 0 0 0 0 0 0 0 0 0 0 ]
[GRF_B][1][ 0 180.25 0 0 0 0 0 0 0 0 0 0 0 0 0 0 ]
[GRF_B][2][ 0 0 109.875 0 0 0 0 0 0 0 0 0 0 0 0 0 ]
[GRF_B][3][ 0 0 0 185.875 0 0 0 0 0 0 0 0 0 0 0 0 ]
[GRF_B][4][ 0 0 0 0 113.375 0 0 0 0 0 0 0 0 0 0 0 ]
[GRF_B][5][ 0 0 0 0 0 81.125 0 0 0 0 0 0 0 0 0 0 ]
[GRF_B][6][ 0 0 0 0 0 0 45.8438 0 0 0 0 0 0 0 0 0 ]
[GRF_B][7][ 0 0 0 0 0 0 0 83.6875 0 0 0 0 0 0 0 0 ]
[M_OUT][0000000000000000000000000000000000000000000000000000000000000000000000000000000000000000000000000000000000000000000000000000000000000000000000000000000000000000000000000000000000000000000000000000000000000000000000000000000000000000000000000000000000000000]
[A_OUT][0000000000000000000000000000000000000000000000000000000000000000000000000000000000000000000000000000000000000000000000000000000000000000000000000000000000000000000000000000000000000000000000000000000000000000000000000000000000000000000000000000000000000000]

----------
READ ch0 ra0 bg0 b1 r3 c8|| [3] JUMP 7x [PC - 2] @ 7570
READ ch0 ra0 bg0 b1 r3 c8|| [2] MAC GRF_B[0], GRF_A[0], ODD_BANK, auto @ 7570
[BANK_R][ 0 0 0 0 0 4.8125 0 0 0 0 0 0 0 0 0 0 ]
[CMD]00111011000110001000000000000000(MAC GRF_B[0], GRF_A[0], ODD_BANK, auto)
[SRF][0000000000000000000000000000000000000000000000000000000000000000000000000000000000000000000000000000000000000000000000000000000000000000000000000000000000000000000000000000000000000000000000000000000000000000000000000000000000000000000000000000000000000000]
[GRF_A][0][ 1.5 2.5 1.50781 2.50781 1.51562 2.51562 1.52344 2.52344 1.53125 2.53125 1.53906 2.53906 1.54688 2.54688 1.55469 2.55469 ]
[GRF_A][1][ 1.5625 2.5625 1.57031 2.57031 1.57812 2.57812 1.58594 2.58594 1.59375 2.59375 1.60156 2.60156 1.60938 2.60938 1.61719 2.61719 ]
[GRF_A][2][ 1.625 2.625 1.63281 2.63281 1.64062 2.64062 1.64844 2.64844 1.65625 2.65625 1.66406 2.66406 1.67188 2.67188 1.67969 2.67969 ]
[GRF_A][3][ 1.6875 2.6875 1.69531 2.69531 1.70312 2.70312 1.71094 2.71094 1.71875 2.71875 1.72656 2.72656 1.73438 2.73438 1.74219 2.74219 ]
[GRF_A][4][ 1.75 2.75 1.75781 2.75781 1.76562 2.76562 1.77344 2.77344 1.78125 2.78125 1.78906 2.78906 1.79688 2.79688 1.80469 2.80469 ]
[GRF_A][5][ 1.8125 2.8125 1.82031 2.82031 1.82812 2.82812 1.83594 2.83594 1.84375 2.84375 1.85156 2.85156 1.85938 2.85938 1.86719 2.86719 ]
[GRF_A][6][ 1.875 2.875 1.88281 2.88281 1.89062 2.89062 1.89844 2.89844 1.90625 2.90625 1.91406 2.91406 1.92188 2.92188 1.92969 2.92969 ]
[GRF_A][7][ 1.9375 2.9375 1.94531 2.94531 1.95312 2.95312 1.96094 2.96094 1.96875 2.96875 1.97656 2.97656 1.98438 2.98438 1.99219 2.99219 ]
[GRF_B][0][ 106.312 0 0 0 0 0 0 0 0 0 0 0 0 0 0 0 ]
[GRF_B][1][ 0 180.25 0 0 0 0 0 0 0 0 0 0 0 0 0 0 ]
[GRF_B][2][ 0 0 109.875 0 0 0 0 0 0 0 0 0 0 0 0 0 ]
[GRF_B][3][ 0 0 0 185.875 0 0 0 0 0 0 0 0 0 0 0 0 ]
[GRF_B][4][ 0 0 0 0 113.375 0 0 0 0 0 0 0 0 0 0 0 ]
[GRF_B][5][ 0 0 0 0 0 93.25 0 0 0 0 0 0 0 0 0 0 ]
[GRF_B][6][ 0 0 0 0 0 0 45.8438 0 0 0 0 0 0 0 0 0 ]
[GRF_B][7][ 0 0 0 0 0 0 0 83.6875 0 0 0 0 0 0 0 0 ]
[M_OUT][0000000000000000000000000000000000000000000000000000000000000000000000000000000000000000000000000000000000000000000000000000000000000000000000000000000000000000000000000000000000000000000000000000000000000000000000000000000000000000000000000000000000000000]
[A_OUT][0000000000000000000000000000000000000000000000000000000000000000000000000000000000000000000000000000000000000000000000000000000000000000000000000000000000000000000000000000000000000000000000000000000000000000000000000000000000000000000000000000000000000000]

----------
READ ch0 ra0 bg0 b1 r3 c9|| [2] MAC GRF_B[0], GRF_A[0], ODD_BANK, auto @ 7574
[BANK_R][ 0 0 0 0 0 4.875 0 0 0 0 0 0 0 0 0 0 ]
[CMD]00111011000110001000000000000000(MAC GRF_B[0], GRF_A[0], ODD_BANK, auto)
[SRF][0000000000000000000000000000000000000000000000000000000000000000000000000000000000000000000000000000000000000000000000000000000000000000000000000000000000000000000000000000000000000000000000000000000000000000000000000000000000000000000000000000000000000000]
[GRF_A][0][ 1.5 2.5 1.50781 2.50781 1.51562 2.51562 1.52344 2.52344 1.53125 2.53125 1.53906 2.53906 1.54688 2.54688 1.55469 2.55469 ]
[GRF_A][1][ 1.5625 2.5625 1.57031 2.57031 1.57812 2.57812 1.58594 2.58594 1.59375 2.59375 1.60156 2.60156 1.60938 2.60938 1.61719 2.61719 ]
[GRF_A][2][ 1.625 2.625 1.63281 2.63281 1.64062 2.64062 1.64844 2.64844 1.65625 2.65625 1.66406 2.66406 1.67188 2.67188 1.67969 2.67969 ]
[GRF_A][3][ 1.6875 2.6875 1.69531 2.69531 1.70312 2.70312 1.71094 2.71094 1.71875 2.71875 1.72656 2.72656 1.73438 2.73438 1.74219 2.74219 ]
[GRF_A][4][ 1.75 2.75 1.75781 2.75781 1.76562 2.76562 1.77344 2.77344 1.78125 2.78125 1.78906 2.78906 1.79688 2.79688 1.80469 2.80469 ]
[GRF_A][5][ 1.8125 2.8125 1.82031 2.82031 1.82812 2.82812 1.83594 2.83594 1.84375 2.84375 1.85156 2.85156 1.85938 2.85938 1.86719 2.86719 ]
[GRF_A][6][ 1.875 2.875 1.88281 2.88281 1.89062 2.89062 1.89844 2.89844 1.90625 2.90625 1.91406 2.91406 1.92188 2.92188 1.92969 2.92969 ]
[GRF_A][7][ 1.9375 2.9375 1.94531 2.94531 1.95312 2.95312 1.96094 2.96094 1.96875 2.96875 1.97656 2.97656 1.98438 2.98438 1.99219 2.99219 ]
[GRF_B][0][ 106.312 0 0 0 0 0 0 0 0 0 0 0 0 0 0 0 ]
[GRF_B][1][ 0 180.25 0 0 0 0 0 0 0 0 0 0 0 0 0 0 ]
[GRF_B][2][ 0 0 109.875 0 0 0 0 0 0 0 0 0 0 0 0 0 ]
[GRF_B][3][ 0 0 0 185.875 0 0 0 0 0 0 0 0 0 0 0 0 ]
[GRF_B][4][ 0 0 0 0 113.375 0 0 0 0 0 0 0 0 0 0 0 ]
[GRF_B][5][ 0 0 0 0 0 105.812 0 0 0 0 0 0 0 0 0 0 ]
[GRF_B][6][ 0 0 0 0 0 0 45.8438 0 0 0 0 0 0 0 0 0 ]
[GRF_B][7][ 0 0 0 0 0 0 0 83.6875 0 0 0 0 0 0 0 0 ]
[M_OUT][0000000000000000000000000000000000000000000000000000000000000000000000000000000000000000000000000000000000000000000000000000000000000000000000000000000000000000000000000000000000000000000000000000000000000000000000000000000000000000000000000000000000000000]
[A_OUT][0000000000000000000000000000000000000000000000000000000000000000000000000000000000000000000000000000000000000000000000000000000000000000000000000000000000000000000000000000000000000000000000000000000000000000000000000000000000000000000000000000000000000000]

----------
READ ch0 ra0 bg0 b1 r3 c10|| [2] MAC GRF_B[0], GRF_A[0], ODD_BANK, auto @ 7578
[BANK_R][ 0 0 0 0 0 4.9375 0 0 0 0 0 0 0 0 0 0 ]
[CMD]00111011000110001000000000000000(MAC GRF_B[0], GRF_A[0], ODD_BANK, auto)
[SRF][0000000000000000000000000000000000000000000000000000000000000000000000000000000000000000000000000000000000000000000000000000000000000000000000000000000000000000000000000000000000000000000000000000000000000000000000000000000000000000000000000000000000000000]
[GRF_A][0][ 1.5 2.5 1.50781 2.50781 1.51562 2.51562 1.52344 2.52344 1.53125 2.53125 1.53906 2.53906 1.54688 2.54688 1.55469 2.55469 ]
[GRF_A][1][ 1.5625 2.5625 1.57031 2.57031 1.57812 2.57812 1.58594 2.58594 1.59375 2.59375 1.60156 2.60156 1.60938 2.60938 1.61719 2.61719 ]
[GRF_A][2][ 1.625 2.625 1.63281 2.63281 1.64062 2.64062 1.64844 2.64844 1.65625 2.65625 1.66406 2.66406 1.67188 2.67188 1.67969 2.67969 ]
[GRF_A][3][ 1.6875 2.6875 1.69531 2.69531 1.70312 2.70312 1.71094 2.71094 1.71875 2.71875 1.72656 2.72656 1.73438 2.73438 1.74219 2.74219 ]
[GRF_A][4][ 1.75 2.75 1.75781 2.75781 1.76562 2.76562 1.77344 2.77344 1.78125 2.78125 1.78906 2.78906 1.79688 2.79688 1.80469 2.80469 ]
[GRF_A][5][ 1.8125 2.8125 1.82031 2.82031 1.82812 2.82812 1.83594 2.83594 1.84375 2.84375 1.85156 2.85156 1.85938 2.85938 1.86719 2.86719 ]
[GRF_A][6][ 1.875 2.875 1.88281 2.88281 1.89062 2.89062 1.89844 2.89844 1.90625 2.90625 1.91406 2.91406 1.92188 2.92188 1.92969 2.92969 ]
[GRF_A][7][ 1.9375 2.9375 1.94531 2.94531 1.95312 2.95312 1.96094 2.96094 1.96875 2.96875 1.97656 2.97656 1.98438 2.98438 1.99219 2.99219 ]
[GRF_B][0][ 106.312 0 0 0 0 0 0 0 0 0 0 0 0 0 0 0 ]
[GRF_B][1][ 0 180.25 0 0 0 0 0 0 0 0 0 0 0 0 0 0 ]
[GRF_B][2][ 0 0 109.875 0 0 0 0 0 0 0 0 0 0 0 0 0 ]
[GRF_B][3][ 0 0 0 185.875 0 0 0 0 0 0 0 0 0 0 0 0 ]
[GRF_B][4][ 0 0 0 0 113.375 0 0 0 0 0 0 0 0 0 0 0 ]
[GRF_B][5][ 0 0 0 0 0 118.875 0 0 0 0 0 0 0 0 0 0 ]
[GRF_B][6][ 0 0 0 0 0 0 45.8438 0 0 0 0 0 0 0 0 0 ]
[GRF_B][7][ 0 0 0 0 0 0 0 83.6875 0 0 0 0 0 0 0 0 ]
[M_OUT][0000000000000000000000000000000000000000000000000000000000000000000000000000000000000000000000000000000000000000000000000000000000000000000000000000000000000000000000000000000000000000000000000000000000000000000000000000000000000000000000000000000000000000]
[A_OUT][0000000000000000000000000000000000000000000000000000000000000000000000000000000000000000000000000000000000000000000000000000000000000000000000000000000000000000000000000000000000000000000000000000000000000000000000000000000000000000000000000000000000000000]

----------
READ ch0 ra0 bg0 b1 r3 c11|| [2] MAC GRF_B[0], GRF_A[0], ODD_BANK, auto @ 7582
[BANK_R][ 0 0 0 0 0 5 0 0 0 0 0 0 0 0 0 0 ]
[CMD]00111011000110001000000000000000(MAC GRF_B[0], GRF_A[0], ODD_BANK, auto)
[SRF][0000000000000000000000000000000000000000000000000000000000000000000000000000000000000000000000000000000000000000000000000000000000000000000000000000000000000000000000000000000000000000000000000000000000000000000000000000000000000000000000000000000000000000]
[GRF_A][0][ 1.5 2.5 1.50781 2.50781 1.51562 2.51562 1.52344 2.52344 1.53125 2.53125 1.53906 2.53906 1.54688 2.54688 1.55469 2.55469 ]
[GRF_A][1][ 1.5625 2.5625 1.57031 2.57031 1.57812 2.57812 1.58594 2.58594 1.59375 2.59375 1.60156 2.60156 1.60938 2.60938 1.61719 2.61719 ]
[GRF_A][2][ 1.625 2.625 1.63281 2.63281 1.64062 2.64062 1.64844 2.64844 1.65625 2.65625 1.66406 2.66406 1.67188 2.67188 1.67969 2.67969 ]
[GRF_A][3][ 1.6875 2.6875 1.69531 2.69531 1.70312 2.70312 1.71094 2.71094 1.71875 2.71875 1.72656 2.72656 1.73438 2.73438 1.74219 2.74219 ]
[GRF_A][4][ 1.75 2.75 1.75781 2.75781 1.76562 2.76562 1.77344 2.77344 1.78125 2.78125 1.78906 2.78906 1.79688 2.79688 1.80469 2.80469 ]
[GRF_A][5][ 1.8125 2.8125 1.82031 2.82031 1.82812 2.82812 1.83594 2.83594 1.84375 2.84375 1.85156 2.85156 1.85938 2.85938 1.86719 2.86719 ]
[GRF_A][6][ 1.875 2.875 1.88281 2.88281 1.89062 2.89062 1.89844 2.89844 1.90625 2.90625 1.91406 2.91406 1.92188 2.92188 1.92969 2.92969 ]
[GRF_A][7][ 1.9375 2.9375 1.94531 2.94531 1.95312 2.95312 1.96094 2.96094 1.96875 2.96875 1.97656 2.97656 1.98438 2.98438 1.99219 2.99219 ]
[GRF_B][0][ 106.312 0 0 0 0 0 0 0 0 0 0 0 0 0 0 0 ]
[GRF_B][1][ 0 180.25 0 0 0 0 0 0 0 0 0 0 0 0 0 0 ]
[GRF_B][2][ 0 0 109.875 0 0 0 0 0 0 0 0 0 0 0 0 0 ]
[GRF_B][3][ 0 0 0 185.875 0 0 0 0 0 0 0 0 0 0 0 0 ]
[GRF_B][4][ 0 0 0 0 113.375 0 0 0 0 0 0 0 0 0 0 0 ]
[GRF_B][5][ 0 0 0 0 0 132.375 0 0 0 0 0 0 0 0 0 0 ]
[GRF_B][6][ 0 0 0 0 0 0 45.8438 0 0 0 0 0 0 0 0 0 ]
[GRF_B][7][ 0 0 0 0 0 0 0 83.6875 0 0 0 0 0 0 0 0 ]
[M_OUT][0000000000000000000000000000000000000000000000000000000000000000000000000000000000000000000000000000000000000000000000000000000000000000000000000000000000000000000000000000000000000000000000000000000000000000000000000000000000000000000000000000000000000000]
[A_OUT][0000000000000000000000000000000000000000000000000000000000000000000000000000000000000000000000000000000000000000000000000000000000000000000000000000000000000000000000000000000000000000000000000000000000000000000000000000000000000000000000000000000000000000]

----------
READ ch0 ra0 bg0 b1 r3 c12|| [2] MAC GRF_B[0], GRF_A[0], ODD_BANK, auto @ 7586
[BANK_R][ 0 0 0 0 0 5.0625 0 0 0 0 0 0 0 0 0 0 ]
[CMD]00111011000110001000000000000000(MAC GRF_B[0], GRF_A[0], ODD_BANK, auto)
[SRF][0000000000000000000000000000000000000000000000000000000000000000000000000000000000000000000000000000000000000000000000000000000000000000000000000000000000000000000000000000000000000000000000000000000000000000000000000000000000000000000000000000000000000000]
[GRF_A][0][ 1.5 2.5 1.50781 2.50781 1.51562 2.51562 1.52344 2.52344 1.53125 2.53125 1.53906 2.53906 1.54688 2.54688 1.55469 2.55469 ]
[GRF_A][1][ 1.5625 2.5625 1.57031 2.57031 1.57812 2.57812 1.58594 2.58594 1.59375 2.59375 1.60156 2.60156 1.60938 2.60938 1.61719 2.61719 ]
[GRF_A][2][ 1.625 2.625 1.63281 2.63281 1.64062 2.64062 1.64844 2.64844 1.65625 2.65625 1.66406 2.66406 1.67188 2.67188 1.67969 2.67969 ]
[GRF_A][3][ 1.6875 2.6875 1.69531 2.69531 1.70312 2.70312 1.71094 2.71094 1.71875 2.71875 1.72656 2.72656 1.73438 2.73438 1.74219 2.74219 ]
[GRF_A][4][ 1.75 2.75 1.75781 2.75781 1.76562 2.76562 1.77344 2.77344 1.78125 2.78125 1.78906 2.78906 1.79688 2.79688 1.80469 2.80469 ]
[GRF_A][5][ 1.8125 2.8125 1.82031 2.82031 1.82812 2.82812 1.83594 2.83594 1.84375 2.84375 1.85156 2.85156 1.85938 2.85938 1.86719 2.86719 ]
[GRF_A][6][ 1.875 2.875 1.88281 2.88281 1.89062 2.89062 1.89844 2.89844 1.90625 2.90625 1.91406 2.91406 1.92188 2.92188 1.92969 2.92969 ]
[GRF_A][7][ 1.9375 2.9375 1.94531 2.94531 1.95312 2.95312 1.96094 2.96094 1.96875 2.96875 1.97656 2.97656 1.98438 2.98438 1.99219 2.99219 ]
[GRF_B][0][ 106.312 0 0 0 0 0 0 0 0 0 0 0 0 0 0 0 ]
[GRF_B][1][ 0 180.25 0 0 0 0 0 0 0 0 0 0 0 0 0 0 ]
[GRF_B][2][ 0 0 109.875 0 0 0 0 0 0 0 0 0 0 0 0 0 ]
[GRF_B][3][ 0 0 0 185.875 0 0 0 0 0 0 0 0 0 0 0 0 ]
[GRF_B][4][ 0 0 0 0 113.375 0 0 0 0 0 0 0 0 0 0 0 ]
[GRF_B][5][ 0 0 0 0 0 146.375 0 0 0 0 0 0 0 0 0 0 ]
[GRF_B][6][ 0 0 0 0 0 0 45.8438 0 0 0 0 0 0 0 0 0 ]
[GRF_B][7][ 0 0 0 0 0 0 0 83.6875 0 0 0 0 0 0 0 0 ]
[M_OUT][0000000000000000000000000000000000000000000000000000000000000000000000000000000000000000000000000000000000000000000000000000000000000000000000000000000000000000000000000000000000000000000000000000000000000000000000000000000000000000000000000000000000000000]
[A_OUT][0000000000000000000000000000000000000000000000000000000000000000000000000000000000000000000000000000000000000000000000000000000000000000000000000000000000000000000000000000000000000000000000000000000000000000000000000000000000000000000000000000000000000000]

----------
READ ch0 ra0 bg0 b1 r3 c13|| [2] MAC GRF_B[0], GRF_A[0], ODD_BANK, auto @ 7590
[BANK_R][ 0 0 0 0 0 5.125 0 0 0 0 0 0 0 0 0 0 ]
[CMD]00111011000110001000000000000000(MAC GRF_B[0], GRF_A[0], ODD_BANK, auto)
[SRF][0000000000000000000000000000000000000000000000000000000000000000000000000000000000000000000000000000000000000000000000000000000000000000000000000000000000000000000000000000000000000000000000000000000000000000000000000000000000000000000000000000000000000000]
[GRF_A][0][ 1.5 2.5 1.50781 2.50781 1.51562 2.51562 1.52344 2.52344 1.53125 2.53125 1.53906 2.53906 1.54688 2.54688 1.55469 2.55469 ]
[GRF_A][1][ 1.5625 2.5625 1.57031 2.57031 1.57812 2.57812 1.58594 2.58594 1.59375 2.59375 1.60156 2.60156 1.60938 2.60938 1.61719 2.61719 ]
[GRF_A][2][ 1.625 2.625 1.63281 2.63281 1.64062 2.64062 1.64844 2.64844 1.65625 2.65625 1.66406 2.66406 1.67188 2.67188 1.67969 2.67969 ]
[GRF_A][3][ 1.6875 2.6875 1.69531 2.69531 1.70312 2.70312 1.71094 2.71094 1.71875 2.71875 1.72656 2.72656 1.73438 2.73438 1.74219 2.74219 ]
[GRF_A][4][ 1.75 2.75 1.75781 2.75781 1.76562 2.76562 1.77344 2.77344 1.78125 2.78125 1.78906 2.78906 1.79688 2.79688 1.80469 2.80469 ]
[GRF_A][5][ 1.8125 2.8125 1.82031 2.82031 1.82812 2.82812 1.83594 2.83594 1.84375 2.84375 1.85156 2.85156 1.85938 2.85938 1.86719 2.86719 ]
[GRF_A][6][ 1.875 2.875 1.88281 2.88281 1.89062 2.89062 1.89844 2.89844 1.90625 2.90625 1.91406 2.91406 1.92188 2.92188 1.92969 2.92969 ]
[GRF_A][7][ 1.9375 2.9375 1.94531 2.94531 1.95312 2.95312 1.96094 2.96094 1.96875 2.96875 1.97656 2.97656 1.98438 2.98438 1.99219 2.99219 ]
[GRF_B][0][ 106.312 0 0 0 0 0 0 0 0 0 0 0 0 0 0 0 ]
[GRF_B][1][ 0 180.25 0 0 0 0 0 0 0 0 0 0 0 0 0 0 ]
[GRF_B][2][ 0 0 109.875 0 0 0 0 0 0 0 0 0 0 0 0 0 ]
[GRF_B][3][ 0 0 0 185.875 0 0 0 0 0 0 0 0 0 0 0 0 ]
[GRF_B][4][ 0 0 0 0 113.375 0 0 0 0 0 0 0 0 0 0 0 ]
[GRF_B][5][ 0 0 0 0 0 160.875 0 0 0 0 0 0 0 0 0 0 ]
[GRF_B][6][ 0 0 0 0 0 0 45.8438 0 0 0 0 0 0 0 0 0 ]
[GRF_B][7][ 0 0 0 0 0 0 0 83.6875 0 0 0 0 0 0 0 0 ]
[M_OUT][0000000000000000000000000000000000000000000000000000000000000000000000000000000000000000000000000000000000000000000000000000000000000000000000000000000000000000000000000000000000000000000000000000000000000000000000000000000000000000000000000000000000000000]
[A_OUT][0000000000000000000000000000000000000000000000000000000000000000000000000000000000000000000000000000000000000000000000000000000000000000000000000000000000000000000000000000000000000000000000000000000000000000000000000000000000000000000000000000000000000000]

----------
READ ch0 ra0 bg0 b1 r3 c14|| [2] MAC GRF_B[0], GRF_A[0], ODD_BANK, auto @ 7594
[BANK_R][ 0 0 0 0 0 5.1875 0 0 0 0 0 0 0 0 0 0 ]
[CMD]00111011000110001000000000000000(MAC GRF_B[0], GRF_A[0], ODD_BANK, auto)
[SRF][0000000000000000000000000000000000000000000000000000000000000000000000000000000000000000000000000000000000000000000000000000000000000000000000000000000000000000000000000000000000000000000000000000000000000000000000000000000000000000000000000000000000000000]
[GRF_A][0][ 1.5 2.5 1.50781 2.50781 1.51562 2.51562 1.52344 2.52344 1.53125 2.53125 1.53906 2.53906 1.54688 2.54688 1.55469 2.55469 ]
[GRF_A][1][ 1.5625 2.5625 1.57031 2.57031 1.57812 2.57812 1.58594 2.58594 1.59375 2.59375 1.60156 2.60156 1.60938 2.60938 1.61719 2.61719 ]
[GRF_A][2][ 1.625 2.625 1.63281 2.63281 1.64062 2.64062 1.64844 2.64844 1.65625 2.65625 1.66406 2.66406 1.67188 2.67188 1.67969 2.67969 ]
[GRF_A][3][ 1.6875 2.6875 1.69531 2.69531 1.70312 2.70312 1.71094 2.71094 1.71875 2.71875 1.72656 2.72656 1.73438 2.73438 1.74219 2.74219 ]
[GRF_A][4][ 1.75 2.75 1.75781 2.75781 1.76562 2.76562 1.77344 2.77344 1.78125 2.78125 1.78906 2.78906 1.79688 2.79688 1.80469 2.80469 ]
[GRF_A][5][ 1.8125 2.8125 1.82031 2.82031 1.82812 2.82812 1.83594 2.83594 1.84375 2.84375 1.85156 2.85156 1.85938 2.85938 1.86719 2.86719 ]
[GRF_A][6][ 1.875 2.875 1.88281 2.88281 1.89062 2.89062 1.89844 2.89844 1.90625 2.90625 1.91406 2.91406 1.92188 2.92188 1.92969 2.92969 ]
[GRF_A][7][ 1.9375 2.9375 1.94531 2.94531 1.95312 2.95312 1.96094 2.96094 1.96875 2.96875 1.97656 2.97656 1.98438 2.98438 1.99219 2.99219 ]
[GRF_B][0][ 106.312 0 0 0 0 0 0 0 0 0 0 0 0 0 0 0 ]
[GRF_B][1][ 0 180.25 0 0 0 0 0 0 0 0 0 0 0 0 0 0 ]
[GRF_B][2][ 0 0 109.875 0 0 0 0 0 0 0 0 0 0 0 0 0 ]
[GRF_B][3][ 0 0 0 185.875 0 0 0 0 0 0 0 0 0 0 0 0 ]
[GRF_B][4][ 0 0 0 0 113.375 0 0 0 0 0 0 0 0 0 0 0 ]
[GRF_B][5][ 0 0 0 0 0 175.875 0 0 0 0 0 0 0 0 0 0 ]
[GRF_B][6][ 0 0 0 0 0 0 45.8438 0 0 0 0 0 0 0 0 0 ]
[GRF_B][7][ 0 0 0 0 0 0 0 83.6875 0 0 0 0 0 0 0 0 ]
[M_OUT][0000000000000000000000000000000000000000000000000000000000000000000000000000000000000000000000000000000000000000000000000000000000000000000000000000000000000000000000000000000000000000000000000000000000000000000000000000000000000000000000000000000000000000]
[A_OUT][0000000000000000000000000000000000000000000000000000000000000000000000000000000000000000000000000000000000000000000000000000000000000000000000000000000000000000000000000000000000000000000000000000000000000000000000000000000000000000000000000000000000000000]

----------
READ ch0 ra0 bg0 b1 r3 c15|| [2] MAC GRF_B[0], GRF_A[0], ODD_BANK, auto @ 7598
[BANK_R][ 0 0 0 0 0 5.25 0 0 0 0 0 0 0 0 0 0 ]
[CMD]00111011000110001000000000000000(MAC GRF_B[0], GRF_A[0], ODD_BANK, auto)
[SRF][0000000000000000000000000000000000000000000000000000000000000000000000000000000000000000000000000000000000000000000000000000000000000000000000000000000000000000000000000000000000000000000000000000000000000000000000000000000000000000000000000000000000000000]
[GRF_A][0][ 1.5 2.5 1.50781 2.50781 1.51562 2.51562 1.52344 2.52344 1.53125 2.53125 1.53906 2.53906 1.54688 2.54688 1.55469 2.55469 ]
[GRF_A][1][ 1.5625 2.5625 1.57031 2.57031 1.57812 2.57812 1.58594 2.58594 1.59375 2.59375 1.60156 2.60156 1.60938 2.60938 1.61719 2.61719 ]
[GRF_A][2][ 1.625 2.625 1.63281 2.63281 1.64062 2.64062 1.64844 2.64844 1.65625 2.65625 1.66406 2.66406 1.67188 2.67188 1.67969 2.67969 ]
[GRF_A][3][ 1.6875 2.6875 1.69531 2.69531 1.70312 2.70312 1.71094 2.71094 1.71875 2.71875 1.72656 2.72656 1.73438 2.73438 1.74219 2.74219 ]
[GRF_A][4][ 1.75 2.75 1.75781 2.75781 1.76562 2.76562 1.77344 2.77344 1.78125 2.78125 1.78906 2.78906 1.79688 2.79688 1.80469 2.80469 ]
[GRF_A][5][ 1.8125 2.8125 1.82031 2.82031 1.82812 2.82812 1.83594 2.83594 1.84375 2.84375 1.85156 2.85156 1.85938 2.85938 1.86719 2.86719 ]
[GRF_A][6][ 1.875 2.875 1.88281 2.88281 1.89062 2.89062 1.89844 2.89844 1.90625 2.90625 1.91406 2.91406 1.92188 2.92188 1.92969 2.92969 ]
[GRF_A][7][ 1.9375 2.9375 1.94531 2.94531 1.95312 2.95312 1.96094 2.96094 1.96875 2.96875 1.97656 2.97656 1.98438 2.98438 1.99219 2.99219 ]
[GRF_B][0][ 106.312 0 0 0 0 0 0 0 0 0 0 0 0 0 0 0 ]
[GRF_B][1][ 0 180.25 0 0 0 0 0 0 0 0 0 0 0 0 0 0 ]
[GRF_B][2][ 0 0 109.875 0 0 0 0 0 0 0 0 0 0 0 0 0 ]
[GRF_B][3][ 0 0 0 185.875 0 0 0 0 0 0 0 0 0 0 0 0 ]
[GRF_B][4][ 0 0 0 0 113.375 0 0 0 0 0 0 0 0 0 0 0 ]
[GRF_B][5][ 0 0 0 0 0 191.375 0 0 0 0 0 0 0 0 0 0 ]
[GRF_B][6][ 0 0 0 0 0 0 45.8438 0 0 0 0 0 0 0 0 0 ]
[GRF_B][7][ 0 0 0 0 0 0 0 83.6875 0 0 0 0 0 0 0 0 ]
[M_OUT][0000000000000000000000000000000000000000000000000000000000000000000000000000000000000000000000000000000000000000000000000000000000000000000000000000000000000000000000000000000000000000000000000000000000000000000000000000000000000000000000000000000000000000]
[A_OUT][0000000000000000000000000000000000000000000000000000000000000000000000000000000000000000000000000000000000000000000000000000000000000000000000000000000000000000000000000000000000000000000000000000000000000000000000000000000000000000000000000000000000000000]

----------
READ ch0 ra0 bg0 b1 r3 c16|| [3] JUMP 7x [PC - 2] @ 7602
READ ch0 ra0 bg0 b1 r3 c16|| [2] MAC GRF_B[0], GRF_A[0], ODD_BANK, auto @ 7602
[BANK_R][ 0 0 0 0 0 0 4.875 0 0 0 0 0 0 0 0 0 ]
[CMD]00111011000110001000000000000000(MAC GRF_B[0], GRF_A[0], ODD_BANK, auto)
[SRF][0000000000000000000000000000000000000000000000000000000000000000000000000000000000000000000000000000000000000000000000000000000000000000000000000000000000000000000000000000000000000000000000000000000000000000000000000000000000000000000000000000000000000000]
[GRF_A][0][ 1.5 2.5 1.50781 2.50781 1.51562 2.51562 1.52344 2.52344 1.53125 2.53125 1.53906 2.53906 1.54688 2.54688 1.55469 2.55469 ]
[GRF_A][1][ 1.5625 2.5625 1.57031 2.57031 1.57812 2.57812 1.58594 2.58594 1.59375 2.59375 1.60156 2.60156 1.60938 2.60938 1.61719 2.61719 ]
[GRF_A][2][ 1.625 2.625 1.63281 2.63281 1.64062 2.64062 1.64844 2.64844 1.65625 2.65625 1.66406 2.66406 1.67188 2.67188 1.67969 2.67969 ]
[GRF_A][3][ 1.6875 2.6875 1.69531 2.69531 1.70312 2.70312 1.71094 2.71094 1.71875 2.71875 1.72656 2.72656 1.73438 2.73438 1.74219 2.74219 ]
[GRF_A][4][ 1.75 2.75 1.75781 2.75781 1.76562 2.76562 1.77344 2.77344 1.78125 2.78125 1.78906 2.78906 1.79688 2.79688 1.80469 2.80469 ]
[GRF_A][5][ 1.8125 2.8125 1.82031 2.82031 1.82812 2.82812 1.83594 2.83594 1.84375 2.84375 1.85156 2.85156 1.85938 2.85938 1.86719 2.86719 ]
[GRF_A][6][ 1.875 2.875 1.88281 2.88281 1.89062 2.89062 1.89844 2.89844 1.90625 2.90625 1.91406 2.91406 1.92188 2.92188 1.92969 2.92969 ]
[GRF_A][7][ 1.9375 2.9375 1.94531 2.94531 1.95312 2.95312 1.96094 2.96094 1.96875 2.96875 1.97656 2.97656 1.98438 2.98438 1.99219 2.99219 ]
[GRF_B][0][ 106.312 0 0 0 0 0 0 0 0 0 0 0 0 0 0 0 ]
[GRF_B][1][ 0 180.25 0 0 0 0 0 0 0 0 0 0 0 0 0 0 ]
[GRF_B][2][ 0 0 109.875 0 0 0 0 0 0 0 0 0 0 0 0 0 ]
[GRF_B][3][ 0 0 0 185.875 0 0 0 0 0 0 0 0 0 0 0 0 ]
[GRF_B][4][ 0 0 0 0 113.375 0 0 0 0 0 0 0 0 0 0 0 ]
[GRF_B][5][ 0 0 0 0 0 191.375 0 0 0 0 0 0 0 0 0 0 ]
[GRF_B][6][ 0 0 0 0 0 0 53.2812 0 0 0 0 0 0 0 0 0 ]
[GRF_B][7][ 0 0 0 0 0 0 0 83.6875 0 0 0 0 0 0 0 0 ]
[M_OUT][0000000000000000000000000000000000000000000000000000000000000000000000000000000000000000000000000000000000000000000000000000000000000000000000000000000000000000000000000000000000000000000000000000000000000000000000000000000000000000000000000000000000000000]
[A_OUT][0000000000000000000000000000000000000000000000000000000000000000000000000000000000000000000000000000000000000000000000000000000000000000000000000000000000000000000000000000000000000000000000000000000000000000000000000000000000000000000000000000000000000000]

----------
READ ch0 ra0 bg0 b1 r3 c17|| [2] MAC GRF_B[0], GRF_A[0], ODD_BANK, auto @ 7606
[BANK_R][ 0 0 0 0 0 0 4.9375 0 0 0 0 0 0 0 0 0 ]
[CMD]00111011000110001000000000000000(MAC GRF_B[0], GRF_A[0], ODD_BANK, auto)
[SRF][0000000000000000000000000000000000000000000000000000000000000000000000000000000000000000000000000000000000000000000000000000000000000000000000000000000000000000000000000000000000000000000000000000000000000000000000000000000000000000000000000000000000000000]
[GRF_A][0][ 1.5 2.5 1.50781 2.50781 1.51562 2.51562 1.52344 2.52344 1.53125 2.53125 1.53906 2.53906 1.54688 2.54688 1.55469 2.55469 ]
[GRF_A][1][ 1.5625 2.5625 1.57031 2.57031 1.57812 2.57812 1.58594 2.58594 1.59375 2.59375 1.60156 2.60156 1.60938 2.60938 1.61719 2.61719 ]
[GRF_A][2][ 1.625 2.625 1.63281 2.63281 1.64062 2.64062 1.64844 2.64844 1.65625 2.65625 1.66406 2.66406 1.67188 2.67188 1.67969 2.67969 ]
[GRF_A][3][ 1.6875 2.6875 1.69531 2.69531 1.70312 2.70312 1.71094 2.71094 1.71875 2.71875 1.72656 2.72656 1.73438 2.73438 1.74219 2.74219 ]
[GRF_A][4][ 1.75 2.75 1.75781 2.75781 1.76562 2.76562 1.77344 2.77344 1.78125 2.78125 1.78906 2.78906 1.79688 2.79688 1.80469 2.80469 ]
[GRF_A][5][ 1.8125 2.8125 1.82031 2.82031 1.82812 2.82812 1.83594 2.83594 1.84375 2.84375 1.85156 2.85156 1.85938 2.85938 1.86719 2.86719 ]
[GRF_A][6][ 1.875 2.875 1.88281 2.88281 1.89062 2.89062 1.89844 2.89844 1.90625 2.90625 1.91406 2.91406 1.92188 2.92188 1.92969 2.92969 ]
[GRF_A][7][ 1.9375 2.9375 1.94531 2.94531 1.95312 2.95312 1.96094 2.96094 1.96875 2.96875 1.97656 2.97656 1.98438 2.98438 1.99219 2.99219 ]
[GRF_B][0][ 106.312 0 0 0 0 0 0 0 0 0 0 0 0 0 0 0 ]
[GRF_B][1][ 0 180.25 0 0 0 0 0 0 0 0 0 0 0 0 0 0 ]
[GRF_B][2][ 0 0 109.875 0 0 0 0 0 0 0 0 0 0 0 0 0 ]
[GRF_B][3][ 0 0 0 185.875 0 0 0 0 0 0 0 0 0 0 0 0 ]
[GRF_B][4][ 0 0 0 0 113.375 0 0 0 0 0 0 0 0 0 0 0 ]
[GRF_B][5][ 0 0 0 0 0 191.375 0 0 0 0 0 0 0 0 0 0 ]
[GRF_B][6][ 0 0 0 0 0 0 61.125 0 0 0 0 0 0 0 0 0 ]
[GRF_B][7][ 0 0 0 0 0 0 0 83.6875 0 0 0 0 0 0 0 0 ]
[M_OUT][0000000000000000000000000000000000000000000000000000000000000000000000000000000000000000000000000000000000000000000000000000000000000000000000000000000000000000000000000000000000000000000000000000000000000000000000000000000000000000000000000000000000000000]
[A_OUT][0000000000000000000000000000000000000000000000000000000000000000000000000000000000000000000000000000000000000000000000000000000000000000000000000000000000000000000000000000000000000000000000000000000000000000000000000000000000000000000000000000000000000000]

----------
READ ch0 ra0 bg0 b1 r3 c18|| [2] MAC GRF_B[0], GRF_A[0], ODD_BANK, auto @ 7610
[BANK_R][ 0 0 0 0 0 0 5 0 0 0 0 0 0 0 0 0 ]
[CMD]00111011000110001000000000000000(MAC GRF_B[0], GRF_A[0], ODD_BANK, auto)
[SRF][0000000000000000000000000000000000000000000000000000000000000000000000000000000000000000000000000000000000000000000000000000000000000000000000000000000000000000000000000000000000000000000000000000000000000000000000000000000000000000000000000000000000000000]
[GRF_A][0][ 1.5 2.5 1.50781 2.50781 1.51562 2.51562 1.52344 2.52344 1.53125 2.53125 1.53906 2.53906 1.54688 2.54688 1.55469 2.55469 ]
[GRF_A][1][ 1.5625 2.5625 1.57031 2.57031 1.57812 2.57812 1.58594 2.58594 1.59375 2.59375 1.60156 2.60156 1.60938 2.60938 1.61719 2.61719 ]
[GRF_A][2][ 1.625 2.625 1.63281 2.63281 1.64062 2.64062 1.64844 2.64844 1.65625 2.65625 1.66406 2.66406 1.67188 2.67188 1.67969 2.67969 ]
[GRF_A][3][ 1.6875 2.6875 1.69531 2.69531 1.70312 2.70312 1.71094 2.71094 1.71875 2.71875 1.72656 2.72656 1.73438 2.73438 1.74219 2.74219 ]
[GRF_A][4][ 1.75 2.75 1.75781 2.75781 1.76562 2.76562 1.77344 2.77344 1.78125 2.78125 1.78906 2.78906 1.79688 2.79688 1.80469 2.80469 ]
[GRF_A][5][ 1.8125 2.8125 1.82031 2.82031 1.82812 2.82812 1.83594 2.83594 1.84375 2.84375 1.85156 2.85156 1.85938 2.85938 1.86719 2.86719 ]
[GRF_A][6][ 1.875 2.875 1.88281 2.88281 1.89062 2.89062 1.89844 2.89844 1.90625 2.90625 1.91406 2.91406 1.92188 2.92188 1.92969 2.92969 ]
[GRF_A][7][ 1.9375 2.9375 1.94531 2.94531 1.95312 2.95312 1.96094 2.96094 1.96875 2.96875 1.97656 2.97656 1.98438 2.98438 1.99219 2.99219 ]
[GRF_B][0][ 106.312 0 0 0 0 0 0 0 0 0 0 0 0 0 0 0 ]
[GRF_B][1][ 0 180.25 0 0 0 0 0 0 0 0 0 0 0 0 0 0 ]
[GRF_B][2][ 0 0 109.875 0 0 0 0 0 0 0 0 0 0 0 0 0 ]
[GRF_B][3][ 0 0 0 185.875 0 0 0 0 0 0 0 0 0 0 0 0 ]
[GRF_B][4][ 0 0 0 0 113.375 0 0 0 0 0 0 0 0 0 0 0 ]
[GRF_B][5][ 0 0 0 0 0 191.375 0 0 0 0 0 0 0 0 0 0 ]
[GRF_B][6][ 0 0 0 0 0 0 69.375 0 0 0 0 0 0 0 0 0 ]
[GRF_B][7][ 0 0 0 0 0 0 0 83.6875 0 0 0 0 0 0 0 0 ]
[M_OUT][0000000000000000000000000000000000000000000000000000000000000000000000000000000000000000000000000000000000000000000000000000000000000000000000000000000000000000000000000000000000000000000000000000000000000000000000000000000000000000000000000000000000000000]
[A_OUT][0000000000000000000000000000000000000000000000000000000000000000000000000000000000000000000000000000000000000000000000000000000000000000000000000000000000000000000000000000000000000000000000000000000000000000000000000000000000000000000000000000000000000000]

----------
READ ch0 ra0 bg0 b1 r3 c19|| [2] MAC GRF_B[0], GRF_A[0], ODD_BANK, auto @ 7614
[BANK_R][ 0 0 0 0 0 0 5.0625 0 0 0 0 0 0 0 0 0 ]
[CMD]00111011000110001000000000000000(MAC GRF_B[0], GRF_A[0], ODD_BANK, auto)
[SRF][0000000000000000000000000000000000000000000000000000000000000000000000000000000000000000000000000000000000000000000000000000000000000000000000000000000000000000000000000000000000000000000000000000000000000000000000000000000000000000000000000000000000000000]
[GRF_A][0][ 1.5 2.5 1.50781 2.50781 1.51562 2.51562 1.52344 2.52344 1.53125 2.53125 1.53906 2.53906 1.54688 2.54688 1.55469 2.55469 ]
[GRF_A][1][ 1.5625 2.5625 1.57031 2.57031 1.57812 2.57812 1.58594 2.58594 1.59375 2.59375 1.60156 2.60156 1.60938 2.60938 1.61719 2.61719 ]
[GRF_A][2][ 1.625 2.625 1.63281 2.63281 1.64062 2.64062 1.64844 2.64844 1.65625 2.65625 1.66406 2.66406 1.67188 2.67188 1.67969 2.67969 ]
[GRF_A][3][ 1.6875 2.6875 1.69531 2.69531 1.70312 2.70312 1.71094 2.71094 1.71875 2.71875 1.72656 2.72656 1.73438 2.73438 1.74219 2.74219 ]
[GRF_A][4][ 1.75 2.75 1.75781 2.75781 1.76562 2.76562 1.77344 2.77344 1.78125 2.78125 1.78906 2.78906 1.79688 2.79688 1.80469 2.80469 ]
[GRF_A][5][ 1.8125 2.8125 1.82031 2.82031 1.82812 2.82812 1.83594 2.83594 1.84375 2.84375 1.85156 2.85156 1.85938 2.85938 1.86719 2.86719 ]
[GRF_A][6][ 1.875 2.875 1.88281 2.88281 1.89062 2.89062 1.89844 2.89844 1.90625 2.90625 1.91406 2.91406 1.92188 2.92188 1.92969 2.92969 ]
[GRF_A][7][ 1.9375 2.9375 1.94531 2.94531 1.95312 2.95312 1.96094 2.96094 1.96875 2.96875 1.97656 2.97656 1.98438 2.98438 1.99219 2.99219 ]
[GRF_B][0][ 106.312 0 0 0 0 0 0 0 0 0 0 0 0 0 0 0 ]
[GRF_B][1][ 0 180.25 0 0 0 0 0 0 0 0 0 0 0 0 0 0 ]
[GRF_B][2][ 0 0 109.875 0 0 0 0 0 0 0 0 0 0 0 0 0 ]
[GRF_B][3][ 0 0 0 185.875 0 0 0 0 0 0 0 0 0 0 0 0 ]
[GRF_B][4][ 0 0 0 0 113.375 0 0 0 0 0 0 0 0 0 0 0 ]
[GRF_B][5][ 0 0 0 0 0 191.375 0 0 0 0 0 0 0 0 0 0 ]
[GRF_B][6][ 0 0 0 0 0 0 78.0625 0 0 0 0 0 0 0 0 0 ]
[GRF_B][7][ 0 0 0 0 0 0 0 83.6875 0 0 0 0 0 0 0 0 ]
[M_OUT][0000000000000000000000000000000000000000000000000000000000000000000000000000000000000000000000000000000000000000000000000000000000000000000000000000000000000000000000000000000000000000000000000000000000000000000000000000000000000000000000000000000000000000]
[A_OUT][0000000000000000000000000000000000000000000000000000000000000000000000000000000000000000000000000000000000000000000000000000000000000000000000000000000000000000000000000000000000000000000000000000000000000000000000000000000000000000000000000000000000000000]

----------
READ ch0 ra0 bg0 b1 r3 c20|| [2] MAC GRF_B[0], GRF_A[0], ODD_BANK, auto @ 7618
[BANK_R][ 0 0 0 0 0 0 5.125 0 0 0 0 0 0 0 0 0 ]
[CMD]00111011000110001000000000000000(MAC GRF_B[0], GRF_A[0], ODD_BANK, auto)
[SRF][0000000000000000000000000000000000000000000000000000000000000000000000000000000000000000000000000000000000000000000000000000000000000000000000000000000000000000000000000000000000000000000000000000000000000000000000000000000000000000000000000000000000000000]
[GRF_A][0][ 1.5 2.5 1.50781 2.50781 1.51562 2.51562 1.52344 2.52344 1.53125 2.53125 1.53906 2.53906 1.54688 2.54688 1.55469 2.55469 ]
[GRF_A][1][ 1.5625 2.5625 1.57031 2.57031 1.57812 2.57812 1.58594 2.58594 1.59375 2.59375 1.60156 2.60156 1.60938 2.60938 1.61719 2.61719 ]
[GRF_A][2][ 1.625 2.625 1.63281 2.63281 1.64062 2.64062 1.64844 2.64844 1.65625 2.65625 1.66406 2.66406 1.67188 2.67188 1.67969 2.67969 ]
[GRF_A][3][ 1.6875 2.6875 1.69531 2.69531 1.70312 2.70312 1.71094 2.71094 1.71875 2.71875 1.72656 2.72656 1.73438 2.73438 1.74219 2.74219 ]
[GRF_A][4][ 1.75 2.75 1.75781 2.75781 1.76562 2.76562 1.77344 2.77344 1.78125 2.78125 1.78906 2.78906 1.79688 2.79688 1.80469 2.80469 ]
[GRF_A][5][ 1.8125 2.8125 1.82031 2.82031 1.82812 2.82812 1.83594 2.83594 1.84375 2.84375 1.85156 2.85156 1.85938 2.85938 1.86719 2.86719 ]
[GRF_A][6][ 1.875 2.875 1.88281 2.88281 1.89062 2.89062 1.89844 2.89844 1.90625 2.90625 1.91406 2.91406 1.92188 2.92188 1.92969 2.92969 ]
[GRF_A][7][ 1.9375 2.9375 1.94531 2.94531 1.95312 2.95312 1.96094 2.96094 1.96875 2.96875 1.97656 2.97656 1.98438 2.98438 1.99219 2.99219 ]
[GRF_B][0][ 106.312 0 0 0 0 0 0 0 0 0 0 0 0 0 0 0 ]
[GRF_B][1][ 0 180.25 0 0 0 0 0 0 0 0 0 0 0 0 0 0 ]
[GRF_B][2][ 0 0 109.875 0 0 0 0 0 0 0 0 0 0 0 0 0 ]
[GRF_B][3][ 0 0 0 185.875 0 0 0 0 0 0 0 0 0 0 0 0 ]
[GRF_B][4][ 0 0 0 0 113.375 0 0 0 0 0 0 0 0 0 0 0 ]
[GRF_B][5][ 0 0 0 0 0 191.375 0 0 0 0 0 0 0 0 0 0 ]
[GRF_B][6][ 0 0 0 0 0 0 87.125 0 0 0 0 0 0 0 0 0 ]
[GRF_B][7][ 0 0 0 0 0 0 0 83.6875 0 0 0 0 0 0 0 0 ]
[M_OUT][0000000000000000000000000000000000000000000000000000000000000000000000000000000000000000000000000000000000000000000000000000000000000000000000000000000000000000000000000000000000000000000000000000000000000000000000000000000000000000000000000000000000000000]
[A_OUT][0000000000000000000000000000000000000000000000000000000000000000000000000000000000000000000000000000000000000000000000000000000000000000000000000000000000000000000000000000000000000000000000000000000000000000000000000000000000000000000000000000000000000000]

----------
READ ch0 ra0 bg0 b1 r3 c21|| [2] MAC GRF_B[0], GRF_A[0], ODD_BANK, auto @ 7622
[BANK_R][ 0 0 0 0 0 0 5.1875 0 0 0 0 0 0 0 0 0 ]
[CMD]00111011000110001000000000000000(MAC GRF_B[0], GRF_A[0], ODD_BANK, auto)
[SRF][0000000000000000000000000000000000000000000000000000000000000000000000000000000000000000000000000000000000000000000000000000000000000000000000000000000000000000000000000000000000000000000000000000000000000000000000000000000000000000000000000000000000000000]
[GRF_A][0][ 1.5 2.5 1.50781 2.50781 1.51562 2.51562 1.52344 2.52344 1.53125 2.53125 1.53906 2.53906 1.54688 2.54688 1.55469 2.55469 ]
[GRF_A][1][ 1.5625 2.5625 1.57031 2.57031 1.57812 2.57812 1.58594 2.58594 1.59375 2.59375 1.60156 2.60156 1.60938 2.60938 1.61719 2.61719 ]
[GRF_A][2][ 1.625 2.625 1.63281 2.63281 1.64062 2.64062 1.64844 2.64844 1.65625 2.65625 1.66406 2.66406 1.67188 2.67188 1.67969 2.67969 ]
[GRF_A][3][ 1.6875 2.6875 1.69531 2.69531 1.70312 2.70312 1.71094 2.71094 1.71875 2.71875 1.72656 2.72656 1.73438 2.73438 1.74219 2.74219 ]
[GRF_A][4][ 1.75 2.75 1.75781 2.75781 1.76562 2.76562 1.77344 2.77344 1.78125 2.78125 1.78906 2.78906 1.79688 2.79688 1.80469 2.80469 ]
[GRF_A][5][ 1.8125 2.8125 1.82031 2.82031 1.82812 2.82812 1.83594 2.83594 1.84375 2.84375 1.85156 2.85156 1.85938 2.85938 1.86719 2.86719 ]
[GRF_A][6][ 1.875 2.875 1.88281 2.88281 1.89062 2.89062 1.89844 2.89844 1.90625 2.90625 1.91406 2.91406 1.92188 2.92188 1.92969 2.92969 ]
[GRF_A][7][ 1.9375 2.9375 1.94531 2.94531 1.95312 2.95312 1.96094 2.96094 1.96875 2.96875 1.97656 2.97656 1.98438 2.98438 1.99219 2.99219 ]
[GRF_B][0][ 106.312 0 0 0 0 0 0 0 0 0 0 0 0 0 0 0 ]
[GRF_B][1][ 0 180.25 0 0 0 0 0 0 0 0 0 0 0 0 0 0 ]
[GRF_B][2][ 0 0 109.875 0 0 0 0 0 0 0 0 0 0 0 0 0 ]
[GRF_B][3][ 0 0 0 185.875 0 0 0 0 0 0 0 0 0 0 0 0 ]
[GRF_B][4][ 0 0 0 0 113.375 0 0 0 0 0 0 0 0 0 0 0 ]
[GRF_B][5][ 0 0 0 0 0 191.375 0 0 0 0 0 0 0 0 0 0 ]
[GRF_B][6][ 0 0 0 0 0 0 96.625 0 0 0 0 0 0 0 0 0 ]
[GRF_B][7][ 0 0 0 0 0 0 0 83.6875 0 0 0 0 0 0 0 0 ]
[M_OUT][0000000000000000000000000000000000000000000000000000000000000000000000000000000000000000000000000000000000000000000000000000000000000000000000000000000000000000000000000000000000000000000000000000000000000000000000000000000000000000000000000000000000000000]
[A_OUT][0000000000000000000000000000000000000000000000000000000000000000000000000000000000000000000000000000000000000000000000000000000000000000000000000000000000000000000000000000000000000000000000000000000000000000000000000000000000000000000000000000000000000000]

----------
READ ch0 ra0 bg0 b1 r3 c22|| [2] MAC GRF_B[0], GRF_A[0], ODD_BANK, auto @ 7626
[BANK_R][ 0 0 0 0 0 0 5.25 0 0 0 0 0 0 0 0 0 ]
[CMD]00111011000110001000000000000000(MAC GRF_B[0], GRF_A[0], ODD_BANK, auto)
[SRF][0000000000000000000000000000000000000000000000000000000000000000000000000000000000000000000000000000000000000000000000000000000000000000000000000000000000000000000000000000000000000000000000000000000000000000000000000000000000000000000000000000000000000000]
[GRF_A][0][ 1.5 2.5 1.50781 2.50781 1.51562 2.51562 1.52344 2.52344 1.53125 2.53125 1.53906 2.53906 1.54688 2.54688 1.55469 2.55469 ]
[GRF_A][1][ 1.5625 2.5625 1.57031 2.57031 1.57812 2.57812 1.58594 2.58594 1.59375 2.59375 1.60156 2.60156 1.60938 2.60938 1.61719 2.61719 ]
[GRF_A][2][ 1.625 2.625 1.63281 2.63281 1.64062 2.64062 1.64844 2.64844 1.65625 2.65625 1.66406 2.66406 1.67188 2.67188 1.67969 2.67969 ]
[GRF_A][3][ 1.6875 2.6875 1.69531 2.69531 1.70312 2.70312 1.71094 2.71094 1.71875 2.71875 1.72656 2.72656 1.73438 2.73438 1.74219 2.74219 ]
[GRF_A][4][ 1.75 2.75 1.75781 2.75781 1.76562 2.76562 1.77344 2.77344 1.78125 2.78125 1.78906 2.78906 1.79688 2.79688 1.80469 2.80469 ]
[GRF_A][5][ 1.8125 2.8125 1.82031 2.82031 1.82812 2.82812 1.83594 2.83594 1.84375 2.84375 1.85156 2.85156 1.85938 2.85938 1.86719 2.86719 ]
[GRF_A][6][ 1.875 2.875 1.88281 2.88281 1.89062 2.89062 1.89844 2.89844 1.90625 2.90625 1.91406 2.91406 1.92188 2.92188 1.92969 2.92969 ]
[GRF_A][7][ 1.9375 2.9375 1.94531 2.94531 1.95312 2.95312 1.96094 2.96094 1.96875 2.96875 1.97656 2.97656 1.98438 2.98438 1.99219 2.99219 ]
[GRF_B][0][ 106.312 0 0 0 0 0 0 0 0 0 0 0 0 0 0 0 ]
[GRF_B][1][ 0 180.25 0 0 0 0 0 0 0 0 0 0 0 0 0 0 ]
[GRF_B][2][ 0 0 109.875 0 0 0 0 0 0 0 0 0 0 0 0 0 ]
[GRF_B][3][ 0 0 0 185.875 0 0 0 0 0 0 0 0 0 0 0 0 ]
[GRF_B][4][ 0 0 0 0 113.375 0 0 0 0 0 0 0 0 0 0 0 ]
[GRF_B][5][ 0 0 0 0 0 191.375 0 0 0 0 0 0 0 0 0 0 ]
[GRF_B][6][ 0 0 0 0 0 0 106.625 0 0 0 0 0 0 0 0 0 ]
[GRF_B][7][ 0 0 0 0 0 0 0 83.6875 0 0 0 0 0 0 0 0 ]
[M_OUT][0000000000000000000000000000000000000000000000000000000000000000000000000000000000000000000000000000000000000000000000000000000000000000000000000000000000000000000000000000000000000000000000000000000000000000000000000000000000000000000000000000000000000000]
[A_OUT][0000000000000000000000000000000000000000000000000000000000000000000000000000000000000000000000000000000000000000000000000000000000000000000000000000000000000000000000000000000000000000000000000000000000000000000000000000000000000000000000000000000000000000]

----------
READ ch0 ra0 bg0 b1 r3 c23|| [2] MAC GRF_B[0], GRF_A[0], ODD_BANK, auto @ 7630
[BANK_R][ 0 0 0 0 0 0 5.3125 0 0 0 0 0 0 0 0 0 ]
[CMD]00111011000110001000000000000000(MAC GRF_B[0], GRF_A[0], ODD_BANK, auto)
[SRF][0000000000000000000000000000000000000000000000000000000000000000000000000000000000000000000000000000000000000000000000000000000000000000000000000000000000000000000000000000000000000000000000000000000000000000000000000000000000000000000000000000000000000000]
[GRF_A][0][ 1.5 2.5 1.50781 2.50781 1.51562 2.51562 1.52344 2.52344 1.53125 2.53125 1.53906 2.53906 1.54688 2.54688 1.55469 2.55469 ]
[GRF_A][1][ 1.5625 2.5625 1.57031 2.57031 1.57812 2.57812 1.58594 2.58594 1.59375 2.59375 1.60156 2.60156 1.60938 2.60938 1.61719 2.61719 ]
[GRF_A][2][ 1.625 2.625 1.63281 2.63281 1.64062 2.64062 1.64844 2.64844 1.65625 2.65625 1.66406 2.66406 1.67188 2.67188 1.67969 2.67969 ]
[GRF_A][3][ 1.6875 2.6875 1.69531 2.69531 1.70312 2.70312 1.71094 2.71094 1.71875 2.71875 1.72656 2.72656 1.73438 2.73438 1.74219 2.74219 ]
[GRF_A][4][ 1.75 2.75 1.75781 2.75781 1.76562 2.76562 1.77344 2.77344 1.78125 2.78125 1.78906 2.78906 1.79688 2.79688 1.80469 2.80469 ]
[GRF_A][5][ 1.8125 2.8125 1.82031 2.82031 1.82812 2.82812 1.83594 2.83594 1.84375 2.84375 1.85156 2.85156 1.85938 2.85938 1.86719 2.86719 ]
[GRF_A][6][ 1.875 2.875 1.88281 2.88281 1.89062 2.89062 1.89844 2.89844 1.90625 2.90625 1.91406 2.91406 1.92188 2.92188 1.92969 2.92969 ]
[GRF_A][7][ 1.9375 2.9375 1.94531 2.94531 1.95312 2.95312 1.96094 2.96094 1.96875 2.96875 1.97656 2.97656 1.98438 2.98438 1.99219 2.99219 ]
[GRF_B][0][ 106.312 0 0 0 0 0 0 0 0 0 0 0 0 0 0 0 ]
[GRF_B][1][ 0 180.25 0 0 0 0 0 0 0 0 0 0 0 0 0 0 ]
[GRF_B][2][ 0 0 109.875 0 0 0 0 0 0 0 0 0 0 0 0 0 ]
[GRF_B][3][ 0 0 0 185.875 0 0 0 0 0 0 0 0 0 0 0 0 ]
[GRF_B][4][ 0 0 0 0 113.375 0 0 0 0 0 0 0 0 0 0 0 ]
[GRF_B][5][ 0 0 0 0 0 191.375 0 0 0 0 0 0 0 0 0 0 ]
[GRF_B][6][ 0 0 0 0 0 0 117.062 0 0 0 0 0 0 0 0 0 ]
[GRF_B][7][ 0 0 0 0 0 0 0 83.6875 0 0 0 0 0 0 0 0 ]
[M_OUT][0000000000000000000000000000000000000000000000000000000000000000000000000000000000000000000000000000000000000000000000000000000000000000000000000000000000000000000000000000000000000000000000000000000000000000000000000000000000000000000000000000000000000000]
[A_OUT][0000000000000000000000000000000000000000000000000000000000000000000000000000000000000000000000000000000000000000000000000000000000000000000000000000000000000000000000000000000000000000000000000000000000000000000000000000000000000000000000000000000000000000]

----------
READ ch0 ra0 bg0 b1 r3 c24|| [3] JUMP 7x [PC - 2] @ 7634
READ ch0 ra0 bg0 b1 r3 c24|| [2] MAC GRF_B[0], GRF_A[0], ODD_BANK, auto @ 7634
[BANK_R][ 0 0 0 0 0 0 0 4.9375 0 0 0 0 0 0 0 0 ]
[CMD]00111011000110001000000000000000(MAC GRF_B[0], GRF_A[0], ODD_BANK, auto)
[SRF][0000000000000000000000000000000000000000000000000000000000000000000000000000000000000000000000000000000000000000000000000000000000000000000000000000000000000000000000000000000000000000000000000000000000000000000000000000000000000000000000000000000000000000]
[GRF_A][0][ 1.5 2.5 1.50781 2.50781 1.51562 2.51562 1.52344 2.52344 1.53125 2.53125 1.53906 2.53906 1.54688 2.54688 1.55469 2.55469 ]
[GRF_A][1][ 1.5625 2.5625 1.57031 2.57031 1.57812 2.57812 1.58594 2.58594 1.59375 2.59375 1.60156 2.60156 1.60938 2.60938 1.61719 2.61719 ]
[GRF_A][2][ 1.625 2.625 1.63281 2.63281 1.64062 2.64062 1.64844 2.64844 1.65625 2.65625 1.66406 2.66406 1.67188 2.67188 1.67969 2.67969 ]
[GRF_A][3][ 1.6875 2.6875 1.69531 2.69531 1.70312 2.70312 1.71094 2.71094 1.71875 2.71875 1.72656 2.72656 1.73438 2.73438 1.74219 2.74219 ]
[GRF_A][4][ 1.75 2.75 1.75781 2.75781 1.76562 2.76562 1.77344 2.77344 1.78125 2.78125 1.78906 2.78906 1.79688 2.79688 1.80469 2.80469 ]
[GRF_A][5][ 1.8125 2.8125 1.82031 2.82031 1.82812 2.82812 1.83594 2.83594 1.84375 2.84375 1.85156 2.85156 1.85938 2.85938 1.86719 2.86719 ]
[GRF_A][6][ 1.875 2.875 1.88281 2.88281 1.89062 2.89062 1.89844 2.89844 1.90625 2.90625 1.91406 2.91406 1.92188 2.92188 1.92969 2.92969 ]
[GRF_A][7][ 1.9375 2.9375 1.94531 2.94531 1.95312 2.95312 1.96094 2.96094 1.96875 2.96875 1.97656 2.97656 1.98438 2.98438 1.99219 2.99219 ]
[GRF_B][0][ 106.312 0 0 0 0 0 0 0 0 0 0 0 0 0 0 0 ]
[GRF_B][1][ 0 180.25 0 0 0 0 0 0 0 0 0 0 0 0 0 0 ]
[GRF_B][2][ 0 0 109.875 0 0 0 0 0 0 0 0 0 0 0 0 0 ]
[GRF_B][3][ 0 0 0 185.875 0 0 0 0 0 0 0 0 0 0 0 0 ]
[GRF_B][4][ 0 0 0 0 113.375 0 0 0 0 0 0 0 0 0 0 0 ]
[GRF_B][5][ 0 0 0 0 0 191.375 0 0 0 0 0 0 0 0 0 0 ]
[GRF_B][6][ 0 0 0 0 0 0 117.062 0 0 0 0 0 0 0 0 0 ]
[GRF_B][7][ 0 0 0 0 0 0 0 96.125 0 0 0 0 0 0 0 0 ]
[M_OUT][0000000000000000000000000000000000000000000000000000000000000000000000000000000000000000000000000000000000000000000000000000000000000000000000000000000000000000000000000000000000000000000000000000000000000000000000000000000000000000000000000000000000000000]
[A_OUT][0000000000000000000000000000000000000000000000000000000000000000000000000000000000000000000000000000000000000000000000000000000000000000000000000000000000000000000000000000000000000000000000000000000000000000000000000000000000000000000000000000000000000000]

----------
READ ch0 ra0 bg0 b1 r3 c25|| [2] MAC GRF_B[0], GRF_A[0], ODD_BANK, auto @ 7638
[BANK_R][ 0 0 0 0 0 0 0 5 0 0 0 0 0 0 0 0 ]
[CMD]00111011000110001000000000000000(MAC GRF_B[0], GRF_A[0], ODD_BANK, auto)
[SRF][0000000000000000000000000000000000000000000000000000000000000000000000000000000000000000000000000000000000000000000000000000000000000000000000000000000000000000000000000000000000000000000000000000000000000000000000000000000000000000000000000000000000000000]
[GRF_A][0][ 1.5 2.5 1.50781 2.50781 1.51562 2.51562 1.52344 2.52344 1.53125 2.53125 1.53906 2.53906 1.54688 2.54688 1.55469 2.55469 ]
[GRF_A][1][ 1.5625 2.5625 1.57031 2.57031 1.57812 2.57812 1.58594 2.58594 1.59375 2.59375 1.60156 2.60156 1.60938 2.60938 1.61719 2.61719 ]
[GRF_A][2][ 1.625 2.625 1.63281 2.63281 1.64062 2.64062 1.64844 2.64844 1.65625 2.65625 1.66406 2.66406 1.67188 2.67188 1.67969 2.67969 ]
[GRF_A][3][ 1.6875 2.6875 1.69531 2.69531 1.70312 2.70312 1.71094 2.71094 1.71875 2.71875 1.72656 2.72656 1.73438 2.73438 1.74219 2.74219 ]
[GRF_A][4][ 1.75 2.75 1.75781 2.75781 1.76562 2.76562 1.77344 2.77344 1.78125 2.78125 1.78906 2.78906 1.79688 2.79688 1.80469 2.80469 ]
[GRF_A][5][ 1.8125 2.8125 1.82031 2.82031 1.82812 2.82812 1.83594 2.83594 1.84375 2.84375 1.85156 2.85156 1.85938 2.85938 1.86719 2.86719 ]
[GRF_A][6][ 1.875 2.875 1.88281 2.88281 1.89062 2.89062 1.89844 2.89844 1.90625 2.90625 1.91406 2.91406 1.92188 2.92188 1.92969 2.92969 ]
[GRF_A][7][ 1.9375 2.9375 1.94531 2.94531 1.95312 2.95312 1.96094 2.96094 1.96875 2.96875 1.97656 2.97656 1.98438 2.98438 1.99219 2.99219 ]
[GRF_B][0][ 106.312 0 0 0 0 0 0 0 0 0 0 0 0 0 0 0 ]
[GRF_B][1][ 0 180.25 0 0 0 0 0 0 0 0 0 0 0 0 0 0 ]
[GRF_B][2][ 0 0 109.875 0 0 0 0 0 0 0 0 0 0 0 0 0 ]
[GRF_B][3][ 0 0 0 185.875 0 0 0 0 0 0 0 0 0 0 0 0 ]
[GRF_B][4][ 0 0 0 0 113.375 0 0 0 0 0 0 0 0 0 0 0 ]
[GRF_B][5][ 0 0 0 0 0 191.375 0 0 0 0 0 0 0 0 0 0 ]
[GRF_B][6][ 0 0 0 0 0 0 117.062 0 0 0 0 0 0 0 0 0 ]
[GRF_B][7][ 0 0 0 0 0 0 0 109.062 0 0 0 0 0 0 0 0 ]
[M_OUT][0000000000000000000000000000000000000000000000000000000000000000000000000000000000000000000000000000000000000000000000000000000000000000000000000000000000000000000000000000000000000000000000000000000000000000000000000000000000000000000000000000000000000000]
[A_OUT][0000000000000000000000000000000000000000000000000000000000000000000000000000000000000000000000000000000000000000000000000000000000000000000000000000000000000000000000000000000000000000000000000000000000000000000000000000000000000000000000000000000000000000]

----------
READ ch0 ra0 bg0 b1 r3 c26|| [2] MAC GRF_B[0], GRF_A[0], ODD_BANK, auto @ 7642
[BANK_R][ 0 0 0 0 0 0 0 5.0625 0 0 0 0 0 0 0 0 ]
[CMD]00111011000110001000000000000000(MAC GRF_B[0], GRF_A[0], ODD_BANK, auto)
[SRF][0000000000000000000000000000000000000000000000000000000000000000000000000000000000000000000000000000000000000000000000000000000000000000000000000000000000000000000000000000000000000000000000000000000000000000000000000000000000000000000000000000000000000000]
[GRF_A][0][ 1.5 2.5 1.50781 2.50781 1.51562 2.51562 1.52344 2.52344 1.53125 2.53125 1.53906 2.53906 1.54688 2.54688 1.55469 2.55469 ]
[GRF_A][1][ 1.5625 2.5625 1.57031 2.57031 1.57812 2.57812 1.58594 2.58594 1.59375 2.59375 1.60156 2.60156 1.60938 2.60938 1.61719 2.61719 ]
[GRF_A][2][ 1.625 2.625 1.63281 2.63281 1.64062 2.64062 1.64844 2.64844 1.65625 2.65625 1.66406 2.66406 1.67188 2.67188 1.67969 2.67969 ]
[GRF_A][3][ 1.6875 2.6875 1.69531 2.69531 1.70312 2.70312 1.71094 2.71094 1.71875 2.71875 1.72656 2.72656 1.73438 2.73438 1.74219 2.74219 ]
[GRF_A][4][ 1.75 2.75 1.75781 2.75781 1.76562 2.76562 1.77344 2.77344 1.78125 2.78125 1.78906 2.78906 1.79688 2.79688 1.80469 2.80469 ]
[GRF_A][5][ 1.8125 2.8125 1.82031 2.82031 1.82812 2.82812 1.83594 2.83594 1.84375 2.84375 1.85156 2.85156 1.85938 2.85938 1.86719 2.86719 ]
[GRF_A][6][ 1.875 2.875 1.88281 2.88281 1.89062 2.89062 1.89844 2.89844 1.90625 2.90625 1.91406 2.91406 1.92188 2.92188 1.92969 2.92969 ]
[GRF_A][7][ 1.9375 2.9375 1.94531 2.94531 1.95312 2.95312 1.96094 2.96094 1.96875 2.96875 1.97656 2.97656 1.98438 2.98438 1.99219 2.99219 ]
[GRF_B][0][ 106.312 0 0 0 0 0 0 0 0 0 0 0 0 0 0 0 ]
[GRF_B][1][ 0 180.25 0 0 0 0 0 0 0 0 0 0 0 0 0 0 ]
[GRF_B][2][ 0 0 109.875 0 0 0 0 0 0 0 0 0 0 0 0 0 ]
[GRF_B][3][ 0 0 0 185.875 0 0 0 0 0 0 0 0 0 0 0 0 ]
[GRF_B][4][ 0 0 0 0 113.375 0 0 0 0 0 0 0 0 0 0 0 ]
[GRF_B][5][ 0 0 0 0 0 191.375 0 0 0 0 0 0 0 0 0 0 ]
[GRF_B][6][ 0 0 0 0 0 0 117.062 0 0 0 0 0 0 0 0 0 ]
[GRF_B][7][ 0 0 0 0 0 0 0 122.5 0 0 0 0 0 0 0 0 ]
[M_OUT][0000000000000000000000000000000000000000000000000000000000000000000000000000000000000000000000000000000000000000000000000000000000000000000000000000000000000000000000000000000000000000000000000000000000000000000000000000000000000000000000000000000000000000]
[A_OUT][0000000000000000000000000000000000000000000000000000000000000000000000000000000000000000000000000000000000000000000000000000000000000000000000000000000000000000000000000000000000000000000000000000000000000000000000000000000000000000000000000000000000000000]

----------
READ ch0 ra0 bg0 b1 r3 c27|| [2] MAC GRF_B[0], GRF_A[0], ODD_BANK, auto @ 7646
[BANK_R][ 0 0 0 0 0 0 0 5.125 0 0 0 0 0 0 0 0 ]
[CMD]00111011000110001000000000000000(MAC GRF_B[0], GRF_A[0], ODD_BANK, auto)
[SRF][0000000000000000000000000000000000000000000000000000000000000000000000000000000000000000000000000000000000000000000000000000000000000000000000000000000000000000000000000000000000000000000000000000000000000000000000000000000000000000000000000000000000000000]
[GRF_A][0][ 1.5 2.5 1.50781 2.50781 1.51562 2.51562 1.52344 2.52344 1.53125 2.53125 1.53906 2.53906 1.54688 2.54688 1.55469 2.55469 ]
[GRF_A][1][ 1.5625 2.5625 1.57031 2.57031 1.57812 2.57812 1.58594 2.58594 1.59375 2.59375 1.60156 2.60156 1.60938 2.60938 1.61719 2.61719 ]
[GRF_A][2][ 1.625 2.625 1.63281 2.63281 1.64062 2.64062 1.64844 2.64844 1.65625 2.65625 1.66406 2.66406 1.67188 2.67188 1.67969 2.67969 ]
[GRF_A][3][ 1.6875 2.6875 1.69531 2.69531 1.70312 2.70312 1.71094 2.71094 1.71875 2.71875 1.72656 2.72656 1.73438 2.73438 1.74219 2.74219 ]
[GRF_A][4][ 1.75 2.75 1.75781 2.75781 1.76562 2.76562 1.77344 2.77344 1.78125 2.78125 1.78906 2.78906 1.79688 2.79688 1.80469 2.80469 ]
[GRF_A][5][ 1.8125 2.8125 1.82031 2.82031 1.82812 2.82812 1.83594 2.83594 1.84375 2.84375 1.85156 2.85156 1.85938 2.85938 1.86719 2.86719 ]
[GRF_A][6][ 1.875 2.875 1.88281 2.88281 1.89062 2.89062 1.89844 2.89844 1.90625 2.90625 1.91406 2.91406 1.92188 2.92188 1.92969 2.92969 ]
[GRF_A][7][ 1.9375 2.9375 1.94531 2.94531 1.95312 2.95312 1.96094 2.96094 1.96875 2.96875 1.97656 2.97656 1.98438 2.98438 1.99219 2.99219 ]
[GRF_B][0][ 106.312 0 0 0 0 0 0 0 0 0 0 0 0 0 0 0 ]
[GRF_B][1][ 0 180.25 0 0 0 0 0 0 0 0 0 0 0 0 0 0 ]
[GRF_B][2][ 0 0 109.875 0 0 0 0 0 0 0 0 0 0 0 0 0 ]
[GRF_B][3][ 0 0 0 185.875 0 0 0 0 0 0 0 0 0 0 0 0 ]
[GRF_B][4][ 0 0 0 0 113.375 0 0 0 0 0 0 0 0 0 0 0 ]
[GRF_B][5][ 0 0 0 0 0 191.375 0 0 0 0 0 0 0 0 0 0 ]
[GRF_B][6][ 0 0 0 0 0 0 117.062 0 0 0 0 0 0 0 0 0 ]
[GRF_B][7][ 0 0 0 0 0 0 0 136.375 0 0 0 0 0 0 0 0 ]
[M_OUT][0000000000000000000000000000000000000000000000000000000000000000000000000000000000000000000000000000000000000000000000000000000000000000000000000000000000000000000000000000000000000000000000000000000000000000000000000000000000000000000000000000000000000000]
[A_OUT][0000000000000000000000000000000000000000000000000000000000000000000000000000000000000000000000000000000000000000000000000000000000000000000000000000000000000000000000000000000000000000000000000000000000000000000000000000000000000000000000000000000000000000]

----------
READ ch0 ra0 bg0 b1 r3 c28|| [2] MAC GRF_B[0], GRF_A[0], ODD_BANK, auto @ 7650
[BANK_R][ 0 0 0 0 0 0 0 5.1875 0 0 0 0 0 0 0 0 ]
[CMD]00111011000110001000000000000000(MAC GRF_B[0], GRF_A[0], ODD_BANK, auto)
[SRF][0000000000000000000000000000000000000000000000000000000000000000000000000000000000000000000000000000000000000000000000000000000000000000000000000000000000000000000000000000000000000000000000000000000000000000000000000000000000000000000000000000000000000000]
[GRF_A][0][ 1.5 2.5 1.50781 2.50781 1.51562 2.51562 1.52344 2.52344 1.53125 2.53125 1.53906 2.53906 1.54688 2.54688 1.55469 2.55469 ]
[GRF_A][1][ 1.5625 2.5625 1.57031 2.57031 1.57812 2.57812 1.58594 2.58594 1.59375 2.59375 1.60156 2.60156 1.60938 2.60938 1.61719 2.61719 ]
[GRF_A][2][ 1.625 2.625 1.63281 2.63281 1.64062 2.64062 1.64844 2.64844 1.65625 2.65625 1.66406 2.66406 1.67188 2.67188 1.67969 2.67969 ]
[GRF_A][3][ 1.6875 2.6875 1.69531 2.69531 1.70312 2.70312 1.71094 2.71094 1.71875 2.71875 1.72656 2.72656 1.73438 2.73438 1.74219 2.74219 ]
[GRF_A][4][ 1.75 2.75 1.75781 2.75781 1.76562 2.76562 1.77344 2.77344 1.78125 2.78125 1.78906 2.78906 1.79688 2.79688 1.80469 2.80469 ]
[GRF_A][5][ 1.8125 2.8125 1.82031 2.82031 1.82812 2.82812 1.83594 2.83594 1.84375 2.84375 1.85156 2.85156 1.85938 2.85938 1.86719 2.86719 ]
[GRF_A][6][ 1.875 2.875 1.88281 2.88281 1.89062 2.89062 1.89844 2.89844 1.90625 2.90625 1.91406 2.91406 1.92188 2.92188 1.92969 2.92969 ]
[GRF_A][7][ 1.9375 2.9375 1.94531 2.94531 1.95312 2.95312 1.96094 2.96094 1.96875 2.96875 1.97656 2.97656 1.98438 2.98438 1.99219 2.99219 ]
[GRF_B][0][ 106.312 0 0 0 0 0 0 0 0 0 0 0 0 0 0 0 ]
[GRF_B][1][ 0 180.25 0 0 0 0 0 0 0 0 0 0 0 0 0 0 ]
[GRF_B][2][ 0 0 109.875 0 0 0 0 0 0 0 0 0 0 0 0 0 ]
[GRF_B][3][ 0 0 0 185.875 0 0 0 0 0 0 0 0 0 0 0 0 ]
[GRF_B][4][ 0 0 0 0 113.375 0 0 0 0 0 0 0 0 0 0 0 ]
[GRF_B][5][ 0 0 0 0 0 191.375 0 0 0 0 0 0 0 0 0 0 ]
[GRF_B][6][ 0 0 0 0 0 0 117.062 0 0 0 0 0 0 0 0 0 ]
[GRF_B][7][ 0 0 0 0 0 0 0 150.75 0 0 0 0 0 0 0 0 ]
[M_OUT][0000000000000000000000000000000000000000000000000000000000000000000000000000000000000000000000000000000000000000000000000000000000000000000000000000000000000000000000000000000000000000000000000000000000000000000000000000000000000000000000000000000000000000]
[A_OUT][0000000000000000000000000000000000000000000000000000000000000000000000000000000000000000000000000000000000000000000000000000000000000000000000000000000000000000000000000000000000000000000000000000000000000000000000000000000000000000000000000000000000000000]

----------
READ ch0 ra0 bg0 b1 r3 c29|| [2] MAC GRF_B[0], GRF_A[0], ODD_BANK, auto @ 7654
[BANK_R][ 0 0 0 0 0 0 0 5.25 0 0 0 0 0 0 0 0 ]
[CMD]00111011000110001000000000000000(MAC GRF_B[0], GRF_A[0], ODD_BANK, auto)
[SRF][0000000000000000000000000000000000000000000000000000000000000000000000000000000000000000000000000000000000000000000000000000000000000000000000000000000000000000000000000000000000000000000000000000000000000000000000000000000000000000000000000000000000000000]
[GRF_A][0][ 1.5 2.5 1.50781 2.50781 1.51562 2.51562 1.52344 2.52344 1.53125 2.53125 1.53906 2.53906 1.54688 2.54688 1.55469 2.55469 ]
[GRF_A][1][ 1.5625 2.5625 1.57031 2.57031 1.57812 2.57812 1.58594 2.58594 1.59375 2.59375 1.60156 2.60156 1.60938 2.60938 1.61719 2.61719 ]
[GRF_A][2][ 1.625 2.625 1.63281 2.63281 1.64062 2.64062 1.64844 2.64844 1.65625 2.65625 1.66406 2.66406 1.67188 2.67188 1.67969 2.67969 ]
[GRF_A][3][ 1.6875 2.6875 1.69531 2.69531 1.70312 2.70312 1.71094 2.71094 1.71875 2.71875 1.72656 2.72656 1.73438 2.73438 1.74219 2.74219 ]
[GRF_A][4][ 1.75 2.75 1.75781 2.75781 1.76562 2.76562 1.77344 2.77344 1.78125 2.78125 1.78906 2.78906 1.79688 2.79688 1.80469 2.80469 ]
[GRF_A][5][ 1.8125 2.8125 1.82031 2.82031 1.82812 2.82812 1.83594 2.83594 1.84375 2.84375 1.85156 2.85156 1.85938 2.85938 1.86719 2.86719 ]
[GRF_A][6][ 1.875 2.875 1.88281 2.88281 1.89062 2.89062 1.89844 2.89844 1.90625 2.90625 1.91406 2.91406 1.92188 2.92188 1.92969 2.92969 ]
[GRF_A][7][ 1.9375 2.9375 1.94531 2.94531 1.95312 2.95312 1.96094 2.96094 1.96875 2.96875 1.97656 2.97656 1.98438 2.98438 1.99219 2.99219 ]
[GRF_B][0][ 106.312 0 0 0 0 0 0 0 0 0 0 0 0 0 0 0 ]
[GRF_B][1][ 0 180.25 0 0 0 0 0 0 0 0 0 0 0 0 0 0 ]
[GRF_B][2][ 0 0 109.875 0 0 0 0 0 0 0 0 0 0 0 0 0 ]
[GRF_B][3][ 0 0 0 185.875 0 0 0 0 0 0 0 0 0 0 0 0 ]
[GRF_B][4][ 0 0 0 0 113.375 0 0 0 0 0 0 0 0 0 0 0 ]
[GRF_B][5][ 0 0 0 0 0 191.375 0 0 0 0 0 0 0 0 0 0 ]
[GRF_B][6][ 0 0 0 0 0 0 117.062 0 0 0 0 0 0 0 0 0 ]
[GRF_B][7][ 0 0 0 0 0 0 0 165.625 0 0 0 0 0 0 0 0 ]
[M_OUT][0000000000000000000000000000000000000000000000000000000000000000000000000000000000000000000000000000000000000000000000000000000000000000000000000000000000000000000000000000000000000000000000000000000000000000000000000000000000000000000000000000000000000000]
[A_OUT][0000000000000000000000000000000000000000000000000000000000000000000000000000000000000000000000000000000000000000000000000000000000000000000000000000000000000000000000000000000000000000000000000000000000000000000000000000000000000000000000000000000000000000]

----------
READ ch0 ra0 bg0 b1 r3 c30|| [2] MAC GRF_B[0], GRF_A[0], ODD_BANK, auto @ 7658
[BANK_R][ 0 0 0 0 0 0 0 5.3125 0 0 0 0 0 0 0 0 ]
[CMD]00111011000110001000000000000000(MAC GRF_B[0], GRF_A[0], ODD_BANK, auto)
[SRF][0000000000000000000000000000000000000000000000000000000000000000000000000000000000000000000000000000000000000000000000000000000000000000000000000000000000000000000000000000000000000000000000000000000000000000000000000000000000000000000000000000000000000000]
[GRF_A][0][ 1.5 2.5 1.50781 2.50781 1.51562 2.51562 1.52344 2.52344 1.53125 2.53125 1.53906 2.53906 1.54688 2.54688 1.55469 2.55469 ]
[GRF_A][1][ 1.5625 2.5625 1.57031 2.57031 1.57812 2.57812 1.58594 2.58594 1.59375 2.59375 1.60156 2.60156 1.60938 2.60938 1.61719 2.61719 ]
[GRF_A][2][ 1.625 2.625 1.63281 2.63281 1.64062 2.64062 1.64844 2.64844 1.65625 2.65625 1.66406 2.66406 1.67188 2.67188 1.67969 2.67969 ]
[GRF_A][3][ 1.6875 2.6875 1.69531 2.69531 1.70312 2.70312 1.71094 2.71094 1.71875 2.71875 1.72656 2.72656 1.73438 2.73438 1.74219 2.74219 ]
[GRF_A][4][ 1.75 2.75 1.75781 2.75781 1.76562 2.76562 1.77344 2.77344 1.78125 2.78125 1.78906 2.78906 1.79688 2.79688 1.80469 2.80469 ]
[GRF_A][5][ 1.8125 2.8125 1.82031 2.82031 1.82812 2.82812 1.83594 2.83594 1.84375 2.84375 1.85156 2.85156 1.85938 2.85938 1.86719 2.86719 ]
[GRF_A][6][ 1.875 2.875 1.88281 2.88281 1.89062 2.89062 1.89844 2.89844 1.90625 2.90625 1.91406 2.91406 1.92188 2.92188 1.92969 2.92969 ]
[GRF_A][7][ 1.9375 2.9375 1.94531 2.94531 1.95312 2.95312 1.96094 2.96094 1.96875 2.96875 1.97656 2.97656 1.98438 2.98438 1.99219 2.99219 ]
[GRF_B][0][ 106.312 0 0 0 0 0 0 0 0 0 0 0 0 0 0 0 ]
[GRF_B][1][ 0 180.25 0 0 0 0 0 0 0 0 0 0 0 0 0 0 ]
[GRF_B][2][ 0 0 109.875 0 0 0 0 0 0 0 0 0 0 0 0 0 ]
[GRF_B][3][ 0 0 0 185.875 0 0 0 0 0 0 0 0 0 0 0 0 ]
[GRF_B][4][ 0 0 0 0 113.375 0 0 0 0 0 0 0 0 0 0 0 ]
[GRF_B][5][ 0 0 0 0 0 191.375 0 0 0 0 0 0 0 0 0 0 ]
[GRF_B][6][ 0 0 0 0 0 0 117.062 0 0 0 0 0 0 0 0 0 ]
[GRF_B][7][ 0 0 0 0 0 0 0 181 0 0 0 0 0 0 0 0 ]
[M_OUT][0000000000000000000000000000000000000000000000000000000000000000000000000000000000000000000000000000000000000000000000000000000000000000000000000000000000000000000000000000000000000000000000000000000000000000000000000000000000000000000000000000000000000000]
[A_OUT][0000000000000000000000000000000000000000000000000000000000000000000000000000000000000000000000000000000000000000000000000000000000000000000000000000000000000000000000000000000000000000000000000000000000000000000000000000000000000000000000000000000000000000]

----------
READ ch0 ra0 bg0 b1 r3 c31|| [2] MAC GRF_B[0], GRF_A[0], ODD_BANK, auto @ 7662
[BANK_R][ 0 0 0 0 0 0 0 5.375 0 0 0 0 0 0 0 0 ]
[CMD]00111011000110001000000000000000(MAC GRF_B[0], GRF_A[0], ODD_BANK, auto)
[SRF][0000000000000000000000000000000000000000000000000000000000000000000000000000000000000000000000000000000000000000000000000000000000000000000000000000000000000000000000000000000000000000000000000000000000000000000000000000000000000000000000000000000000000000]
[GRF_A][0][ 1.5 2.5 1.50781 2.50781 1.51562 2.51562 1.52344 2.52344 1.53125 2.53125 1.53906 2.53906 1.54688 2.54688 1.55469 2.55469 ]
[GRF_A][1][ 1.5625 2.5625 1.57031 2.57031 1.57812 2.57812 1.58594 2.58594 1.59375 2.59375 1.60156 2.60156 1.60938 2.60938 1.61719 2.61719 ]
[GRF_A][2][ 1.625 2.625 1.63281 2.63281 1.64062 2.64062 1.64844 2.64844 1.65625 2.65625 1.66406 2.66406 1.67188 2.67188 1.67969 2.67969 ]
[GRF_A][3][ 1.6875 2.6875 1.69531 2.69531 1.70312 2.70312 1.71094 2.71094 1.71875 2.71875 1.72656 2.72656 1.73438 2.73438 1.74219 2.74219 ]
[GRF_A][4][ 1.75 2.75 1.75781 2.75781 1.76562 2.76562 1.77344 2.77344 1.78125 2.78125 1.78906 2.78906 1.79688 2.79688 1.80469 2.80469 ]
[GRF_A][5][ 1.8125 2.8125 1.82031 2.82031 1.82812 2.82812 1.83594 2.83594 1.84375 2.84375 1.85156 2.85156 1.85938 2.85938 1.86719 2.86719 ]
[GRF_A][6][ 1.875 2.875 1.88281 2.88281 1.89062 2.89062 1.89844 2.89844 1.90625 2.90625 1.91406 2.91406 1.92188 2.92188 1.92969 2.92969 ]
[GRF_A][7][ 1.9375 2.9375 1.94531 2.94531 1.95312 2.95312 1.96094 2.96094 1.96875 2.96875 1.97656 2.97656 1.98438 2.98438 1.99219 2.99219 ]
[GRF_B][0][ 106.312 0 0 0 0 0 0 0 0 0 0 0 0 0 0 0 ]
[GRF_B][1][ 0 180.25 0 0 0 0 0 0 0 0 0 0 0 0 0 0 ]
[GRF_B][2][ 0 0 109.875 0 0 0 0 0 0 0 0 0 0 0 0 0 ]
[GRF_B][3][ 0 0 0 185.875 0 0 0 0 0 0 0 0 0 0 0 0 ]
[GRF_B][4][ 0 0 0 0 113.375 0 0 0 0 0 0 0 0 0 0 0 ]
[GRF_B][5][ 0 0 0 0 0 191.375 0 0 0 0 0 0 0 0 0 0 ]
[GRF_B][6][ 0 0 0 0 0 0 117.062 0 0 0 0 0 0 0 0 0 ]
[GRF_B][7][ 0 0 0 0 0 0 0 196.875 0 0 0 0 0 0 0 0 ]
[M_OUT][0000000000000000000000000000000000000000000000000000000000000000000000000000000000000000000000000000000000000000000000000000000000000000000000000000000000000000000000000000000000000000000000000000000000000000000000000000000000000000000000000000000000000000]
[A_OUT][0000000000000000000000000000000000000000000000000000000000000000000000000000000000000000000000000000000000000000000000000000000000000000000000000000000000000000000000000000000000000000000000000000000000000000000000000000000000000000000000000000000000000000]

----------
PRECHARGE ch[0] ra[0] bg[0] ba[1] ro[3] @7664
ACTIVATE ch[0] ra[0] bg[0] ba[1] ro[4] co[8] @7678 tag : GRFB_TO_BANK_
WRITE ch0 ra0 bg0 b1 r4 c8|| [3] JUMP 7x [PC - 2] @ 7689
WRITE ch0 ra0 bg0 b1 r4 c8|| [4] NOP 8x @ 7689
[BANK_R][ 106.312 0 0 0 0 0 0 0 0 0 0 0 0 0 0 0 ]
[CMD]00000000000000000000000000000111(NOP 8x)
[SRF][0000000000000000000000000000000000000000000000000000000000000000000000000000000000000000000000000000000000000000000000000000000000000000000000000000000000000000000000000000000000000000000000000000000000000000000000000000000000000000000000000000000000000000]
[GRF_A][0][ 1.5 2.5 1.50781 2.50781 1.51562 2.51562 1.52344 2.52344 1.53125 2.53125 1.53906 2.53906 1.54688 2.54688 1.55469 2.55469 ]
[GRF_A][1][ 1.5625 2.5625 1.57031 2.57031 1.57812 2.57812 1.58594 2.58594 1.59375 2.59375 1.60156 2.60156 1.60938 2.60938 1.61719 2.61719 ]
[GRF_A][2][ 1.625 2.625 1.63281 2.63281 1.64062 2.64062 1.64844 2.64844 1.65625 2.65625 1.66406 2.66406 1.67188 2.67188 1.67969 2.67969 ]
[GRF_A][3][ 1.6875 2.6875 1.69531 2.69531 1.70312 2.70312 1.71094 2.71094 1.71875 2.71875 1.72656 2.72656 1.73438 2.73438 1.74219 2.74219 ]
[GRF_A][4][ 1.75 2.75 1.75781 2.75781 1.76562 2.76562 1.77344 2.77344 1.78125 2.78125 1.78906 2.78906 1.79688 2.79688 1.80469 2.80469 ]
[GRF_A][5][ 1.8125 2.8125 1.82031 2.82031 1.82812 2.82812 1.83594 2.83594 1.84375 2.84375 1.85156 2.85156 1.85938 2.85938 1.86719 2.86719 ]
[GRF_A][6][ 1.875 2.875 1.88281 2.88281 1.89062 2.89062 1.89844 2.89844 1.90625 2.90625 1.91406 2.91406 1.92188 2.92188 1.92969 2.92969 ]
[GRF_A][7][ 1.9375 2.9375 1.94531 2.94531 1.95312 2.95312 1.96094 2.96094 1.96875 2.96875 1.97656 2.97656 1.98438 2.98438 1.99219 2.99219 ]
[GRF_B][0][ 106.312 0 0 0 0 0 0 0 0 0 0 0 0 0 0 0 ]
[GRF_B][1][ 0 180.25 0 0 0 0 0 0 0 0 0 0 0 0 0 0 ]
[GRF_B][2][ 0 0 109.875 0 0 0 0 0 0 0 0 0 0 0 0 0 ]
[GRF_B][3][ 0 0 0 185.875 0 0 0 0 0 0 0 0 0 0 0 0 ]
[GRF_B][4][ 0 0 0 0 113.375 0 0 0 0 0 0 0 0 0 0 0 ]
[GRF_B][5][ 0 0 0 0 0 191.375 0 0 0 0 0 0 0 0 0 0 ]
[GRF_B][6][ 0 0 0 0 0 0 117.062 0 0 0 0 0 0 0 0 0 ]
[GRF_B][7][ 0 0 0 0 0 0 0 196.875 0 0 0 0 0 0 0 0 ]
[M_OUT][0000000000000000000000000000000000000000000000000000000000000000000000000000000000000000000000000000000000000000000000000000000000000000000000000000000000000000000000000000000000000000000000000000000000000000000000000000000000000000000000000000000000000000]
[A_OUT][0000000000000000000000000000000000000000000000000000000000000000000000000000000000000000000000000000000000000000000000000000000000000000000000000000000000000000000000000000000000000000000000000000000000000000000000000000000000000000000000000000000000000000]

----------
WRITE ch0 ra0 bg0 b1 r4 c9|| [4] NOP 8x @ 7693
[BANK_R][ 0 180.25 0 0 0 0 0 0 0 0 0 0 0 0 0 0 ]
[CMD]00000000000000000000000000000111(NOP 8x)
[SRF][0000000000000000000000000000000000000000000000000000000000000000000000000000000000000000000000000000000000000000000000000000000000000000000000000000000000000000000000000000000000000000000000000000000000000000000000000000000000000000000000000000000000000000]
[GRF_A][0][ 1.5 2.5 1.50781 2.50781 1.51562 2.51562 1.52344 2.52344 1.53125 2.53125 1.53906 2.53906 1.54688 2.54688 1.55469 2.55469 ]
[GRF_A][1][ 1.5625 2.5625 1.57031 2.57031 1.57812 2.57812 1.58594 2.58594 1.59375 2.59375 1.60156 2.60156 1.60938 2.60938 1.61719 2.61719 ]
[GRF_A][2][ 1.625 2.625 1.63281 2.63281 1.64062 2.64062 1.64844 2.64844 1.65625 2.65625 1.66406 2.66406 1.67188 2.67188 1.67969 2.67969 ]
[GRF_A][3][ 1.6875 2.6875 1.69531 2.69531 1.70312 2.70312 1.71094 2.71094 1.71875 2.71875 1.72656 2.72656 1.73438 2.73438 1.74219 2.74219 ]
[GRF_A][4][ 1.75 2.75 1.75781 2.75781 1.76562 2.76562 1.77344 2.77344 1.78125 2.78125 1.78906 2.78906 1.79688 2.79688 1.80469 2.80469 ]
[GRF_A][5][ 1.8125 2.8125 1.82031 2.82031 1.82812 2.82812 1.83594 2.83594 1.84375 2.84375 1.85156 2.85156 1.85938 2.85938 1.86719 2.86719 ]
[GRF_A][6][ 1.875 2.875 1.88281 2.88281 1.89062 2.89062 1.89844 2.89844 1.90625 2.90625 1.91406 2.91406 1.92188 2.92188 1.92969 2.92969 ]
[GRF_A][7][ 1.9375 2.9375 1.94531 2.94531 1.95312 2.95312 1.96094 2.96094 1.96875 2.96875 1.97656 2.97656 1.98438 2.98438 1.99219 2.99219 ]
[GRF_B][0][ 106.312 0 0 0 0 0 0 0 0 0 0 0 0 0 0 0 ]
[GRF_B][1][ 0 180.25 0 0 0 0 0 0 0 0 0 0 0 0 0 0 ]
[GRF_B][2][ 0 0 109.875 0 0 0 0 0 0 0 0 0 0 0 0 0 ]
[GRF_B][3][ 0 0 0 185.875 0 0 0 0 0 0 0 0 0 0 0 0 ]
[GRF_B][4][ 0 0 0 0 113.375 0 0 0 0 0 0 0 0 0 0 0 ]
[GRF_B][5][ 0 0 0 0 0 191.375 0 0 0 0 0 0 0 0 0 0 ]
[GRF_B][6][ 0 0 0 0 0 0 117.062 0 0 0 0 0 0 0 0 0 ]
[GRF_B][7][ 0 0 0 0 0 0 0 196.875 0 0 0 0 0 0 0 0 ]
[M_OUT][0000000000000000000000000000000000000000000000000000000000000000000000000000000000000000000000000000000000000000000000000000000000000000000000000000000000000000000000000000000000000000000000000000000000000000000000000000000000000000000000000000000000000000]
[A_OUT][0000000000000000000000000000000000000000000000000000000000000000000000000000000000000000000000000000000000000000000000000000000000000000000000000000000000000000000000000000000000000000000000000000000000000000000000000000000000000000000000000000000000000000]

----------
WRITE ch0 ra0 bg0 b1 r4 c10|| [4] NOP 8x @ 7697
[BANK_R][ 0 0 109.875 0 0 0 0 0 0 0 0 0 0 0 0 0 ]
[CMD]00000000000000000000000000000111(NOP 8x)
[SRF][0000000000000000000000000000000000000000000000000000000000000000000000000000000000000000000000000000000000000000000000000000000000000000000000000000000000000000000000000000000000000000000000000000000000000000000000000000000000000000000000000000000000000000]
[GRF_A][0][ 1.5 2.5 1.50781 2.50781 1.51562 2.51562 1.52344 2.52344 1.53125 2.53125 1.53906 2.53906 1.54688 2.54688 1.55469 2.55469 ]
[GRF_A][1][ 1.5625 2.5625 1.57031 2.57031 1.57812 2.57812 1.58594 2.58594 1.59375 2.59375 1.60156 2.60156 1.60938 2.60938 1.61719 2.61719 ]
[GRF_A][2][ 1.625 2.625 1.63281 2.63281 1.64062 2.64062 1.64844 2.64844 1.65625 2.65625 1.66406 2.66406 1.67188 2.67188 1.67969 2.67969 ]
[GRF_A][3][ 1.6875 2.6875 1.69531 2.69531 1.70312 2.70312 1.71094 2.71094 1.71875 2.71875 1.72656 2.72656 1.73438 2.73438 1.74219 2.74219 ]
[GRF_A][4][ 1.75 2.75 1.75781 2.75781 1.76562 2.76562 1.77344 2.77344 1.78125 2.78125 1.78906 2.78906 1.79688 2.79688 1.80469 2.80469 ]
[GRF_A][5][ 1.8125 2.8125 1.82031 2.82031 1.82812 2.82812 1.83594 2.83594 1.84375 2.84375 1.85156 2.85156 1.85938 2.85938 1.86719 2.86719 ]
[GRF_A][6][ 1.875 2.875 1.88281 2.88281 1.89062 2.89062 1.89844 2.89844 1.90625 2.90625 1.91406 2.91406 1.92188 2.92188 1.92969 2.92969 ]
[GRF_A][7][ 1.9375 2.9375 1.94531 2.94531 1.95312 2.95312 1.96094 2.96094 1.96875 2.96875 1.97656 2.97656 1.98438 2.98438 1.99219 2.99219 ]
[GRF_B][0][ 106.312 0 0 0 0 0 0 0 0 0 0 0 0 0 0 0 ]
[GRF_B][1][ 0 180.25 0 0 0 0 0 0 0 0 0 0 0 0 0 0 ]
[GRF_B][2][ 0 0 109.875 0 0 0 0 0 0 0 0 0 0 0 0 0 ]
[GRF_B][3][ 0 0 0 185.875 0 0 0 0 0 0 0 0 0 0 0 0 ]
[GRF_B][4][ 0 0 0 0 113.375 0 0 0 0 0 0 0 0 0 0 0 ]
[GRF_B][5][ 0 0 0 0 0 191.375 0 0 0 0 0 0 0 0 0 0 ]
[GRF_B][6][ 0 0 0 0 0 0 117.062 0 0 0 0 0 0 0 0 0 ]
[GRF_B][7][ 0 0 0 0 0 0 0 196.875 0 0 0 0 0 0 0 0 ]
[M_OUT][0000000000000000000000000000000000000000000000000000000000000000000000000000000000000000000000000000000000000000000000000000000000000000000000000000000000000000000000000000000000000000000000000000000000000000000000000000000000000000000000000000000000000000]
[A_OUT][0000000000000000000000000000000000000000000000000000000000000000000000000000000000000000000000000000000000000000000000000000000000000000000000000000000000000000000000000000000000000000000000000000000000000000000000000000000000000000000000000000000000000000]

----------
WRITE ch0 ra0 bg0 b1 r4 c11|| [4] NOP 8x @ 7701
[BANK_R][ 0 0 0 185.875 0 0 0 0 0 0 0 0 0 0 0 0 ]
[CMD]00000000000000000000000000000111(NOP 8x)
[SRF][0000000000000000000000000000000000000000000000000000000000000000000000000000000000000000000000000000000000000000000000000000000000000000000000000000000000000000000000000000000000000000000000000000000000000000000000000000000000000000000000000000000000000000]
[GRF_A][0][ 1.5 2.5 1.50781 2.50781 1.51562 2.51562 1.52344 2.52344 1.53125 2.53125 1.53906 2.53906 1.54688 2.54688 1.55469 2.55469 ]
[GRF_A][1][ 1.5625 2.5625 1.57031 2.57031 1.57812 2.57812 1.58594 2.58594 1.59375 2.59375 1.60156 2.60156 1.60938 2.60938 1.61719 2.61719 ]
[GRF_A][2][ 1.625 2.625 1.63281 2.63281 1.64062 2.64062 1.64844 2.64844 1.65625 2.65625 1.66406 2.66406 1.67188 2.67188 1.67969 2.67969 ]
[GRF_A][3][ 1.6875 2.6875 1.69531 2.69531 1.70312 2.70312 1.71094 2.71094 1.71875 2.71875 1.72656 2.72656 1.73438 2.73438 1.74219 2.74219 ]
[GRF_A][4][ 1.75 2.75 1.75781 2.75781 1.76562 2.76562 1.77344 2.77344 1.78125 2.78125 1.78906 2.78906 1.79688 2.79688 1.80469 2.80469 ]
[GRF_A][5][ 1.8125 2.8125 1.82031 2.82031 1.82812 2.82812 1.83594 2.83594 1.84375 2.84375 1.85156 2.85156 1.85938 2.85938 1.86719 2.86719 ]
[GRF_A][6][ 1.875 2.875 1.88281 2.88281 1.89062 2.89062 1.89844 2.89844 1.90625 2.90625 1.91406 2.91406 1.92188 2.92188 1.92969 2.92969 ]
[GRF_A][7][ 1.9375 2.9375 1.94531 2.94531 1.95312 2.95312 1.96094 2.96094 1.96875 2.96875 1.97656 2.97656 1.98438 2.98438 1.99219 2.99219 ]
[GRF_B][0][ 106.312 0 0 0 0 0 0 0 0 0 0 0 0 0 0 0 ]
[GRF_B][1][ 0 180.25 0 0 0 0 0 0 0 0 0 0 0 0 0 0 ]
[GRF_B][2][ 0 0 109.875 0 0 0 0 0 0 0 0 0 0 0 0 0 ]
[GRF_B][3][ 0 0 0 185.875 0 0 0 0 0 0 0 0 0 0 0 0 ]
[GRF_B][4][ 0 0 0 0 113.375 0 0 0 0 0 0 0 0 0 0 0 ]
[GRF_B][5][ 0 0 0 0 0 191.375 0 0 0 0 0 0 0 0 0 0 ]
[GRF_B][6][ 0 0 0 0 0 0 117.062 0 0 0 0 0 0 0 0 0 ]
[GRF_B][7][ 0 0 0 0 0 0 0 196.875 0 0 0 0 0 0 0 0 ]
[M_OUT][0000000000000000000000000000000000000000000000000000000000000000000000000000000000000000000000000000000000000000000000000000000000000000000000000000000000000000000000000000000000000000000000000000000000000000000000000000000000000000000000000000000000000000]
[A_OUT][0000000000000000000000000000000000000000000000000000000000000000000000000000000000000000000000000000000000000000000000000000000000000000000000000000000000000000000000000000000000000000000000000000000000000000000000000000000000000000000000000000000000000000]

----------
WRITE ch0 ra0 bg0 b1 r4 c12|| [4] NOP 8x @ 7705
[BANK_R][ 0 0 0 0 113.375 0 0 0 0 0 0 0 0 0 0 0 ]
[CMD]00000000000000000000000000000111(NOP 8x)
[SRF][0000000000000000000000000000000000000000000000000000000000000000000000000000000000000000000000000000000000000000000000000000000000000000000000000000000000000000000000000000000000000000000000000000000000000000000000000000000000000000000000000000000000000000]
[GRF_A][0][ 1.5 2.5 1.50781 2.50781 1.51562 2.51562 1.52344 2.52344 1.53125 2.53125 1.53906 2.53906 1.54688 2.54688 1.55469 2.55469 ]
[GRF_A][1][ 1.5625 2.5625 1.57031 2.57031 1.57812 2.57812 1.58594 2.58594 1.59375 2.59375 1.60156 2.60156 1.60938 2.60938 1.61719 2.61719 ]
[GRF_A][2][ 1.625 2.625 1.63281 2.63281 1.64062 2.64062 1.64844 2.64844 1.65625 2.65625 1.66406 2.66406 1.67188 2.67188 1.67969 2.67969 ]
[GRF_A][3][ 1.6875 2.6875 1.69531 2.69531 1.70312 2.70312 1.71094 2.71094 1.71875 2.71875 1.72656 2.72656 1.73438 2.73438 1.74219 2.74219 ]
[GRF_A][4][ 1.75 2.75 1.75781 2.75781 1.76562 2.76562 1.77344 2.77344 1.78125 2.78125 1.78906 2.78906 1.79688 2.79688 1.80469 2.80469 ]
[GRF_A][5][ 1.8125 2.8125 1.82031 2.82031 1.82812 2.82812 1.83594 2.83594 1.84375 2.84375 1.85156 2.85156 1.85938 2.85938 1.86719 2.86719 ]
[GRF_A][6][ 1.875 2.875 1.88281 2.88281 1.89062 2.89062 1.89844 2.89844 1.90625 2.90625 1.91406 2.91406 1.92188 2.92188 1.92969 2.92969 ]
[GRF_A][7][ 1.9375 2.9375 1.94531 2.94531 1.95312 2.95312 1.96094 2.96094 1.96875 2.96875 1.97656 2.97656 1.98438 2.98438 1.99219 2.99219 ]
[GRF_B][0][ 106.312 0 0 0 0 0 0 0 0 0 0 0 0 0 0 0 ]
[GRF_B][1][ 0 180.25 0 0 0 0 0 0 0 0 0 0 0 0 0 0 ]
[GRF_B][2][ 0 0 109.875 0 0 0 0 0 0 0 0 0 0 0 0 0 ]
[GRF_B][3][ 0 0 0 185.875 0 0 0 0 0 0 0 0 0 0 0 0 ]
[GRF_B][4][ 0 0 0 0 113.375 0 0 0 0 0 0 0 0 0 0 0 ]
[GRF_B][5][ 0 0 0 0 0 191.375 0 0 0 0 0 0 0 0 0 0 ]
[GRF_B][6][ 0 0 0 0 0 0 117.062 0 0 0 0 0 0 0 0 0 ]
[GRF_B][7][ 0 0 0 0 0 0 0 196.875 0 0 0 0 0 0 0 0 ]
[M_OUT][0000000000000000000000000000000000000000000000000000000000000000000000000000000000000000000000000000000000000000000000000000000000000000000000000000000000000000000000000000000000000000000000000000000000000000000000000000000000000000000000000000000000000000]
[A_OUT][0000000000000000000000000000000000000000000000000000000000000000000000000000000000000000000000000000000000000000000000000000000000000000000000000000000000000000000000000000000000000000000000000000000000000000000000000000000000000000000000000000000000000000]

----------
WRITE ch0 ra0 bg0 b1 r4 c13|| [4] NOP 8x @ 7709
[BANK_R][ 0 0 0 0 0 191.375 0 0 0 0 0 0 0 0 0 0 ]
[CMD]00000000000000000000000000000111(NOP 8x)
[SRF][0000000000000000000000000000000000000000000000000000000000000000000000000000000000000000000000000000000000000000000000000000000000000000000000000000000000000000000000000000000000000000000000000000000000000000000000000000000000000000000000000000000000000000]
[GRF_A][0][ 1.5 2.5 1.50781 2.50781 1.51562 2.51562 1.52344 2.52344 1.53125 2.53125 1.53906 2.53906 1.54688 2.54688 1.55469 2.55469 ]
[GRF_A][1][ 1.5625 2.5625 1.57031 2.57031 1.57812 2.57812 1.58594 2.58594 1.59375 2.59375 1.60156 2.60156 1.60938 2.60938 1.61719 2.61719 ]
[GRF_A][2][ 1.625 2.625 1.63281 2.63281 1.64062 2.64062 1.64844 2.64844 1.65625 2.65625 1.66406 2.66406 1.67188 2.67188 1.67969 2.67969 ]
[GRF_A][3][ 1.6875 2.6875 1.69531 2.69531 1.70312 2.70312 1.71094 2.71094 1.71875 2.71875 1.72656 2.72656 1.73438 2.73438 1.74219 2.74219 ]
[GRF_A][4][ 1.75 2.75 1.75781 2.75781 1.76562 2.76562 1.77344 2.77344 1.78125 2.78125 1.78906 2.78906 1.79688 2.79688 1.80469 2.80469 ]
[GRF_A][5][ 1.8125 2.8125 1.82031 2.82031 1.82812 2.82812 1.83594 2.83594 1.84375 2.84375 1.85156 2.85156 1.85938 2.85938 1.86719 2.86719 ]
[GRF_A][6][ 1.875 2.875 1.88281 2.88281 1.89062 2.89062 1.89844 2.89844 1.90625 2.90625 1.91406 2.91406 1.92188 2.92188 1.92969 2.92969 ]
[GRF_A][7][ 1.9375 2.9375 1.94531 2.94531 1.95312 2.95312 1.96094 2.96094 1.96875 2.96875 1.97656 2.97656 1.98438 2.98438 1.99219 2.99219 ]
[GRF_B][0][ 106.312 0 0 0 0 0 0 0 0 0 0 0 0 0 0 0 ]
[GRF_B][1][ 0 180.25 0 0 0 0 0 0 0 0 0 0 0 0 0 0 ]
[GRF_B][2][ 0 0 109.875 0 0 0 0 0 0 0 0 0 0 0 0 0 ]
[GRF_B][3][ 0 0 0 185.875 0 0 0 0 0 0 0 0 0 0 0 0 ]
[GRF_B][4][ 0 0 0 0 113.375 0 0 0 0 0 0 0 0 0 0 0 ]
[GRF_B][5][ 0 0 0 0 0 191.375 0 0 0 0 0 0 0 0 0 0 ]
[GRF_B][6][ 0 0 0 0 0 0 117.062 0 0 0 0 0 0 0 0 0 ]
[GRF_B][7][ 0 0 0 0 0 0 0 196.875 0 0 0 0 0 0 0 0 ]
[M_OUT][0000000000000000000000000000000000000000000000000000000000000000000000000000000000000000000000000000000000000000000000000000000000000000000000000000000000000000000000000000000000000000000000000000000000000000000000000000000000000000000000000000000000000000]
[A_OUT][0000000000000000000000000000000000000000000000000000000000000000000000000000000000000000000000000000000000000000000000000000000000000000000000000000000000000000000000000000000000000000000000000000000000000000000000000000000000000000000000000000000000000000]

----------
WRITE ch0 ra0 bg0 b1 r4 c14|| [4] NOP 8x @ 7713
[BANK_R][ 0 0 0 0 0 0 117.062 0 0 0 0 0 0 0 0 0 ]
[CMD]00000000000000000000000000000111(NOP 8x)
[SRF][0000000000000000000000000000000000000000000000000000000000000000000000000000000000000000000000000000000000000000000000000000000000000000000000000000000000000000000000000000000000000000000000000000000000000000000000000000000000000000000000000000000000000000]
[GRF_A][0][ 1.5 2.5 1.50781 2.50781 1.51562 2.51562 1.52344 2.52344 1.53125 2.53125 1.53906 2.53906 1.54688 2.54688 1.55469 2.55469 ]
[GRF_A][1][ 1.5625 2.5625 1.57031 2.57031 1.57812 2.57812 1.58594 2.58594 1.59375 2.59375 1.60156 2.60156 1.60938 2.60938 1.61719 2.61719 ]
[GRF_A][2][ 1.625 2.625 1.63281 2.63281 1.64062 2.64062 1.64844 2.64844 1.65625 2.65625 1.66406 2.66406 1.67188 2.67188 1.67969 2.67969 ]
[GRF_A][3][ 1.6875 2.6875 1.69531 2.69531 1.70312 2.70312 1.71094 2.71094 1.71875 2.71875 1.72656 2.72656 1.73438 2.73438 1.74219 2.74219 ]
[GRF_A][4][ 1.75 2.75 1.75781 2.75781 1.76562 2.76562 1.77344 2.77344 1.78125 2.78125 1.78906 2.78906 1.79688 2.79688 1.80469 2.80469 ]
[GRF_A][5][ 1.8125 2.8125 1.82031 2.82031 1.82812 2.82812 1.83594 2.83594 1.84375 2.84375 1.85156 2.85156 1.85938 2.85938 1.86719 2.86719 ]
[GRF_A][6][ 1.875 2.875 1.88281 2.88281 1.89062 2.89062 1.89844 2.89844 1.90625 2.90625 1.91406 2.91406 1.92188 2.92188 1.92969 2.92969 ]
[GRF_A][7][ 1.9375 2.9375 1.94531 2.94531 1.95312 2.95312 1.96094 2.96094 1.96875 2.96875 1.97656 2.97656 1.98438 2.98438 1.99219 2.99219 ]
[GRF_B][0][ 106.312 0 0 0 0 0 0 0 0 0 0 0 0 0 0 0 ]
[GRF_B][1][ 0 180.25 0 0 0 0 0 0 0 0 0 0 0 0 0 0 ]
[GRF_B][2][ 0 0 109.875 0 0 0 0 0 0 0 0 0 0 0 0 0 ]
[GRF_B][3][ 0 0 0 185.875 0 0 0 0 0 0 0 0 0 0 0 0 ]
[GRF_B][4][ 0 0 0 0 113.375 0 0 0 0 0 0 0 0 0 0 0 ]
[GRF_B][5][ 0 0 0 0 0 191.375 0 0 0 0 0 0 0 0 0 0 ]
[GRF_B][6][ 0 0 0 0 0 0 117.062 0 0 0 0 0 0 0 0 0 ]
[GRF_B][7][ 0 0 0 0 0 0 0 196.875 0 0 0 0 0 0 0 0 ]
[M_OUT][0000000000000000000000000000000000000000000000000000000000000000000000000000000000000000000000000000000000000000000000000000000000000000000000000000000000000000000000000000000000000000000000000000000000000000000000000000000000000000000000000000000000000000]
[A_OUT][0000000000000000000000000000000000000000000000000000000000000000000000000000000000000000000000000000000000000000000000000000000000000000000000000000000000000000000000000000000000000000000000000000000000000000000000000000000000000000000000000000000000000000]

----------
WRITE ch0 ra0 bg0 b1 r4 c15|| [4] NOP 8x @ 7717
[BANK_R][ 0 0 0 0 0 0 0 196.875 0 0 0 0 0 0 0 0 ]
[CMD]00000000000000000000000000000111(NOP 8x)
[SRF][0000000000000000000000000000000000000000000000000000000000000000000000000000000000000000000000000000000000000000000000000000000000000000000000000000000000000000000000000000000000000000000000000000000000000000000000000000000000000000000000000000000000000000]
[GRF_A][0][ 1.5 2.5 1.50781 2.50781 1.51562 2.51562 1.52344 2.52344 1.53125 2.53125 1.53906 2.53906 1.54688 2.54688 1.55469 2.55469 ]
[GRF_A][1][ 1.5625 2.5625 1.57031 2.57031 1.57812 2.57812 1.58594 2.58594 1.59375 2.59375 1.60156 2.60156 1.60938 2.60938 1.61719 2.61719 ]
[GRF_A][2][ 1.625 2.625 1.63281 2.63281 1.64062 2.64062 1.64844 2.64844 1.65625 2.65625 1.66406 2.66406 1.67188 2.67188 1.67969 2.67969 ]
[GRF_A][3][ 1.6875 2.6875 1.69531 2.69531 1.70312 2.70312 1.71094 2.71094 1.71875 2.71875 1.72656 2.72656 1.73438 2.73438 1.74219 2.74219 ]
[GRF_A][4][ 1.75 2.75 1.75781 2.75781 1.76562 2.76562 1.77344 2.77344 1.78125 2.78125 1.78906 2.78906 1.79688 2.79688 1.80469 2.80469 ]
[GRF_A][5][ 1.8125 2.8125 1.82031 2.82031 1.82812 2.82812 1.83594 2.83594 1.84375 2.84375 1.85156 2.85156 1.85938 2.85938 1.86719 2.86719 ]
[GRF_A][6][ 1.875 2.875 1.88281 2.88281 1.89062 2.89062 1.89844 2.89844 1.90625 2.90625 1.91406 2.91406 1.92188 2.92188 1.92969 2.92969 ]
[GRF_A][7][ 1.9375 2.9375 1.94531 2.94531 1.95312 2.95312 1.96094 2.96094 1.96875 2.96875 1.97656 2.97656 1.98438 2.98438 1.99219 2.99219 ]
[GRF_B][0][ 106.312 0 0 0 0 0 0 0 0 0 0 0 0 0 0 0 ]
[GRF_B][1][ 0 180.25 0 0 0 0 0 0 0 0 0 0 0 0 0 0 ]
[GRF_B][2][ 0 0 109.875 0 0 0 0 0 0 0 0 0 0 0 0 0 ]
[GRF_B][3][ 0 0 0 185.875 0 0 0 0 0 0 0 0 0 0 0 0 ]
[GRF_B][4][ 0 0 0 0 113.375 0 0 0 0 0 0 0 0 0 0 0 ]
[GRF_B][5][ 0 0 0 0 0 191.375 0 0 0 0 0 0 0 0 0 0 ]
[GRF_B][6][ 0 0 0 0 0 0 117.062 0 0 0 0 0 0 0 0 0 ]
[GRF_B][7][ 0 0 0 0 0 0 0 196.875 0 0 0 0 0 0 0 0 ]
[M_OUT][0000000000000000000000000000000000000000000000000000000000000000000000000000000000000000000000000000000000000000000000000000000000000000000000000000000000000000000000000000000000000000000000000000000000000000000000000000000000000000000000000000000000000000]
[A_OUT][0000000000000000000000000000000000000000000000000000000000000000000000000000000000000000000000000000000000000000000000000000000000000000000000000000000000000000000000000000000000000000000000000000000000000000000000000000000000000000000000000000000000000000]

----------
ACTIVATE ch[0] ra[0] bg[0] ba[0] ro[16383] co[0] @7717 tag : PIMBAR
HAB mode ch[0] ra[0] @7728
PRECHARGE ch[0] ra[0] bg[0] ba[1] ro[4] @7742
PRECHARGE ch[0] ra[0] bg[0] ba[0] ro[3] @7753
ACTIVATE ch[0] ra[0] bg[0] ba[0] ro[12287] co[31] @7767 tag : START_HAB_TO_SB
WRITE ch[0] ra[0] bg[0] ba[0] ro[12287] co[31] @7778
ACTIVATE ch[0] ra[0] bg[0] ba[1] ro[12287] co[31] @7778 tag : END_HAB_TO_SBBAR
WRITE ch[0] ra[0] bg[0] ba[1] ro[12287] co[31] @7789
REF ch[0] ra[1] @7801
PRECHARGE ch[0] ra[0] bg[0] ba[0] ro[3] @7803
PRECHARGE ch[0] ra[0] bg[0] ba[1] ro[4] @7814
SB mode ch[0] ra[0] @7814
ACTIVATE ch[0] ra[0] bg[1] ba[4] ro[8192] co[0] @7815 tag : PARK_OUT_
ACTIVATE ch[0] ra[0] bg[0] ba[0] ro[8192] co[0] @7819 tag : START_PARK_OUT_
ACTIVATE ch[0] ra[0] bg[2] ba[8] ro[8192] co[0] @7823 tag : PARK_OUT_
ACTIVATE ch[0] ra[0] bg[3] ba[12] ro[8192] co[0] @7827 tag : PARK_OUT_
READ ch[0] ra[0] bg[1] ba[4] ro[8192] co[0] @7829
ACTIVATE ch[0] ra[0] bg[0] ba[1] ro[8192] co[0] @7831 tag : PARK_OUT_
READ ch[0] ra[0] bg[0] ba[0] ro[8192] co[0] @7833
ACTIVATE ch[0] ra[0] bg[1] ba[5] ro[8192] co[0] @7835 tag : PARK_OUT_
READ ch[0] ra[0] bg[2] ba[8] ro[8192] co[0] @7837
ACTIVATE ch[0] ra[0] bg[2] ba[9] ro[8192] co[0] @7839 tag : PARK_OUT_
READ ch[0] ra[0] bg[3] ba[12] ro[8192] co[0] @7841
ACTIVATE ch[0] ra[0] bg[3] ba[13] ro[8192] co[0] @7843 tag : PARK_OUT_
READ ch[0] ra[0] bg[0] ba[1] ro[8192] co[0] @7845
ACTIVATE ch[0] ra[0] bg[0] ba[2] ro[8192] co[0] @7847 tag : PARK_OUT_
PRECHARGE ch[0] ra[0] bg[1] ba[4] ro[3] @7848
READ ch[0] ra[0] bg[1] ba[5] ro[8192] co[0] @7849
ACTIVATE ch[0] ra[0] bg[1] ba[6] ro[8192] co[0] @7851 tag : PARK_OUT_
PRECHARGE ch[0] ra[0] bg[0] ba[0] ro[3] @7852
READ ch[0] ra[0] bg[2] ba[9] ro[8192] co[0] @7853
ACTIVATE ch[0] ra[0] bg[2] ba[10] ro[8192] co[0] @7855 tag : PARK_OUT_
PRECHARGE ch[0] ra[0] bg[2] ba[8] ro[3] @7856
READ ch[0] ra[0] bg[3] ba[13] ro[8192] co[0] @7857
ACTIVATE ch[0] ra[0] bg[3] ba[14] ro[8192] co[0] @7859 tag : PARK_OUT_
PRECHARGE ch[0] ra[0] bg[3] ba[12] ro[3] @7860
READ ch[0] ra[0] bg[0] ba[2] ro[8192] co[0] @7861
ACTIVATE ch[0] ra[0] bg[0] ba[3] ro[8192] co[0] @7863 tag : PARK_OUT_
PRECHARGE ch[0] ra[0] bg[0] ba[1] ro[4] @7864
READ ch[0] ra[0] bg[1] ba[6] ro[8192] co[0] @7865
ACTIVATE ch[0] ra[0] bg[1] ba[7] ro[8192] co[0] @7867 tag : PARK_OUT_
PRECHARGE ch[0] ra[0] bg[1] ba[5] ro[4] @7868
READ ch[0] ra[0] bg[2] ba[10] ro[8192] co[0] @7869
ACTIVATE ch[0] ra[0] bg[2] ba[11] ro[8192] co[0] @7871 tag : PARK_OUT_
PRECHARGE ch[0] ra[0] bg[2] ba[9] ro[4] @7872
READ ch[0] ra[0] bg[3] ba[14] ro[8192] co[0] @7873
PRECHARGE ch[0] ra[0] bg[3] ba[13] ro[4] @7876
READ ch[0] ra[0] bg[0] ba[3] ro[8192] co[0] @7877
PRECHARGE ch[0] ra[0] bg[0] ba[2] ro[3] @7880
READ ch[0] ra[0] bg[1] ba[7] ro[8192] co[0] @7881
PRECHARGE ch[0] ra[0] bg[1] ba[6] ro[3] @7884
READ ch[0] ra[0] bg[2] ba[11] ro[8192] co[0] @7885
ACTIVATE ch[0] ra[0] bg[3] ba[15] ro[8192] co[0] @7886 tag : END_PARK_OUT_BAR
PRECHARGE ch[0] ra[0] bg[2] ba[10] ro[3] @7888
ACTIVATE ch[0] ra[0] bg[0] ba[1] ro[4] co[0] @7890 tag : output
PRECHARGE ch[0] ra[0] bg[3] ba[14] ro[3] @7892
ACTIVATE ch[0] ra[0] bg[1] ba[5] ro[4] co[0] @7894 tag : output
PRECHARGE ch[0] ra[0] bg[0] ba[3] ro[4] @7896
ACTIVATE ch[0] ra[0] bg[2] ba[9] ro[4] co[0] @7898 tag : output
READ ch[0] ra[0] bg[3] ba[15] ro[8192] co[0] @7900
PRECHARGE ch[0] ra[0] bg[1] ba[7] ro[4] @7901
ACTIVATE ch[0] ra[0] bg[3] ba[13] ro[4] co[0] @7902 tag : output
READ ch[0] ra[0] bg[0] ba[1] ro[4] co[0] @7904
PRECHARGE ch[0] ra[0] bg[2] ba[11] ro[4] @7905
READ ch[0] ra[0] bg[0] ba[1] ro[4] co[1] @7908
READ ch[0] ra[0] bg[1] ba[5] ro[4] co[0] @7910
ACTIVATE ch[0] ra[0] bg[0] ba[3] ro[4] co[0] @7911 tag : output
READ ch[0] ra[0] bg[0] ba[1] ro[4] co[2] @7912
READ ch[0] ra[0] bg[1] ba[5] ro[4] co[1] @7914
ACTIVATE ch[0] ra[0] bg[1] ba[7] ro[4] co[0] @7915 tag : output
READ ch[0] ra[0] bg[0] ba[1] ro[4] co[3] @7916
READ ch[0] ra[0] bg[1] ba[5] ro[4] co[2] @7918
ACTIVATE ch[0] ra[0] bg[2] ba[11] ro[4] co[0] @7919 tag : output
READ ch[0] ra[0] bg[0] ba[1] ro[4] co[4] @7920
PRECHARGE ch[0] ra[0] bg[3] ba[15] ro[4] @7921
READ ch[0] ra[0] bg[1] ba[5] ro[4] co[3] @7922
READ ch[0] ra[0] bg[0] ba[1] ro[4] co[5] @7924
READ ch[0] ra[0] bg[1] ba[5] ro[4] co[4] @7926
READ ch[0] ra[0] bg[0] ba[1] ro[4] co[6] @7928
READ ch[0] ra[0] bg[1] ba[5] ro[4] co[5] @7930
READ ch[0] ra[0] bg[0] ba[1] ro[4] co[7] @7932
READ ch[0] ra[0] bg[1] ba[5] ro[4] co[6] @7934
ACTIVATE ch[0] ra[0] bg[3] ba[15] ro[4] co[0] @7935 tag : output
READ ch[0] ra[0] bg[0] ba[3] ro[4] co[0] @7936
READ ch[0] ra[0] bg[1] ba[5] ro[4] co[7] @7938
READ ch[0] ra[0] bg[0] ba[3] ro[4] co[1] @7940
READ ch[0] ra[0] bg[1] ba[7] ro[4] co[0] @7942
READ ch[0] ra[0] bg[0] ba[3] ro[4] co[2] @7944
READ ch[0] ra[0] bg[1] ba[7] ro[4] co[1] @7946
READ ch[0] ra[0] bg[0] ba[3] ro[4] co[3] @7948
READ ch[0] ra[0] bg[1] ba[7] ro[4] co[2] @7950
READ ch[0] ra[0] bg[0] ba[3] ro[4] co[4] @7952
READ ch[0] ra[0] bg[1] ba[7] ro[4] co[3] @7954
READ ch[0] ra[0] bg[0] ba[3] ro[4] co[5] @7956
READ ch[0] ra[0] bg[1] ba[7] ro[4] co[4] @7958
READ ch[0] ra[0] bg[0] ba[3] ro[4] co[6] @7960
READ ch[0] ra[0] bg[1] ba[7] ro[4] co[5] @7962
READ ch[0] ra[0] bg[0] ba[3] ro[4] co[7] @7964
READ ch[0] ra[0] bg[1] ba[7] ro[4] co[6] @7966
READ ch[0] ra[0] bg[2] ba[9] ro[4] co[0] @7968
READ ch[0] ra[0] bg[1] ba[7] ro[4] co[7] @7970
READ ch[0] ra[0] bg[2] ba[9] ro[4] co[1] @7972
READ ch[0] ra[0] bg[3] ba[13] ro[4] co[0] @7974
READ ch[0] ra[0] bg[2] ba[9] ro[4] co[2] @7976
READ ch[0] ra[0] bg[3] ba[13] ro[4] co[1] @7978
READ ch[0] ra[0] bg[2] ba[9] ro[4] co[3] @7980
READ ch[0] ra[0] bg[3] ba[13] ro[4] co[2] @7982
READ ch[0] ra[0] bg[2] ba[9] ro[4] co[4] @7984
READ ch[0] ra[0] bg[3] ba[13] ro[4] co[3] @7986
READ ch[0] ra[0] bg[2] ba[9] ro[4] co[5] @7988
READ ch[0] ra[0] bg[3] ba[13] ro[4] co[4] @7990
READ ch[0] ra[0] bg[2] ba[9] ro[4] co[6] @7992
READ ch[0] ra[0] bg[3] ba[13] ro[4] co[5] @7994
READ ch[0] ra[0] bg[2] ba[9] ro[4] co[7] @7996
READ ch[0] ra[0] bg[3] ba[13] ro[4] co[6] @7998
PRECHARGE ch[0] ra[0] bg[2] ba[9] ro[4] @7999
READ ch[0] ra[0] bg[2] ba[11] ro[4] co[0] @8000
READ ch[0] ra[0] bg[3] ba[13] ro[4] co[7] @8002
READ ch[0] ra[0] bg[2] ba[11] ro[4] co[1] @8004
PRECHARGE ch[0] ra[0] bg[3] ba[13] ro[4] @8005
READ ch[0] ra[0] bg[3] ba[15] ro[4] co[0] @8006
READ ch[0] ra[0] bg[2] ba[11] ro[4] co[2] @8008
READ ch[0] ra[0] bg[3] ba[15] ro[4] co[1] @8010
READ ch[0] ra[0] bg[2] ba[11] ro[4] co[3] @8012
READ ch[0] ra[0] bg[3] ba[15] ro[4] co[2] @8014
READ ch[0] ra[0] bg[2] ba[11] ro[4] co[4] @8016
READ ch[0] ra[0] bg[3] ba[15] ro[4] co[3] @8018
READ ch[0] ra[0] bg[2] ba[11] ro[4] co[5] @8020
READ ch[0] ra[0] bg[3] ba[15] ro[4] co[4] @8022
READ ch[0] ra[0] bg[2] ba[11] ro[4] co[6] @8024
READ ch[0] ra[0] bg[3] ba[15] ro[4] co[5] @8026
READ ch[0] ra[0] bg[2] ba[11] ro[4] co[7] @8028
READ ch[0] ra[0] bg[3] ba[15] ro[4] co[6] @8030
PRECHARGE ch[0] ra[0] bg[2] ba[11] ro[4] @8031
READ ch[0] ra[0] bg[0] ba[1] ro[4] co[8] @8032
READ ch[0] ra[0] bg[3] ba[15] ro[4] co[7] @8034
READ ch[0] ra[0] bg[0] ba[1] ro[4] co[9] @8036
PRECHARGE ch[0] ra[0] bg[3] ba[15] ro[4] @8037
READ ch[0] ra[0] bg[1] ba[5] ro[4] co[8] @8038
READ ch[0] ra[0] bg[0] ba[1] ro[4] co[10] @8040
READ ch[0] ra[0] bg[1] ba[5] ro[4] co[9] @8042
READ ch[0] ra[0] bg[0] ba[1] ro[4] co[11] @8044
READ ch[0] ra[0] bg[1] ba[5] ro[4] co[10] @8046
READ ch[0] ra[0] bg[0] ba[1] ro[4] co[12] @8048
READ ch[0] ra[0] bg[1] ba[5] ro[4] co[11] @8050
READ ch[0] ra[0] bg[0] ba[1] ro[4] co[13] @8052
READ ch[0] ra[0] bg[1] ba[5] ro[4] co[12] @8054
READ ch[0] ra[0] bg[0] ba[1] ro[4] co[14] @8056
READ ch[0] ra[0] bg[1] ba[5] ro[4] co[13] @8058
READ ch[0] ra[0] bg[0] ba[1] ro[4] co[15] @8060
READ ch[0] ra[0] bg[1] ba[5] ro[4] co[14] @8062
PRECHARGE ch[0] ra[0] bg[0] ba[1] ro[4] @8063
READ ch[0] ra[0] bg[0] ba[3] ro[4] co[8] @8064
READ ch[0] ra[0] bg[1] ba[5] ro[4] co[15] @8066
READ ch[0] ra[0] bg[0] ba[3] ro[4] co[9] @8068
PRECHARGE ch[0] ra[0] bg[1] ba[5] ro[4] @8069
READ ch[0] ra[0] bg[1] ba[7] ro[4] co[8] @8070
READ ch[0] ra[0] bg[0] ba[3] ro[4] co[10] @8072
READ ch[0] ra[0] bg[1] ba[7] ro[4] co[9] @8074
READ ch[0] ra[0] bg[0] ba[3] ro[4] co[11] @8076
READ ch[0] ra[0] bg[1] ba[7] ro[4] co[10] @8078
READ ch[0] ra[0] bg[0] ba[3] ro[4] co[12] @8080
READ ch[0] ra[0] bg[1] ba[7] ro[4] co[11] @8082
READ ch[0] ra[0] bg[0] ba[3] ro[4] co[13] @8084
READ ch[0] ra[0] bg[1] ba[7] ro[4] co[12] @8086
READ ch[0] ra[0] bg[0] ba[3] ro[4] co[14] @8088
READ ch[0] ra[0] bg[1] ba[7] ro[4] co[13] @8090
READ ch[0] ra[0] bg[0] ba[3] ro[4] co[15] @8092
READ ch[0] ra[0] bg[1] ba[7] ro[4] co[14] @8094
PRECHARGE ch[0] ra[0] bg[0] ba[3] ro[4] @8095
READ ch[0] ra[0] bg[1] ba[7] ro[4] co[15] @8098
PRECHARGE ch[0] ra[0] bg[1] ba[7] ro[4] @8101
