ACTIVATE ch[0] ra[0] bg[0] ba[0] ro[0] co[0] @2 tag : 
WRITE ch[0] ra[0] bg[0] ba[0] ro[0] co[0] @12
WRITE ch[0] ra[0] bg[0] ba[0] ro[0] co[1] @16
WRITE ch[0] ra[0] bg[0] ba[0] ro[0] co[2] @20
WRITE ch[0] ra[0] bg[0] ba[0] ro[0] co[3] @24
WRITE ch[0] ra[0] bg[0] ba[0] ro[0] co[4] @28
WRITE ch[0] ra[0] bg[0] ba[0] ro[0] co[5] @32
WRITE ch[0] ra[0] bg[0] ba[0] ro[0] co[6] @36
WRITE ch[0] ra[0] bg[0] ba[0] ro[0] co[7] @40
WRITE ch[0] ra[0] bg[0] ba[0] ro[0] co[8] @44
WRITE ch[0] ra[0] bg[0] ba[0] ro[0] co[9] @48
WRITE ch[0] ra[0] bg[0] ba[0] ro[0] co[10] @52
WRITE ch[0] ra[0] bg[0] ba[0] ro[0] co[11] @56
WRITE ch[0] ra[0] bg[0] ba[0] ro[0] co[12] @60
WRITE ch[0] ra[0] bg[0] ba[0] ro[0] co[13] @64
ACTIVATE ch[0] ra[0] bg[0] ba[2] ro[0] co[0] @66 tag : 
WRITE ch[0] ra[0] bg[0] ba[0] ro[0] co[14] @68
WRITE ch[0] ra[0] bg[0] ba[0] ro[0] co[15] @72
WRITE ch[0] ra[0] bg[0] ba[0] ro[0] co[16] @76
WRITE ch[0] ra[0] bg[0] ba[0] ro[0] co[17] @80
WRITE ch[0] ra[0] bg[0] ba[0] ro[0] co[18] @84
WRITE ch[0] ra[0] bg[0] ba[0] ro[0] co[19] @88
WRITE ch[0] ra[0] bg[0] ba[0] ro[0] co[20] @92
WRITE ch[0] ra[0] bg[0] ba[0] ro[0] co[21] @96
WRITE ch[0] ra[0] bg[0] ba[0] ro[0] co[22] @100
WRITE ch[0] ra[0] bg[0] ba[0] ro[0] co[23] @104
WRITE ch[0] ra[0] bg[0] ba[0] ro[0] co[24] @108
WRITE ch[0] ra[0] bg[0] ba[0] ro[0] co[25] @112
WRITE ch[0] ra[0] bg[0] ba[0] ro[0] co[26] @116
WRITE ch[0] ra[0] bg[0] ba[0] ro[0] co[27] @120
WRITE ch[0] ra[0] bg[0] ba[0] ro[0] co[28] @124
WRITE ch[0] ra[0] bg[0] ba[0] ro[0] co[29] @128
WRITE ch[0] ra[0] bg[0] ba[0] ro[0] co[30] @132
WRITE ch[0] ra[0] bg[0] ba[0] ro[0] co[31] @136
WRITE ch[0] ra[0] bg[0] ba[2] ro[0] co[0] @140
WRITE ch[0] ra[0] bg[0] ba[2] ro[0] co[1] @144
WRITE ch[0] ra[0] bg[0] ba[2] ro[0] co[2] @148
WRITE ch[0] ra[0] bg[0] ba[2] ro[0] co[3] @152
WRITE ch[0] ra[0] bg[0] ba[2] ro[0] co[4] @156
WRITE ch[0] ra[0] bg[0] ba[2] ro[0] co[5] @160
PRECHARGE ch[0] ra[0] bg[0] ba[0] ro[0] @162
WRITE ch[0] ra[0] bg[0] ba[2] ro[0] co[6] @164
WRITE ch[0] ra[0] bg[0] ba[2] ro[0] co[7] @168
WRITE ch[0] ra[0] bg[0] ba[2] ro[0] co[8] @172
WRITE ch[0] ra[0] bg[0] ba[2] ro[0] co[9] @176
ACTIVATE ch[0] ra[0] bg[0] ba[0] ro[1] co[0] @177 tag : 
WRITE ch[0] ra[0] bg[0] ba[2] ro[0] co[10] @180
WRITE ch[0] ra[0] bg[0] ba[2] ro[0] co[11] @184
WRITE ch[0] ra[0] bg[0] ba[0] ro[1] co[0] @188
WRITE ch[0] ra[0] bg[0] ba[0] ro[1] co[1] @192
WRITE ch[0] ra[0] bg[0] ba[0] ro[1] co[2] @196
WRITE ch[0] ra[0] bg[0] ba[0] ro[1] co[3] @200
WRITE ch[0] ra[0] bg[0] ba[0] ro[1] co[4] @204
WRITE ch[0] ra[0] bg[0] ba[0] ro[1] co[5] @208
WRITE ch[0] ra[0] bg[0] ba[0] ro[1] co[6] @212
WRITE ch[0] ra[0] bg[0] ba[0] ro[1] co[7] @216
WRITE ch[0] ra[0] bg[0] ba[0] ro[1] co[8] @220
WRITE ch[0] ra[0] bg[0] ba[0] ro[1] co[9] @224
WRITE ch[0] ra[0] bg[0] ba[0] ro[1] co[10] @228
WRITE ch[0] ra[0] bg[0] ba[0] ro[1] co[11] @232
WRITE ch[0] ra[0] bg[0] ba[0] ro[1] co[12] @236
WRITE ch[0] ra[0] bg[0] ba[0] ro[1] co[13] @240
WRITE ch[0] ra[0] bg[0] ba[0] ro[1] co[14] @244
WRITE ch[0] ra[0] bg[0] ba[0] ro[1] co[15] @248
WRITE ch[0] ra[0] bg[0] ba[0] ro[1] co[16] @252
WRITE ch[0] ra[0] bg[0] ba[0] ro[1] co[17] @256
WRITE ch[0] ra[0] bg[0] ba[0] ro[1] co[18] @260
WRITE ch[0] ra[0] bg[0] ba[0] ro[1] co[19] @264
WRITE ch[0] ra[0] bg[0] ba[0] ro[1] co[20] @268
ACTIVATE ch[0] ra[0] bg[1] ba[4] ro[0] co[0] @269 tag : 
WRITE ch[0] ra[0] bg[0] ba[0] ro[1] co[21] @272
WRITE ch[0] ra[0] bg[0] ba[0] ro[1] co[22] @276
WRITE ch[0] ra[0] bg[1] ba[4] ro[0] co[0] @279
WRITE ch[0] ra[0] bg[0] ba[0] ro[1] co[23] @281
WRITE ch[0] ra[0] bg[1] ba[4] ro[0] co[1] @283
WRITE ch[0] ra[0] bg[0] ba[0] ro[1] co[24] @285
WRITE ch[0] ra[0] bg[1] ba[4] ro[0] co[2] @287
WRITE ch[0] ra[0] bg[0] ba[0] ro[1] co[25] @289
WRITE ch[0] ra[0] bg[1] ba[4] ro[0] co[3] @291
WRITE ch[0] ra[0] bg[0] ba[0] ro[1] co[26] @293
WRITE ch[0] ra[0] bg[1] ba[4] ro[0] co[4] @295
WRITE ch[0] ra[0] bg[0] ba[0] ro[1] co[27] @297
WRITE ch[0] ra[0] bg[1] ba[4] ro[0] co[5] @299
WRITE ch[0] ra[0] bg[0] ba[0] ro[1] co[28] @301
WRITE ch[0] ra[0] bg[1] ba[4] ro[0] co[6] @303
WRITE ch[0] ra[0] bg[0] ba[0] ro[1] co[29] @305
WRITE ch[0] ra[0] bg[1] ba[4] ro[0] co[7] @307
WRITE ch[0] ra[0] bg[0] ba[0] ro[1] co[30] @309
WRITE ch[0] ra[0] bg[1] ba[4] ro[0] co[8] @311
WRITE ch[0] ra[0] bg[0] ba[0] ro[1] co[31] @313
WRITE ch[0] ra[0] bg[1] ba[4] ro[0] co[9] @315
WRITE ch[0] ra[0] bg[0] ba[2] ro[0] co[12] @317
WRITE ch[0] ra[0] bg[1] ba[4] ro[0] co[10] @319
WRITE ch[0] ra[0] bg[0] ba[2] ro[0] co[13] @321
WRITE ch[0] ra[0] bg[1] ba[4] ro[0] co[11] @323
WRITE ch[0] ra[0] bg[0] ba[2] ro[0] co[14] @325
WRITE ch[0] ra[0] bg[1] ba[4] ro[0] co[12] @327
WRITE ch[0] ra[0] bg[0] ba[2] ro[0] co[15] @329
WRITE ch[0] ra[0] bg[1] ba[4] ro[0] co[13] @331
WRITE ch[0] ra[0] bg[0] ba[2] ro[0] co[16] @333
WRITE ch[0] ra[0] bg[1] ba[4] ro[0] co[14] @335
WRITE ch[0] ra[0] bg[0] ba[2] ro[0] co[17] @337
WRITE ch[0] ra[0] bg[1] ba[4] ro[0] co[15] @339
PRECHARGE ch[0] ra[0] bg[0] ba[0] ro[1] @340
WRITE ch[0] ra[0] bg[0] ba[2] ro[0] co[18] @341
WRITE ch[0] ra[0] bg[1] ba[4] ro[0] co[16] @343
WRITE ch[0] ra[0] bg[0] ba[2] ro[0] co[19] @345
WRITE ch[0] ra[0] bg[1] ba[4] ro[0] co[17] @347
WRITE ch[0] ra[0] bg[0] ba[2] ro[0] co[20] @349
WRITE ch[0] ra[0] bg[1] ba[4] ro[0] co[18] @351
WRITE ch[0] ra[0] bg[0] ba[2] ro[0] co[21] @353
WRITE ch[0] ra[0] bg[1] ba[4] ro[0] co[19] @355
WRITE ch[0] ra[0] bg[0] ba[2] ro[0] co[22] @357
WRITE ch[0] ra[0] bg[1] ba[4] ro[0] co[20] @359
WRITE ch[0] ra[0] bg[0] ba[2] ro[0] co[23] @361
WRITE ch[0] ra[0] bg[1] ba[4] ro[0] co[21] @363
WRITE ch[0] ra[0] bg[0] ba[2] ro[0] co[24] @365
WRITE ch[0] ra[0] bg[1] ba[4] ro[0] co[22] @367
WRITE ch[0] ra[0] bg[0] ba[2] ro[0] co[25] @369
WRITE ch[0] ra[0] bg[1] ba[4] ro[0] co[23] @371
WRITE ch[0] ra[0] bg[0] ba[2] ro[0] co[26] @373
WRITE ch[0] ra[0] bg[1] ba[4] ro[0] co[24] @375
WRITE ch[0] ra[0] bg[0] ba[2] ro[0] co[27] @377
WRITE ch[0] ra[0] bg[1] ba[4] ro[0] co[25] @379
WRITE ch[0] ra[0] bg[0] ba[2] ro[0] co[28] @381
WRITE ch[0] ra[0] bg[1] ba[4] ro[0] co[26] @383
WRITE ch[0] ra[0] bg[0] ba[2] ro[0] co[29] @385
WRITE ch[0] ra[0] bg[1] ba[4] ro[0] co[27] @387
WRITE ch[0] ra[0] bg[0] ba[2] ro[0] co[30] @389
WRITE ch[0] ra[0] bg[1] ba[4] ro[0] co[28] @391
WRITE ch[0] ra[0] bg[0] ba[2] ro[0] co[31] @393
WRITE ch[0] ra[0] bg[1] ba[4] ro[0] co[29] @395
WRITE ch[0] ra[0] bg[1] ba[4] ro[0] co[30] @399
WRITE ch[0] ra[0] bg[1] ba[4] ro[0] co[31] @403
PRECHARGE ch[0] ra[0] bg[0] ba[2] ro[0] @419
PRECHARGE ch[0] ra[0] bg[1] ba[4] ro[0] @429
ACTIVATE ch[0] ra[0] bg[0] ba[2] ro[1] co[0] @433 tag : 
WRITE ch[0] ra[0] bg[0] ba[2] ro[1] co[0] @443
ACTIVATE ch[0] ra[0] bg[1] ba[4] ro[1] co[0] @444 tag : 
WRITE ch[0] ra[0] bg[0] ba[2] ro[1] co[1] @447
ACTIVATE ch[0] ra[0] bg[1] ba[6] ro[0] co[0] @450 tag : 
WRITE ch[0] ra[0] bg[0] ba[2] ro[1] co[2] @451
WRITE ch[0] ra[0] bg[1] ba[4] ro[1] co[0] @454
WRITE ch[0] ra[0] bg[0] ba[2] ro[1] co[3] @456
WRITE ch[0] ra[0] bg[1] ba[4] ro[1] co[1] @458
WRITE ch[0] ra[0] bg[0] ba[2] ro[1] co[4] @460
WRITE ch[0] ra[0] bg[1] ba[4] ro[1] co[2] @462
WRITE ch[0] ra[0] bg[0] ba[2] ro[1] co[5] @464
WRITE ch[0] ra[0] bg[1] ba[4] ro[1] co[3] @466
WRITE ch[0] ra[0] bg[0] ba[2] ro[1] co[6] @468
WRITE ch[0] ra[0] bg[1] ba[4] ro[1] co[4] @470
WRITE ch[0] ra[0] bg[0] ba[2] ro[1] co[7] @472
WRITE ch[0] ra[0] bg[1] ba[4] ro[1] co[5] @474
WRITE ch[0] ra[0] bg[0] ba[2] ro[1] co[8] @476
WRITE ch[0] ra[0] bg[1] ba[4] ro[1] co[6] @478
WRITE ch[0] ra[0] bg[0] ba[2] ro[1] co[9] @480
WRITE ch[0] ra[0] bg[1] ba[4] ro[1] co[7] @482
WRITE ch[0] ra[0] bg[0] ba[2] ro[1] co[10] @484
WRITE ch[0] ra[0] bg[1] ba[4] ro[1] co[8] @486
WRITE ch[0] ra[0] bg[0] ba[2] ro[1] co[11] @488
WRITE ch[0] ra[0] bg[1] ba[4] ro[1] co[9] @490
WRITE ch[0] ra[0] bg[0] ba[2] ro[1] co[12] @492
WRITE ch[0] ra[0] bg[1] ba[4] ro[1] co[10] @494
WRITE ch[0] ra[0] bg[0] ba[2] ro[1] co[13] @496
WRITE ch[0] ra[0] bg[1] ba[4] ro[1] co[11] @498
WRITE ch[0] ra[0] bg[0] ba[2] ro[1] co[14] @500
WRITE ch[0] ra[0] bg[1] ba[4] ro[1] co[12] @502
WRITE ch[0] ra[0] bg[0] ba[2] ro[1] co[15] @504
WRITE ch[0] ra[0] bg[1] ba[4] ro[1] co[13] @506
WRITE ch[0] ra[0] bg[0] ba[2] ro[1] co[16] @508
WRITE ch[0] ra[0] bg[1] ba[4] ro[1] co[14] @510
WRITE ch[0] ra[0] bg[0] ba[2] ro[1] co[17] @512
WRITE ch[0] ra[0] bg[1] ba[4] ro[1] co[15] @514
WRITE ch[0] ra[0] bg[0] ba[2] ro[1] co[18] @516
WRITE ch[0] ra[0] bg[1] ba[4] ro[1] co[16] @518
WRITE ch[0] ra[0] bg[0] ba[2] ro[1] co[19] @520
WRITE ch[0] ra[0] bg[1] ba[4] ro[1] co[17] @522
WRITE ch[0] ra[0] bg[0] ba[2] ro[1] co[20] @524
WRITE ch[0] ra[0] bg[1] ba[4] ro[1] co[18] @526
WRITE ch[0] ra[0] bg[0] ba[2] ro[1] co[21] @528
WRITE ch[0] ra[0] bg[1] ba[4] ro[1] co[19] @530
WRITE ch[0] ra[0] bg[0] ba[2] ro[1] co[22] @532
WRITE ch[0] ra[0] bg[1] ba[4] ro[1] co[20] @534
WRITE ch[0] ra[0] bg[0] ba[2] ro[1] co[23] @536
WRITE ch[0] ra[0] bg[1] ba[4] ro[1] co[21] @538
WRITE ch[0] ra[0] bg[0] ba[2] ro[1] co[24] @540
WRITE ch[0] ra[0] bg[1] ba[4] ro[1] co[22] @542
WRITE ch[0] ra[0] bg[0] ba[2] ro[1] co[25] @544
WRITE ch[0] ra[0] bg[1] ba[4] ro[1] co[23] @546
WRITE ch[0] ra[0] bg[0] ba[2] ro[1] co[26] @548
WRITE ch[0] ra[0] bg[1] ba[4] ro[1] co[24] @550
WRITE ch[0] ra[0] bg[0] ba[2] ro[1] co[27] @552
WRITE ch[0] ra[0] bg[1] ba[4] ro[1] co[25] @554
WRITE ch[0] ra[0] bg[0] ba[2] ro[1] co[28] @556
WRITE ch[0] ra[0] bg[1] ba[4] ro[1] co[26] @558
WRITE ch[0] ra[0] bg[0] ba[2] ro[1] co[29] @560
WRITE ch[0] ra[0] bg[1] ba[4] ro[1] co[27] @562
WRITE ch[0] ra[0] bg[0] ba[2] ro[1] co[30] @564
WRITE ch[0] ra[0] bg[1] ba[4] ro[1] co[28] @566
WRITE ch[0] ra[0] bg[0] ba[2] ro[1] co[31] @568
WRITE ch[0] ra[0] bg[1] ba[4] ro[1] co[29] @570
WRITE ch[0] ra[0] bg[1] ba[4] ro[1] co[30] @574
WRITE ch[0] ra[0] bg[1] ba[4] ro[1] co[31] @578
WRITE ch[0] ra[0] bg[1] ba[6] ro[0] co[0] @582
ACTIVATE ch[0] ra[0] bg[2] ba[8] ro[0] co[0] @583 tag : 
WRITE ch[0] ra[0] bg[1] ba[6] ro[0] co[1] @586
WRITE ch[0] ra[0] bg[1] ba[6] ro[0] co[2] @590
WRITE ch[0] ra[0] bg[2] ba[8] ro[0] co[0] @593
PRECHARGE ch[0] ra[0] bg[0] ba[2] ro[1] @594
WRITE ch[0] ra[0] bg[1] ba[6] ro[0] co[3] @595
WRITE ch[0] ra[0] bg[2] ba[8] ro[0] co[1] @597
WRITE ch[0] ra[0] bg[1] ba[6] ro[0] co[4] @599
WRITE ch[0] ra[0] bg[2] ba[8] ro[0] co[2] @601
WRITE ch[0] ra[0] bg[1] ba[6] ro[0] co[5] @603
PRECHARGE ch[0] ra[0] bg[1] ba[4] ro[1] @604
WRITE ch[0] ra[0] bg[2] ba[8] ro[0] co[3] @605
WRITE ch[0] ra[0] bg[1] ba[6] ro[0] co[6] @607
WRITE ch[0] ra[0] bg[2] ba[8] ro[0] co[4] @609
WRITE ch[0] ra[0] bg[1] ba[6] ro[0] co[7] @611
WRITE ch[0] ra[0] bg[2] ba[8] ro[0] co[5] @613
WRITE ch[0] ra[0] bg[1] ba[6] ro[0] co[8] @615
WRITE ch[0] ra[0] bg[2] ba[8] ro[0] co[6] @617
WRITE ch[0] ra[0] bg[1] ba[6] ro[0] co[9] @619
WRITE ch[0] ra[0] bg[2] ba[8] ro[0] co[7] @621
WRITE ch[0] ra[0] bg[1] ba[6] ro[0] co[10] @623
WRITE ch[0] ra[0] bg[2] ba[8] ro[0] co[8] @625
WRITE ch[0] ra[0] bg[1] ba[6] ro[0] co[11] @627
WRITE ch[0] ra[0] bg[2] ba[8] ro[0] co[9] @629
WRITE ch[0] ra[0] bg[1] ba[6] ro[0] co[12] @631
WRITE ch[0] ra[0] bg[2] ba[8] ro[0] co[10] @633
WRITE ch[0] ra[0] bg[1] ba[6] ro[0] co[13] @635
WRITE ch[0] ra[0] bg[2] ba[8] ro[0] co[11] @637
WRITE ch[0] ra[0] bg[1] ba[6] ro[0] co[14] @639
WRITE ch[0] ra[0] bg[2] ba[8] ro[0] co[12] @641
WRITE ch[0] ra[0] bg[1] ba[6] ro[0] co[15] @643
WRITE ch[0] ra[0] bg[2] ba[8] ro[0] co[13] @645
WRITE ch[0] ra[0] bg[1] ba[6] ro[0] co[16] @647
WRITE ch[0] ra[0] bg[2] ba[8] ro[0] co[14] @649
WRITE ch[0] ra[0] bg[1] ba[6] ro[0] co[17] @651
WRITE ch[0] ra[0] bg[2] ba[8] ro[0] co[15] @653
WRITE ch[0] ra[0] bg[1] ba[6] ro[0] co[18] @655
WRITE ch[0] ra[0] bg[2] ba[8] ro[0] co[16] @657
WRITE ch[0] ra[0] bg[1] ba[6] ro[0] co[19] @659
WRITE ch[0] ra[0] bg[2] ba[8] ro[0] co[17] @661
WRITE ch[0] ra[0] bg[1] ba[6] ro[0] co[20] @663
WRITE ch[0] ra[0] bg[2] ba[8] ro[0] co[18] @665
WRITE ch[0] ra[0] bg[1] ba[6] ro[0] co[21] @667
WRITE ch[0] ra[0] bg[2] ba[8] ro[0] co[19] @669
WRITE ch[0] ra[0] bg[1] ba[6] ro[0] co[22] @671
WRITE ch[0] ra[0] bg[2] ba[8] ro[0] co[20] @673
WRITE ch[0] ra[0] bg[1] ba[6] ro[0] co[23] @675
WRITE ch[0] ra[0] bg[2] ba[8] ro[0] co[21] @677
WRITE ch[0] ra[0] bg[1] ba[6] ro[0] co[24] @679
WRITE ch[0] ra[0] bg[2] ba[8] ro[0] co[22] @681
WRITE ch[0] ra[0] bg[1] ba[6] ro[0] co[25] @683
WRITE ch[0] ra[0] bg[2] ba[8] ro[0] co[23] @685
WRITE ch[0] ra[0] bg[1] ba[6] ro[0] co[26] @687
WRITE ch[0] ra[0] bg[2] ba[8] ro[0] co[24] @689
WRITE ch[0] ra[0] bg[1] ba[6] ro[0] co[27] @691
WRITE ch[0] ra[0] bg[2] ba[8] ro[0] co[25] @693
WRITE ch[0] ra[0] bg[1] ba[6] ro[0] co[28] @695
WRITE ch[0] ra[0] bg[2] ba[8] ro[0] co[26] @697
WRITE ch[0] ra[0] bg[1] ba[6] ro[0] co[29] @699
WRITE ch[0] ra[0] bg[2] ba[8] ro[0] co[27] @701
WRITE ch[0] ra[0] bg[1] ba[6] ro[0] co[30] @703
WRITE ch[0] ra[0] bg[2] ba[8] ro[0] co[28] @705
WRITE ch[0] ra[0] bg[1] ba[6] ro[0] co[31] @707
WRITE ch[0] ra[0] bg[2] ba[8] ro[0] co[29] @709
WRITE ch[0] ra[0] bg[2] ba[8] ro[0] co[30] @713
WRITE ch[0] ra[0] bg[2] ba[8] ro[0] co[31] @717
PRECHARGE ch[0] ra[0] bg[1] ba[6] ro[0] @733
PRECHARGE ch[0] ra[0] bg[2] ba[8] ro[0] @743
ACTIVATE ch[0] ra[0] bg[1] ba[6] ro[1] co[0] @747 tag : 
WRITE ch[0] ra[0] bg[1] ba[6] ro[1] co[0] @757
ACTIVATE ch[0] ra[0] bg[2] ba[8] ro[1] co[0] @758 tag : 
WRITE ch[0] ra[0] bg[1] ba[6] ro[1] co[1] @761
ACTIVATE ch[0] ra[0] bg[2] ba[10] ro[0] co[0] @764 tag : 
WRITE ch[0] ra[0] bg[1] ba[6] ro[1] co[2] @765
WRITE ch[0] ra[0] bg[2] ba[8] ro[1] co[0] @768
WRITE ch[0] ra[0] bg[1] ba[6] ro[1] co[3] @770
WRITE ch[0] ra[0] bg[2] ba[8] ro[1] co[1] @772
WRITE ch[0] ra[0] bg[1] ba[6] ro[1] co[4] @774
WRITE ch[0] ra[0] bg[2] ba[8] ro[1] co[2] @776
WRITE ch[0] ra[0] bg[1] ba[6] ro[1] co[5] @778
WRITE ch[0] ra[0] bg[2] ba[8] ro[1] co[3] @780
WRITE ch[0] ra[0] bg[1] ba[6] ro[1] co[6] @782
WRITE ch[0] ra[0] bg[2] ba[8] ro[1] co[4] @784
WRITE ch[0] ra[0] bg[1] ba[6] ro[1] co[7] @786
WRITE ch[0] ra[0] bg[2] ba[8] ro[1] co[5] @788
WRITE ch[0] ra[0] bg[1] ba[6] ro[1] co[8] @790
WRITE ch[0] ra[0] bg[2] ba[8] ro[1] co[6] @792
WRITE ch[0] ra[0] bg[1] ba[6] ro[1] co[9] @794
WRITE ch[0] ra[0] bg[2] ba[8] ro[1] co[7] @796
WRITE ch[0] ra[0] bg[1] ba[6] ro[1] co[10] @798
WRITE ch[0] ra[0] bg[2] ba[8] ro[1] co[8] @800
WRITE ch[0] ra[0] bg[1] ba[6] ro[1] co[11] @802
WRITE ch[0] ra[0] bg[2] ba[8] ro[1] co[9] @804
WRITE ch[0] ra[0] bg[1] ba[6] ro[1] co[12] @806
WRITE ch[0] ra[0] bg[2] ba[8] ro[1] co[10] @808
WRITE ch[0] ra[0] bg[1] ba[6] ro[1] co[13] @810
WRITE ch[0] ra[0] bg[2] ba[8] ro[1] co[11] @812
WRITE ch[0] ra[0] bg[1] ba[6] ro[1] co[14] @814
WRITE ch[0] ra[0] bg[2] ba[8] ro[1] co[12] @816
WRITE ch[0] ra[0] bg[1] ba[6] ro[1] co[15] @818
WRITE ch[0] ra[0] bg[2] ba[8] ro[1] co[13] @820
WRITE ch[0] ra[0] bg[1] ba[6] ro[1] co[16] @822
WRITE ch[0] ra[0] bg[2] ba[8] ro[1] co[14] @824
WRITE ch[0] ra[0] bg[1] ba[6] ro[1] co[17] @826
WRITE ch[0] ra[0] bg[2] ba[8] ro[1] co[15] @828
WRITE ch[0] ra[0] bg[1] ba[6] ro[1] co[18] @830
WRITE ch[0] ra[0] bg[2] ba[8] ro[1] co[16] @832
WRITE ch[0] ra[0] bg[1] ba[6] ro[1] co[19] @834
WRITE ch[0] ra[0] bg[2] ba[8] ro[1] co[17] @836
WRITE ch[0] ra[0] bg[1] ba[6] ro[1] co[20] @838
WRITE ch[0] ra[0] bg[2] ba[8] ro[1] co[18] @840
WRITE ch[0] ra[0] bg[1] ba[6] ro[1] co[21] @842
WRITE ch[0] ra[0] bg[2] ba[8] ro[1] co[19] @844
WRITE ch[0] ra[0] bg[1] ba[6] ro[1] co[22] @846
WRITE ch[0] ra[0] bg[2] ba[8] ro[1] co[20] @848
WRITE ch[0] ra[0] bg[1] ba[6] ro[1] co[23] @850
WRITE ch[0] ra[0] bg[2] ba[8] ro[1] co[21] @852
WRITE ch[0] ra[0] bg[1] ba[6] ro[1] co[24] @854
WRITE ch[0] ra[0] bg[2] ba[8] ro[1] co[22] @856
WRITE ch[0] ra[0] bg[1] ba[6] ro[1] co[25] @858
WRITE ch[0] ra[0] bg[2] ba[8] ro[1] co[23] @860
WRITE ch[0] ra[0] bg[1] ba[6] ro[1] co[26] @862
WRITE ch[0] ra[0] bg[2] ba[8] ro[1] co[24] @864
WRITE ch[0] ra[0] bg[1] ba[6] ro[1] co[27] @866
WRITE ch[0] ra[0] bg[2] ba[8] ro[1] co[25] @868
WRITE ch[0] ra[0] bg[1] ba[6] ro[1] co[28] @870
WRITE ch[0] ra[0] bg[2] ba[8] ro[1] co[26] @872
WRITE ch[0] ra[0] bg[1] ba[6] ro[1] co[29] @874
WRITE ch[0] ra[0] bg[2] ba[8] ro[1] co[27] @876
WRITE ch[0] ra[0] bg[1] ba[6] ro[1] co[30] @878
WRITE ch[0] ra[0] bg[2] ba[8] ro[1] co[28] @880
WRITE ch[0] ra[0] bg[1] ba[6] ro[1] co[31] @882
WRITE ch[0] ra[0] bg[2] ba[8] ro[1] co[29] @884
WRITE ch[0] ra[0] bg[2] ba[8] ro[1] co[30] @888
WRITE ch[0] ra[0] bg[2] ba[8] ro[1] co[31] @892
WRITE ch[0] ra[0] bg[2] ba[10] ro[0] co[0] @896
ACTIVATE ch[0] ra[0] bg[3] ba[12] ro[0] co[0] @897 tag : 
WRITE ch[0] ra[0] bg[2] ba[10] ro[0] co[1] @900
WRITE ch[0] ra[0] bg[2] ba[10] ro[0] co[2] @904
WRITE ch[0] ra[0] bg[3] ba[12] ro[0] co[0] @907
PRECHARGE ch[0] ra[0] bg[1] ba[6] ro[1] @908
WRITE ch[0] ra[0] bg[2] ba[10] ro[0] co[3] @909
WRITE ch[0] ra[0] bg[3] ba[12] ro[0] co[1] @911
WRITE ch[0] ra[0] bg[2] ba[10] ro[0] co[4] @913
WRITE ch[0] ra[0] bg[3] ba[12] ro[0] co[2] @915
WRITE ch[0] ra[0] bg[2] ba[10] ro[0] co[5] @917
PRECHARGE ch[0] ra[0] bg[2] ba[8] ro[1] @918
WRITE ch[0] ra[0] bg[3] ba[12] ro[0] co[3] @919
WRITE ch[0] ra[0] bg[2] ba[10] ro[0] co[6] @921
WRITE ch[0] ra[0] bg[3] ba[12] ro[0] co[4] @923
WRITE ch[0] ra[0] bg[2] ba[10] ro[0] co[7] @925
WRITE ch[0] ra[0] bg[3] ba[12] ro[0] co[5] @927
WRITE ch[0] ra[0] bg[2] ba[10] ro[0] co[8] @929
WRITE ch[0] ra[0] bg[3] ba[12] ro[0] co[6] @931
WRITE ch[0] ra[0] bg[2] ba[10] ro[0] co[9] @933
WRITE ch[0] ra[0] bg[3] ba[12] ro[0] co[7] @935
WRITE ch[0] ra[0] bg[2] ba[10] ro[0] co[10] @937
WRITE ch[0] ra[0] bg[3] ba[12] ro[0] co[8] @939
WRITE ch[0] ra[0] bg[2] ba[10] ro[0] co[11] @941
WRITE ch[0] ra[0] bg[3] ba[12] ro[0] co[9] @943
WRITE ch[0] ra[0] bg[2] ba[10] ro[0] co[12] @945
WRITE ch[0] ra[0] bg[3] ba[12] ro[0] co[10] @947
WRITE ch[0] ra[0] bg[2] ba[10] ro[0] co[13] @949
WRITE ch[0] ra[0] bg[3] ba[12] ro[0] co[11] @951
WRITE ch[0] ra[0] bg[2] ba[10] ro[0] co[14] @953
WRITE ch[0] ra[0] bg[3] ba[12] ro[0] co[12] @955
WRITE ch[0] ra[0] bg[2] ba[10] ro[0] co[15] @957
WRITE ch[0] ra[0] bg[3] ba[12] ro[0] co[13] @959
WRITE ch[0] ra[0] bg[2] ba[10] ro[0] co[16] @961
WRITE ch[0] ra[0] bg[3] ba[12] ro[0] co[14] @963
WRITE ch[0] ra[0] bg[2] ba[10] ro[0] co[17] @965
WRITE ch[0] ra[0] bg[3] ba[12] ro[0] co[15] @967
WRITE ch[0] ra[0] bg[2] ba[10] ro[0] co[18] @969
WRITE ch[0] ra[0] bg[3] ba[12] ro[0] co[16] @971
WRITE ch[0] ra[0] bg[2] ba[10] ro[0] co[19] @973
WRITE ch[0] ra[0] bg[3] ba[12] ro[0] co[17] @975
WRITE ch[0] ra[0] bg[2] ba[10] ro[0] co[20] @977
WRITE ch[0] ra[0] bg[3] ba[12] ro[0] co[18] @979
WRITE ch[0] ra[0] bg[2] ba[10] ro[0] co[21] @981
WRITE ch[0] ra[0] bg[3] ba[12] ro[0] co[19] @983
WRITE ch[0] ra[0] bg[2] ba[10] ro[0] co[22] @985
WRITE ch[0] ra[0] bg[3] ba[12] ro[0] co[20] @987
WRITE ch[0] ra[0] bg[2] ba[10] ro[0] co[23] @989
WRITE ch[0] ra[0] bg[3] ba[12] ro[0] co[21] @991
WRITE ch[0] ra[0] bg[2] ba[10] ro[0] co[24] @993
WRITE ch[0] ra[0] bg[3] ba[12] ro[0] co[22] @995
WRITE ch[0] ra[0] bg[2] ba[10] ro[0] co[25] @997
WRITE ch[0] ra[0] bg[3] ba[12] ro[0] co[23] @999
WRITE ch[0] ra[0] bg[2] ba[10] ro[0] co[26] @1001
WRITE ch[0] ra[0] bg[3] ba[12] ro[0] co[24] @1003
WRITE ch[0] ra[0] bg[2] ba[10] ro[0] co[27] @1005
WRITE ch[0] ra[0] bg[3] ba[12] ro[0] co[25] @1007
WRITE ch[0] ra[0] bg[2] ba[10] ro[0] co[28] @1009
WRITE ch[0] ra[0] bg[3] ba[12] ro[0] co[26] @1011
WRITE ch[0] ra[0] bg[2] ba[10] ro[0] co[29] @1013
WRITE ch[0] ra[0] bg[3] ba[12] ro[0] co[27] @1015
WRITE ch[0] ra[0] bg[2] ba[10] ro[0] co[30] @1017
WRITE ch[0] ra[0] bg[3] ba[12] ro[0] co[28] @1019
WRITE ch[0] ra[0] bg[2] ba[10] ro[0] co[31] @1021
WRITE ch[0] ra[0] bg[3] ba[12] ro[0] co[29] @1023
WRITE ch[0] ra[0] bg[3] ba[12] ro[0] co[30] @1027
WRITE ch[0] ra[0] bg[3] ba[12] ro[0] co[31] @1031
PRECHARGE ch[0] ra[0] bg[2] ba[10] ro[0] @1047
PRECHARGE ch[0] ra[0] bg[3] ba[12] ro[0] @1057
ACTIVATE ch[0] ra[0] bg[2] ba[10] ro[1] co[0] @1061 tag : 
WRITE ch[0] ra[0] bg[2] ba[10] ro[1] co[0] @1071
ACTIVATE ch[0] ra[0] bg[3] ba[12] ro[1] co[0] @1072 tag : 
WRITE ch[0] ra[0] bg[2] ba[10] ro[1] co[1] @1075
ACTIVATE ch[0] ra[0] bg[3] ba[14] ro[0] co[0] @1078 tag : 
WRITE ch[0] ra[0] bg[2] ba[10] ro[1] co[2] @1079
WRITE ch[0] ra[0] bg[3] ba[12] ro[1] co[0] @1082
WRITE ch[0] ra[0] bg[2] ba[10] ro[1] co[3] @1084
WRITE ch[0] ra[0] bg[3] ba[12] ro[1] co[1] @1086
WRITE ch[0] ra[0] bg[2] ba[10] ro[1] co[4] @1088
WRITE ch[0] ra[0] bg[3] ba[12] ro[1] co[2] @1090
WRITE ch[0] ra[0] bg[2] ba[10] ro[1] co[5] @1092
WRITE ch[0] ra[0] bg[3] ba[12] ro[1] co[3] @1094
WRITE ch[0] ra[0] bg[2] ba[10] ro[1] co[6] @1096
WRITE ch[0] ra[0] bg[3] ba[12] ro[1] co[4] @1098
WRITE ch[0] ra[0] bg[2] ba[10] ro[1] co[7] @1100
WRITE ch[0] ra[0] bg[3] ba[12] ro[1] co[5] @1102
WRITE ch[0] ra[0] bg[2] ba[10] ro[1] co[8] @1104
WRITE ch[0] ra[0] bg[3] ba[12] ro[1] co[6] @1106
WRITE ch[0] ra[0] bg[2] ba[10] ro[1] co[9] @1108
WRITE ch[0] ra[0] bg[3] ba[12] ro[1] co[7] @1110
WRITE ch[0] ra[0] bg[2] ba[10] ro[1] co[10] @1112
WRITE ch[0] ra[0] bg[3] ba[12] ro[1] co[8] @1114
WRITE ch[0] ra[0] bg[2] ba[10] ro[1] co[11] @1116
WRITE ch[0] ra[0] bg[3] ba[12] ro[1] co[9] @1118
WRITE ch[0] ra[0] bg[2] ba[10] ro[1] co[12] @1120
WRITE ch[0] ra[0] bg[3] ba[12] ro[1] co[10] @1122
WRITE ch[0] ra[0] bg[2] ba[10] ro[1] co[13] @1124
WRITE ch[0] ra[0] bg[3] ba[12] ro[1] co[11] @1126
WRITE ch[0] ra[0] bg[2] ba[10] ro[1] co[14] @1128
WRITE ch[0] ra[0] bg[3] ba[12] ro[1] co[12] @1130
WRITE ch[0] ra[0] bg[2] ba[10] ro[1] co[15] @1132
WRITE ch[0] ra[0] bg[3] ba[12] ro[1] co[13] @1134
WRITE ch[0] ra[0] bg[2] ba[10] ro[1] co[16] @1136
WRITE ch[0] ra[0] bg[3] ba[12] ro[1] co[14] @1138
WRITE ch[0] ra[0] bg[2] ba[10] ro[1] co[17] @1140
WRITE ch[0] ra[0] bg[3] ba[12] ro[1] co[15] @1142
WRITE ch[0] ra[0] bg[2] ba[10] ro[1] co[18] @1144
WRITE ch[0] ra[0] bg[3] ba[12] ro[1] co[16] @1146
WRITE ch[0] ra[0] bg[2] ba[10] ro[1] co[19] @1148
WRITE ch[0] ra[0] bg[3] ba[12] ro[1] co[17] @1150
WRITE ch[0] ra[0] bg[2] ba[10] ro[1] co[20] @1152
WRITE ch[0] ra[0] bg[3] ba[12] ro[1] co[18] @1154
WRITE ch[0] ra[0] bg[2] ba[10] ro[1] co[21] @1156
WRITE ch[0] ra[0] bg[3] ba[12] ro[1] co[19] @1158
WRITE ch[0] ra[0] bg[2] ba[10] ro[1] co[22] @1160
WRITE ch[0] ra[0] bg[3] ba[12] ro[1] co[20] @1162
WRITE ch[0] ra[0] bg[2] ba[10] ro[1] co[23] @1164
WRITE ch[0] ra[0] bg[3] ba[12] ro[1] co[21] @1166
WRITE ch[0] ra[0] bg[2] ba[10] ro[1] co[24] @1168
WRITE ch[0] ra[0] bg[3] ba[12] ro[1] co[22] @1170
WRITE ch[0] ra[0] bg[2] ba[10] ro[1] co[25] @1172
WRITE ch[0] ra[0] bg[3] ba[12] ro[1] co[23] @1174
WRITE ch[0] ra[0] bg[2] ba[10] ro[1] co[26] @1176
WRITE ch[0] ra[0] bg[3] ba[12] ro[1] co[24] @1178
WRITE ch[0] ra[0] bg[2] ba[10] ro[1] co[27] @1180
WRITE ch[0] ra[0] bg[3] ba[12] ro[1] co[25] @1182
WRITE ch[0] ra[0] bg[2] ba[10] ro[1] co[28] @1184
WRITE ch[0] ra[0] bg[3] ba[12] ro[1] co[26] @1186
WRITE ch[0] ra[0] bg[2] ba[10] ro[1] co[29] @1188
WRITE ch[0] ra[0] bg[3] ba[12] ro[1] co[27] @1190
WRITE ch[0] ra[0] bg[2] ba[10] ro[1] co[30] @1192
WRITE ch[0] ra[0] bg[3] ba[12] ro[1] co[28] @1194
WRITE ch[0] ra[0] bg[2] ba[10] ro[1] co[31] @1196
WRITE ch[0] ra[0] bg[3] ba[12] ro[1] co[29] @1198
WRITE ch[0] ra[0] bg[3] ba[12] ro[1] co[30] @1202
WRITE ch[0] ra[0] bg[3] ba[12] ro[1] co[31] @1206
WRITE ch[0] ra[0] bg[3] ba[14] ro[0] co[0] @1210
ACTIVATE ch[0] ra[0] bg[0] ba[1] ro[0] co[0] @1211 tag : 
WRITE ch[0] ra[0] bg[3] ba[14] ro[0] co[1] @1214
WRITE ch[0] ra[0] bg[3] ba[14] ro[0] co[2] @1218
WRITE ch[0] ra[0] bg[0] ba[1] ro[0] co[0] @1221
PRECHARGE ch[0] ra[0] bg[2] ba[10] ro[1] @1222
WRITE ch[0] ra[0] bg[3] ba[14] ro[0] co[3] @1223
WRITE ch[0] ra[0] bg[0] ba[1] ro[0] co[1] @1225
WRITE ch[0] ra[0] bg[3] ba[14] ro[0] co[4] @1227
WRITE ch[0] ra[0] bg[0] ba[1] ro[0] co[2] @1229
WRITE ch[0] ra[0] bg[3] ba[14] ro[0] co[5] @1231
PRECHARGE ch[0] ra[0] bg[3] ba[12] ro[1] @1232
WRITE ch[0] ra[0] bg[0] ba[1] ro[0] co[3] @1233
WRITE ch[0] ra[0] bg[3] ba[14] ro[0] co[6] @1235
WRITE ch[0] ra[0] bg[0] ba[1] ro[0] co[4] @1237
WRITE ch[0] ra[0] bg[3] ba[14] ro[0] co[7] @1239
WRITE ch[0] ra[0] bg[0] ba[1] ro[0] co[5] @1241
WRITE ch[0] ra[0] bg[3] ba[14] ro[0] co[8] @1243
WRITE ch[0] ra[0] bg[0] ba[1] ro[0] co[6] @1245
WRITE ch[0] ra[0] bg[3] ba[14] ro[0] co[9] @1247
WRITE ch[0] ra[0] bg[0] ba[1] ro[0] co[7] @1249
WRITE ch[0] ra[0] bg[3] ba[14] ro[0] co[10] @1251
WRITE ch[0] ra[0] bg[0] ba[1] ro[0] co[8] @1253
WRITE ch[0] ra[0] bg[3] ba[14] ro[0] co[11] @1255
WRITE ch[0] ra[0] bg[0] ba[1] ro[0] co[9] @1257
WRITE ch[0] ra[0] bg[3] ba[14] ro[0] co[12] @1259
WRITE ch[0] ra[0] bg[0] ba[1] ro[0] co[10] @1261
WRITE ch[0] ra[0] bg[3] ba[14] ro[0] co[13] @1263
WRITE ch[0] ra[0] bg[0] ba[1] ro[0] co[11] @1265
WRITE ch[0] ra[0] bg[3] ba[14] ro[0] co[14] @1267
WRITE ch[0] ra[0] bg[0] ba[1] ro[0] co[12] @1269
WRITE ch[0] ra[0] bg[3] ba[14] ro[0] co[15] @1271
WRITE ch[0] ra[0] bg[0] ba[1] ro[0] co[13] @1273
WRITE ch[0] ra[0] bg[3] ba[14] ro[0] co[16] @1275
WRITE ch[0] ra[0] bg[0] ba[1] ro[0] co[14] @1277
WRITE ch[0] ra[0] bg[3] ba[14] ro[0] co[17] @1279
WRITE ch[0] ra[0] bg[0] ba[1] ro[0] co[15] @1281
WRITE ch[0] ra[0] bg[3] ba[14] ro[0] co[18] @1283
WRITE ch[0] ra[0] bg[0] ba[1] ro[0] co[16] @1285
WRITE ch[0] ra[0] bg[3] ba[14] ro[0] co[19] @1287
WRITE ch[0] ra[0] bg[0] ba[1] ro[0] co[17] @1289
WRITE ch[0] ra[0] bg[3] ba[14] ro[0] co[20] @1291
WRITE ch[0] ra[0] bg[0] ba[1] ro[0] co[18] @1293
WRITE ch[0] ra[0] bg[3] ba[14] ro[0] co[21] @1295
WRITE ch[0] ra[0] bg[0] ba[1] ro[0] co[19] @1297
WRITE ch[0] ra[0] bg[3] ba[14] ro[0] co[22] @1299
WRITE ch[0] ra[0] bg[0] ba[1] ro[0] co[20] @1301
WRITE ch[0] ra[0] bg[3] ba[14] ro[0] co[23] @1303
WRITE ch[0] ra[0] bg[0] ba[1] ro[0] co[21] @1305
WRITE ch[0] ra[0] bg[3] ba[14] ro[0] co[24] @1307
WRITE ch[0] ra[0] bg[0] ba[1] ro[0] co[22] @1309
WRITE ch[0] ra[0] bg[3] ba[14] ro[0] co[25] @1311
WRITE ch[0] ra[0] bg[0] ba[1] ro[0] co[23] @1313
WRITE ch[0] ra[0] bg[3] ba[14] ro[0] co[26] @1315
WRITE ch[0] ra[0] bg[0] ba[1] ro[0] co[24] @1317
WRITE ch[0] ra[0] bg[3] ba[14] ro[0] co[27] @1319
WRITE ch[0] ra[0] bg[0] ba[1] ro[0] co[25] @1321
WRITE ch[0] ra[0] bg[3] ba[14] ro[0] co[28] @1323
WRITE ch[0] ra[0] bg[0] ba[1] ro[0] co[26] @1325
WRITE ch[0] ra[0] bg[3] ba[14] ro[0] co[29] @1327
WRITE ch[0] ra[0] bg[0] ba[1] ro[0] co[27] @1329
WRITE ch[0] ra[0] bg[3] ba[14] ro[0] co[30] @1331
WRITE ch[0] ra[0] bg[0] ba[1] ro[0] co[28] @1333
WRITE ch[0] ra[0] bg[3] ba[14] ro[0] co[31] @1335
WRITE ch[0] ra[0] bg[0] ba[1] ro[0] co[29] @1337
WRITE ch[0] ra[0] bg[0] ba[1] ro[0] co[30] @1341
WRITE ch[0] ra[0] bg[0] ba[1] ro[0] co[31] @1345
PRECHARGE ch[0] ra[0] bg[3] ba[14] ro[0] @1361
PRECHARGE ch[0] ra[0] bg[0] ba[1] ro[0] @1371
ACTIVATE ch[0] ra[0] bg[3] ba[14] ro[1] co[0] @1375 tag : 
WRITE ch[0] ra[0] bg[3] ba[14] ro[1] co[0] @1385
ACTIVATE ch[0] ra[0] bg[0] ba[1] ro[1] co[0] @1386 tag : 
WRITE ch[0] ra[0] bg[3] ba[14] ro[1] co[1] @1389
ACTIVATE ch[0] ra[0] bg[0] ba[3] ro[0] co[0] @1392 tag : 
WRITE ch[0] ra[0] bg[3] ba[14] ro[1] co[2] @1393
WRITE ch[0] ra[0] bg[0] ba[1] ro[1] co[0] @1396
WRITE ch[0] ra[0] bg[3] ba[14] ro[1] co[3] @1398
WRITE ch[0] ra[0] bg[0] ba[1] ro[1] co[1] @1400
WRITE ch[0] ra[0] bg[3] ba[14] ro[1] co[4] @1402
WRITE ch[0] ra[0] bg[0] ba[1] ro[1] co[2] @1404
WRITE ch[0] ra[0] bg[3] ba[14] ro[1] co[5] @1406
WRITE ch[0] ra[0] bg[0] ba[1] ro[1] co[3] @1408
WRITE ch[0] ra[0] bg[3] ba[14] ro[1] co[6] @1410
WRITE ch[0] ra[0] bg[0] ba[1] ro[1] co[4] @1412
WRITE ch[0] ra[0] bg[3] ba[14] ro[1] co[7] @1414
WRITE ch[0] ra[0] bg[0] ba[1] ro[1] co[5] @1416
WRITE ch[0] ra[0] bg[3] ba[14] ro[1] co[8] @1418
WRITE ch[0] ra[0] bg[0] ba[1] ro[1] co[6] @1420
WRITE ch[0] ra[0] bg[3] ba[14] ro[1] co[9] @1422
WRITE ch[0] ra[0] bg[0] ba[1] ro[1] co[7] @1424
WRITE ch[0] ra[0] bg[3] ba[14] ro[1] co[10] @1426
WRITE ch[0] ra[0] bg[0] ba[1] ro[1] co[8] @1428
WRITE ch[0] ra[0] bg[3] ba[14] ro[1] co[11] @1430
WRITE ch[0] ra[0] bg[0] ba[1] ro[1] co[9] @1432
WRITE ch[0] ra[0] bg[3] ba[14] ro[1] co[12] @1434
WRITE ch[0] ra[0] bg[0] ba[1] ro[1] co[10] @1436
WRITE ch[0] ra[0] bg[3] ba[14] ro[1] co[13] @1438
WRITE ch[0] ra[0] bg[0] ba[1] ro[1] co[11] @1440
WRITE ch[0] ra[0] bg[3] ba[14] ro[1] co[14] @1442
WRITE ch[0] ra[0] bg[0] ba[1] ro[1] co[12] @1444
WRITE ch[0] ra[0] bg[3] ba[14] ro[1] co[15] @1446
WRITE ch[0] ra[0] bg[0] ba[1] ro[1] co[13] @1448
WRITE ch[0] ra[0] bg[3] ba[14] ro[1] co[16] @1450
WRITE ch[0] ra[0] bg[0] ba[1] ro[1] co[14] @1452
WRITE ch[0] ra[0] bg[3] ba[14] ro[1] co[17] @1454
WRITE ch[0] ra[0] bg[0] ba[1] ro[1] co[15] @1456
WRITE ch[0] ra[0] bg[3] ba[14] ro[1] co[18] @1458
WRITE ch[0] ra[0] bg[0] ba[1] ro[1] co[16] @1460
WRITE ch[0] ra[0] bg[3] ba[14] ro[1] co[19] @1462
WRITE ch[0] ra[0] bg[0] ba[1] ro[1] co[17] @1464
WRITE ch[0] ra[0] bg[3] ba[14] ro[1] co[20] @1466
WRITE ch[0] ra[0] bg[0] ba[1] ro[1] co[18] @1468
WRITE ch[0] ra[0] bg[3] ba[14] ro[1] co[21] @1470
WRITE ch[0] ra[0] bg[0] ba[1] ro[1] co[19] @1472
WRITE ch[0] ra[0] bg[3] ba[14] ro[1] co[22] @1474
WRITE ch[0] ra[0] bg[0] ba[1] ro[1] co[20] @1476
WRITE ch[0] ra[0] bg[3] ba[14] ro[1] co[23] @1478
WRITE ch[0] ra[0] bg[0] ba[1] ro[1] co[21] @1480
WRITE ch[0] ra[0] bg[3] ba[14] ro[1] co[24] @1482
WRITE ch[0] ra[0] bg[0] ba[1] ro[1] co[22] @1484
WRITE ch[0] ra[0] bg[3] ba[14] ro[1] co[25] @1486
WRITE ch[0] ra[0] bg[0] ba[1] ro[1] co[23] @1488
WRITE ch[0] ra[0] bg[3] ba[14] ro[1] co[26] @1490
WRITE ch[0] ra[0] bg[0] ba[1] ro[1] co[24] @1492
WRITE ch[0] ra[0] bg[3] ba[14] ro[1] co[27] @1494
WRITE ch[0] ra[0] bg[0] ba[1] ro[1] co[25] @1496
WRITE ch[0] ra[0] bg[3] ba[14] ro[1] co[28] @1498
WRITE ch[0] ra[0] bg[0] ba[1] ro[1] co[26] @1500
WRITE ch[0] ra[0] bg[3] ba[14] ro[1] co[29] @1502
WRITE ch[0] ra[0] bg[0] ba[1] ro[1] co[27] @1504
WRITE ch[0] ra[0] bg[3] ba[14] ro[1] co[30] @1506
WRITE ch[0] ra[0] bg[0] ba[1] ro[1] co[28] @1508
WRITE ch[0] ra[0] bg[3] ba[14] ro[1] co[31] @1510
WRITE ch[0] ra[0] bg[0] ba[1] ro[1] co[29] @1512
WRITE ch[0] ra[0] bg[0] ba[1] ro[1] co[30] @1516
WRITE ch[0] ra[0] bg[0] ba[1] ro[1] co[31] @1520
WRITE ch[0] ra[0] bg[0] ba[3] ro[0] co[0] @1524
ACTIVATE ch[0] ra[0] bg[1] ba[5] ro[0] co[0] @1525 tag : 
WRITE ch[0] ra[0] bg[0] ba[3] ro[0] co[1] @1528
WRITE ch[0] ra[0] bg[0] ba[3] ro[0] co[2] @1532
WRITE ch[0] ra[0] bg[1] ba[5] ro[0] co[0] @1535
PRECHARGE ch[0] ra[0] bg[3] ba[14] ro[1] @1536
WRITE ch[0] ra[0] bg[0] ba[3] ro[0] co[3] @1537
WRITE ch[0] ra[0] bg[1] ba[5] ro[0] co[1] @1539
WRITE ch[0] ra[0] bg[0] ba[3] ro[0] co[4] @1541
WRITE ch[0] ra[0] bg[1] ba[5] ro[0] co[2] @1543
WRITE ch[0] ra[0] bg[0] ba[3] ro[0] co[5] @1545
PRECHARGE ch[0] ra[0] bg[0] ba[1] ro[1] @1546
WRITE ch[0] ra[0] bg[1] ba[5] ro[0] co[3] @1547
WRITE ch[0] ra[0] bg[0] ba[3] ro[0] co[6] @1549
WRITE ch[0] ra[0] bg[1] ba[5] ro[0] co[4] @1551
WRITE ch[0] ra[0] bg[0] ba[3] ro[0] co[7] @1553
WRITE ch[0] ra[0] bg[1] ba[5] ro[0] co[5] @1555
WRITE ch[0] ra[0] bg[0] ba[3] ro[0] co[8] @1557
WRITE ch[0] ra[0] bg[1] ba[5] ro[0] co[6] @1559
WRITE ch[0] ra[0] bg[0] ba[3] ro[0] co[9] @1561
WRITE ch[0] ra[0] bg[1] ba[5] ro[0] co[7] @1563
WRITE ch[0] ra[0] bg[0] ba[3] ro[0] co[10] @1565
WRITE ch[0] ra[0] bg[1] ba[5] ro[0] co[8] @1567
WRITE ch[0] ra[0] bg[0] ba[3] ro[0] co[11] @1569
WRITE ch[0] ra[0] bg[1] ba[5] ro[0] co[9] @1571
WRITE ch[0] ra[0] bg[0] ba[3] ro[0] co[12] @1573
WRITE ch[0] ra[0] bg[1] ba[5] ro[0] co[10] @1575
WRITE ch[0] ra[0] bg[0] ba[3] ro[0] co[13] @1577
WRITE ch[0] ra[0] bg[1] ba[5] ro[0] co[11] @1579
WRITE ch[0] ra[0] bg[0] ba[3] ro[0] co[14] @1581
WRITE ch[0] ra[0] bg[1] ba[5] ro[0] co[12] @1583
WRITE ch[0] ra[0] bg[0] ba[3] ro[0] co[15] @1585
WRITE ch[0] ra[0] bg[1] ba[5] ro[0] co[13] @1587
WRITE ch[0] ra[0] bg[0] ba[3] ro[0] co[16] @1589
WRITE ch[0] ra[0] bg[1] ba[5] ro[0] co[14] @1591
WRITE ch[0] ra[0] bg[0] ba[3] ro[0] co[17] @1593
WRITE ch[0] ra[0] bg[1] ba[5] ro[0] co[15] @1595
WRITE ch[0] ra[0] bg[0] ba[3] ro[0] co[18] @1597
WRITE ch[0] ra[0] bg[1] ba[5] ro[0] co[16] @1599
WRITE ch[0] ra[0] bg[0] ba[3] ro[0] co[19] @1601
WRITE ch[0] ra[0] bg[1] ba[5] ro[0] co[17] @1603
WRITE ch[0] ra[0] bg[0] ba[3] ro[0] co[20] @1605
WRITE ch[0] ra[0] bg[1] ba[5] ro[0] co[18] @1607
WRITE ch[0] ra[0] bg[0] ba[3] ro[0] co[21] @1609
WRITE ch[0] ra[0] bg[1] ba[5] ro[0] co[19] @1611
WRITE ch[0] ra[0] bg[0] ba[3] ro[0] co[22] @1613
WRITE ch[0] ra[0] bg[1] ba[5] ro[0] co[20] @1615
WRITE ch[0] ra[0] bg[0] ba[3] ro[0] co[23] @1617
WRITE ch[0] ra[0] bg[1] ba[5] ro[0] co[21] @1619
WRITE ch[0] ra[0] bg[0] ba[3] ro[0] co[24] @1621
WRITE ch[0] ra[0] bg[1] ba[5] ro[0] co[22] @1623
WRITE ch[0] ra[0] bg[0] ba[3] ro[0] co[25] @1625
WRITE ch[0] ra[0] bg[1] ba[5] ro[0] co[23] @1627
WRITE ch[0] ra[0] bg[0] ba[3] ro[0] co[26] @1629
WRITE ch[0] ra[0] bg[1] ba[5] ro[0] co[24] @1631
WRITE ch[0] ra[0] bg[0] ba[3] ro[0] co[27] @1633
WRITE ch[0] ra[0] bg[1] ba[5] ro[0] co[25] @1635
WRITE ch[0] ra[0] bg[0] ba[3] ro[0] co[28] @1637
WRITE ch[0] ra[0] bg[1] ba[5] ro[0] co[26] @1639
WRITE ch[0] ra[0] bg[0] ba[3] ro[0] co[29] @1641
WRITE ch[0] ra[0] bg[1] ba[5] ro[0] co[27] @1643
WRITE ch[0] ra[0] bg[0] ba[3] ro[0] co[30] @1645
WRITE ch[0] ra[0] bg[1] ba[5] ro[0] co[28] @1647
WRITE ch[0] ra[0] bg[0] ba[3] ro[0] co[31] @1649
WRITE ch[0] ra[0] bg[1] ba[5] ro[0] co[29] @1651
WRITE ch[0] ra[0] bg[1] ba[5] ro[0] co[30] @1655
WRITE ch[0] ra[0] bg[1] ba[5] ro[0] co[31] @1659
PRECHARGE ch[0] ra[0] bg[0] ba[3] ro[0] @1675
PRECHARGE ch[0] ra[0] bg[1] ba[5] ro[0] @1685
ACTIVATE ch[0] ra[0] bg[0] ba[3] ro[1] co[0] @1689 tag : 
WRITE ch[0] ra[0] bg[0] ba[3] ro[1] co[0] @1699
ACTIVATE ch[0] ra[0] bg[1] ba[5] ro[1] co[0] @1700 tag : 
WRITE ch[0] ra[0] bg[0] ba[3] ro[1] co[1] @1703
ACTIVATE ch[0] ra[0] bg[1] ba[7] ro[0] co[0] @1706 tag : 
WRITE ch[0] ra[0] bg[0] ba[3] ro[1] co[2] @1707
WRITE ch[0] ra[0] bg[1] ba[5] ro[1] co[0] @1710
WRITE ch[0] ra[0] bg[0] ba[3] ro[1] co[3] @1712
WRITE ch[0] ra[0] bg[1] ba[5] ro[1] co[1] @1714
WRITE ch[0] ra[0] bg[0] ba[3] ro[1] co[4] @1716
WRITE ch[0] ra[0] bg[1] ba[5] ro[1] co[2] @1718
WRITE ch[0] ra[0] bg[0] ba[3] ro[1] co[5] @1720
WRITE ch[0] ra[0] bg[1] ba[5] ro[1] co[3] @1722
WRITE ch[0] ra[0] bg[0] ba[3] ro[1] co[6] @1724
WRITE ch[0] ra[0] bg[1] ba[5] ro[1] co[4] @1726
WRITE ch[0] ra[0] bg[0] ba[3] ro[1] co[7] @1728
WRITE ch[0] ra[0] bg[1] ba[5] ro[1] co[5] @1730
WRITE ch[0] ra[0] bg[0] ba[3] ro[1] co[8] @1732
WRITE ch[0] ra[0] bg[1] ba[5] ro[1] co[6] @1734
WRITE ch[0] ra[0] bg[0] ba[3] ro[1] co[9] @1736
WRITE ch[0] ra[0] bg[1] ba[5] ro[1] co[7] @1738
WRITE ch[0] ra[0] bg[0] ba[3] ro[1] co[10] @1740
WRITE ch[0] ra[0] bg[1] ba[5] ro[1] co[8] @1742
WRITE ch[0] ra[0] bg[0] ba[3] ro[1] co[11] @1744
WRITE ch[0] ra[0] bg[1] ba[5] ro[1] co[9] @1746
WRITE ch[0] ra[0] bg[0] ba[3] ro[1] co[12] @1748
WRITE ch[0] ra[0] bg[1] ba[5] ro[1] co[10] @1750
WRITE ch[0] ra[0] bg[0] ba[3] ro[1] co[13] @1752
WRITE ch[0] ra[0] bg[1] ba[5] ro[1] co[11] @1754
WRITE ch[0] ra[0] bg[0] ba[3] ro[1] co[14] @1756
WRITE ch[0] ra[0] bg[1] ba[5] ro[1] co[12] @1758
WRITE ch[0] ra[0] bg[0] ba[3] ro[1] co[15] @1760
WRITE ch[0] ra[0] bg[1] ba[5] ro[1] co[13] @1762
WRITE ch[0] ra[0] bg[0] ba[3] ro[1] co[16] @1764
WRITE ch[0] ra[0] bg[1] ba[5] ro[1] co[14] @1766
WRITE ch[0] ra[0] bg[0] ba[3] ro[1] co[17] @1768
WRITE ch[0] ra[0] bg[1] ba[5] ro[1] co[15] @1770
WRITE ch[0] ra[0] bg[0] ba[3] ro[1] co[18] @1772
WRITE ch[0] ra[0] bg[1] ba[5] ro[1] co[16] @1774
WRITE ch[0] ra[0] bg[0] ba[3] ro[1] co[19] @1776
WRITE ch[0] ra[0] bg[1] ba[5] ro[1] co[17] @1778
WRITE ch[0] ra[0] bg[0] ba[3] ro[1] co[20] @1780
WRITE ch[0] ra[0] bg[1] ba[5] ro[1] co[18] @1782
WRITE ch[0] ra[0] bg[0] ba[3] ro[1] co[21] @1784
WRITE ch[0] ra[0] bg[1] ba[5] ro[1] co[19] @1786
WRITE ch[0] ra[0] bg[0] ba[3] ro[1] co[22] @1788
WRITE ch[0] ra[0] bg[1] ba[5] ro[1] co[20] @1790
WRITE ch[0] ra[0] bg[0] ba[3] ro[1] co[23] @1792
WRITE ch[0] ra[0] bg[1] ba[5] ro[1] co[21] @1794
WRITE ch[0] ra[0] bg[0] ba[3] ro[1] co[24] @1796
WRITE ch[0] ra[0] bg[1] ba[5] ro[1] co[22] @1798
WRITE ch[0] ra[0] bg[0] ba[3] ro[1] co[25] @1800
WRITE ch[0] ra[0] bg[1] ba[5] ro[1] co[23] @1802
WRITE ch[0] ra[0] bg[0] ba[3] ro[1] co[26] @1804
WRITE ch[0] ra[0] bg[1] ba[5] ro[1] co[24] @1806
WRITE ch[0] ra[0] bg[0] ba[3] ro[1] co[27] @1808
WRITE ch[0] ra[0] bg[1] ba[5] ro[1] co[25] @1810
WRITE ch[0] ra[0] bg[0] ba[3] ro[1] co[28] @1812
WRITE ch[0] ra[0] bg[1] ba[5] ro[1] co[26] @1814
WRITE ch[0] ra[0] bg[0] ba[3] ro[1] co[29] @1816
WRITE ch[0] ra[0] bg[1] ba[5] ro[1] co[27] @1818
WRITE ch[0] ra[0] bg[0] ba[3] ro[1] co[30] @1820
WRITE ch[0] ra[0] bg[1] ba[5] ro[1] co[28] @1822
WRITE ch[0] ra[0] bg[0] ba[3] ro[1] co[31] @1824
WRITE ch[0] ra[0] bg[1] ba[5] ro[1] co[29] @1826
WRITE ch[0] ra[0] bg[1] ba[5] ro[1] co[30] @1830
WRITE ch[0] ra[0] bg[1] ba[5] ro[1] co[31] @1834
WRITE ch[0] ra[0] bg[1] ba[7] ro[0] co[0] @1838
ACTIVATE ch[0] ra[0] bg[2] ba[9] ro[0] co[0] @1839 tag : 
WRITE ch[0] ra[0] bg[1] ba[7] ro[0] co[1] @1842
WRITE ch[0] ra[0] bg[1] ba[7] ro[0] co[2] @1846
WRITE ch[0] ra[0] bg[2] ba[9] ro[0] co[0] @1849
PRECHARGE ch[0] ra[0] bg[0] ba[3] ro[1] @1850
WRITE ch[0] ra[0] bg[1] ba[7] ro[0] co[3] @1851
WRITE ch[0] ra[0] bg[2] ba[9] ro[0] co[1] @1853
WRITE ch[0] ra[0] bg[1] ba[7] ro[0] co[4] @1855
WRITE ch[0] ra[0] bg[2] ba[9] ro[0] co[2] @1857
WRITE ch[0] ra[0] bg[1] ba[7] ro[0] co[5] @1859
PRECHARGE ch[0] ra[0] bg[1] ba[5] ro[1] @1860
WRITE ch[0] ra[0] bg[2] ba[9] ro[0] co[3] @1861
WRITE ch[0] ra[0] bg[1] ba[7] ro[0] co[6] @1863
WRITE ch[0] ra[0] bg[2] ba[9] ro[0] co[4] @1865
WRITE ch[0] ra[0] bg[1] ba[7] ro[0] co[7] @1867
WRITE ch[0] ra[0] bg[2] ba[9] ro[0] co[5] @1869
WRITE ch[0] ra[0] bg[1] ba[7] ro[0] co[8] @1871
WRITE ch[0] ra[0] bg[2] ba[9] ro[0] co[6] @1873
WRITE ch[0] ra[0] bg[1] ba[7] ro[0] co[9] @1875
WRITE ch[0] ra[0] bg[2] ba[9] ro[0] co[7] @1877
WRITE ch[0] ra[0] bg[1] ba[7] ro[0] co[10] @1879
WRITE ch[0] ra[0] bg[2] ba[9] ro[0] co[8] @1881
WRITE ch[0] ra[0] bg[1] ba[7] ro[0] co[11] @1883
WRITE ch[0] ra[0] bg[2] ba[9] ro[0] co[9] @1885
WRITE ch[0] ra[0] bg[1] ba[7] ro[0] co[12] @1887
WRITE ch[0] ra[0] bg[2] ba[9] ro[0] co[10] @1889
WRITE ch[0] ra[0] bg[1] ba[7] ro[0] co[13] @1891
WRITE ch[0] ra[0] bg[2] ba[9] ro[0] co[11] @1893
WRITE ch[0] ra[0] bg[1] ba[7] ro[0] co[14] @1895
WRITE ch[0] ra[0] bg[2] ba[9] ro[0] co[12] @1897
WRITE ch[0] ra[0] bg[1] ba[7] ro[0] co[15] @1899
WRITE ch[0] ra[0] bg[2] ba[9] ro[0] co[13] @1901
WRITE ch[0] ra[0] bg[1] ba[7] ro[0] co[16] @1903
WRITE ch[0] ra[0] bg[2] ba[9] ro[0] co[14] @1905
WRITE ch[0] ra[0] bg[1] ba[7] ro[0] co[17] @1907
WRITE ch[0] ra[0] bg[2] ba[9] ro[0] co[15] @1909
WRITE ch[0] ra[0] bg[1] ba[7] ro[0] co[18] @1911
WRITE ch[0] ra[0] bg[2] ba[9] ro[0] co[16] @1913
WRITE ch[0] ra[0] bg[1] ba[7] ro[0] co[19] @1915
WRITE ch[0] ra[0] bg[2] ba[9] ro[0] co[17] @1917
WRITE ch[0] ra[0] bg[1] ba[7] ro[0] co[20] @1919
WRITE ch[0] ra[0] bg[2] ba[9] ro[0] co[18] @1921
WRITE ch[0] ra[0] bg[1] ba[7] ro[0] co[21] @1923
WRITE ch[0] ra[0] bg[2] ba[9] ro[0] co[19] @1925
WRITE ch[0] ra[0] bg[1] ba[7] ro[0] co[22] @1927
WRITE ch[0] ra[0] bg[2] ba[9] ro[0] co[20] @1929
WRITE ch[0] ra[0] bg[1] ba[7] ro[0] co[23] @1931
WRITE ch[0] ra[0] bg[2] ba[9] ro[0] co[21] @1933
WRITE ch[0] ra[0] bg[1] ba[7] ro[0] co[24] @1935
WRITE ch[0] ra[0] bg[2] ba[9] ro[0] co[22] @1937
WRITE ch[0] ra[0] bg[1] ba[7] ro[0] co[25] @1939
WRITE ch[0] ra[0] bg[2] ba[9] ro[0] co[23] @1941
WRITE ch[0] ra[0] bg[1] ba[7] ro[0] co[26] @1943
WRITE ch[0] ra[0] bg[2] ba[9] ro[0] co[24] @1945
WRITE ch[0] ra[0] bg[1] ba[7] ro[0] co[27] @1947
WRITE ch[0] ra[0] bg[2] ba[9] ro[0] co[25] @1949
WRITE ch[0] ra[0] bg[1] ba[7] ro[0] co[28] @1951
WRITE ch[0] ra[0] bg[2] ba[9] ro[0] co[26] @1953
WRITE ch[0] ra[0] bg[1] ba[7] ro[0] co[29] @1955
WRITE ch[0] ra[0] bg[2] ba[9] ro[0] co[27] @1957
WRITE ch[0] ra[0] bg[1] ba[7] ro[0] co[30] @1959
WRITE ch[0] ra[0] bg[2] ba[9] ro[0] co[28] @1961
WRITE ch[0] ra[0] bg[1] ba[7] ro[0] co[31] @1963
WRITE ch[0] ra[0] bg[2] ba[9] ro[0] co[29] @1965
WRITE ch[0] ra[0] bg[2] ba[9] ro[0] co[30] @1969
WRITE ch[0] ra[0] bg[2] ba[9] ro[0] co[31] @1973
PRECHARGE ch[0] ra[0] bg[1] ba[7] ro[0] @1989
PRECHARGE ch[0] ra[0] bg[2] ba[9] ro[0] @1999
REF ch[0] ra[0] @2000
ACTIVATE ch[0] ra[0] bg[1] ba[7] ro[1] co[0] @2350 tag : 
ACTIVATE ch[0] ra[0] bg[2] ba[9] ro[1] co[0] @2354 tag : 
WRITE ch[0] ra[0] bg[1] ba[7] ro[1] co[0] @2360
ACTIVATE ch[0] ra[0] bg[2] ba[11] ro[0] co[0] @2361 tag : 
WRITE ch[0] ra[0] bg[1] ba[7] ro[1] co[1] @2364
WRITE ch[0] ra[0] bg[2] ba[9] ro[1] co[0] @2366
WRITE ch[0] ra[0] bg[1] ba[7] ro[1] co[2] @2368
WRITE ch[0] ra[0] bg[2] ba[9] ro[1] co[1] @2370
WRITE ch[0] ra[0] bg[1] ba[7] ro[1] co[3] @2372
WRITE ch[0] ra[0] bg[2] ba[9] ro[1] co[2] @2374
WRITE ch[0] ra[0] bg[1] ba[7] ro[1] co[4] @2376
WRITE ch[0] ra[0] bg[2] ba[9] ro[1] co[3] @2378
WRITE ch[0] ra[0] bg[1] ba[7] ro[1] co[5] @2380
WRITE ch[0] ra[0] bg[2] ba[9] ro[1] co[4] @2382
WRITE ch[0] ra[0] bg[1] ba[7] ro[1] co[6] @2384
WRITE ch[0] ra[0] bg[2] ba[9] ro[1] co[5] @2386
WRITE ch[0] ra[0] bg[1] ba[7] ro[1] co[7] @2388
WRITE ch[0] ra[0] bg[2] ba[9] ro[1] co[6] @2390
WRITE ch[0] ra[0] bg[1] ba[7] ro[1] co[8] @2392
WRITE ch[0] ra[0] bg[2] ba[9] ro[1] co[7] @2394
WRITE ch[0] ra[0] bg[1] ba[7] ro[1] co[9] @2396
WRITE ch[0] ra[0] bg[2] ba[9] ro[1] co[8] @2398
WRITE ch[0] ra[0] bg[1] ba[7] ro[1] co[10] @2400
WRITE ch[0] ra[0] bg[2] ba[9] ro[1] co[9] @2402
WRITE ch[0] ra[0] bg[1] ba[7] ro[1] co[11] @2404
WRITE ch[0] ra[0] bg[2] ba[9] ro[1] co[10] @2406
WRITE ch[0] ra[0] bg[1] ba[7] ro[1] co[12] @2408
WRITE ch[0] ra[0] bg[2] ba[9] ro[1] co[11] @2410
WRITE ch[0] ra[0] bg[1] ba[7] ro[1] co[13] @2412
WRITE ch[0] ra[0] bg[2] ba[9] ro[1] co[12] @2414
WRITE ch[0] ra[0] bg[1] ba[7] ro[1] co[14] @2416
WRITE ch[0] ra[0] bg[2] ba[9] ro[1] co[13] @2418
WRITE ch[0] ra[0] bg[1] ba[7] ro[1] co[15] @2420
WRITE ch[0] ra[0] bg[2] ba[9] ro[1] co[14] @2422
WRITE ch[0] ra[0] bg[1] ba[7] ro[1] co[16] @2424
WRITE ch[0] ra[0] bg[2] ba[9] ro[1] co[15] @2426
WRITE ch[0] ra[0] bg[1] ba[7] ro[1] co[17] @2428
WRITE ch[0] ra[0] bg[2] ba[9] ro[1] co[16] @2430
WRITE ch[0] ra[0] bg[1] ba[7] ro[1] co[18] @2432
WRITE ch[0] ra[0] bg[2] ba[9] ro[1] co[17] @2434
WRITE ch[0] ra[0] bg[1] ba[7] ro[1] co[19] @2436
WRITE ch[0] ra[0] bg[2] ba[9] ro[1] co[18] @2438
WRITE ch[0] ra[0] bg[1] ba[7] ro[1] co[20] @2440
WRITE ch[0] ra[0] bg[2] ba[9] ro[1] co[19] @2442
WRITE ch[0] ra[0] bg[1] ba[7] ro[1] co[21] @2444
WRITE ch[0] ra[0] bg[2] ba[9] ro[1] co[20] @2446
WRITE ch[0] ra[0] bg[1] ba[7] ro[1] co[22] @2448
WRITE ch[0] ra[0] bg[2] ba[9] ro[1] co[21] @2450
WRITE ch[0] ra[0] bg[1] ba[7] ro[1] co[23] @2452
WRITE ch[0] ra[0] bg[2] ba[9] ro[1] co[22] @2454
WRITE ch[0] ra[0] bg[1] ba[7] ro[1] co[24] @2456
WRITE ch[0] ra[0] bg[2] ba[9] ro[1] co[23] @2458
WRITE ch[0] ra[0] bg[1] ba[7] ro[1] co[25] @2460
WRITE ch[0] ra[0] bg[2] ba[9] ro[1] co[24] @2462
WRITE ch[0] ra[0] bg[1] ba[7] ro[1] co[26] @2464
WRITE ch[0] ra[0] bg[2] ba[9] ro[1] co[25] @2466
WRITE ch[0] ra[0] bg[1] ba[7] ro[1] co[27] @2468
WRITE ch[0] ra[0] bg[2] ba[9] ro[1] co[26] @2470
WRITE ch[0] ra[0] bg[1] ba[7] ro[1] co[28] @2472
WRITE ch[0] ra[0] bg[2] ba[9] ro[1] co[27] @2474
WRITE ch[0] ra[0] bg[1] ba[7] ro[1] co[29] @2476
WRITE ch[0] ra[0] bg[2] ba[9] ro[1] co[28] @2478
WRITE ch[0] ra[0] bg[1] ba[7] ro[1] co[30] @2480
WRITE ch[0] ra[0] bg[2] ba[9] ro[1] co[29] @2482
WRITE ch[0] ra[0] bg[1] ba[7] ro[1] co[31] @2484
WRITE ch[0] ra[0] bg[2] ba[9] ro[1] co[30] @2486
WRITE ch[0] ra[0] bg[2] ba[9] ro[1] co[31] @2490
WRITE ch[0] ra[0] bg[2] ba[11] ro[0] co[0] @2494
ACTIVATE ch[0] ra[0] bg[3] ba[13] ro[0] co[0] @2495 tag : 
WRITE ch[0] ra[0] bg[2] ba[11] ro[0] co[1] @2498
WRITE ch[0] ra[0] bg[2] ba[11] ro[0] co[2] @2502
WRITE ch[0] ra[0] bg[3] ba[13] ro[0] co[0] @2505
WRITE ch[0] ra[0] bg[2] ba[11] ro[0] co[3] @2507
WRITE ch[0] ra[0] bg[3] ba[13] ro[0] co[1] @2509
PRECHARGE ch[0] ra[0] bg[1] ba[7] ro[1] @2510
WRITE ch[0] ra[0] bg[2] ba[11] ro[0] co[4] @2511
WRITE ch[0] ra[0] bg[3] ba[13] ro[0] co[2] @2513
WRITE ch[0] ra[0] bg[2] ba[11] ro[0] co[5] @2515
PRECHARGE ch[0] ra[0] bg[2] ba[9] ro[1] @2516
WRITE ch[0] ra[0] bg[3] ba[13] ro[0] co[3] @2517
WRITE ch[0] ra[0] bg[2] ba[11] ro[0] co[6] @2519
WRITE ch[0] ra[0] bg[3] ba[13] ro[0] co[4] @2521
WRITE ch[0] ra[0] bg[2] ba[11] ro[0] co[7] @2523
WRITE ch[0] ra[0] bg[3] ba[13] ro[0] co[5] @2525
WRITE ch[0] ra[0] bg[2] ba[11] ro[0] co[8] @2527
WRITE ch[0] ra[0] bg[3] ba[13] ro[0] co[6] @2529
WRITE ch[0] ra[0] bg[2] ba[11] ro[0] co[9] @2531
WRITE ch[0] ra[0] bg[3] ba[13] ro[0] co[7] @2533
WRITE ch[0] ra[0] bg[2] ba[11] ro[0] co[10] @2535
WRITE ch[0] ra[0] bg[3] ba[13] ro[0] co[8] @2537
WRITE ch[0] ra[0] bg[2] ba[11] ro[0] co[11] @2539
WRITE ch[0] ra[0] bg[3] ba[13] ro[0] co[9] @2541
WRITE ch[0] ra[0] bg[2] ba[11] ro[0] co[12] @2543
WRITE ch[0] ra[0] bg[3] ba[13] ro[0] co[10] @2545
WRITE ch[0] ra[0] bg[2] ba[11] ro[0] co[13] @2547
WRITE ch[0] ra[0] bg[3] ba[13] ro[0] co[11] @2549
WRITE ch[0] ra[0] bg[2] ba[11] ro[0] co[14] @2551
WRITE ch[0] ra[0] bg[3] ba[13] ro[0] co[12] @2553
WRITE ch[0] ra[0] bg[2] ba[11] ro[0] co[15] @2555
WRITE ch[0] ra[0] bg[3] ba[13] ro[0] co[13] @2557
WRITE ch[0] ra[0] bg[2] ba[11] ro[0] co[16] @2559
WRITE ch[0] ra[0] bg[3] ba[13] ro[0] co[14] @2561
WRITE ch[0] ra[0] bg[2] ba[11] ro[0] co[17] @2563
WRITE ch[0] ra[0] bg[3] ba[13] ro[0] co[15] @2565
WRITE ch[0] ra[0] bg[2] ba[11] ro[0] co[18] @2567
WRITE ch[0] ra[0] bg[3] ba[13] ro[0] co[16] @2569
WRITE ch[0] ra[0] bg[2] ba[11] ro[0] co[19] @2571
WRITE ch[0] ra[0] bg[3] ba[13] ro[0] co[17] @2573
WRITE ch[0] ra[0] bg[2] ba[11] ro[0] co[20] @2575
WRITE ch[0] ra[0] bg[3] ba[13] ro[0] co[18] @2577
WRITE ch[0] ra[0] bg[2] ba[11] ro[0] co[21] @2579
WRITE ch[0] ra[0] bg[3] ba[13] ro[0] co[19] @2581
WRITE ch[0] ra[0] bg[2] ba[11] ro[0] co[22] @2583
WRITE ch[0] ra[0] bg[3] ba[13] ro[0] co[20] @2585
WRITE ch[0] ra[0] bg[2] ba[11] ro[0] co[23] @2587
WRITE ch[0] ra[0] bg[3] ba[13] ro[0] co[21] @2589
WRITE ch[0] ra[0] bg[2] ba[11] ro[0] co[24] @2591
WRITE ch[0] ra[0] bg[3] ba[13] ro[0] co[22] @2593
WRITE ch[0] ra[0] bg[2] ba[11] ro[0] co[25] @2595
WRITE ch[0] ra[0] bg[3] ba[13] ro[0] co[23] @2597
WRITE ch[0] ra[0] bg[2] ba[11] ro[0] co[26] @2599
WRITE ch[0] ra[0] bg[3] ba[13] ro[0] co[24] @2601
WRITE ch[0] ra[0] bg[2] ba[11] ro[0] co[27] @2603
WRITE ch[0] ra[0] bg[3] ba[13] ro[0] co[25] @2605
WRITE ch[0] ra[0] bg[2] ba[11] ro[0] co[28] @2607
WRITE ch[0] ra[0] bg[3] ba[13] ro[0] co[26] @2609
WRITE ch[0] ra[0] bg[2] ba[11] ro[0] co[29] @2611
WRITE ch[0] ra[0] bg[3] ba[13] ro[0] co[27] @2613
WRITE ch[0] ra[0] bg[2] ba[11] ro[0] co[30] @2615
WRITE ch[0] ra[0] bg[3] ba[13] ro[0] co[28] @2617
WRITE ch[0] ra[0] bg[2] ba[11] ro[0] co[31] @2619
WRITE ch[0] ra[0] bg[3] ba[13] ro[0] co[29] @2621
WRITE ch[0] ra[0] bg[3] ba[13] ro[0] co[30] @2625
WRITE ch[0] ra[0] bg[3] ba[13] ro[0] co[31] @2629
PRECHARGE ch[0] ra[0] bg[2] ba[11] ro[0] @2645
PRECHARGE ch[0] ra[0] bg[3] ba[13] ro[0] @2655
ACTIVATE ch[0] ra[0] bg[2] ba[11] ro[1] co[0] @2659 tag : 
WRITE ch[0] ra[0] bg[2] ba[11] ro[1] co[0] @2669
ACTIVATE ch[0] ra[0] bg[3] ba[13] ro[1] co[0] @2670 tag : 
WRITE ch[0] ra[0] bg[2] ba[11] ro[1] co[1] @2673
ACTIVATE ch[0] ra[0] bg[3] ba[15] ro[0] co[0] @2676 tag : 
WRITE ch[0] ra[0] bg[2] ba[11] ro[1] co[2] @2677
WRITE ch[0] ra[0] bg[3] ba[13] ro[1] co[0] @2680
WRITE ch[0] ra[0] bg[2] ba[11] ro[1] co[3] @2682
WRITE ch[0] ra[0] bg[3] ba[13] ro[1] co[1] @2684
WRITE ch[0] ra[0] bg[2] ba[11] ro[1] co[4] @2686
WRITE ch[0] ra[0] bg[3] ba[13] ro[1] co[2] @2688
WRITE ch[0] ra[0] bg[2] ba[11] ro[1] co[5] @2690
WRITE ch[0] ra[0] bg[3] ba[13] ro[1] co[3] @2692
WRITE ch[0] ra[0] bg[2] ba[11] ro[1] co[6] @2694
WRITE ch[0] ra[0] bg[3] ba[13] ro[1] co[4] @2696
WRITE ch[0] ra[0] bg[2] ba[11] ro[1] co[7] @2698
WRITE ch[0] ra[0] bg[3] ba[13] ro[1] co[5] @2700
WRITE ch[0] ra[0] bg[2] ba[11] ro[1] co[8] @2702
WRITE ch[0] ra[0] bg[3] ba[13] ro[1] co[6] @2704
WRITE ch[0] ra[0] bg[2] ba[11] ro[1] co[9] @2706
WRITE ch[0] ra[0] bg[3] ba[13] ro[1] co[7] @2708
WRITE ch[0] ra[0] bg[2] ba[11] ro[1] co[10] @2710
WRITE ch[0] ra[0] bg[3] ba[13] ro[1] co[8] @2712
WRITE ch[0] ra[0] bg[2] ba[11] ro[1] co[11] @2714
WRITE ch[0] ra[0] bg[3] ba[13] ro[1] co[9] @2716
WRITE ch[0] ra[0] bg[2] ba[11] ro[1] co[12] @2718
WRITE ch[0] ra[0] bg[3] ba[13] ro[1] co[10] @2720
WRITE ch[0] ra[0] bg[2] ba[11] ro[1] co[13] @2722
WRITE ch[0] ra[0] bg[3] ba[13] ro[1] co[11] @2724
WRITE ch[0] ra[0] bg[2] ba[11] ro[1] co[14] @2726
WRITE ch[0] ra[0] bg[3] ba[13] ro[1] co[12] @2728
WRITE ch[0] ra[0] bg[2] ba[11] ro[1] co[15] @2730
WRITE ch[0] ra[0] bg[3] ba[13] ro[1] co[13] @2732
WRITE ch[0] ra[0] bg[2] ba[11] ro[1] co[16] @2734
WRITE ch[0] ra[0] bg[3] ba[13] ro[1] co[14] @2736
WRITE ch[0] ra[0] bg[2] ba[11] ro[1] co[17] @2738
WRITE ch[0] ra[0] bg[3] ba[13] ro[1] co[15] @2740
WRITE ch[0] ra[0] bg[2] ba[11] ro[1] co[18] @2742
WRITE ch[0] ra[0] bg[3] ba[13] ro[1] co[16] @2744
WRITE ch[0] ra[0] bg[2] ba[11] ro[1] co[19] @2746
WRITE ch[0] ra[0] bg[3] ba[13] ro[1] co[17] @2748
WRITE ch[0] ra[0] bg[2] ba[11] ro[1] co[20] @2750
WRITE ch[0] ra[0] bg[3] ba[13] ro[1] co[18] @2752
WRITE ch[0] ra[0] bg[2] ba[11] ro[1] co[21] @2754
WRITE ch[0] ra[0] bg[3] ba[13] ro[1] co[19] @2756
WRITE ch[0] ra[0] bg[2] ba[11] ro[1] co[22] @2758
WRITE ch[0] ra[0] bg[3] ba[13] ro[1] co[20] @2760
WRITE ch[0] ra[0] bg[2] ba[11] ro[1] co[23] @2762
WRITE ch[0] ra[0] bg[3] ba[13] ro[1] co[21] @2764
WRITE ch[0] ra[0] bg[2] ba[11] ro[1] co[24] @2766
WRITE ch[0] ra[0] bg[3] ba[13] ro[1] co[22] @2768
WRITE ch[0] ra[0] bg[2] ba[11] ro[1] co[25] @2770
WRITE ch[0] ra[0] bg[3] ba[13] ro[1] co[23] @2772
WRITE ch[0] ra[0] bg[2] ba[11] ro[1] co[26] @2774
WRITE ch[0] ra[0] bg[3] ba[13] ro[1] co[24] @2776
WRITE ch[0] ra[0] bg[2] ba[11] ro[1] co[27] @2778
WRITE ch[0] ra[0] bg[3] ba[13] ro[1] co[25] @2780
WRITE ch[0] ra[0] bg[2] ba[11] ro[1] co[28] @2782
WRITE ch[0] ra[0] bg[3] ba[13] ro[1] co[26] @2784
WRITE ch[0] ra[0] bg[2] ba[11] ro[1] co[29] @2786
WRITE ch[0] ra[0] bg[3] ba[13] ro[1] co[27] @2788
WRITE ch[0] ra[0] bg[2] ba[11] ro[1] co[30] @2790
WRITE ch[0] ra[0] bg[3] ba[13] ro[1] co[28] @2792
WRITE ch[0] ra[0] bg[2] ba[11] ro[1] co[31] @2794
WRITE ch[0] ra[0] bg[3] ba[13] ro[1] co[29] @2796
WRITE ch[0] ra[0] bg[3] ba[13] ro[1] co[30] @2800
WRITE ch[0] ra[0] bg[3] ba[13] ro[1] co[31] @2804
WRITE ch[0] ra[0] bg[3] ba[15] ro[0] co[0] @2808
WRITE ch[0] ra[0] bg[3] ba[15] ro[0] co[1] @2812
WRITE ch[0] ra[0] bg[3] ba[15] ro[0] co[2] @2816
WRITE ch[0] ra[0] bg[3] ba[15] ro[0] co[3] @2820
PRECHARGE ch[0] ra[0] bg[2] ba[11] ro[1] @2821
WRITE ch[0] ra[0] bg[3] ba[15] ro[0] co[4] @2824
WRITE ch[0] ra[0] bg[3] ba[15] ro[0] co[5] @2828
PRECHARGE ch[0] ra[0] bg[3] ba[13] ro[1] @2830
WRITE ch[0] ra[0] bg[3] ba[15] ro[0] co[6] @2832
WRITE ch[0] ra[0] bg[3] ba[15] ro[0] co[7] @2836
WRITE ch[0] ra[0] bg[3] ba[15] ro[0] co[8] @2840
WRITE ch[0] ra[0] bg[3] ba[15] ro[0] co[9] @2844
WRITE ch[0] ra[0] bg[3] ba[15] ro[0] co[10] @2848
WRITE ch[0] ra[0] bg[3] ba[15] ro[0] co[11] @2852
WRITE ch[0] ra[0] bg[3] ba[15] ro[0] co[12] @2856
WRITE ch[0] ra[0] bg[3] ba[15] ro[0] co[13] @2860
WRITE ch[0] ra[0] bg[3] ba[15] ro[0] co[14] @2864
WRITE ch[0] ra[0] bg[3] ba[15] ro[0] co[15] @2868
WRITE ch[0] ra[0] bg[3] ba[15] ro[0] co[16] @2872
WRITE ch[0] ra[0] bg[3] ba[15] ro[0] co[17] @2876
WRITE ch[0] ra[0] bg[3] ba[15] ro[0] co[18] @2880
WRITE ch[0] ra[0] bg[3] ba[15] ro[0] co[19] @2884
WRITE ch[0] ra[0] bg[3] ba[15] ro[0] co[20] @2888
WRITE ch[0] ra[0] bg[3] ba[15] ro[0] co[21] @2892
WRITE ch[0] ra[0] bg[3] ba[15] ro[0] co[22] @2896
WRITE ch[0] ra[0] bg[3] ba[15] ro[0] co[23] @2900
WRITE ch[0] ra[0] bg[3] ba[15] ro[0] co[24] @2904
WRITE ch[0] ra[0] bg[3] ba[15] ro[0] co[25] @2908
WRITE ch[0] ra[0] bg[3] ba[15] ro[0] co[26] @2912
WRITE ch[0] ra[0] bg[3] ba[15] ro[0] co[27] @2916
WRITE ch[0] ra[0] bg[3] ba[15] ro[0] co[28] @2920
WRITE ch[0] ra[0] bg[3] ba[15] ro[0] co[29] @2924
WRITE ch[0] ra[0] bg[3] ba[15] ro[0] co[30] @2928
WRITE ch[0] ra[0] bg[3] ba[15] ro[0] co[31] @2932
PRECHARGE ch[0] ra[0] bg[3] ba[15] ro[0] @2958
ACTIVATE ch[0] ra[0] bg[3] ba[15] ro[1] co[0] @2972 tag : 
WRITE ch[0] ra[0] bg[3] ba[15] ro[1] co[0] @2982
WRITE ch[0] ra[0] bg[3] ba[15] ro[1] co[1] @2986
WRITE ch[0] ra[0] bg[3] ba[15] ro[1] co[2] @2990
WRITE ch[0] ra[0] bg[3] ba[15] ro[1] co[3] @2994
WRITE ch[0] ra[0] bg[3] ba[15] ro[1] co[4] @2998
WRITE ch[0] ra[0] bg[3] ba[15] ro[1] co[5] @3002
WRITE ch[0] ra[0] bg[3] ba[15] ro[1] co[6] @3006
WRITE ch[0] ra[0] bg[3] ba[15] ro[1] co[7] @3010
WRITE ch[0] ra[0] bg[3] ba[15] ro[1] co[8] @3014
WRITE ch[0] ra[0] bg[3] ba[15] ro[1] co[9] @3018
WRITE ch[0] ra[0] bg[3] ba[15] ro[1] co[10] @3022
WRITE ch[0] ra[0] bg[3] ba[15] ro[1] co[11] @3026
WRITE ch[0] ra[0] bg[3] ba[15] ro[1] co[12] @3030
WRITE ch[0] ra[0] bg[3] ba[15] ro[1] co[13] @3034
WRITE ch[0] ra[0] bg[3] ba[15] ro[1] co[14] @3038
WRITE ch[0] ra[0] bg[3] ba[15] ro[1] co[15] @3042
WRITE ch[0] ra[0] bg[3] ba[15] ro[1] co[16] @3046
WRITE ch[0] ra[0] bg[3] ba[15] ro[1] co[17] @3050
WRITE ch[0] ra[0] bg[3] ba[15] ro[1] co[18] @3054
WRITE ch[0] ra[0] bg[3] ba[15] ro[1] co[19] @3058
WRITE ch[0] ra[0] bg[3] ba[15] ro[1] co[20] @3062
WRITE ch[0] ra[0] bg[3] ba[15] ro[1] co[21] @3066
WRITE ch[0] ra[0] bg[3] ba[15] ro[1] co[22] @3070
WRITE ch[0] ra[0] bg[3] ba[15] ro[1] co[23] @3074
WRITE ch[0] ra[0] bg[3] ba[15] ro[1] co[24] @3078
WRITE ch[0] ra[0] bg[3] ba[15] ro[1] co[25] @3082
WRITE ch[0] ra[0] bg[3] ba[15] ro[1] co[26] @3086
WRITE ch[0] ra[0] bg[3] ba[15] ro[1] co[27] @3090
WRITE ch[0] ra[0] bg[3] ba[15] ro[1] co[28] @3094
WRITE ch[0] ra[0] bg[3] ba[15] ro[1] co[29] @3098
WRITE ch[0] ra[0] bg[3] ba[15] ro[1] co[30] @3102
ACTIVATE ch[0] ra[0] bg[0] ba[0] ro[8192] co[0] @3103 tag : START_PARK_IN_
WRITE ch[0] ra[0] bg[3] ba[15] ro[1] co[31] @3106
ACTIVATE ch[0] ra[0] bg[1] ba[4] ro[8192] co[0] @3107 tag : PARK_IN_
ACTIVATE ch[0] ra[0] bg[2] ba[8] ro[8192] co[0] @3111 tag : PARK_IN_
ACTIVATE ch[0] ra[0] bg[3] ba[12] ro[8192] co[0] @3115 tag : PARK_IN_
ACTIVATE ch[0] ra[0] bg[0] ba[1] ro[8192] co[0] @3119 tag : PARK_IN_
ACTIVATE ch[0] ra[0] bg[1] ba[5] ro[8192] co[0] @3123 tag : PARK_IN_
READ ch[0] ra[0] bg[0] ba[0] ro[8192] co[0] @3125
READ ch[0] ra[0] bg[1] ba[4] ro[8192] co[0] @3127
ACTIVATE ch[0] ra[0] bg[2] ba[9] ro[8192] co[0] @3128 tag : PARK_IN_
READ ch[0] ra[0] bg[2] ba[8] ro[8192] co[0] @3129
READ ch[0] ra[0] bg[3] ba[12] ro[8192] co[0] @3131
ACTIVATE ch[0] ra[0] bg[3] ba[13] ro[8192] co[0] @3132 tag : PARK_IN_
READ ch[0] ra[0] bg[0] ba[1] ro[8192] co[0] @3133
PRECHARGE ch[0] ra[0] bg[3] ba[15] ro[1] @3134
ACTIVATE ch[0] ra[0] bg[0] ba[2] ro[8192] co[0] @3136 tag : PARK_IN_
READ ch[0] ra[0] bg[1] ba[5] ro[8192] co[0] @3137
PRECHARGE ch[0] ra[0] bg[0] ba[0] ro[1] @3138
ACTIVATE ch[0] ra[0] bg[1] ba[6] ro[8192] co[0] @3140 tag : PARK_IN_
PRECHARGE ch[0] ra[0] bg[1] ba[4] ro[1] @3141
READ ch[0] ra[0] bg[2] ba[9] ro[8192] co[0] @3142
ACTIVATE ch[0] ra[0] bg[2] ba[10] ro[8192] co[0] @3144 tag : PARK_IN_
PRECHARGE ch[0] ra[0] bg[2] ba[8] ro[1] @3145
READ ch[0] ra[0] bg[3] ba[13] ro[8192] co[0] @3146
ACTIVATE ch[0] ra[0] bg[3] ba[14] ro[8192] co[0] @3148 tag : PARK_IN_
PRECHARGE ch[0] ra[0] bg[3] ba[12] ro[1] @3149
READ ch[0] ra[0] bg[0] ba[2] ro[8192] co[0] @3150
ACTIVATE ch[0] ra[0] bg[0] ba[3] ro[8192] co[0] @3152 tag : PARK_IN_
PRECHARGE ch[0] ra[0] bg[0] ba[1] ro[1] @3153
READ ch[0] ra[0] bg[1] ba[6] ro[8192] co[0] @3154
ACTIVATE ch[0] ra[0] bg[1] ba[7] ro[8192] co[0] @3156 tag : PARK_IN_
PRECHARGE ch[0] ra[0] bg[1] ba[5] ro[1] @3157
READ ch[0] ra[0] bg[2] ba[10] ro[8192] co[0] @3158
ACTIVATE ch[0] ra[0] bg[2] ba[11] ro[8192] co[0] @3160 tag : PARK_IN_
PRECHARGE ch[0] ra[0] bg[2] ba[9] ro[1] @3161
READ ch[0] ra[0] bg[3] ba[14] ro[8192] co[0] @3162
PRECHARGE ch[0] ra[0] bg[3] ba[13] ro[1] @3165
READ ch[0] ra[0] bg[0] ba[3] ro[8192] co[0] @3166
PRECHARGE ch[0] ra[0] bg[0] ba[2] ro[1] @3169
READ ch[0] ra[0] bg[1] ba[7] ro[8192] co[0] @3170
PRECHARGE ch[0] ra[0] bg[1] ba[6] ro[1] @3173
READ ch[0] ra[0] bg[2] ba[11] ro[8192] co[0] @3174
ACTIVATE ch[0] ra[0] bg[3] ba[15] ro[8192] co[0] @3175 tag : END_PARK_IN_BAR
PRECHARGE ch[0] ra[0] bg[2] ba[10] ro[1] @3177
ACTIVATE ch[0] ra[0] bg[0] ba[0] ro[10239] co[31] @3179 tag : START_SB_TO_HAB_
PRECHARGE ch[0] ra[0] bg[3] ba[14] ro[1] @3181
ACTIVATE ch[0] ra[0] bg[2] ba[8] ro[10239] co[31] @3183 tag : 
PRECHARGE ch[0] ra[0] bg[0] ba[3] ro[1] @3185
ACTIVATE ch[0] ra[0] bg[0] ba[1] ro[10239] co[31] @3187 tag : 
READ ch[0] ra[0] bg[3] ba[15] ro[8192] co[0] @3189
PRECHARGE ch[0] ra[0] bg[1] ba[7] ro[1] @3190
PRECHARGE ch[0] ra[0] bg[2] ba[11] ro[1] @3193
WRITE ch[0] ra[0] bg[0] ba[0] ro[10239] co[31] @3204
WRITE ch[0] ra[0] bg[2] ba[8] ro[10239] co[31] @3206
WRITE ch[0] ra[0] bg[0] ba[1] ro[10239] co[31] @3208
ACTIVATE ch[0] ra[0] bg[2] ba[9] ro[10239] co[31] @3209 tag : END_SB_TO_HAB_BAR
HAB ch[0] ra[0] @3209 tag : END_SB_TO_HAB_BAR
PRECHARGE ch[0] ra[0] bg[3] ba[15] ro[1] @3210
WRITE ch[0] ra[0] bg[2] ba[9] ro[10239] co[31] @3220
PRECHARGE ch[0] ra[0] bg[0] ba[0] ro[1] @3230
PRECHARGE ch[0] ra[0] bg[2] ba[8] ro[1] @3232
PRECHARGE ch[0] ra[0] bg[0] ba[1] ro[1] @3234
PRECHARGE ch[0] ra[0] bg[2] ba[9] ro[1] @3245
ACTIVATE ch[0] ra[0] bg[0] ba[1] ro[16383] co[4] @3248 tag : PROGRAM_CRFBAR
BWRITE_CRF ch[0] ra[0] idx[0] @3259
ACTIVATE ch[0] ra[0] bg[0] ba[0] ro[16383] co[0] @3259 tag : PIMBAR
GRF_B_ZEROIZE ch[0] ra[0] @3270
HAB_PIM ch[0] ra[0] @3270
BWRITE_GRF_A ch[0] ra[0] reg[0] @3274
BWRITE_GRF_A ch[0] ra[0] reg[1] @3278
BWRITE_GRF_A ch[0] ra[0] reg[2] @3282
BWRITE_GRF_A ch[0] ra[0] reg[3] @3286
BWRITE_GRF_A ch[0] ra[0] reg[4] @3290
BWRITE_GRF_A ch[0] ra[0] reg[5] @3294
PRECHARGE ch[0] ra[0] bg[0] ba[0] ro[1] @3295
BWRITE_GRF_A ch[0] ra[0] reg[6] @3298
BWRITE_GRF_A ch[0] ra[0] reg[7] @3302
ACTIVATE ch[0] ra[0] bg[0] ba[0] ro[0] co[0] @3309 tag : MAC_
READ ch0 ra0 bg0 b0 r0 c0|| [0] MAC GRF_B[0], GRF_A[0], EVEN_BANK, auto @ 3324
[BANK_R][ 0 0 0 0 0 0 0 0 0 0 0 0 0 0 0 0 ]
[CMD]00111011000100001000000000000000(MAC GRF_B[0], GRF_A[0], EVEN_BANK, auto)
[SRF][0000000000000000000000000000000000000000000000000000000000000000000000000000000000000000000000000000000000000000000000000000000000000000000000000000000000000000000000000000000000000000000000000000000000000000000000000000000000000000000000000000000000000000]
[GRF_A][0][ 1 2 1.00781 2.00781 1.01562 2.01562 1.02344 2.02344 1.03125 2.03125 1.03906 2.03906 1.04688 2.04688 1.05469 2.05469 ]
[GRF_A][1][ 1.0625 2.0625 1.07031 2.07031 1.07812 2.07812 1.08594 2.08594 1.09375 2.09375 1.10156 2.10156 1.10938 2.10938 1.11719 2.11719 ]
[GRF_A][2][ 1.125 2.125 1.13281 2.13281 1.14062 2.14062 1.14844 2.14844 1.15625 2.15625 1.16406 2.16406 1.17188 2.17188 1.17969 2.17969 ]
[GRF_A][3][ 1.1875 2.1875 1.19531 2.19531 1.20312 2.20312 1.21094 2.21094 1.21875 2.21875 1.22656 2.22656 1.23438 2.23438 1.24219 2.24219 ]
[GRF_A][4][ 1.25 2.25 1.25781 2.25781 1.26562 2.26562 1.27344 2.27344 1.28125 2.28125 1.28906 2.28906 1.29688 2.29688 1.30469 2.30469 ]
[GRF_A][5][ 1.3125 2.3125 1.32031 2.32031 1.32812 2.32812 1.33594 2.33594 1.34375 2.34375 1.35156 2.35156 1.35938 2.35938 1.36719 2.36719 ]
[GRF_A][6][ 1.375 2.375 1.38281 2.38281 1.39062 2.39062 1.39844 2.39844 1.40625 2.40625 1.41406 2.41406 1.42188 2.42188 1.42969 2.42969 ]
[GRF_A][7][ 1.4375 2.4375 1.44531 2.44531 1.45312 2.45312 1.46094 2.46094 1.46875 2.46875 1.47656 2.47656 1.48438 2.48438 1.49219 2.49219 ]
[GRF_B][0][ 0 0 0 0 0 0 0 0 0 0 0 0 0 0 0 0 ]
[GRF_B][1][ 0 0 0 0 0 0 0 0 0 0 0 0 0 0 0 0 ]
[GRF_B][2][ 0 0 0 0 0 0 0 0 0 0 0 0 0 0 0 0 ]
[GRF_B][3][ 0 0 0 0 0 0 0 0 0 0 0 0 0 0 0 0 ]
[GRF_B][4][ 0 0 0 0 0 0 0 0 0 0 0 0 0 0 0 0 ]
[GRF_B][5][ 0 0 0 0 0 0 0 0 0 0 0 0 0 0 0 0 ]
[GRF_B][6][ 0 0 0 0 0 0 0 0 0 0 0 0 0 0 0 0 ]
[GRF_B][7][ 0 0 0 0 0 0 0 0 0 0 0 0 0 0 0 0 ]
[M_OUT][0000000000000000000000000000000000000000000000000000000000000000000000000000000000000000000000000000000000000000000000000000000000000000000000000000000000000000000000000000000000000000000000000000000000000000000000000000000000000000000000000000000000000000]
[A_OUT][0000000000000000000000000000000000000000000000000000000000000000000000000000000000000000000000000000000000000000000000000000000000000000000000000000000000000000000000000000000000000000000000000000000000000000000000000000000000000000000000000000000000000000]

----------
READ ch0 ra0 bg0 b0 r0 c1|| [0] MAC GRF_B[0], GRF_A[0], EVEN_BANK, auto @ 3328
[BANK_R][ 0.0625 0 0 0 0 0 0 0 0 0 0 0 0 0 0 0 ]
[CMD]00111011000100001000000000000000(MAC GRF_B[0], GRF_A[0], EVEN_BANK, auto)
[SRF][0000000000000000000000000000000000000000000000000000000000000000000000000000000000000000000000000000000000000000000000000000000000000000000000000000000000000000000000000000000000000000000000000000000000000000000000000000000000000000000000000000000000000000]
[GRF_A][0][ 1 2 1.00781 2.00781 1.01562 2.01562 1.02344 2.02344 1.03125 2.03125 1.03906 2.03906 1.04688 2.04688 1.05469 2.05469 ]
[GRF_A][1][ 1.0625 2.0625 1.07031 2.07031 1.07812 2.07812 1.08594 2.08594 1.09375 2.09375 1.10156 2.10156 1.10938 2.10938 1.11719 2.11719 ]
[GRF_A][2][ 1.125 2.125 1.13281 2.13281 1.14062 2.14062 1.14844 2.14844 1.15625 2.15625 1.16406 2.16406 1.17188 2.17188 1.17969 2.17969 ]
[GRF_A][3][ 1.1875 2.1875 1.19531 2.19531 1.20312 2.20312 1.21094 2.21094 1.21875 2.21875 1.22656 2.22656 1.23438 2.23438 1.24219 2.24219 ]
[GRF_A][4][ 1.25 2.25 1.25781 2.25781 1.26562 2.26562 1.27344 2.27344 1.28125 2.28125 1.28906 2.28906 1.29688 2.29688 1.30469 2.30469 ]
[GRF_A][5][ 1.3125 2.3125 1.32031 2.32031 1.32812 2.32812 1.33594 2.33594 1.34375 2.34375 1.35156 2.35156 1.35938 2.35938 1.36719 2.36719 ]
[GRF_A][6][ 1.375 2.375 1.38281 2.38281 1.39062 2.39062 1.39844 2.39844 1.40625 2.40625 1.41406 2.41406 1.42188 2.42188 1.42969 2.42969 ]
[GRF_A][7][ 1.4375 2.4375 1.44531 2.44531 1.45312 2.45312 1.46094 2.46094 1.46875 2.46875 1.47656 2.47656 1.48438 2.48438 1.49219 2.49219 ]
[GRF_B][0][ 0.0664062 0 0 0 0 0 0 0 0 0 0 0 0 0 0 0 ]
[GRF_B][1][ 0 0 0 0 0 0 0 0 0 0 0 0 0 0 0 0 ]
[GRF_B][2][ 0 0 0 0 0 0 0 0 0 0 0 0 0 0 0 0 ]
[GRF_B][3][ 0 0 0 0 0 0 0 0 0 0 0 0 0 0 0 0 ]
[GRF_B][4][ 0 0 0 0 0 0 0 0 0 0 0 0 0 0 0 0 ]
[GRF_B][5][ 0 0 0 0 0 0 0 0 0 0 0 0 0 0 0 0 ]
[GRF_B][6][ 0 0 0 0 0 0 0 0 0 0 0 0 0 0 0 0 ]
[GRF_B][7][ 0 0 0 0 0 0 0 0 0 0 0 0 0 0 0 0 ]
[M_OUT][0000000000000000000000000000000000000000000000000000000000000000000000000000000000000000000000000000000000000000000000000000000000000000000000000000000000000000000000000000000000000000000000000000000000000000000000000000000000000000000000000000000000000000]
[A_OUT][0000000000000000000000000000000000000000000000000000000000000000000000000000000000000000000000000000000000000000000000000000000000000000000000000000000000000000000000000000000000000000000000000000000000000000000000000000000000000000000000000000000000000000]

----------
PRECHARGE ch[0] ra[0] bg[0] ba[1] ro[1] @3328
READ ch0 ra0 bg0 b0 r0 c2|| [0] MAC GRF_B[0], GRF_A[0], EVEN_BANK, auto @ 3332
[BANK_R][ 0.125 0 0 0 0 0 0 0 0 0 0 0 0 0 0 0 ]
[CMD]00111011000100001000000000000000(MAC GRF_B[0], GRF_A[0], EVEN_BANK, auto)
[SRF][0000000000000000000000000000000000000000000000000000000000000000000000000000000000000000000000000000000000000000000000000000000000000000000000000000000000000000000000000000000000000000000000000000000000000000000000000000000000000000000000000000000000000000]
[GRF_A][0][ 1 2 1.00781 2.00781 1.01562 2.01562 1.02344 2.02344 1.03125 2.03125 1.03906 2.03906 1.04688 2.04688 1.05469 2.05469 ]
[GRF_A][1][ 1.0625 2.0625 1.07031 2.07031 1.07812 2.07812 1.08594 2.08594 1.09375 2.09375 1.10156 2.10156 1.10938 2.10938 1.11719 2.11719 ]
[GRF_A][2][ 1.125 2.125 1.13281 2.13281 1.14062 2.14062 1.14844 2.14844 1.15625 2.15625 1.16406 2.16406 1.17188 2.17188 1.17969 2.17969 ]
[GRF_A][3][ 1.1875 2.1875 1.19531 2.19531 1.20312 2.20312 1.21094 2.21094 1.21875 2.21875 1.22656 2.22656 1.23438 2.23438 1.24219 2.24219 ]
[GRF_A][4][ 1.25 2.25 1.25781 2.25781 1.26562 2.26562 1.27344 2.27344 1.28125 2.28125 1.28906 2.28906 1.29688 2.29688 1.30469 2.30469 ]
[GRF_A][5][ 1.3125 2.3125 1.32031 2.32031 1.32812 2.32812 1.33594 2.33594 1.34375 2.34375 1.35156 2.35156 1.35938 2.35938 1.36719 2.36719 ]
[GRF_A][6][ 1.375 2.375 1.38281 2.38281 1.39062 2.39062 1.39844 2.39844 1.40625 2.40625 1.41406 2.41406 1.42188 2.42188 1.42969 2.42969 ]
[GRF_A][7][ 1.4375 2.4375 1.44531 2.44531 1.45312 2.45312 1.46094 2.46094 1.46875 2.46875 1.47656 2.47656 1.48438 2.48438 1.49219 2.49219 ]
[GRF_B][0][ 0.207031 0 0 0 0 0 0 0 0 0 0 0 0 0 0 0 ]
[GRF_B][1][ 0 0 0 0 0 0 0 0 0 0 0 0 0 0 0 0 ]
[GRF_B][2][ 0 0 0 0 0 0 0 0 0 0 0 0 0 0 0 0 ]
[GRF_B][3][ 0 0 0 0 0 0 0 0 0 0 0 0 0 0 0 0 ]
[GRF_B][4][ 0 0 0 0 0 0 0 0 0 0 0 0 0 0 0 0 ]
[GRF_B][5][ 0 0 0 0 0 0 0 0 0 0 0 0 0 0 0 0 ]
[GRF_B][6][ 0 0 0 0 0 0 0 0 0 0 0 0 0 0 0 0 ]
[GRF_B][7][ 0 0 0 0 0 0 0 0 0 0 0 0 0 0 0 0 ]
[M_OUT][0000000000000000000000000000000000000000000000000000000000000000000000000000000000000000000000000000000000000000000000000000000000000000000000000000000000000000000000000000000000000000000000000000000000000000000000000000000000000000000000000000000000000000]
[A_OUT][0000000000000000000000000000000000000000000000000000000000000000000000000000000000000000000000000000000000000000000000000000000000000000000000000000000000000000000000000000000000000000000000000000000000000000000000000000000000000000000000000000000000000000]

----------
READ ch0 ra0 bg0 b0 r0 c3|| [0] MAC GRF_B[0], GRF_A[0], EVEN_BANK, auto @ 3336
[BANK_R][ 0.1875 0 0 0 0 0 0 0 0 0 0 0 0 0 0 0 ]
[CMD]00111011000100001000000000000000(MAC GRF_B[0], GRF_A[0], EVEN_BANK, auto)
[SRF][0000000000000000000000000000000000000000000000000000000000000000000000000000000000000000000000000000000000000000000000000000000000000000000000000000000000000000000000000000000000000000000000000000000000000000000000000000000000000000000000000000000000000000]
[GRF_A][0][ 1 2 1.00781 2.00781 1.01562 2.01562 1.02344 2.02344 1.03125 2.03125 1.03906 2.03906 1.04688 2.04688 1.05469 2.05469 ]
[GRF_A][1][ 1.0625 2.0625 1.07031 2.07031 1.07812 2.07812 1.08594 2.08594 1.09375 2.09375 1.10156 2.10156 1.10938 2.10938 1.11719 2.11719 ]
[GRF_A][2][ 1.125 2.125 1.13281 2.13281 1.14062 2.14062 1.14844 2.14844 1.15625 2.15625 1.16406 2.16406 1.17188 2.17188 1.17969 2.17969 ]
[GRF_A][3][ 1.1875 2.1875 1.19531 2.19531 1.20312 2.20312 1.21094 2.21094 1.21875 2.21875 1.22656 2.22656 1.23438 2.23438 1.24219 2.24219 ]
[GRF_A][4][ 1.25 2.25 1.25781 2.25781 1.26562 2.26562 1.27344 2.27344 1.28125 2.28125 1.28906 2.28906 1.29688 2.29688 1.30469 2.30469 ]
[GRF_A][5][ 1.3125 2.3125 1.32031 2.32031 1.32812 2.32812 1.33594 2.33594 1.34375 2.34375 1.35156 2.35156 1.35938 2.35938 1.36719 2.36719 ]
[GRF_A][6][ 1.375 2.375 1.38281 2.38281 1.39062 2.39062 1.39844 2.39844 1.40625 2.40625 1.41406 2.41406 1.42188 2.42188 1.42969 2.42969 ]
[GRF_A][7][ 1.4375 2.4375 1.44531 2.44531 1.45312 2.45312 1.46094 2.46094 1.46875 2.46875 1.47656 2.47656 1.48438 2.48438 1.49219 2.49219 ]
[GRF_B][0][ 0.429688 0 0 0 0 0 0 0 0 0 0 0 0 0 0 0 ]
[GRF_B][1][ 0 0 0 0 0 0 0 0 0 0 0 0 0 0 0 0 ]
[GRF_B][2][ 0 0 0 0 0 0 0 0 0 0 0 0 0 0 0 0 ]
[GRF_B][3][ 0 0 0 0 0 0 0 0 0 0 0 0 0 0 0 0 ]
[GRF_B][4][ 0 0 0 0 0 0 0 0 0 0 0 0 0 0 0 0 ]
[GRF_B][5][ 0 0 0 0 0 0 0 0 0 0 0 0 0 0 0 0 ]
[GRF_B][6][ 0 0 0 0 0 0 0 0 0 0 0 0 0 0 0 0 ]
[GRF_B][7][ 0 0 0 0 0 0 0 0 0 0 0 0 0 0 0 0 ]
[M_OUT][0000000000000000000000000000000000000000000000000000000000000000000000000000000000000000000000000000000000000000000000000000000000000000000000000000000000000000000000000000000000000000000000000000000000000000000000000000000000000000000000000000000000000000]
[A_OUT][0000000000000000000000000000000000000000000000000000000000000000000000000000000000000000000000000000000000000000000000000000000000000000000000000000000000000000000000000000000000000000000000000000000000000000000000000000000000000000000000000000000000000000]

----------
READ ch0 ra0 bg0 b0 r0 c4|| [0] MAC GRF_B[0], GRF_A[0], EVEN_BANK, auto @ 3340
[BANK_R][ 0.25 0 0 0 0 0 0 0 0 0 0 0 0 0 0 0 ]
[CMD]00111011000100001000000000000000(MAC GRF_B[0], GRF_A[0], EVEN_BANK, auto)
[SRF][0000000000000000000000000000000000000000000000000000000000000000000000000000000000000000000000000000000000000000000000000000000000000000000000000000000000000000000000000000000000000000000000000000000000000000000000000000000000000000000000000000000000000000]
[GRF_A][0][ 1 2 1.00781 2.00781 1.01562 2.01562 1.02344 2.02344 1.03125 2.03125 1.03906 2.03906 1.04688 2.04688 1.05469 2.05469 ]
[GRF_A][1][ 1.0625 2.0625 1.07031 2.07031 1.07812 2.07812 1.08594 2.08594 1.09375 2.09375 1.10156 2.10156 1.10938 2.10938 1.11719 2.11719 ]
[GRF_A][2][ 1.125 2.125 1.13281 2.13281 1.14062 2.14062 1.14844 2.14844 1.15625 2.15625 1.16406 2.16406 1.17188 2.17188 1.17969 2.17969 ]
[GRF_A][3][ 1.1875 2.1875 1.19531 2.19531 1.20312 2.20312 1.21094 2.21094 1.21875 2.21875 1.22656 2.22656 1.23438 2.23438 1.24219 2.24219 ]
[GRF_A][4][ 1.25 2.25 1.25781 2.25781 1.26562 2.26562 1.27344 2.27344 1.28125 2.28125 1.28906 2.28906 1.29688 2.29688 1.30469 2.30469 ]
[GRF_A][5][ 1.3125 2.3125 1.32031 2.32031 1.32812 2.32812 1.33594 2.33594 1.34375 2.34375 1.35156 2.35156 1.35938 2.35938 1.36719 2.36719 ]
[GRF_A][6][ 1.375 2.375 1.38281 2.38281 1.39062 2.39062 1.39844 2.39844 1.40625 2.40625 1.41406 2.41406 1.42188 2.42188 1.42969 2.42969 ]
[GRF_A][7][ 1.4375 2.4375 1.44531 2.44531 1.45312 2.45312 1.46094 2.46094 1.46875 2.46875 1.47656 2.47656 1.48438 2.48438 1.49219 2.49219 ]
[GRF_B][0][ 0.742188 0 0 0 0 0 0 0 0 0 0 0 0 0 0 0 ]
[GRF_B][1][ 0 0 0 0 0 0 0 0 0 0 0 0 0 0 0 0 ]
[GRF_B][2][ 0 0 0 0 0 0 0 0 0 0 0 0 0 0 0 0 ]
[GRF_B][3][ 0 0 0 0 0 0 0 0 0 0 0 0 0 0 0 0 ]
[GRF_B][4][ 0 0 0 0 0 0 0 0 0 0 0 0 0 0 0 0 ]
[GRF_B][5][ 0 0 0 0 0 0 0 0 0 0 0 0 0 0 0 0 ]
[GRF_B][6][ 0 0 0 0 0 0 0 0 0 0 0 0 0 0 0 0 ]
[GRF_B][7][ 0 0 0 0 0 0 0 0 0 0 0 0 0 0 0 0 ]
[M_OUT][0000000000000000000000000000000000000000000000000000000000000000000000000000000000000000000000000000000000000000000000000000000000000000000000000000000000000000000000000000000000000000000000000000000000000000000000000000000000000000000000000000000000000000]
[A_OUT][0000000000000000000000000000000000000000000000000000000000000000000000000000000000000000000000000000000000000000000000000000000000000000000000000000000000000000000000000000000000000000000000000000000000000000000000000000000000000000000000000000000000000000]

----------
READ ch0 ra0 bg0 b0 r0 c5|| [0] MAC GRF_B[0], GRF_A[0], EVEN_BANK, auto @ 3344
[BANK_R][ 0.3125 0 0 0 0 0 0 0 0 0 0 0 0 0 0 0 ]
[CMD]00111011000100001000000000000000(MAC GRF_B[0], GRF_A[0], EVEN_BANK, auto)
[SRF][0000000000000000000000000000000000000000000000000000000000000000000000000000000000000000000000000000000000000000000000000000000000000000000000000000000000000000000000000000000000000000000000000000000000000000000000000000000000000000000000000000000000000000]
[GRF_A][0][ 1 2 1.00781 2.00781 1.01562 2.01562 1.02344 2.02344 1.03125 2.03125 1.03906 2.03906 1.04688 2.04688 1.05469 2.05469 ]
[GRF_A][1][ 1.0625 2.0625 1.07031 2.07031 1.07812 2.07812 1.08594 2.08594 1.09375 2.09375 1.10156 2.10156 1.10938 2.10938 1.11719 2.11719 ]
[GRF_A][2][ 1.125 2.125 1.13281 2.13281 1.14062 2.14062 1.14844 2.14844 1.15625 2.15625 1.16406 2.16406 1.17188 2.17188 1.17969 2.17969 ]
[GRF_A][3][ 1.1875 2.1875 1.19531 2.19531 1.20312 2.20312 1.21094 2.21094 1.21875 2.21875 1.22656 2.22656 1.23438 2.23438 1.24219 2.24219 ]
[GRF_A][4][ 1.25 2.25 1.25781 2.25781 1.26562 2.26562 1.27344 2.27344 1.28125 2.28125 1.28906 2.28906 1.29688 2.29688 1.30469 2.30469 ]
[GRF_A][5][ 1.3125 2.3125 1.32031 2.32031 1.32812 2.32812 1.33594 2.33594 1.34375 2.34375 1.35156 2.35156 1.35938 2.35938 1.36719 2.36719 ]
[GRF_A][6][ 1.375 2.375 1.38281 2.38281 1.39062 2.39062 1.39844 2.39844 1.40625 2.40625 1.41406 2.41406 1.42188 2.42188 1.42969 2.42969 ]
[GRF_A][7][ 1.4375 2.4375 1.44531 2.44531 1.45312 2.45312 1.46094 2.46094 1.46875 2.46875 1.47656 2.47656 1.48438 2.48438 1.49219 2.49219 ]
[GRF_B][0][ 1.15234 0 0 0 0 0 0 0 0 0 0 0 0 0 0 0 ]
[GRF_B][1][ 0 0 0 0 0 0 0 0 0 0 0 0 0 0 0 0 ]
[GRF_B][2][ 0 0 0 0 0 0 0 0 0 0 0 0 0 0 0 0 ]
[GRF_B][3][ 0 0 0 0 0 0 0 0 0 0 0 0 0 0 0 0 ]
[GRF_B][4][ 0 0 0 0 0 0 0 0 0 0 0 0 0 0 0 0 ]
[GRF_B][5][ 0 0 0 0 0 0 0 0 0 0 0 0 0 0 0 0 ]
[GRF_B][6][ 0 0 0 0 0 0 0 0 0 0 0 0 0 0 0 0 ]
[GRF_B][7][ 0 0 0 0 0 0 0 0 0 0 0 0 0 0 0 0 ]
[M_OUT][0000000000000000000000000000000000000000000000000000000000000000000000000000000000000000000000000000000000000000000000000000000000000000000000000000000000000000000000000000000000000000000000000000000000000000000000000000000000000000000000000000000000000000]
[A_OUT][0000000000000000000000000000000000000000000000000000000000000000000000000000000000000000000000000000000000000000000000000000000000000000000000000000000000000000000000000000000000000000000000000000000000000000000000000000000000000000000000000000000000000000]

----------
READ ch0 ra0 bg0 b0 r0 c6|| [0] MAC GRF_B[0], GRF_A[0], EVEN_BANK, auto @ 3348
[BANK_R][ 0.375 0 0 0 0 0 0 0 0 0 0 0 0 0 0 0 ]
[CMD]00111011000100001000000000000000(MAC GRF_B[0], GRF_A[0], EVEN_BANK, auto)
[SRF][0000000000000000000000000000000000000000000000000000000000000000000000000000000000000000000000000000000000000000000000000000000000000000000000000000000000000000000000000000000000000000000000000000000000000000000000000000000000000000000000000000000000000000]
[GRF_A][0][ 1 2 1.00781 2.00781 1.01562 2.01562 1.02344 2.02344 1.03125 2.03125 1.03906 2.03906 1.04688 2.04688 1.05469 2.05469 ]
[GRF_A][1][ 1.0625 2.0625 1.07031 2.07031 1.07812 2.07812 1.08594 2.08594 1.09375 2.09375 1.10156 2.10156 1.10938 2.10938 1.11719 2.11719 ]
[GRF_A][2][ 1.125 2.125 1.13281 2.13281 1.14062 2.14062 1.14844 2.14844 1.15625 2.15625 1.16406 2.16406 1.17188 2.17188 1.17969 2.17969 ]
[GRF_A][3][ 1.1875 2.1875 1.19531 2.19531 1.20312 2.20312 1.21094 2.21094 1.21875 2.21875 1.22656 2.22656 1.23438 2.23438 1.24219 2.24219 ]
[GRF_A][4][ 1.25 2.25 1.25781 2.25781 1.26562 2.26562 1.27344 2.27344 1.28125 2.28125 1.28906 2.28906 1.29688 2.29688 1.30469 2.30469 ]
[GRF_A][5][ 1.3125 2.3125 1.32031 2.32031 1.32812 2.32812 1.33594 2.33594 1.34375 2.34375 1.35156 2.35156 1.35938 2.35938 1.36719 2.36719 ]
[GRF_A][6][ 1.375 2.375 1.38281 2.38281 1.39062 2.39062 1.39844 2.39844 1.40625 2.40625 1.41406 2.41406 1.42188 2.42188 1.42969 2.42969 ]
[GRF_A][7][ 1.4375 2.4375 1.44531 2.44531 1.45312 2.45312 1.46094 2.46094 1.46875 2.46875 1.47656 2.47656 1.48438 2.48438 1.49219 2.49219 ]
[GRF_B][0][ 1.66797 0 0 0 0 0 0 0 0 0 0 0 0 0 0 0 ]
[GRF_B][1][ 0 0 0 0 0 0 0 0 0 0 0 0 0 0 0 0 ]
[GRF_B][2][ 0 0 0 0 0 0 0 0 0 0 0 0 0 0 0 0 ]
[GRF_B][3][ 0 0 0 0 0 0 0 0 0 0 0 0 0 0 0 0 ]
[GRF_B][4][ 0 0 0 0 0 0 0 0 0 0 0 0 0 0 0 0 ]
[GRF_B][5][ 0 0 0 0 0 0 0 0 0 0 0 0 0 0 0 0 ]
[GRF_B][6][ 0 0 0 0 0 0 0 0 0 0 0 0 0 0 0 0 ]
[GRF_B][7][ 0 0 0 0 0 0 0 0 0 0 0 0 0 0 0 0 ]
[M_OUT][0000000000000000000000000000000000000000000000000000000000000000000000000000000000000000000000000000000000000000000000000000000000000000000000000000000000000000000000000000000000000000000000000000000000000000000000000000000000000000000000000000000000000000]
[A_OUT][0000000000000000000000000000000000000000000000000000000000000000000000000000000000000000000000000000000000000000000000000000000000000000000000000000000000000000000000000000000000000000000000000000000000000000000000000000000000000000000000000000000000000000]

----------
READ ch0 ra0 bg0 b0 r0 c7|| [0] MAC GRF_B[0], GRF_A[0], EVEN_BANK, auto @ 3352
[BANK_R][ 0.4375 0 0 0 0 0 0 0 0 0 0 0 0 0 0 0 ]
[CMD]00111011000100001000000000000000(MAC GRF_B[0], GRF_A[0], EVEN_BANK, auto)
[SRF][0000000000000000000000000000000000000000000000000000000000000000000000000000000000000000000000000000000000000000000000000000000000000000000000000000000000000000000000000000000000000000000000000000000000000000000000000000000000000000000000000000000000000000]
[GRF_A][0][ 1 2 1.00781 2.00781 1.01562 2.01562 1.02344 2.02344 1.03125 2.03125 1.03906 2.03906 1.04688 2.04688 1.05469 2.05469 ]
[GRF_A][1][ 1.0625 2.0625 1.07031 2.07031 1.07812 2.07812 1.08594 2.08594 1.09375 2.09375 1.10156 2.10156 1.10938 2.10938 1.11719 2.11719 ]
[GRF_A][2][ 1.125 2.125 1.13281 2.13281 1.14062 2.14062 1.14844 2.14844 1.15625 2.15625 1.16406 2.16406 1.17188 2.17188 1.17969 2.17969 ]
[GRF_A][3][ 1.1875 2.1875 1.19531 2.19531 1.20312 2.20312 1.21094 2.21094 1.21875 2.21875 1.22656 2.22656 1.23438 2.23438 1.24219 2.24219 ]
[GRF_A][4][ 1.25 2.25 1.25781 2.25781 1.26562 2.26562 1.27344 2.27344 1.28125 2.28125 1.28906 2.28906 1.29688 2.29688 1.30469 2.30469 ]
[GRF_A][5][ 1.3125 2.3125 1.32031 2.32031 1.32812 2.32812 1.33594 2.33594 1.34375 2.34375 1.35156 2.35156 1.35938 2.35938 1.36719 2.36719 ]
[GRF_A][6][ 1.375 2.375 1.38281 2.38281 1.39062 2.39062 1.39844 2.39844 1.40625 2.40625 1.41406 2.41406 1.42188 2.42188 1.42969 2.42969 ]
[GRF_A][7][ 1.4375 2.4375 1.44531 2.44531 1.45312 2.45312 1.46094 2.46094 1.46875 2.46875 1.47656 2.47656 1.48438 2.48438 1.49219 2.49219 ]
[GRF_B][0][ 2.29688 0 0 0 0 0 0 0 0 0 0 0 0 0 0 0 ]
[GRF_B][1][ 0 0 0 0 0 0 0 0 0 0 0 0 0 0 0 0 ]
[GRF_B][2][ 0 0 0 0 0 0 0 0 0 0 0 0 0 0 0 0 ]
[GRF_B][3][ 0 0 0 0 0 0 0 0 0 0 0 0 0 0 0 0 ]
[GRF_B][4][ 0 0 0 0 0 0 0 0 0 0 0 0 0 0 0 0 ]
[GRF_B][5][ 0 0 0 0 0 0 0 0 0 0 0 0 0 0 0 0 ]
[GRF_B][6][ 0 0 0 0 0 0 0 0 0 0 0 0 0 0 0 0 ]
[GRF_B][7][ 0 0 0 0 0 0 0 0 0 0 0 0 0 0 0 0 ]
[M_OUT][0000000000000000000000000000000000000000000000000000000000000000000000000000000000000000000000000000000000000000000000000000000000000000000000000000000000000000000000000000000000000000000000000000000000000000000000000000000000000000000000000000000000000000]
[A_OUT][0000000000000000000000000000000000000000000000000000000000000000000000000000000000000000000000000000000000000000000000000000000000000000000000000000000000000000000000000000000000000000000000000000000000000000000000000000000000000000000000000000000000000000]

----------
READ ch0 ra0 bg0 b0 r0 c8|| [1] JUMP 7x [PC - 2] @ 3356
READ ch0 ra0 bg0 b0 r0 c8|| [0] MAC GRF_B[0], GRF_A[0], EVEN_BANK, auto @ 3356
[BANK_R][ 0 0.0625 0 0 0 0 0 0 0 0 0 0 0 0 0 0 ]
[CMD]00111011000100001000000000000000(MAC GRF_B[0], GRF_A[0], EVEN_BANK, auto)
[SRF][0000000000000000000000000000000000000000000000000000000000000000000000000000000000000000000000000000000000000000000000000000000000000000000000000000000000000000000000000000000000000000000000000000000000000000000000000000000000000000000000000000000000000000]
[GRF_A][0][ 1 2 1.00781 2.00781 1.01562 2.01562 1.02344 2.02344 1.03125 2.03125 1.03906 2.03906 1.04688 2.04688 1.05469 2.05469 ]
[GRF_A][1][ 1.0625 2.0625 1.07031 2.07031 1.07812 2.07812 1.08594 2.08594 1.09375 2.09375 1.10156 2.10156 1.10938 2.10938 1.11719 2.11719 ]
[GRF_A][2][ 1.125 2.125 1.13281 2.13281 1.14062 2.14062 1.14844 2.14844 1.15625 2.15625 1.16406 2.16406 1.17188 2.17188 1.17969 2.17969 ]
[GRF_A][3][ 1.1875 2.1875 1.19531 2.19531 1.20312 2.20312 1.21094 2.21094 1.21875 2.21875 1.22656 2.22656 1.23438 2.23438 1.24219 2.24219 ]
[GRF_A][4][ 1.25 2.25 1.25781 2.25781 1.26562 2.26562 1.27344 2.27344 1.28125 2.28125 1.28906 2.28906 1.29688 2.29688 1.30469 2.30469 ]
[GRF_A][5][ 1.3125 2.3125 1.32031 2.32031 1.32812 2.32812 1.33594 2.33594 1.34375 2.34375 1.35156 2.35156 1.35938 2.35938 1.36719 2.36719 ]
[GRF_A][6][ 1.375 2.375 1.38281 2.38281 1.39062 2.39062 1.39844 2.39844 1.40625 2.40625 1.41406 2.41406 1.42188 2.42188 1.42969 2.42969 ]
[GRF_A][7][ 1.4375 2.4375 1.44531 2.44531 1.45312 2.45312 1.46094 2.46094 1.46875 2.46875 1.47656 2.47656 1.48438 2.48438 1.49219 2.49219 ]
[GRF_B][0][ 2.29688 0 0 0 0 0 0 0 0 0 0 0 0 0 0 0 ]
[GRF_B][1][ 0 0.125 0 0 0 0 0 0 0 0 0 0 0 0 0 0 ]
[GRF_B][2][ 0 0 0 0 0 0 0 0 0 0 0 0 0 0 0 0 ]
[GRF_B][3][ 0 0 0 0 0 0 0 0 0 0 0 0 0 0 0 0 ]
[GRF_B][4][ 0 0 0 0 0 0 0 0 0 0 0 0 0 0 0 0 ]
[GRF_B][5][ 0 0 0 0 0 0 0 0 0 0 0 0 0 0 0 0 ]
[GRF_B][6][ 0 0 0 0 0 0 0 0 0 0 0 0 0 0 0 0 ]
[GRF_B][7][ 0 0 0 0 0 0 0 0 0 0 0 0 0 0 0 0 ]
[M_OUT][0000000000000000000000000000000000000000000000000000000000000000000000000000000000000000000000000000000000000000000000000000000000000000000000000000000000000000000000000000000000000000000000000000000000000000000000000000000000000000000000000000000000000000]
[A_OUT][0000000000000000000000000000000000000000000000000000000000000000000000000000000000000000000000000000000000000000000000000000000000000000000000000000000000000000000000000000000000000000000000000000000000000000000000000000000000000000000000000000000000000000]

----------
READ ch0 ra0 bg0 b0 r0 c9|| [0] MAC GRF_B[0], GRF_A[0], EVEN_BANK, auto @ 3360
[BANK_R][ 0 0.125 0 0 0 0 0 0 0 0 0 0 0 0 0 0 ]
[CMD]00111011000100001000000000000000(MAC GRF_B[0], GRF_A[0], EVEN_BANK, auto)
[SRF][0000000000000000000000000000000000000000000000000000000000000000000000000000000000000000000000000000000000000000000000000000000000000000000000000000000000000000000000000000000000000000000000000000000000000000000000000000000000000000000000000000000000000000]
[GRF_A][0][ 1 2 1.00781 2.00781 1.01562 2.01562 1.02344 2.02344 1.03125 2.03125 1.03906 2.03906 1.04688 2.04688 1.05469 2.05469 ]
[GRF_A][1][ 1.0625 2.0625 1.07031 2.07031 1.07812 2.07812 1.08594 2.08594 1.09375 2.09375 1.10156 2.10156 1.10938 2.10938 1.11719 2.11719 ]
[GRF_A][2][ 1.125 2.125 1.13281 2.13281 1.14062 2.14062 1.14844 2.14844 1.15625 2.15625 1.16406 2.16406 1.17188 2.17188 1.17969 2.17969 ]
[GRF_A][3][ 1.1875 2.1875 1.19531 2.19531 1.20312 2.20312 1.21094 2.21094 1.21875 2.21875 1.22656 2.22656 1.23438 2.23438 1.24219 2.24219 ]
[GRF_A][4][ 1.25 2.25 1.25781 2.25781 1.26562 2.26562 1.27344 2.27344 1.28125 2.28125 1.28906 2.28906 1.29688 2.29688 1.30469 2.30469 ]
[GRF_A][5][ 1.3125 2.3125 1.32031 2.32031 1.32812 2.32812 1.33594 2.33594 1.34375 2.34375 1.35156 2.35156 1.35938 2.35938 1.36719 2.36719 ]
[GRF_A][6][ 1.375 2.375 1.38281 2.38281 1.39062 2.39062 1.39844 2.39844 1.40625 2.40625 1.41406 2.41406 1.42188 2.42188 1.42969 2.42969 ]
[GRF_A][7][ 1.4375 2.4375 1.44531 2.44531 1.45312 2.45312 1.46094 2.46094 1.46875 2.46875 1.47656 2.47656 1.48438 2.48438 1.49219 2.49219 ]
[GRF_B][0][ 2.29688 0 0 0 0 0 0 0 0 0 0 0 0 0 0 0 ]
[GRF_B][1][ 0 0.382812 0 0 0 0 0 0 0 0 0 0 0 0 0 0 ]
[GRF_B][2][ 0 0 0 0 0 0 0 0 0 0 0 0 0 0 0 0 ]
[GRF_B][3][ 0 0 0 0 0 0 0 0 0 0 0 0 0 0 0 0 ]
[GRF_B][4][ 0 0 0 0 0 0 0 0 0 0 0 0 0 0 0 0 ]
[GRF_B][5][ 0 0 0 0 0 0 0 0 0 0 0 0 0 0 0 0 ]
[GRF_B][6][ 0 0 0 0 0 0 0 0 0 0 0 0 0 0 0 0 ]
[GRF_B][7][ 0 0 0 0 0 0 0 0 0 0 0 0 0 0 0 0 ]
[M_OUT][0000000000000000000000000000000000000000000000000000000000000000000000000000000000000000000000000000000000000000000000000000000000000000000000000000000000000000000000000000000000000000000000000000000000000000000000000000000000000000000000000000000000000000]
[A_OUT][0000000000000000000000000000000000000000000000000000000000000000000000000000000000000000000000000000000000000000000000000000000000000000000000000000000000000000000000000000000000000000000000000000000000000000000000000000000000000000000000000000000000000000]

----------
READ ch0 ra0 bg0 b0 r0 c10|| [0] MAC GRF_B[0], GRF_A[0], EVEN_BANK, auto @ 3364
[BANK_R][ 0 0.1875 0 0 0 0 0 0 0 0 0 0 0 0 0 0 ]
[CMD]00111011000100001000000000000000(MAC GRF_B[0], GRF_A[0], EVEN_BANK, auto)
[SRF][0000000000000000000000000000000000000000000000000000000000000000000000000000000000000000000000000000000000000000000000000000000000000000000000000000000000000000000000000000000000000000000000000000000000000000000000000000000000000000000000000000000000000000]
[GRF_A][0][ 1 2 1.00781 2.00781 1.01562 2.01562 1.02344 2.02344 1.03125 2.03125 1.03906 2.03906 1.04688 2.04688 1.05469 2.05469 ]
[GRF_A][1][ 1.0625 2.0625 1.07031 2.07031 1.07812 2.07812 1.08594 2.08594 1.09375 2.09375 1.10156 2.10156 1.10938 2.10938 1.11719 2.11719 ]
[GRF_A][2][ 1.125 2.125 1.13281 2.13281 1.14062 2.14062 1.14844 2.14844 1.15625 2.15625 1.16406 2.16406 1.17188 2.17188 1.17969 2.17969 ]
[GRF_A][3][ 1.1875 2.1875 1.19531 2.19531 1.20312 2.20312 1.21094 2.21094 1.21875 2.21875 1.22656 2.22656 1.23438 2.23438 1.24219 2.24219 ]
[GRF_A][4][ 1.25 2.25 1.25781 2.25781 1.26562 2.26562 1.27344 2.27344 1.28125 2.28125 1.28906 2.28906 1.29688 2.29688 1.30469 2.30469 ]
[GRF_A][5][ 1.3125 2.3125 1.32031 2.32031 1.32812 2.32812 1.33594 2.33594 1.34375 2.34375 1.35156 2.35156 1.35938 2.35938 1.36719 2.36719 ]
[GRF_A][6][ 1.375 2.375 1.38281 2.38281 1.39062 2.39062 1.39844 2.39844 1.40625 2.40625 1.41406 2.41406 1.42188 2.42188 1.42969 2.42969 ]
[GRF_A][7][ 1.4375 2.4375 1.44531 2.44531 1.45312 2.45312 1.46094 2.46094 1.46875 2.46875 1.47656 2.47656 1.48438 2.48438 1.49219 2.49219 ]
[GRF_B][0][ 2.29688 0 0 0 0 0 0 0 0 0 0 0 0 0 0 0 ]
[GRF_B][1][ 0 0.78125 0 0 0 0 0 0 0 0 0 0 0 0 0 0 ]
[GRF_B][2][ 0 0 0 0 0 0 0 0 0 0 0 0 0 0 0 0 ]
[GRF_B][3][ 0 0 0 0 0 0 0 0 0 0 0 0 0 0 0 0 ]
[GRF_B][4][ 0 0 0 0 0 0 0 0 0 0 0 0 0 0 0 0 ]
[GRF_B][5][ 0 0 0 0 0 0 0 0 0 0 0 0 0 0 0 0 ]
[GRF_B][6][ 0 0 0 0 0 0 0 0 0 0 0 0 0 0 0 0 ]
[GRF_B][7][ 0 0 0 0 0 0 0 0 0 0 0 0 0 0 0 0 ]
[M_OUT][0000000000000000000000000000000000000000000000000000000000000000000000000000000000000000000000000000000000000000000000000000000000000000000000000000000000000000000000000000000000000000000000000000000000000000000000000000000000000000000000000000000000000000]
[A_OUT][0000000000000000000000000000000000000000000000000000000000000000000000000000000000000000000000000000000000000000000000000000000000000000000000000000000000000000000000000000000000000000000000000000000000000000000000000000000000000000000000000000000000000000]

----------
READ ch0 ra0 bg0 b0 r0 c11|| [0] MAC GRF_B[0], GRF_A[0], EVEN_BANK, auto @ 3368
[BANK_R][ 0 0.25 0 0 0 0 0 0 0 0 0 0 0 0 0 0 ]
[CMD]00111011000100001000000000000000(MAC GRF_B[0], GRF_A[0], EVEN_BANK, auto)
[SRF][0000000000000000000000000000000000000000000000000000000000000000000000000000000000000000000000000000000000000000000000000000000000000000000000000000000000000000000000000000000000000000000000000000000000000000000000000000000000000000000000000000000000000000]
[GRF_A][0][ 1 2 1.00781 2.00781 1.01562 2.01562 1.02344 2.02344 1.03125 2.03125 1.03906 2.03906 1.04688 2.04688 1.05469 2.05469 ]
[GRF_A][1][ 1.0625 2.0625 1.07031 2.07031 1.07812 2.07812 1.08594 2.08594 1.09375 2.09375 1.10156 2.10156 1.10938 2.10938 1.11719 2.11719 ]
[GRF_A][2][ 1.125 2.125 1.13281 2.13281 1.14062 2.14062 1.14844 2.14844 1.15625 2.15625 1.16406 2.16406 1.17188 2.17188 1.17969 2.17969 ]
[GRF_A][3][ 1.1875 2.1875 1.19531 2.19531 1.20312 2.20312 1.21094 2.21094 1.21875 2.21875 1.22656 2.22656 1.23438 2.23438 1.24219 2.24219 ]
[GRF_A][4][ 1.25 2.25 1.25781 2.25781 1.26562 2.26562 1.27344 2.27344 1.28125 2.28125 1.28906 2.28906 1.29688 2.29688 1.30469 2.30469 ]
[GRF_A][5][ 1.3125 2.3125 1.32031 2.32031 1.32812 2.32812 1.33594 2.33594 1.34375 2.34375 1.35156 2.35156 1.35938 2.35938 1.36719 2.36719 ]
[GRF_A][6][ 1.375 2.375 1.38281 2.38281 1.39062 2.39062 1.39844 2.39844 1.40625 2.40625 1.41406 2.41406 1.42188 2.42188 1.42969 2.42969 ]
[GRF_A][7][ 1.4375 2.4375 1.44531 2.44531 1.45312 2.45312 1.46094 2.46094 1.46875 2.46875 1.47656 2.47656 1.48438 2.48438 1.49219 2.49219 ]
[GRF_B][0][ 2.29688 0 0 0 0 0 0 0 0 0 0 0 0 0 0 0 ]
[GRF_B][1][ 0 1.32812 0 0 0 0 0 0 0 0 0 0 0 0 0 0 ]
[GRF_B][2][ 0 0 0 0 0 0 0 0 0 0 0 0 0 0 0 0 ]
[GRF_B][3][ 0 0 0 0 0 0 0 0 0 0 0 0 0 0 0 0 ]
[GRF_B][4][ 0 0 0 0 0 0 0 0 0 0 0 0 0 0 0 0 ]
[GRF_B][5][ 0 0 0 0 0 0 0 0 0 0 0 0 0 0 0 0 ]
[GRF_B][6][ 0 0 0 0 0 0 0 0 0 0 0 0 0 0 0 0 ]
[GRF_B][7][ 0 0 0 0 0 0 0 0 0 0 0 0 0 0 0 0 ]
[M_OUT][0000000000000000000000000000000000000000000000000000000000000000000000000000000000000000000000000000000000000000000000000000000000000000000000000000000000000000000000000000000000000000000000000000000000000000000000000000000000000000000000000000000000000000]
[A_OUT][0000000000000000000000000000000000000000000000000000000000000000000000000000000000000000000000000000000000000000000000000000000000000000000000000000000000000000000000000000000000000000000000000000000000000000000000000000000000000000000000000000000000000000]

----------
READ ch0 ra0 bg0 b0 r0 c12|| [0] MAC GRF_B[0], GRF_A[0], EVEN_BANK, auto @ 3372
[BANK_R][ 0 0.3125 0 0 0 0 0 0 0 0 0 0 0 0 0 0 ]
[CMD]00111011000100001000000000000000(MAC GRF_B[0], GRF_A[0], EVEN_BANK, auto)
[SRF][0000000000000000000000000000000000000000000000000000000000000000000000000000000000000000000000000000000000000000000000000000000000000000000000000000000000000000000000000000000000000000000000000000000000000000000000000000000000000000000000000000000000000000]
[GRF_A][0][ 1 2 1.00781 2.00781 1.01562 2.01562 1.02344 2.02344 1.03125 2.03125 1.03906 2.03906 1.04688 2.04688 1.05469 2.05469 ]
[GRF_A][1][ 1.0625 2.0625 1.07031 2.07031 1.07812 2.07812 1.08594 2.08594 1.09375 2.09375 1.10156 2.10156 1.10938 2.10938 1.11719 2.11719 ]
[GRF_A][2][ 1.125 2.125 1.13281 2.13281 1.14062 2.14062 1.14844 2.14844 1.15625 2.15625 1.16406 2.16406 1.17188 2.17188 1.17969 2.17969 ]
[GRF_A][3][ 1.1875 2.1875 1.19531 2.19531 1.20312 2.20312 1.21094 2.21094 1.21875 2.21875 1.22656 2.22656 1.23438 2.23438 1.24219 2.24219 ]
[GRF_A][4][ 1.25 2.25 1.25781 2.25781 1.26562 2.26562 1.27344 2.27344 1.28125 2.28125 1.28906 2.28906 1.29688 2.29688 1.30469 2.30469 ]
[GRF_A][5][ 1.3125 2.3125 1.32031 2.32031 1.32812 2.32812 1.33594 2.33594 1.34375 2.34375 1.35156 2.35156 1.35938 2.35938 1.36719 2.36719 ]
[GRF_A][6][ 1.375 2.375 1.38281 2.38281 1.39062 2.39062 1.39844 2.39844 1.40625 2.40625 1.41406 2.41406 1.42188 2.42188 1.42969 2.42969 ]
[GRF_A][7][ 1.4375 2.4375 1.44531 2.44531 1.45312 2.45312 1.46094 2.46094 1.46875 2.46875 1.47656 2.47656 1.48438 2.48438 1.49219 2.49219 ]
[GRF_B][0][ 2.29688 0 0 0 0 0 0 0 0 0 0 0 0 0 0 0 ]
[GRF_B][1][ 0 2.03125 0 0 0 0 0 0 0 0 0 0 0 0 0 0 ]
[GRF_B][2][ 0 0 0 0 0 0 0 0 0 0 0 0 0 0 0 0 ]
[GRF_B][3][ 0 0 0 0 0 0 0 0 0 0 0 0 0 0 0 0 ]
[GRF_B][4][ 0 0 0 0 0 0 0 0 0 0 0 0 0 0 0 0 ]
[GRF_B][5][ 0 0 0 0 0 0 0 0 0 0 0 0 0 0 0 0 ]
[GRF_B][6][ 0 0 0 0 0 0 0 0 0 0 0 0 0 0 0 0 ]
[GRF_B][7][ 0 0 0 0 0 0 0 0 0 0 0 0 0 0 0 0 ]
[M_OUT][0000000000000000000000000000000000000000000000000000000000000000000000000000000000000000000000000000000000000000000000000000000000000000000000000000000000000000000000000000000000000000000000000000000000000000000000000000000000000000000000000000000000000000]
[A_OUT][0000000000000000000000000000000000000000000000000000000000000000000000000000000000000000000000000000000000000000000000000000000000000000000000000000000000000000000000000000000000000000000000000000000000000000000000000000000000000000000000000000000000000000]

----------
READ ch0 ra0 bg0 b0 r0 c13|| [0] MAC GRF_B[0], GRF_A[0], EVEN_BANK, auto @ 3376
[BANK_R][ 0 0.375 0 0 0 0 0 0 0 0 0 0 0 0 0 0 ]
[CMD]00111011000100001000000000000000(MAC GRF_B[0], GRF_A[0], EVEN_BANK, auto)
[SRF][0000000000000000000000000000000000000000000000000000000000000000000000000000000000000000000000000000000000000000000000000000000000000000000000000000000000000000000000000000000000000000000000000000000000000000000000000000000000000000000000000000000000000000]
[GRF_A][0][ 1 2 1.00781 2.00781 1.01562 2.01562 1.02344 2.02344 1.03125 2.03125 1.03906 2.03906 1.04688 2.04688 1.05469 2.05469 ]
[GRF_A][1][ 1.0625 2.0625 1.07031 2.07031 1.07812 2.07812 1.08594 2.08594 1.09375 2.09375 1.10156 2.10156 1.10938 2.10938 1.11719 2.11719 ]
[GRF_A][2][ 1.125 2.125 1.13281 2.13281 1.14062 2.14062 1.14844 2.14844 1.15625 2.15625 1.16406 2.16406 1.17188 2.17188 1.17969 2.17969 ]
[GRF_A][3][ 1.1875 2.1875 1.19531 2.19531 1.20312 2.20312 1.21094 2.21094 1.21875 2.21875 1.22656 2.22656 1.23438 2.23438 1.24219 2.24219 ]
[GRF_A][4][ 1.25 2.25 1.25781 2.25781 1.26562 2.26562 1.27344 2.27344 1.28125 2.28125 1.28906 2.28906 1.29688 2.29688 1.30469 2.30469 ]
[GRF_A][5][ 1.3125 2.3125 1.32031 2.32031 1.32812 2.32812 1.33594 2.33594 1.34375 2.34375 1.35156 2.35156 1.35938 2.35938 1.36719 2.36719 ]
[GRF_A][6][ 1.375 2.375 1.38281 2.38281 1.39062 2.39062 1.39844 2.39844 1.40625 2.40625 1.41406 2.41406 1.42188 2.42188 1.42969 2.42969 ]
[GRF_A][7][ 1.4375 2.4375 1.44531 2.44531 1.45312 2.45312 1.46094 2.46094 1.46875 2.46875 1.47656 2.47656 1.48438 2.48438 1.49219 2.49219 ]
[GRF_B][0][ 2.29688 0 0 0 0 0 0 0 0 0 0 0 0 0 0 0 ]
[GRF_B][1][ 0 2.89844 0 0 0 0 0 0 0 0 0 0 0 0 0 0 ]
[GRF_B][2][ 0 0 0 0 0 0 0 0 0 0 0 0 0 0 0 0 ]
[GRF_B][3][ 0 0 0 0 0 0 0 0 0 0 0 0 0 0 0 0 ]
[GRF_B][4][ 0 0 0 0 0 0 0 0 0 0 0 0 0 0 0 0 ]
[GRF_B][5][ 0 0 0 0 0 0 0 0 0 0 0 0 0 0 0 0 ]
[GRF_B][6][ 0 0 0 0 0 0 0 0 0 0 0 0 0 0 0 0 ]
[GRF_B][7][ 0 0 0 0 0 0 0 0 0 0 0 0 0 0 0 0 ]
[M_OUT][0000000000000000000000000000000000000000000000000000000000000000000000000000000000000000000000000000000000000000000000000000000000000000000000000000000000000000000000000000000000000000000000000000000000000000000000000000000000000000000000000000000000000000]
[A_OUT][0000000000000000000000000000000000000000000000000000000000000000000000000000000000000000000000000000000000000000000000000000000000000000000000000000000000000000000000000000000000000000000000000000000000000000000000000000000000000000000000000000000000000000]

----------
READ ch0 ra0 bg0 b0 r0 c14|| [0] MAC GRF_B[0], GRF_A[0], EVEN_BANK, auto @ 3380
[BANK_R][ 0 0.4375 0 0 0 0 0 0 0 0 0 0 0 0 0 0 ]
[CMD]00111011000100001000000000000000(MAC GRF_B[0], GRF_A[0], EVEN_BANK, auto)
[SRF][0000000000000000000000000000000000000000000000000000000000000000000000000000000000000000000000000000000000000000000000000000000000000000000000000000000000000000000000000000000000000000000000000000000000000000000000000000000000000000000000000000000000000000]
[GRF_A][0][ 1 2 1.00781 2.00781 1.01562 2.01562 1.02344 2.02344 1.03125 2.03125 1.03906 2.03906 1.04688 2.04688 1.05469 2.05469 ]
[GRF_A][1][ 1.0625 2.0625 1.07031 2.07031 1.07812 2.07812 1.08594 2.08594 1.09375 2.09375 1.10156 2.10156 1.10938 2.10938 1.11719 2.11719 ]
[GRF_A][2][ 1.125 2.125 1.13281 2.13281 1.14062 2.14062 1.14844 2.14844 1.15625 2.15625 1.16406 2.16406 1.17188 2.17188 1.17969 2.17969 ]
[GRF_A][3][ 1.1875 2.1875 1.19531 2.19531 1.20312 2.20312 1.21094 2.21094 1.21875 2.21875 1.22656 2.22656 1.23438 2.23438 1.24219 2.24219 ]
[GRF_A][4][ 1.25 2.25 1.25781 2.25781 1.26562 2.26562 1.27344 2.27344 1.28125 2.28125 1.28906 2.28906 1.29688 2.29688 1.30469 2.30469 ]
[GRF_A][5][ 1.3125 2.3125 1.32031 2.32031 1.32812 2.32812 1.33594 2.33594 1.34375 2.34375 1.35156 2.35156 1.35938 2.35938 1.36719 2.36719 ]
[GRF_A][6][ 1.375 2.375 1.38281 2.38281 1.39062 2.39062 1.39844 2.39844 1.40625 2.40625 1.41406 2.41406 1.42188 2.42188 1.42969 2.42969 ]
[GRF_A][7][ 1.4375 2.4375 1.44531 2.44531 1.45312 2.45312 1.46094 2.46094 1.46875 2.46875 1.47656 2.47656 1.48438 2.48438 1.49219 2.49219 ]
[GRF_B][0][ 2.29688 0 0 0 0 0 0 0 0 0 0 0 0 0 0 0 ]
[GRF_B][1][ 0 3.9375 0 0 0 0 0 0 0 0 0 0 0 0 0 0 ]
[GRF_B][2][ 0 0 0 0 0 0 0 0 0 0 0 0 0 0 0 0 ]
[GRF_B][3][ 0 0 0 0 0 0 0 0 0 0 0 0 0 0 0 0 ]
[GRF_B][4][ 0 0 0 0 0 0 0 0 0 0 0 0 0 0 0 0 ]
[GRF_B][5][ 0 0 0 0 0 0 0 0 0 0 0 0 0 0 0 0 ]
[GRF_B][6][ 0 0 0 0 0 0 0 0 0 0 0 0 0 0 0 0 ]
[GRF_B][7][ 0 0 0 0 0 0 0 0 0 0 0 0 0 0 0 0 ]
[M_OUT][0000000000000000000000000000000000000000000000000000000000000000000000000000000000000000000000000000000000000000000000000000000000000000000000000000000000000000000000000000000000000000000000000000000000000000000000000000000000000000000000000000000000000000]
[A_OUT][0000000000000000000000000000000000000000000000000000000000000000000000000000000000000000000000000000000000000000000000000000000000000000000000000000000000000000000000000000000000000000000000000000000000000000000000000000000000000000000000000000000000000000]

----------
READ ch0 ra0 bg0 b0 r0 c15|| [0] MAC GRF_B[0], GRF_A[0], EVEN_BANK, auto @ 3384
[BANK_R][ 0 0.5 0 0 0 0 0 0 0 0 0 0 0 0 0 0 ]
[CMD]00111011000100001000000000000000(MAC GRF_B[0], GRF_A[0], EVEN_BANK, auto)
[SRF][0000000000000000000000000000000000000000000000000000000000000000000000000000000000000000000000000000000000000000000000000000000000000000000000000000000000000000000000000000000000000000000000000000000000000000000000000000000000000000000000000000000000000000]
[GRF_A][0][ 1 2 1.00781 2.00781 1.01562 2.01562 1.02344 2.02344 1.03125 2.03125 1.03906 2.03906 1.04688 2.04688 1.05469 2.05469 ]
[GRF_A][1][ 1.0625 2.0625 1.07031 2.07031 1.07812 2.07812 1.08594 2.08594 1.09375 2.09375 1.10156 2.10156 1.10938 2.10938 1.11719 2.11719 ]
[GRF_A][2][ 1.125 2.125 1.13281 2.13281 1.14062 2.14062 1.14844 2.14844 1.15625 2.15625 1.16406 2.16406 1.17188 2.17188 1.17969 2.17969 ]
[GRF_A][3][ 1.1875 2.1875 1.19531 2.19531 1.20312 2.20312 1.21094 2.21094 1.21875 2.21875 1.22656 2.22656 1.23438 2.23438 1.24219 2.24219 ]
[GRF_A][4][ 1.25 2.25 1.25781 2.25781 1.26562 2.26562 1.27344 2.27344 1.28125 2.28125 1.28906 2.28906 1.29688 2.29688 1.30469 2.30469 ]
[GRF_A][5][ 1.3125 2.3125 1.32031 2.32031 1.32812 2.32812 1.33594 2.33594 1.34375 2.34375 1.35156 2.35156 1.35938 2.35938 1.36719 2.36719 ]
[GRF_A][6][ 1.375 2.375 1.38281 2.38281 1.39062 2.39062 1.39844 2.39844 1.40625 2.40625 1.41406 2.41406 1.42188 2.42188 1.42969 2.42969 ]
[GRF_A][7][ 1.4375 2.4375 1.44531 2.44531 1.45312 2.45312 1.46094 2.46094 1.46875 2.46875 1.47656 2.47656 1.48438 2.48438 1.49219 2.49219 ]
[GRF_B][0][ 2.29688 0 0 0 0 0 0 0 0 0 0 0 0 0 0 0 ]
[GRF_B][1][ 0 5.15625 0 0 0 0 0 0 0 0 0 0 0 0 0 0 ]
[GRF_B][2][ 0 0 0 0 0 0 0 0 0 0 0 0 0 0 0 0 ]
[GRF_B][3][ 0 0 0 0 0 0 0 0 0 0 0 0 0 0 0 0 ]
[GRF_B][4][ 0 0 0 0 0 0 0 0 0 0 0 0 0 0 0 0 ]
[GRF_B][5][ 0 0 0 0 0 0 0 0 0 0 0 0 0 0 0 0 ]
[GRF_B][6][ 0 0 0 0 0 0 0 0 0 0 0 0 0 0 0 0 ]
[GRF_B][7][ 0 0 0 0 0 0 0 0 0 0 0 0 0 0 0 0 ]
[M_OUT][0000000000000000000000000000000000000000000000000000000000000000000000000000000000000000000000000000000000000000000000000000000000000000000000000000000000000000000000000000000000000000000000000000000000000000000000000000000000000000000000000000000000000000]
[A_OUT][0000000000000000000000000000000000000000000000000000000000000000000000000000000000000000000000000000000000000000000000000000000000000000000000000000000000000000000000000000000000000000000000000000000000000000000000000000000000000000000000000000000000000000]

----------
READ ch0 ra0 bg0 b0 r0 c16|| [1] JUMP 7x [PC - 2] @ 3388
READ ch0 ra0 bg0 b0 r0 c16|| [0] MAC GRF_B[0], GRF_A[0], EVEN_BANK, auto @ 3388
[BANK_R][ 0 0 0.125 0 0 0 0 0 0 0 0 0 0 0 0 0 ]
[CMD]00111011000100001000000000000000(MAC GRF_B[0], GRF_A[0], EVEN_BANK, auto)
[SRF][0000000000000000000000000000000000000000000000000000000000000000000000000000000000000000000000000000000000000000000000000000000000000000000000000000000000000000000000000000000000000000000000000000000000000000000000000000000000000000000000000000000000000000]
[GRF_A][0][ 1 2 1.00781 2.00781 1.01562 2.01562 1.02344 2.02344 1.03125 2.03125 1.03906 2.03906 1.04688 2.04688 1.05469 2.05469 ]
[GRF_A][1][ 1.0625 2.0625 1.07031 2.07031 1.07812 2.07812 1.08594 2.08594 1.09375 2.09375 1.10156 2.10156 1.10938 2.10938 1.11719 2.11719 ]
[GRF_A][2][ 1.125 2.125 1.13281 2.13281 1.14062 2.14062 1.14844 2.14844 1.15625 2.15625 1.16406 2.16406 1.17188 2.17188 1.17969 2.17969 ]
[GRF_A][3][ 1.1875 2.1875 1.19531 2.19531 1.20312 2.20312 1.21094 2.21094 1.21875 2.21875 1.22656 2.22656 1.23438 2.23438 1.24219 2.24219 ]
[GRF_A][4][ 1.25 2.25 1.25781 2.25781 1.26562 2.26562 1.27344 2.27344 1.28125 2.28125 1.28906 2.28906 1.29688 2.29688 1.30469 2.30469 ]
[GRF_A][5][ 1.3125 2.3125 1.32031 2.32031 1.32812 2.32812 1.33594 2.33594 1.34375 2.34375 1.35156 2.35156 1.35938 2.35938 1.36719 2.36719 ]
[GRF_A][6][ 1.375 2.375 1.38281 2.38281 1.39062 2.39062 1.39844 2.39844 1.40625 2.40625 1.41406 2.41406 1.42188 2.42188 1.42969 2.42969 ]
[GRF_A][7][ 1.4375 2.4375 1.44531 2.44531 1.45312 2.45312 1.46094 2.46094 1.46875 2.46875 1.47656 2.47656 1.48438 2.48438 1.49219 2.49219 ]
[GRF_B][0][ 2.29688 0 0 0 0 0 0 0 0 0 0 0 0 0 0 0 ]
[GRF_B][1][ 0 5.15625 0 0 0 0 0 0 0 0 0 0 0 0 0 0 ]
[GRF_B][2][ 0 0 0.125977 0 0 0 0 0 0 0 0 0 0 0 0 0 ]
[GRF_B][3][ 0 0 0 0 0 0 0 0 0 0 0 0 0 0 0 0 ]
[GRF_B][4][ 0 0 0 0 0 0 0 0 0 0 0 0 0 0 0 0 ]
[GRF_B][5][ 0 0 0 0 0 0 0 0 0 0 0 0 0 0 0 0 ]
[GRF_B][6][ 0 0 0 0 0 0 0 0 0 0 0 0 0 0 0 0 ]
[GRF_B][7][ 0 0 0 0 0 0 0 0 0 0 0 0 0 0 0 0 ]
[M_OUT][0000000000000000000000000000000000000000000000000000000000000000000000000000000000000000000000000000000000000000000000000000000000000000000000000000000000000000000000000000000000000000000000000000000000000000000000000000000000000000000000000000000000000000]
[A_OUT][0000000000000000000000000000000000000000000000000000000000000000000000000000000000000000000000000000000000000000000000000000000000000000000000000000000000000000000000000000000000000000000000000000000000000000000000000000000000000000000000000000000000000000]

----------
READ ch0 ra0 bg0 b0 r0 c17|| [0] MAC GRF_B[0], GRF_A[0], EVEN_BANK, auto @ 3392
[BANK_R][ 0 0 0.1875 0 0 0 0 0 0 0 0 0 0 0 0 0 ]
[CMD]00111011000100001000000000000000(MAC GRF_B[0], GRF_A[0], EVEN_BANK, auto)
[SRF][0000000000000000000000000000000000000000000000000000000000000000000000000000000000000000000000000000000000000000000000000000000000000000000000000000000000000000000000000000000000000000000000000000000000000000000000000000000000000000000000000000000000000000]
[GRF_A][0][ 1 2 1.00781 2.00781 1.01562 2.01562 1.02344 2.02344 1.03125 2.03125 1.03906 2.03906 1.04688 2.04688 1.05469 2.05469 ]
[GRF_A][1][ 1.0625 2.0625 1.07031 2.07031 1.07812 2.07812 1.08594 2.08594 1.09375 2.09375 1.10156 2.10156 1.10938 2.10938 1.11719 2.11719 ]
[GRF_A][2][ 1.125 2.125 1.13281 2.13281 1.14062 2.14062 1.14844 2.14844 1.15625 2.15625 1.16406 2.16406 1.17188 2.17188 1.17969 2.17969 ]
[GRF_A][3][ 1.1875 2.1875 1.19531 2.19531 1.20312 2.20312 1.21094 2.21094 1.21875 2.21875 1.22656 2.22656 1.23438 2.23438 1.24219 2.24219 ]
[GRF_A][4][ 1.25 2.25 1.25781 2.25781 1.26562 2.26562 1.27344 2.27344 1.28125 2.28125 1.28906 2.28906 1.29688 2.29688 1.30469 2.30469 ]
[GRF_A][5][ 1.3125 2.3125 1.32031 2.32031 1.32812 2.32812 1.33594 2.33594 1.34375 2.34375 1.35156 2.35156 1.35938 2.35938 1.36719 2.36719 ]
[GRF_A][6][ 1.375 2.375 1.38281 2.38281 1.39062 2.39062 1.39844 2.39844 1.40625 2.40625 1.41406 2.41406 1.42188 2.42188 1.42969 2.42969 ]
[GRF_A][7][ 1.4375 2.4375 1.44531 2.44531 1.45312 2.45312 1.46094 2.46094 1.46875 2.46875 1.47656 2.47656 1.48438 2.48438 1.49219 2.49219 ]
[GRF_B][0][ 2.29688 0 0 0 0 0 0 0 0 0 0 0 0 0 0 0 ]
[GRF_B][1][ 0 5.15625 0 0 0 0 0 0 0 0 0 0 0 0 0 0 ]
[GRF_B][2][ 0 0 0.32666 0 0 0 0 0 0 0 0 0 0 0 0 0 ]
[GRF_B][3][ 0 0 0 0 0 0 0 0 0 0 0 0 0 0 0 0 ]
[GRF_B][4][ 0 0 0 0 0 0 0 0 0 0 0 0 0 0 0 0 ]
[GRF_B][5][ 0 0 0 0 0 0 0 0 0 0 0 0 0 0 0 0 ]
[GRF_B][6][ 0 0 0 0 0 0 0 0 0 0 0 0 0 0 0 0 ]
[GRF_B][7][ 0 0 0 0 0 0 0 0 0 0 0 0 0 0 0 0 ]
[M_OUT][0000000000000000000000000000000000000000000000000000000000000000000000000000000000000000000000000000000000000000000000000000000000000000000000000000000000000000000000000000000000000000000000000000000000000000000000000000000000000000000000000000000000000000]
[A_OUT][0000000000000000000000000000000000000000000000000000000000000000000000000000000000000000000000000000000000000000000000000000000000000000000000000000000000000000000000000000000000000000000000000000000000000000000000000000000000000000000000000000000000000000]

----------
READ ch0 ra0 bg0 b0 r0 c18|| [0] MAC GRF_B[0], GRF_A[0], EVEN_BANK, auto @ 3396
[BANK_R][ 0 0 0.25 0 0 0 0 0 0 0 0 0 0 0 0 0 ]
[CMD]00111011000100001000000000000000(MAC GRF_B[0], GRF_A[0], EVEN_BANK, auto)
[SRF][0000000000000000000000000000000000000000000000000000000000000000000000000000000000000000000000000000000000000000000000000000000000000000000000000000000000000000000000000000000000000000000000000000000000000000000000000000000000000000000000000000000000000000]
[GRF_A][0][ 1 2 1.00781 2.00781 1.01562 2.01562 1.02344 2.02344 1.03125 2.03125 1.03906 2.03906 1.04688 2.04688 1.05469 2.05469 ]
[GRF_A][1][ 1.0625 2.0625 1.07031 2.07031 1.07812 2.07812 1.08594 2.08594 1.09375 2.09375 1.10156 2.10156 1.10938 2.10938 1.11719 2.11719 ]
[GRF_A][2][ 1.125 2.125 1.13281 2.13281 1.14062 2.14062 1.14844 2.14844 1.15625 2.15625 1.16406 2.16406 1.17188 2.17188 1.17969 2.17969 ]
[GRF_A][3][ 1.1875 2.1875 1.19531 2.19531 1.20312 2.20312 1.21094 2.21094 1.21875 2.21875 1.22656 2.22656 1.23438 2.23438 1.24219 2.24219 ]
[GRF_A][4][ 1.25 2.25 1.25781 2.25781 1.26562 2.26562 1.27344 2.27344 1.28125 2.28125 1.28906 2.28906 1.29688 2.29688 1.30469 2.30469 ]
[GRF_A][5][ 1.3125 2.3125 1.32031 2.32031 1.32812 2.32812 1.33594 2.33594 1.34375 2.34375 1.35156 2.35156 1.35938 2.35938 1.36719 2.36719 ]
[GRF_A][6][ 1.375 2.375 1.38281 2.38281 1.39062 2.39062 1.39844 2.39844 1.40625 2.40625 1.41406 2.41406 1.42188 2.42188 1.42969 2.42969 ]
[GRF_A][7][ 1.4375 2.4375 1.44531 2.44531 1.45312 2.45312 1.46094 2.46094 1.46875 2.46875 1.47656 2.47656 1.48438 2.48438 1.49219 2.49219 ]
[GRF_B][0][ 2.29688 0 0 0 0 0 0 0 0 0 0 0 0 0 0 0 ]
[GRF_B][1][ 0 5.15625 0 0 0 0 0 0 0 0 0 0 0 0 0 0 ]
[GRF_B][2][ 0 0 0.609863 0 0 0 0 0 0 0 0 0 0 0 0 0 ]
[GRF_B][3][ 0 0 0 0 0 0 0 0 0 0 0 0 0 0 0 0 ]
[GRF_B][4][ 0 0 0 0 0 0 0 0 0 0 0 0 0 0 0 0 ]
[GRF_B][5][ 0 0 0 0 0 0 0 0 0 0 0 0 0 0 0 0 ]
[GRF_B][6][ 0 0 0 0 0 0 0 0 0 0 0 0 0 0 0 0 ]
[GRF_B][7][ 0 0 0 0 0 0 0 0 0 0 0 0 0 0 0 0 ]
[M_OUT][0000000000000000000000000000000000000000000000000000000000000000000000000000000000000000000000000000000000000000000000000000000000000000000000000000000000000000000000000000000000000000000000000000000000000000000000000000000000000000000000000000000000000000]
[A_OUT][0000000000000000000000000000000000000000000000000000000000000000000000000000000000000000000000000000000000000000000000000000000000000000000000000000000000000000000000000000000000000000000000000000000000000000000000000000000000000000000000000000000000000000]

----------
READ ch0 ra0 bg0 b0 r0 c19|| [0] MAC GRF_B[0], GRF_A[0], EVEN_BANK, auto @ 3400
[BANK_R][ 0 0 0.3125 0 0 0 0 0 0 0 0 0 0 0 0 0 ]
[CMD]00111011000100001000000000000000(MAC GRF_B[0], GRF_A[0], EVEN_BANK, auto)
[SRF][0000000000000000000000000000000000000000000000000000000000000000000000000000000000000000000000000000000000000000000000000000000000000000000000000000000000000000000000000000000000000000000000000000000000000000000000000000000000000000000000000000000000000000]
[GRF_A][0][ 1 2 1.00781 2.00781 1.01562 2.01562 1.02344 2.02344 1.03125 2.03125 1.03906 2.03906 1.04688 2.04688 1.05469 2.05469 ]
[GRF_A][1][ 1.0625 2.0625 1.07031 2.07031 1.07812 2.07812 1.08594 2.08594 1.09375 2.09375 1.10156 2.10156 1.10938 2.10938 1.11719 2.11719 ]
[GRF_A][2][ 1.125 2.125 1.13281 2.13281 1.14062 2.14062 1.14844 2.14844 1.15625 2.15625 1.16406 2.16406 1.17188 2.17188 1.17969 2.17969 ]
[GRF_A][3][ 1.1875 2.1875 1.19531 2.19531 1.20312 2.20312 1.21094 2.21094 1.21875 2.21875 1.22656 2.22656 1.23438 2.23438 1.24219 2.24219 ]
[GRF_A][4][ 1.25 2.25 1.25781 2.25781 1.26562 2.26562 1.27344 2.27344 1.28125 2.28125 1.28906 2.28906 1.29688 2.29688 1.30469 2.30469 ]
[GRF_A][5][ 1.3125 2.3125 1.32031 2.32031 1.32812 2.32812 1.33594 2.33594 1.34375 2.34375 1.35156 2.35156 1.35938 2.35938 1.36719 2.36719 ]
[GRF_A][6][ 1.375 2.375 1.38281 2.38281 1.39062 2.39062 1.39844 2.39844 1.40625 2.40625 1.41406 2.41406 1.42188 2.42188 1.42969 2.42969 ]
[GRF_A][7][ 1.4375 2.4375 1.44531 2.44531 1.45312 2.45312 1.46094 2.46094 1.46875 2.46875 1.47656 2.47656 1.48438 2.48438 1.49219 2.49219 ]
[GRF_B][0][ 2.29688 0 0 0 0 0 0 0 0 0 0 0 0 0 0 0 ]
[GRF_B][1][ 0 5.15625 0 0 0 0 0 0 0 0 0 0 0 0 0 0 ]
[GRF_B][2][ 0 0 0.983398 0 0 0 0 0 0 0 0 0 0 0 0 0 ]
[GRF_B][3][ 0 0 0 0 0 0 0 0 0 0 0 0 0 0 0 0 ]
[GRF_B][4][ 0 0 0 0 0 0 0 0 0 0 0 0 0 0 0 0 ]
[GRF_B][5][ 0 0 0 0 0 0 0 0 0 0 0 0 0 0 0 0 ]
[GRF_B][6][ 0 0 0 0 0 0 0 0 0 0 0 0 0 0 0 0 ]
[GRF_B][7][ 0 0 0 0 0 0 0 0 0 0 0 0 0 0 0 0 ]
[M_OUT][0000000000000000000000000000000000000000000000000000000000000000000000000000000000000000000000000000000000000000000000000000000000000000000000000000000000000000000000000000000000000000000000000000000000000000000000000000000000000000000000000000000000000000]
[A_OUT][0000000000000000000000000000000000000000000000000000000000000000000000000000000000000000000000000000000000000000000000000000000000000000000000000000000000000000000000000000000000000000000000000000000000000000000000000000000000000000000000000000000000000000]

----------
READ ch0 ra0 bg0 b0 r0 c20|| [0] MAC GRF_B[0], GRF_A[0], EVEN_BANK, auto @ 3404
[BANK_R][ 0 0 0.375 0 0 0 0 0 0 0 0 0 0 0 0 0 ]
[CMD]00111011000100001000000000000000(MAC GRF_B[0], GRF_A[0], EVEN_BANK, auto)
[SRF][0000000000000000000000000000000000000000000000000000000000000000000000000000000000000000000000000000000000000000000000000000000000000000000000000000000000000000000000000000000000000000000000000000000000000000000000000000000000000000000000000000000000000000]
[GRF_A][0][ 1 2 1.00781 2.00781 1.01562 2.01562 1.02344 2.02344 1.03125 2.03125 1.03906 2.03906 1.04688 2.04688 1.05469 2.05469 ]
[GRF_A][1][ 1.0625 2.0625 1.07031 2.07031 1.07812 2.07812 1.08594 2.08594 1.09375 2.09375 1.10156 2.10156 1.10938 2.10938 1.11719 2.11719 ]
[GRF_A][2][ 1.125 2.125 1.13281 2.13281 1.14062 2.14062 1.14844 2.14844 1.15625 2.15625 1.16406 2.16406 1.17188 2.17188 1.17969 2.17969 ]
[GRF_A][3][ 1.1875 2.1875 1.19531 2.19531 1.20312 2.20312 1.21094 2.21094 1.21875 2.21875 1.22656 2.22656 1.23438 2.23438 1.24219 2.24219 ]
[GRF_A][4][ 1.25 2.25 1.25781 2.25781 1.26562 2.26562 1.27344 2.27344 1.28125 2.28125 1.28906 2.28906 1.29688 2.29688 1.30469 2.30469 ]
[GRF_A][5][ 1.3125 2.3125 1.32031 2.32031 1.32812 2.32812 1.33594 2.33594 1.34375 2.34375 1.35156 2.35156 1.35938 2.35938 1.36719 2.36719 ]
[GRF_A][6][ 1.375 2.375 1.38281 2.38281 1.39062 2.39062 1.39844 2.39844 1.40625 2.40625 1.41406 2.41406 1.42188 2.42188 1.42969 2.42969 ]
[GRF_A][7][ 1.4375 2.4375 1.44531 2.44531 1.45312 2.45312 1.46094 2.46094 1.46875 2.46875 1.47656 2.47656 1.48438 2.48438 1.49219 2.49219 ]
[GRF_B][0][ 2.29688 0 0 0 0 0 0 0 0 0 0 0 0 0 0 0 ]
[GRF_B][1][ 0 5.15625 0 0 0 0 0 0 0 0 0 0 0 0 0 0 ]
[GRF_B][2][ 0 0 1.45508 0 0 0 0 0 0 0 0 0 0 0 0 0 ]
[GRF_B][3][ 0 0 0 0 0 0 0 0 0 0 0 0 0 0 0 0 ]
[GRF_B][4][ 0 0 0 0 0 0 0 0 0 0 0 0 0 0 0 0 ]
[GRF_B][5][ 0 0 0 0 0 0 0 0 0 0 0 0 0 0 0 0 ]
[GRF_B][6][ 0 0 0 0 0 0 0 0 0 0 0 0 0 0 0 0 ]
[GRF_B][7][ 0 0 0 0 0 0 0 0 0 0 0 0 0 0 0 0 ]
[M_OUT][0000000000000000000000000000000000000000000000000000000000000000000000000000000000000000000000000000000000000000000000000000000000000000000000000000000000000000000000000000000000000000000000000000000000000000000000000000000000000000000000000000000000000000]
[A_OUT][0000000000000000000000000000000000000000000000000000000000000000000000000000000000000000000000000000000000000000000000000000000000000000000000000000000000000000000000000000000000000000000000000000000000000000000000000000000000000000000000000000000000000000]

----------
READ ch0 ra0 bg0 b0 r0 c21|| [0] MAC GRF_B[0], GRF_A[0], EVEN_BANK, auto @ 3408
[BANK_R][ 0 0 0.4375 0 0 0 0 0 0 0 0 0 0 0 0 0 ]
[CMD]00111011000100001000000000000000(MAC GRF_B[0], GRF_A[0], EVEN_BANK, auto)
[SRF][0000000000000000000000000000000000000000000000000000000000000000000000000000000000000000000000000000000000000000000000000000000000000000000000000000000000000000000000000000000000000000000000000000000000000000000000000000000000000000000000000000000000000000]
[GRF_A][0][ 1 2 1.00781 2.00781 1.01562 2.01562 1.02344 2.02344 1.03125 2.03125 1.03906 2.03906 1.04688 2.04688 1.05469 2.05469 ]
[GRF_A][1][ 1.0625 2.0625 1.07031 2.07031 1.07812 2.07812 1.08594 2.08594 1.09375 2.09375 1.10156 2.10156 1.10938 2.10938 1.11719 2.11719 ]
[GRF_A][2][ 1.125 2.125 1.13281 2.13281 1.14062 2.14062 1.14844 2.14844 1.15625 2.15625 1.16406 2.16406 1.17188 2.17188 1.17969 2.17969 ]
[GRF_A][3][ 1.1875 2.1875 1.19531 2.19531 1.20312 2.20312 1.21094 2.21094 1.21875 2.21875 1.22656 2.22656 1.23438 2.23438 1.24219 2.24219 ]
[GRF_A][4][ 1.25 2.25 1.25781 2.25781 1.26562 2.26562 1.27344 2.27344 1.28125 2.28125 1.28906 2.28906 1.29688 2.29688 1.30469 2.30469 ]
[GRF_A][5][ 1.3125 2.3125 1.32031 2.32031 1.32812 2.32812 1.33594 2.33594 1.34375 2.34375 1.35156 2.35156 1.35938 2.35938 1.36719 2.36719 ]
[GRF_A][6][ 1.375 2.375 1.38281 2.38281 1.39062 2.39062 1.39844 2.39844 1.40625 2.40625 1.41406 2.41406 1.42188 2.42188 1.42969 2.42969 ]
[GRF_A][7][ 1.4375 2.4375 1.44531 2.44531 1.45312 2.45312 1.46094 2.46094 1.46875 2.46875 1.47656 2.47656 1.48438 2.48438 1.49219 2.49219 ]
[GRF_B][0][ 2.29688 0 0 0 0 0 0 0 0 0 0 0 0 0 0 0 ]
[GRF_B][1][ 0 5.15625 0 0 0 0 0 0 0 0 0 0 0 0 0 0 ]
[GRF_B][2][ 0 0 2.0332 0 0 0 0 0 0 0 0 0 0 0 0 0 ]
[GRF_B][3][ 0 0 0 0 0 0 0 0 0 0 0 0 0 0 0 0 ]
[GRF_B][4][ 0 0 0 0 0 0 0 0 0 0 0 0 0 0 0 0 ]
[GRF_B][5][ 0 0 0 0 0 0 0 0 0 0 0 0 0 0 0 0 ]
[GRF_B][6][ 0 0 0 0 0 0 0 0 0 0 0 0 0 0 0 0 ]
[GRF_B][7][ 0 0 0 0 0 0 0 0 0 0 0 0 0 0 0 0 ]
[M_OUT][0000000000000000000000000000000000000000000000000000000000000000000000000000000000000000000000000000000000000000000000000000000000000000000000000000000000000000000000000000000000000000000000000000000000000000000000000000000000000000000000000000000000000000]
[A_OUT][0000000000000000000000000000000000000000000000000000000000000000000000000000000000000000000000000000000000000000000000000000000000000000000000000000000000000000000000000000000000000000000000000000000000000000000000000000000000000000000000000000000000000000]

----------
READ ch0 ra0 bg0 b0 r0 c22|| [0] MAC GRF_B[0], GRF_A[0], EVEN_BANK, auto @ 3412
[BANK_R][ 0 0 0.5 0 0 0 0 0 0 0 0 0 0 0 0 0 ]
[CMD]00111011000100001000000000000000(MAC GRF_B[0], GRF_A[0], EVEN_BANK, auto)
[SRF][0000000000000000000000000000000000000000000000000000000000000000000000000000000000000000000000000000000000000000000000000000000000000000000000000000000000000000000000000000000000000000000000000000000000000000000000000000000000000000000000000000000000000000]
[GRF_A][0][ 1 2 1.00781 2.00781 1.01562 2.01562 1.02344 2.02344 1.03125 2.03125 1.03906 2.03906 1.04688 2.04688 1.05469 2.05469 ]
[GRF_A][1][ 1.0625 2.0625 1.07031 2.07031 1.07812 2.07812 1.08594 2.08594 1.09375 2.09375 1.10156 2.10156 1.10938 2.10938 1.11719 2.11719 ]
[GRF_A][2][ 1.125 2.125 1.13281 2.13281 1.14062 2.14062 1.14844 2.14844 1.15625 2.15625 1.16406 2.16406 1.17188 2.17188 1.17969 2.17969 ]
[GRF_A][3][ 1.1875 2.1875 1.19531 2.19531 1.20312 2.20312 1.21094 2.21094 1.21875 2.21875 1.22656 2.22656 1.23438 2.23438 1.24219 2.24219 ]
[GRF_A][4][ 1.25 2.25 1.25781 2.25781 1.26562 2.26562 1.27344 2.27344 1.28125 2.28125 1.28906 2.28906 1.29688 2.29688 1.30469 2.30469 ]
[GRF_A][5][ 1.3125 2.3125 1.32031 2.32031 1.32812 2.32812 1.33594 2.33594 1.34375 2.34375 1.35156 2.35156 1.35938 2.35938 1.36719 2.36719 ]
[GRF_A][6][ 1.375 2.375 1.38281 2.38281 1.39062 2.39062 1.39844 2.39844 1.40625 2.40625 1.41406 2.41406 1.42188 2.42188 1.42969 2.42969 ]
[GRF_A][7][ 1.4375 2.4375 1.44531 2.44531 1.45312 2.45312 1.46094 2.46094 1.46875 2.46875 1.47656 2.47656 1.48438 2.48438 1.49219 2.49219 ]
[GRF_B][0][ 2.29688 0 0 0 0 0 0 0 0 0 0 0 0 0 0 0 ]
[GRF_B][1][ 0 5.15625 0 0 0 0 0 0 0 0 0 0 0 0 0 0 ]
[GRF_B][2][ 0 0 2.72461 0 0 0 0 0 0 0 0 0 0 0 0 0 ]
[GRF_B][3][ 0 0 0 0 0 0 0 0 0 0 0 0 0 0 0 0 ]
[GRF_B][4][ 0 0 0 0 0 0 0 0 0 0 0 0 0 0 0 0 ]
[GRF_B][5][ 0 0 0 0 0 0 0 0 0 0 0 0 0 0 0 0 ]
[GRF_B][6][ 0 0 0 0 0 0 0 0 0 0 0 0 0 0 0 0 ]
[GRF_B][7][ 0 0 0 0 0 0 0 0 0 0 0 0 0 0 0 0 ]
[M_OUT][0000000000000000000000000000000000000000000000000000000000000000000000000000000000000000000000000000000000000000000000000000000000000000000000000000000000000000000000000000000000000000000000000000000000000000000000000000000000000000000000000000000000000000]
[A_OUT][0000000000000000000000000000000000000000000000000000000000000000000000000000000000000000000000000000000000000000000000000000000000000000000000000000000000000000000000000000000000000000000000000000000000000000000000000000000000000000000000000000000000000000]

----------
READ ch0 ra0 bg0 b0 r0 c23|| [0] MAC GRF_B[0], GRF_A[0], EVEN_BANK, auto @ 3416
[BANK_R][ 0 0 0.5625 0 0 0 0 0 0 0 0 0 0 0 0 0 ]
[CMD]00111011000100001000000000000000(MAC GRF_B[0], GRF_A[0], EVEN_BANK, auto)
[SRF][0000000000000000000000000000000000000000000000000000000000000000000000000000000000000000000000000000000000000000000000000000000000000000000000000000000000000000000000000000000000000000000000000000000000000000000000000000000000000000000000000000000000000000]
[GRF_A][0][ 1 2 1.00781 2.00781 1.01562 2.01562 1.02344 2.02344 1.03125 2.03125 1.03906 2.03906 1.04688 2.04688 1.05469 2.05469 ]
[GRF_A][1][ 1.0625 2.0625 1.07031 2.07031 1.07812 2.07812 1.08594 2.08594 1.09375 2.09375 1.10156 2.10156 1.10938 2.10938 1.11719 2.11719 ]
[GRF_A][2][ 1.125 2.125 1.13281 2.13281 1.14062 2.14062 1.14844 2.14844 1.15625 2.15625 1.16406 2.16406 1.17188 2.17188 1.17969 2.17969 ]
[GRF_A][3][ 1.1875 2.1875 1.19531 2.19531 1.20312 2.20312 1.21094 2.21094 1.21875 2.21875 1.22656 2.22656 1.23438 2.23438 1.24219 2.24219 ]
[GRF_A][4][ 1.25 2.25 1.25781 2.25781 1.26562 2.26562 1.27344 2.27344 1.28125 2.28125 1.28906 2.28906 1.29688 2.29688 1.30469 2.30469 ]
[GRF_A][5][ 1.3125 2.3125 1.32031 2.32031 1.32812 2.32812 1.33594 2.33594 1.34375 2.34375 1.35156 2.35156 1.35938 2.35938 1.36719 2.36719 ]
[GRF_A][6][ 1.375 2.375 1.38281 2.38281 1.39062 2.39062 1.39844 2.39844 1.40625 2.40625 1.41406 2.41406 1.42188 2.42188 1.42969 2.42969 ]
[GRF_A][7][ 1.4375 2.4375 1.44531 2.44531 1.45312 2.45312 1.46094 2.46094 1.46875 2.46875 1.47656 2.47656 1.48438 2.48438 1.49219 2.49219 ]
[GRF_B][0][ 2.29688 0 0 0 0 0 0 0 0 0 0 0 0 0 0 0 ]
[GRF_B][1][ 0 5.15625 0 0 0 0 0 0 0 0 0 0 0 0 0 0 ]
[GRF_B][2][ 0 0 3.53711 0 0 0 0 0 0 0 0 0 0 0 0 0 ]
[GRF_B][3][ 0 0 0 0 0 0 0 0 0 0 0 0 0 0 0 0 ]
[GRF_B][4][ 0 0 0 0 0 0 0 0 0 0 0 0 0 0 0 0 ]
[GRF_B][5][ 0 0 0 0 0 0 0 0 0 0 0 0 0 0 0 0 ]
[GRF_B][6][ 0 0 0 0 0 0 0 0 0 0 0 0 0 0 0 0 ]
[GRF_B][7][ 0 0 0 0 0 0 0 0 0 0 0 0 0 0 0 0 ]
[M_OUT][0000000000000000000000000000000000000000000000000000000000000000000000000000000000000000000000000000000000000000000000000000000000000000000000000000000000000000000000000000000000000000000000000000000000000000000000000000000000000000000000000000000000000000]
[A_OUT][0000000000000000000000000000000000000000000000000000000000000000000000000000000000000000000000000000000000000000000000000000000000000000000000000000000000000000000000000000000000000000000000000000000000000000000000000000000000000000000000000000000000000000]

----------
READ ch0 ra0 bg0 b0 r0 c24|| [1] JUMP 7x [PC - 2] @ 3420
READ ch0 ra0 bg0 b0 r0 c24|| [0] MAC GRF_B[0], GRF_A[0], EVEN_BANK, auto @ 3420
[BANK_R][ 0 0 0 0.1875 0 0 0 0 0 0 0 0 0 0 0 0 ]
[CMD]00111011000100001000000000000000(MAC GRF_B[0], GRF_A[0], EVEN_BANK, auto)
[SRF][0000000000000000000000000000000000000000000000000000000000000000000000000000000000000000000000000000000000000000000000000000000000000000000000000000000000000000000000000000000000000000000000000000000000000000000000000000000000000000000000000000000000000000]
[GRF_A][0][ 1 2 1.00781 2.00781 1.01562 2.01562 1.02344 2.02344 1.03125 2.03125 1.03906 2.03906 1.04688 2.04688 1.05469 2.05469 ]
[GRF_A][1][ 1.0625 2.0625 1.07031 2.07031 1.07812 2.07812 1.08594 2.08594 1.09375 2.09375 1.10156 2.10156 1.10938 2.10938 1.11719 2.11719 ]
[GRF_A][2][ 1.125 2.125 1.13281 2.13281 1.14062 2.14062 1.14844 2.14844 1.15625 2.15625 1.16406 2.16406 1.17188 2.17188 1.17969 2.17969 ]
[GRF_A][3][ 1.1875 2.1875 1.19531 2.19531 1.20312 2.20312 1.21094 2.21094 1.21875 2.21875 1.22656 2.22656 1.23438 2.23438 1.24219 2.24219 ]
[GRF_A][4][ 1.25 2.25 1.25781 2.25781 1.26562 2.26562 1.27344 2.27344 1.28125 2.28125 1.28906 2.28906 1.29688 2.29688 1.30469 2.30469 ]
[GRF_A][5][ 1.3125 2.3125 1.32031 2.32031 1.32812 2.32812 1.33594 2.33594 1.34375 2.34375 1.35156 2.35156 1.35938 2.35938 1.36719 2.36719 ]
[GRF_A][6][ 1.375 2.375 1.38281 2.38281 1.39062 2.39062 1.39844 2.39844 1.40625 2.40625 1.41406 2.41406 1.42188 2.42188 1.42969 2.42969 ]
[GRF_A][7][ 1.4375 2.4375 1.44531 2.44531 1.45312 2.45312 1.46094 2.46094 1.46875 2.46875 1.47656 2.47656 1.48438 2.48438 1.49219 2.49219 ]
[GRF_B][0][ 2.29688 0 0 0 0 0 0 0 0 0 0 0 0 0 0 0 ]
[GRF_B][1][ 0 5.15625 0 0 0 0 0 0 0 0 0 0 0 0 0 0 ]
[GRF_B][2][ 0 0 3.53711 0 0 0 0 0 0 0 0 0 0 0 0 0 ]
[GRF_B][3][ 0 0 0 0.376465 0 0 0 0 0 0 0 0 0 0 0 0 ]
[GRF_B][4][ 0 0 0 0 0 0 0 0 0 0 0 0 0 0 0 0 ]
[GRF_B][5][ 0 0 0 0 0 0 0 0 0 0 0 0 0 0 0 0 ]
[GRF_B][6][ 0 0 0 0 0 0 0 0 0 0 0 0 0 0 0 0 ]
[GRF_B][7][ 0 0 0 0 0 0 0 0 0 0 0 0 0 0 0 0 ]
[M_OUT][0000000000000000000000000000000000000000000000000000000000000000000000000000000000000000000000000000000000000000000000000000000000000000000000000000000000000000000000000000000000000000000000000000000000000000000000000000000000000000000000000000000000000000]
[A_OUT][0000000000000000000000000000000000000000000000000000000000000000000000000000000000000000000000000000000000000000000000000000000000000000000000000000000000000000000000000000000000000000000000000000000000000000000000000000000000000000000000000000000000000000]

----------
READ ch0 ra0 bg0 b0 r0 c25|| [0] MAC GRF_B[0], GRF_A[0], EVEN_BANK, auto @ 3424
[BANK_R][ 0 0 0 0.25 0 0 0 0 0 0 0 0 0 0 0 0 ]
[CMD]00111011000100001000000000000000(MAC GRF_B[0], GRF_A[0], EVEN_BANK, auto)
[SRF][0000000000000000000000000000000000000000000000000000000000000000000000000000000000000000000000000000000000000000000000000000000000000000000000000000000000000000000000000000000000000000000000000000000000000000000000000000000000000000000000000000000000000000]
[GRF_A][0][ 1 2 1.00781 2.00781 1.01562 2.01562 1.02344 2.02344 1.03125 2.03125 1.03906 2.03906 1.04688 2.04688 1.05469 2.05469 ]
[GRF_A][1][ 1.0625 2.0625 1.07031 2.07031 1.07812 2.07812 1.08594 2.08594 1.09375 2.09375 1.10156 2.10156 1.10938 2.10938 1.11719 2.11719 ]
[GRF_A][2][ 1.125 2.125 1.13281 2.13281 1.14062 2.14062 1.14844 2.14844 1.15625 2.15625 1.16406 2.16406 1.17188 2.17188 1.17969 2.17969 ]
[GRF_A][3][ 1.1875 2.1875 1.19531 2.19531 1.20312 2.20312 1.21094 2.21094 1.21875 2.21875 1.22656 2.22656 1.23438 2.23438 1.24219 2.24219 ]
[GRF_A][4][ 1.25 2.25 1.25781 2.25781 1.26562 2.26562 1.27344 2.27344 1.28125 2.28125 1.28906 2.28906 1.29688 2.29688 1.30469 2.30469 ]
[GRF_A][5][ 1.3125 2.3125 1.32031 2.32031 1.32812 2.32812 1.33594 2.33594 1.34375 2.34375 1.35156 2.35156 1.35938 2.35938 1.36719 2.36719 ]
[GRF_A][6][ 1.375 2.375 1.38281 2.38281 1.39062 2.39062 1.39844 2.39844 1.40625 2.40625 1.41406 2.41406 1.42188 2.42188 1.42969 2.42969 ]
[GRF_A][7][ 1.4375 2.4375 1.44531 2.44531 1.45312 2.45312 1.46094 2.46094 1.46875 2.46875 1.47656 2.47656 1.48438 2.48438 1.49219 2.49219 ]
[GRF_B][0][ 2.29688 0 0 0 0 0 0 0 0 0 0 0 0 0 0 0 ]
[GRF_B][1][ 0 5.15625 0 0 0 0 0 0 0 0 0 0 0 0 0 0 ]
[GRF_B][2][ 0 0 3.53711 0 0 0 0 0 0 0 0 0 0 0 0 0 ]
[GRF_B][3][ 0 0 0 0.894043 0 0 0 0 0 0 0 0 0 0 0 0 ]
[GRF_B][4][ 0 0 0 0 0 0 0 0 0 0 0 0 0 0 0 0 ]
[GRF_B][5][ 0 0 0 0 0 0 0 0 0 0 0 0 0 0 0 0 ]
[GRF_B][6][ 0 0 0 0 0 0 0 0 0 0 0 0 0 0 0 0 ]
[GRF_B][7][ 0 0 0 0 0 0 0 0 0 0 0 0 0 0 0 0 ]
[M_OUT][0000000000000000000000000000000000000000000000000000000000000000000000000000000000000000000000000000000000000000000000000000000000000000000000000000000000000000000000000000000000000000000000000000000000000000000000000000000000000000000000000000000000000000]
[A_OUT][0000000000000000000000000000000000000000000000000000000000000000000000000000000000000000000000000000000000000000000000000000000000000000000000000000000000000000000000000000000000000000000000000000000000000000000000000000000000000000000000000000000000000000]

----------
READ ch0 ra0 bg0 b0 r0 c26|| [0] MAC GRF_B[0], GRF_A[0], EVEN_BANK, auto @ 3428
[BANK_R][ 0 0 0 0.3125 0 0 0 0 0 0 0 0 0 0 0 0 ]
[CMD]00111011000100001000000000000000(MAC GRF_B[0], GRF_A[0], EVEN_BANK, auto)
[SRF][0000000000000000000000000000000000000000000000000000000000000000000000000000000000000000000000000000000000000000000000000000000000000000000000000000000000000000000000000000000000000000000000000000000000000000000000000000000000000000000000000000000000000000]
[GRF_A][0][ 1 2 1.00781 2.00781 1.01562 2.01562 1.02344 2.02344 1.03125 2.03125 1.03906 2.03906 1.04688 2.04688 1.05469 2.05469 ]
[GRF_A][1][ 1.0625 2.0625 1.07031 2.07031 1.07812 2.07812 1.08594 2.08594 1.09375 2.09375 1.10156 2.10156 1.10938 2.10938 1.11719 2.11719 ]
[GRF_A][2][ 1.125 2.125 1.13281 2.13281 1.14062 2.14062 1.14844 2.14844 1.15625 2.15625 1.16406 2.16406 1.17188 2.17188 1.17969 2.17969 ]
[GRF_A][3][ 1.1875 2.1875 1.19531 2.19531 1.20312 2.20312 1.21094 2.21094 1.21875 2.21875 1.22656 2.22656 1.23438 2.23438 1.24219 2.24219 ]
[GRF_A][4][ 1.25 2.25 1.25781 2.25781 1.26562 2.26562 1.27344 2.27344 1.28125 2.28125 1.28906 2.28906 1.29688 2.29688 1.30469 2.30469 ]
[GRF_A][5][ 1.3125 2.3125 1.32031 2.32031 1.32812 2.32812 1.33594 2.33594 1.34375 2.34375 1.35156 2.35156 1.35938 2.35938 1.36719 2.36719 ]
[GRF_A][6][ 1.375 2.375 1.38281 2.38281 1.39062 2.39062 1.39844 2.39844 1.40625 2.40625 1.41406 2.41406 1.42188 2.42188 1.42969 2.42969 ]
[GRF_A][7][ 1.4375 2.4375 1.44531 2.44531 1.45312 2.45312 1.46094 2.46094 1.46875 2.46875 1.47656 2.47656 1.48438 2.48438 1.49219 2.49219 ]
[GRF_B][0][ 2.29688 0 0 0 0 0 0 0 0 0 0 0 0 0 0 0 ]
[GRF_B][1][ 0 5.15625 0 0 0 0 0 0 0 0 0 0 0 0 0 0 ]
[GRF_B][2][ 0 0 3.53711 0 0 0 0 0 0 0 0 0 0 0 0 0 ]
[GRF_B][3][ 0 0 0 1.56055 0 0 0 0 0 0 0 0 0 0 0 0 ]
[GRF_B][4][ 0 0 0 0 0 0 0 0 0 0 0 0 0 0 0 0 ]
[GRF_B][5][ 0 0 0 0 0 0 0 0 0 0 0 0 0 0 0 0 ]
[GRF_B][6][ 0 0 0 0 0 0 0 0 0 0 0 0 0 0 0 0 ]
[GRF_B][7][ 0 0 0 0 0 0 0 0 0 0 0 0 0 0 0 0 ]
[M_OUT][0000000000000000000000000000000000000000000000000000000000000000000000000000000000000000000000000000000000000000000000000000000000000000000000000000000000000000000000000000000000000000000000000000000000000000000000000000000000000000000000000000000000000000]
[A_OUT][0000000000000000000000000000000000000000000000000000000000000000000000000000000000000000000000000000000000000000000000000000000000000000000000000000000000000000000000000000000000000000000000000000000000000000000000000000000000000000000000000000000000000000]

----------
READ ch0 ra0 bg0 b0 r0 c27|| [0] MAC GRF_B[0], GRF_A[0], EVEN_BANK, auto @ 3432
[BANK_R][ 0 0 0 0.375 0 0 0 0 0 0 0 0 0 0 0 0 ]
[CMD]00111011000100001000000000000000(MAC GRF_B[0], GRF_A[0], EVEN_BANK, auto)
[SRF][0000000000000000000000000000000000000000000000000000000000000000000000000000000000000000000000000000000000000000000000000000000000000000000000000000000000000000000000000000000000000000000000000000000000000000000000000000000000000000000000000000000000000000]
[GRF_A][0][ 1 2 1.00781 2.00781 1.01562 2.01562 1.02344 2.02344 1.03125 2.03125 1.03906 2.03906 1.04688 2.04688 1.05469 2.05469 ]
[GRF_A][1][ 1.0625 2.0625 1.07031 2.07031 1.07812 2.07812 1.08594 2.08594 1.09375 2.09375 1.10156 2.10156 1.10938 2.10938 1.11719 2.11719 ]
[GRF_A][2][ 1.125 2.125 1.13281 2.13281 1.14062 2.14062 1.14844 2.14844 1.15625 2.15625 1.16406 2.16406 1.17188 2.17188 1.17969 2.17969 ]
[GRF_A][3][ 1.1875 2.1875 1.19531 2.19531 1.20312 2.20312 1.21094 2.21094 1.21875 2.21875 1.22656 2.22656 1.23438 2.23438 1.24219 2.24219 ]
[GRF_A][4][ 1.25 2.25 1.25781 2.25781 1.26562 2.26562 1.27344 2.27344 1.28125 2.28125 1.28906 2.28906 1.29688 2.29688 1.30469 2.30469 ]
[GRF_A][5][ 1.3125 2.3125 1.32031 2.32031 1.32812 2.32812 1.33594 2.33594 1.34375 2.34375 1.35156 2.35156 1.35938 2.35938 1.36719 2.36719 ]
[GRF_A][6][ 1.375 2.375 1.38281 2.38281 1.39062 2.39062 1.39844 2.39844 1.40625 2.40625 1.41406 2.41406 1.42188 2.42188 1.42969 2.42969 ]
[GRF_A][7][ 1.4375 2.4375 1.44531 2.44531 1.45312 2.45312 1.46094 2.46094 1.46875 2.46875 1.47656 2.47656 1.48438 2.48438 1.49219 2.49219 ]
[GRF_B][0][ 2.29688 0 0 0 0 0 0 0 0 0 0 0 0 0 0 0 ]
[GRF_B][1][ 0 5.15625 0 0 0 0 0 0 0 0 0 0 0 0 0 0 ]
[GRF_B][2][ 0 0 3.53711 0 0 0 0 0 0 0 0 0 0 0 0 0 ]
[GRF_B][3][ 0 0 0 2.38281 0 0 0 0 0 0 0 0 0 0 0 0 ]
[GRF_B][4][ 0 0 0 0 0 0 0 0 0 0 0 0 0 0 0 0 ]
[GRF_B][5][ 0 0 0 0 0 0 0 0 0 0 0 0 0 0 0 0 ]
[GRF_B][6][ 0 0 0 0 0 0 0 0 0 0 0 0 0 0 0 0 ]
[GRF_B][7][ 0 0 0 0 0 0 0 0 0 0 0 0 0 0 0 0 ]
[M_OUT][0000000000000000000000000000000000000000000000000000000000000000000000000000000000000000000000000000000000000000000000000000000000000000000000000000000000000000000000000000000000000000000000000000000000000000000000000000000000000000000000000000000000000000]
[A_OUT][0000000000000000000000000000000000000000000000000000000000000000000000000000000000000000000000000000000000000000000000000000000000000000000000000000000000000000000000000000000000000000000000000000000000000000000000000000000000000000000000000000000000000000]

----------
READ ch0 ra0 bg0 b0 r0 c28|| [0] MAC GRF_B[0], GRF_A[0], EVEN_BANK, auto @ 3436
[BANK_R][ 0 0 0 0.4375 0 0 0 0 0 0 0 0 0 0 0 0 ]
[CMD]00111011000100001000000000000000(MAC GRF_B[0], GRF_A[0], EVEN_BANK, auto)
[SRF][0000000000000000000000000000000000000000000000000000000000000000000000000000000000000000000000000000000000000000000000000000000000000000000000000000000000000000000000000000000000000000000000000000000000000000000000000000000000000000000000000000000000000000]
[GRF_A][0][ 1 2 1.00781 2.00781 1.01562 2.01562 1.02344 2.02344 1.03125 2.03125 1.03906 2.03906 1.04688 2.04688 1.05469 2.05469 ]
[GRF_A][1][ 1.0625 2.0625 1.07031 2.07031 1.07812 2.07812 1.08594 2.08594 1.09375 2.09375 1.10156 2.10156 1.10938 2.10938 1.11719 2.11719 ]
[GRF_A][2][ 1.125 2.125 1.13281 2.13281 1.14062 2.14062 1.14844 2.14844 1.15625 2.15625 1.16406 2.16406 1.17188 2.17188 1.17969 2.17969 ]
[GRF_A][3][ 1.1875 2.1875 1.19531 2.19531 1.20312 2.20312 1.21094 2.21094 1.21875 2.21875 1.22656 2.22656 1.23438 2.23438 1.24219 2.24219 ]
[GRF_A][4][ 1.25 2.25 1.25781 2.25781 1.26562 2.26562 1.27344 2.27344 1.28125 2.28125 1.28906 2.28906 1.29688 2.29688 1.30469 2.30469 ]
[GRF_A][5][ 1.3125 2.3125 1.32031 2.32031 1.32812 2.32812 1.33594 2.33594 1.34375 2.34375 1.35156 2.35156 1.35938 2.35938 1.36719 2.36719 ]
[GRF_A][6][ 1.375 2.375 1.38281 2.38281 1.39062 2.39062 1.39844 2.39844 1.40625 2.40625 1.41406 2.41406 1.42188 2.42188 1.42969 2.42969 ]
[GRF_A][7][ 1.4375 2.4375 1.44531 2.44531 1.45312 2.45312 1.46094 2.46094 1.46875 2.46875 1.47656 2.47656 1.48438 2.48438 1.49219 2.49219 ]
[GRF_B][0][ 2.29688 0 0 0 0 0 0 0 0 0 0 0 0 0 0 0 ]
[GRF_B][1][ 0 5.15625 0 0 0 0 0 0 0 0 0 0 0 0 0 0 ]
[GRF_B][2][ 0 0 3.53711 0 0 0 0 0 0 0 0 0 0 0 0 0 ]
[GRF_B][3][ 0 0 0 3.37109 0 0 0 0 0 0 0 0 0 0 0 0 ]
[GRF_B][4][ 0 0 0 0 0 0 0 0 0 0 0 0 0 0 0 0 ]
[GRF_B][5][ 0 0 0 0 0 0 0 0 0 0 0 0 0 0 0 0 ]
[GRF_B][6][ 0 0 0 0 0 0 0 0 0 0 0 0 0 0 0 0 ]
[GRF_B][7][ 0 0 0 0 0 0 0 0 0 0 0 0 0 0 0 0 ]
[M_OUT][0000000000000000000000000000000000000000000000000000000000000000000000000000000000000000000000000000000000000000000000000000000000000000000000000000000000000000000000000000000000000000000000000000000000000000000000000000000000000000000000000000000000000000]
[A_OUT][0000000000000000000000000000000000000000000000000000000000000000000000000000000000000000000000000000000000000000000000000000000000000000000000000000000000000000000000000000000000000000000000000000000000000000000000000000000000000000000000000000000000000000]

----------
READ ch0 ra0 bg0 b0 r0 c29|| [0] MAC GRF_B[0], GRF_A[0], EVEN_BANK, auto @ 3440
[BANK_R][ 0 0 0 0.5 0 0 0 0 0 0 0 0 0 0 0 0 ]
[CMD]00111011000100001000000000000000(MAC GRF_B[0], GRF_A[0], EVEN_BANK, auto)
[SRF][0000000000000000000000000000000000000000000000000000000000000000000000000000000000000000000000000000000000000000000000000000000000000000000000000000000000000000000000000000000000000000000000000000000000000000000000000000000000000000000000000000000000000000]
[GRF_A][0][ 1 2 1.00781 2.00781 1.01562 2.01562 1.02344 2.02344 1.03125 2.03125 1.03906 2.03906 1.04688 2.04688 1.05469 2.05469 ]
[GRF_A][1][ 1.0625 2.0625 1.07031 2.07031 1.07812 2.07812 1.08594 2.08594 1.09375 2.09375 1.10156 2.10156 1.10938 2.10938 1.11719 2.11719 ]
[GRF_A][2][ 1.125 2.125 1.13281 2.13281 1.14062 2.14062 1.14844 2.14844 1.15625 2.15625 1.16406 2.16406 1.17188 2.17188 1.17969 2.17969 ]
[GRF_A][3][ 1.1875 2.1875 1.19531 2.19531 1.20312 2.20312 1.21094 2.21094 1.21875 2.21875 1.22656 2.22656 1.23438 2.23438 1.24219 2.24219 ]
[GRF_A][4][ 1.25 2.25 1.25781 2.25781 1.26562 2.26562 1.27344 2.27344 1.28125 2.28125 1.28906 2.28906 1.29688 2.29688 1.30469 2.30469 ]
[GRF_A][5][ 1.3125 2.3125 1.32031 2.32031 1.32812 2.32812 1.33594 2.33594 1.34375 2.34375 1.35156 2.35156 1.35938 2.35938 1.36719 2.36719 ]
[GRF_A][6][ 1.375 2.375 1.38281 2.38281 1.39062 2.39062 1.39844 2.39844 1.40625 2.40625 1.41406 2.41406 1.42188 2.42188 1.42969 2.42969 ]
[GRF_A][7][ 1.4375 2.4375 1.44531 2.44531 1.45312 2.45312 1.46094 2.46094 1.46875 2.46875 1.47656 2.47656 1.48438 2.48438 1.49219 2.49219 ]
[GRF_B][0][ 2.29688 0 0 0 0 0 0 0 0 0 0 0 0 0 0 0 ]
[GRF_B][1][ 0 5.15625 0 0 0 0 0 0 0 0 0 0 0 0 0 0 ]
[GRF_B][2][ 0 0 3.53711 0 0 0 0 0 0 0 0 0 0 0 0 0 ]
[GRF_B][3][ 0 0 0 4.53125 0 0 0 0 0 0 0 0 0 0 0 0 ]
[GRF_B][4][ 0 0 0 0 0 0 0 0 0 0 0 0 0 0 0 0 ]
[GRF_B][5][ 0 0 0 0 0 0 0 0 0 0 0 0 0 0 0 0 ]
[GRF_B][6][ 0 0 0 0 0 0 0 0 0 0 0 0 0 0 0 0 ]
[GRF_B][7][ 0 0 0 0 0 0 0 0 0 0 0 0 0 0 0 0 ]
[M_OUT][0000000000000000000000000000000000000000000000000000000000000000000000000000000000000000000000000000000000000000000000000000000000000000000000000000000000000000000000000000000000000000000000000000000000000000000000000000000000000000000000000000000000000000]
[A_OUT][0000000000000000000000000000000000000000000000000000000000000000000000000000000000000000000000000000000000000000000000000000000000000000000000000000000000000000000000000000000000000000000000000000000000000000000000000000000000000000000000000000000000000000]

----------
READ ch0 ra0 bg0 b0 r0 c30|| [0] MAC GRF_B[0], GRF_A[0], EVEN_BANK, auto @ 3444
[BANK_R][ 0 0 0 0.5625 0 0 0 0 0 0 0 0 0 0 0 0 ]
[CMD]00111011000100001000000000000000(MAC GRF_B[0], GRF_A[0], EVEN_BANK, auto)
[SRF][0000000000000000000000000000000000000000000000000000000000000000000000000000000000000000000000000000000000000000000000000000000000000000000000000000000000000000000000000000000000000000000000000000000000000000000000000000000000000000000000000000000000000000]
[GRF_A][0][ 1 2 1.00781 2.00781 1.01562 2.01562 1.02344 2.02344 1.03125 2.03125 1.03906 2.03906 1.04688 2.04688 1.05469 2.05469 ]
[GRF_A][1][ 1.0625 2.0625 1.07031 2.07031 1.07812 2.07812 1.08594 2.08594 1.09375 2.09375 1.10156 2.10156 1.10938 2.10938 1.11719 2.11719 ]
[GRF_A][2][ 1.125 2.125 1.13281 2.13281 1.14062 2.14062 1.14844 2.14844 1.15625 2.15625 1.16406 2.16406 1.17188 2.17188 1.17969 2.17969 ]
[GRF_A][3][ 1.1875 2.1875 1.19531 2.19531 1.20312 2.20312 1.21094 2.21094 1.21875 2.21875 1.22656 2.22656 1.23438 2.23438 1.24219 2.24219 ]
[GRF_A][4][ 1.25 2.25 1.25781 2.25781 1.26562 2.26562 1.27344 2.27344 1.28125 2.28125 1.28906 2.28906 1.29688 2.29688 1.30469 2.30469 ]
[GRF_A][5][ 1.3125 2.3125 1.32031 2.32031 1.32812 2.32812 1.33594 2.33594 1.34375 2.34375 1.35156 2.35156 1.35938 2.35938 1.36719 2.36719 ]
[GRF_A][6][ 1.375 2.375 1.38281 2.38281 1.39062 2.39062 1.39844 2.39844 1.40625 2.40625 1.41406 2.41406 1.42188 2.42188 1.42969 2.42969 ]
[GRF_A][7][ 1.4375 2.4375 1.44531 2.44531 1.45312 2.45312 1.46094 2.46094 1.46875 2.46875 1.47656 2.47656 1.48438 2.48438 1.49219 2.49219 ]
[GRF_B][0][ 2.29688 0 0 0 0 0 0 0 0 0 0 0 0 0 0 0 ]
[GRF_B][1][ 0 5.15625 0 0 0 0 0 0 0 0 0 0 0 0 0 0 ]
[GRF_B][2][ 0 0 3.53711 0 0 0 0 0 0 0 0 0 0 0 0 0 ]
[GRF_B][3][ 0 0 0 5.87109 0 0 0 0 0 0 0 0 0 0 0 0 ]
[GRF_B][4][ 0 0 0 0 0 0 0 0 0 0 0 0 0 0 0 0 ]
[GRF_B][5][ 0 0 0 0 0 0 0 0 0 0 0 0 0 0 0 0 ]
[GRF_B][6][ 0 0 0 0 0 0 0 0 0 0 0 0 0 0 0 0 ]
[GRF_B][7][ 0 0 0 0 0 0 0 0 0 0 0 0 0 0 0 0 ]
[M_OUT][0000000000000000000000000000000000000000000000000000000000000000000000000000000000000000000000000000000000000000000000000000000000000000000000000000000000000000000000000000000000000000000000000000000000000000000000000000000000000000000000000000000000000000]
[A_OUT][0000000000000000000000000000000000000000000000000000000000000000000000000000000000000000000000000000000000000000000000000000000000000000000000000000000000000000000000000000000000000000000000000000000000000000000000000000000000000000000000000000000000000000]

----------
READ ch0 ra0 bg0 b0 r0 c31|| [0] MAC GRF_B[0], GRF_A[0], EVEN_BANK, auto @ 3448
[BANK_R][ 0 0 0 0.625 0 0 0 0 0 0 0 0 0 0 0 0 ]
[CMD]00111011000100001000000000000000(MAC GRF_B[0], GRF_A[0], EVEN_BANK, auto)
[SRF][0000000000000000000000000000000000000000000000000000000000000000000000000000000000000000000000000000000000000000000000000000000000000000000000000000000000000000000000000000000000000000000000000000000000000000000000000000000000000000000000000000000000000000]
[GRF_A][0][ 1 2 1.00781 2.00781 1.01562 2.01562 1.02344 2.02344 1.03125 2.03125 1.03906 2.03906 1.04688 2.04688 1.05469 2.05469 ]
[GRF_A][1][ 1.0625 2.0625 1.07031 2.07031 1.07812 2.07812 1.08594 2.08594 1.09375 2.09375 1.10156 2.10156 1.10938 2.10938 1.11719 2.11719 ]
[GRF_A][2][ 1.125 2.125 1.13281 2.13281 1.14062 2.14062 1.14844 2.14844 1.15625 2.15625 1.16406 2.16406 1.17188 2.17188 1.17969 2.17969 ]
[GRF_A][3][ 1.1875 2.1875 1.19531 2.19531 1.20312 2.20312 1.21094 2.21094 1.21875 2.21875 1.22656 2.22656 1.23438 2.23438 1.24219 2.24219 ]
[GRF_A][4][ 1.25 2.25 1.25781 2.25781 1.26562 2.26562 1.27344 2.27344 1.28125 2.28125 1.28906 2.28906 1.29688 2.29688 1.30469 2.30469 ]
[GRF_A][5][ 1.3125 2.3125 1.32031 2.32031 1.32812 2.32812 1.33594 2.33594 1.34375 2.34375 1.35156 2.35156 1.35938 2.35938 1.36719 2.36719 ]
[GRF_A][6][ 1.375 2.375 1.38281 2.38281 1.39062 2.39062 1.39844 2.39844 1.40625 2.40625 1.41406 2.41406 1.42188 2.42188 1.42969 2.42969 ]
[GRF_A][7][ 1.4375 2.4375 1.44531 2.44531 1.45312 2.45312 1.46094 2.46094 1.46875 2.46875 1.47656 2.47656 1.48438 2.48438 1.49219 2.49219 ]
[GRF_B][0][ 2.29688 0 0 0 0 0 0 0 0 0 0 0 0 0 0 0 ]
[GRF_B][1][ 0 5.15625 0 0 0 0 0 0 0 0 0 0 0 0 0 0 ]
[GRF_B][2][ 0 0 3.53711 0 0 0 0 0 0 0 0 0 0 0 0 0 ]
[GRF_B][3][ 0 0 0 7.39844 0 0 0 0 0 0 0 0 0 0 0 0 ]
[GRF_B][4][ 0 0 0 0 0 0 0 0 0 0 0 0 0 0 0 0 ]
[GRF_B][5][ 0 0 0 0 0 0 0 0 0 0 0 0 0 0 0 0 ]
[GRF_B][6][ 0 0 0 0 0 0 0 0 0 0 0 0 0 0 0 0 ]
[GRF_B][7][ 0 0 0 0 0 0 0 0 0 0 0 0 0 0 0 0 ]
[M_OUT][0000000000000000000000000000000000000000000000000000000000000000000000000000000000000000000000000000000000000000000000000000000000000000000000000000000000000000000000000000000000000000000000000000000000000000000000000000000000000000000000000000000000000000]
[A_OUT][0000000000000000000000000000000000000000000000000000000000000000000000000000000000000000000000000000000000000000000000000000000000000000000000000000000000000000000000000000000000000000000000000000000000000000000000000000000000000000000000000000000000000000]

----------
PRECHARGE ch[0] ra[0] bg[0] ba[0] ro[0] @3450
ACTIVATE ch[0] ra[0] bg[0] ba[0] ro[1] co[0] @3464 tag : MAC_
READ ch0 ra0 bg0 b0 r1 c0|| [1] JUMP 7x [PC - 2] @ 3479
READ ch0 ra0 bg0 b0 r1 c0|| [0] MAC GRF_B[0], GRF_A[0], EVEN_BANK, auto @ 3479
[BANK_R][ 0 0 0 0 0.25 0 0 0 0 0 0 0 0 0 0 0 ]
[CMD]00111011000100001000000000000000(MAC GRF_B[0], GRF_A[0], EVEN_BANK, auto)
[SRF][0000000000000000000000000000000000000000000000000000000000000000000000000000000000000000000000000000000000000000000000000000000000000000000000000000000000000000000000000000000000000000000000000000000000000000000000000000000000000000000000000000000000000000]
[GRF_A][0][ 1 2 1.00781 2.00781 1.01562 2.01562 1.02344 2.02344 1.03125 2.03125 1.03906 2.03906 1.04688 2.04688 1.05469 2.05469 ]
[GRF_A][1][ 1.0625 2.0625 1.07031 2.07031 1.07812 2.07812 1.08594 2.08594 1.09375 2.09375 1.10156 2.10156 1.10938 2.10938 1.11719 2.11719 ]
[GRF_A][2][ 1.125 2.125 1.13281 2.13281 1.14062 2.14062 1.14844 2.14844 1.15625 2.15625 1.16406 2.16406 1.17188 2.17188 1.17969 2.17969 ]
[GRF_A][3][ 1.1875 2.1875 1.19531 2.19531 1.20312 2.20312 1.21094 2.21094 1.21875 2.21875 1.22656 2.22656 1.23438 2.23438 1.24219 2.24219 ]
[GRF_A][4][ 1.25 2.25 1.25781 2.25781 1.26562 2.26562 1.27344 2.27344 1.28125 2.28125 1.28906 2.28906 1.29688 2.29688 1.30469 2.30469 ]
[GRF_A][5][ 1.3125 2.3125 1.32031 2.32031 1.32812 2.32812 1.33594 2.33594 1.34375 2.34375 1.35156 2.35156 1.35938 2.35938 1.36719 2.36719 ]
[GRF_A][6][ 1.375 2.375 1.38281 2.38281 1.39062 2.39062 1.39844 2.39844 1.40625 2.40625 1.41406 2.41406 1.42188 2.42188 1.42969 2.42969 ]
[GRF_A][7][ 1.4375 2.4375 1.44531 2.44531 1.45312 2.45312 1.46094 2.46094 1.46875 2.46875 1.47656 2.47656 1.48438 2.48438 1.49219 2.49219 ]
[GRF_B][0][ 2.29688 0 0 0 0 0 0 0 0 0 0 0 0 0 0 0 ]
[GRF_B][1][ 0 5.15625 0 0 0 0 0 0 0 0 0 0 0 0 0 0 ]
[GRF_B][2][ 0 0 3.53711 0 0 0 0 0 0 0 0 0 0 0 0 0 ]
[GRF_B][3][ 0 0 0 7.39844 0 0 0 0 0 0 0 0 0 0 0 0 ]
[GRF_B][4][ 0 0 0 0 0.253906 0 0 0 0 0 0 0 0 0 0 0 ]
[GRF_B][5][ 0 0 0 0 0 0 0 0 0 0 0 0 0 0 0 0 ]
[GRF_B][6][ 0 0 0 0 0 0 0 0 0 0 0 0 0 0 0 0 ]
[GRF_B][7][ 0 0 0 0 0 0 0 0 0 0 0 0 0 0 0 0 ]
[M_OUT][0000000000000000000000000000000000000000000000000000000000000000000000000000000000000000000000000000000000000000000000000000000000000000000000000000000000000000000000000000000000000000000000000000000000000000000000000000000000000000000000000000000000000000]
[A_OUT][0000000000000000000000000000000000000000000000000000000000000000000000000000000000000000000000000000000000000000000000000000000000000000000000000000000000000000000000000000000000000000000000000000000000000000000000000000000000000000000000000000000000000000]

----------
READ ch0 ra0 bg0 b0 r1 c1|| [0] MAC GRF_B[0], GRF_A[0], EVEN_BANK, auto @ 3483
[BANK_R][ 0 0 0 0 0.3125 0 0 0 0 0 0 0 0 0 0 0 ]
[CMD]00111011000100001000000000000000(MAC GRF_B[0], GRF_A[0], EVEN_BANK, auto)
[SRF][0000000000000000000000000000000000000000000000000000000000000000000000000000000000000000000000000000000000000000000000000000000000000000000000000000000000000000000000000000000000000000000000000000000000000000000000000000000000000000000000000000000000000000]
[GRF_A][0][ 1 2 1.00781 2.00781 1.01562 2.01562 1.02344 2.02344 1.03125 2.03125 1.03906 2.03906 1.04688 2.04688 1.05469 2.05469 ]
[GRF_A][1][ 1.0625 2.0625 1.07031 2.07031 1.07812 2.07812 1.08594 2.08594 1.09375 2.09375 1.10156 2.10156 1.10938 2.10938 1.11719 2.11719 ]
[GRF_A][2][ 1.125 2.125 1.13281 2.13281 1.14062 2.14062 1.14844 2.14844 1.15625 2.15625 1.16406 2.16406 1.17188 2.17188 1.17969 2.17969 ]
[GRF_A][3][ 1.1875 2.1875 1.19531 2.19531 1.20312 2.20312 1.21094 2.21094 1.21875 2.21875 1.22656 2.22656 1.23438 2.23438 1.24219 2.24219 ]
[GRF_A][4][ 1.25 2.25 1.25781 2.25781 1.26562 2.26562 1.27344 2.27344 1.28125 2.28125 1.28906 2.28906 1.29688 2.29688 1.30469 2.30469 ]
[GRF_A][5][ 1.3125 2.3125 1.32031 2.32031 1.32812 2.32812 1.33594 2.33594 1.34375 2.34375 1.35156 2.35156 1.35938 2.35938 1.36719 2.36719 ]
[GRF_A][6][ 1.375 2.375 1.38281 2.38281 1.39062 2.39062 1.39844 2.39844 1.40625 2.40625 1.41406 2.41406 1.42188 2.42188 1.42969 2.42969 ]
[GRF_A][7][ 1.4375 2.4375 1.44531 2.44531 1.45312 2.45312 1.46094 2.46094 1.46875 2.46875 1.47656 2.47656 1.48438 2.48438 1.49219 2.49219 ]
[GRF_B][0][ 2.29688 0 0 0 0 0 0 0 0 0 0 0 0 0 0 0 ]
[GRF_B][1][ 0 5.15625 0 0 0 0 0 0 0 0 0 0 0 0 0 0 ]
[GRF_B][2][ 0 0 3.53711 0 0 0 0 0 0 0 0 0 0 0 0 0 ]
[GRF_B][3][ 0 0 0 7.39844 0 0 0 0 0 0 0 0 0 0 0 0 ]
[GRF_B][4][ 0 0 0 0 0.59082 0 0 0 0 0 0 0 0 0 0 0 ]
[GRF_B][5][ 0 0 0 0 0 0 0 0 0 0 0 0 0 0 0 0 ]
[GRF_B][6][ 0 0 0 0 0 0 0 0 0 0 0 0 0 0 0 0 ]
[GRF_B][7][ 0 0 0 0 0 0 0 0 0 0 0 0 0 0 0 0 ]
[M_OUT][0000000000000000000000000000000000000000000000000000000000000000000000000000000000000000000000000000000000000000000000000000000000000000000000000000000000000000000000000000000000000000000000000000000000000000000000000000000000000000000000000000000000000000]
[A_OUT][0000000000000000000000000000000000000000000000000000000000000000000000000000000000000000000000000000000000000000000000000000000000000000000000000000000000000000000000000000000000000000000000000000000000000000000000000000000000000000000000000000000000000000]

----------
READ ch0 ra0 bg0 b0 r1 c2|| [0] MAC GRF_B[0], GRF_A[0], EVEN_BANK, auto @ 3487
[BANK_R][ 0 0 0 0 0.375 0 0 0 0 0 0 0 0 0 0 0 ]
[CMD]00111011000100001000000000000000(MAC GRF_B[0], GRF_A[0], EVEN_BANK, auto)
[SRF][0000000000000000000000000000000000000000000000000000000000000000000000000000000000000000000000000000000000000000000000000000000000000000000000000000000000000000000000000000000000000000000000000000000000000000000000000000000000000000000000000000000000000000]
[GRF_A][0][ 1 2 1.00781 2.00781 1.01562 2.01562 1.02344 2.02344 1.03125 2.03125 1.03906 2.03906 1.04688 2.04688 1.05469 2.05469 ]
[GRF_A][1][ 1.0625 2.0625 1.07031 2.07031 1.07812 2.07812 1.08594 2.08594 1.09375 2.09375 1.10156 2.10156 1.10938 2.10938 1.11719 2.11719 ]
[GRF_A][2][ 1.125 2.125 1.13281 2.13281 1.14062 2.14062 1.14844 2.14844 1.15625 2.15625 1.16406 2.16406 1.17188 2.17188 1.17969 2.17969 ]
[GRF_A][3][ 1.1875 2.1875 1.19531 2.19531 1.20312 2.20312 1.21094 2.21094 1.21875 2.21875 1.22656 2.22656 1.23438 2.23438 1.24219 2.24219 ]
[GRF_A][4][ 1.25 2.25 1.25781 2.25781 1.26562 2.26562 1.27344 2.27344 1.28125 2.28125 1.28906 2.28906 1.29688 2.29688 1.30469 2.30469 ]
[GRF_A][5][ 1.3125 2.3125 1.32031 2.32031 1.32812 2.32812 1.33594 2.33594 1.34375 2.34375 1.35156 2.35156 1.35938 2.35938 1.36719 2.36719 ]
[GRF_A][6][ 1.375 2.375 1.38281 2.38281 1.39062 2.39062 1.39844 2.39844 1.40625 2.40625 1.41406 2.41406 1.42188 2.42188 1.42969 2.42969 ]
[GRF_A][7][ 1.4375 2.4375 1.44531 2.44531 1.45312 2.45312 1.46094 2.46094 1.46875 2.46875 1.47656 2.47656 1.48438 2.48438 1.49219 2.49219 ]
[GRF_B][0][ 2.29688 0 0 0 0 0 0 0 0 0 0 0 0 0 0 0 ]
[GRF_B][1][ 0 5.15625 0 0 0 0 0 0 0 0 0 0 0 0 0 0 ]
[GRF_B][2][ 0 0 3.53711 0 0 0 0 0 0 0 0 0 0 0 0 0 ]
[GRF_B][3][ 0 0 0 7.39844 0 0 0 0 0 0 0 0 0 0 0 0 ]
[GRF_B][4][ 0 0 0 0 1.01855 0 0 0 0 0 0 0 0 0 0 0 ]
[GRF_B][5][ 0 0 0 0 0 0 0 0 0 0 0 0 0 0 0 0 ]
[GRF_B][6][ 0 0 0 0 0 0 0 0 0 0 0 0 0 0 0 0 ]
[GRF_B][7][ 0 0 0 0 0 0 0 0 0 0 0 0 0 0 0 0 ]
[M_OUT][0000000000000000000000000000000000000000000000000000000000000000000000000000000000000000000000000000000000000000000000000000000000000000000000000000000000000000000000000000000000000000000000000000000000000000000000000000000000000000000000000000000000000000]
[A_OUT][0000000000000000000000000000000000000000000000000000000000000000000000000000000000000000000000000000000000000000000000000000000000000000000000000000000000000000000000000000000000000000000000000000000000000000000000000000000000000000000000000000000000000000]

----------
READ ch0 ra0 bg0 b0 r1 c3|| [0] MAC GRF_B[0], GRF_A[0], EVEN_BANK, auto @ 3491
[BANK_R][ 0 0 0 0 0.4375 0 0 0 0 0 0 0 0 0 0 0 ]
[CMD]00111011000100001000000000000000(MAC GRF_B[0], GRF_A[0], EVEN_BANK, auto)
[SRF][0000000000000000000000000000000000000000000000000000000000000000000000000000000000000000000000000000000000000000000000000000000000000000000000000000000000000000000000000000000000000000000000000000000000000000000000000000000000000000000000000000000000000000]
[GRF_A][0][ 1 2 1.00781 2.00781 1.01562 2.01562 1.02344 2.02344 1.03125 2.03125 1.03906 2.03906 1.04688 2.04688 1.05469 2.05469 ]
[GRF_A][1][ 1.0625 2.0625 1.07031 2.07031 1.07812 2.07812 1.08594 2.08594 1.09375 2.09375 1.10156 2.10156 1.10938 2.10938 1.11719 2.11719 ]
[GRF_A][2][ 1.125 2.125 1.13281 2.13281 1.14062 2.14062 1.14844 2.14844 1.15625 2.15625 1.16406 2.16406 1.17188 2.17188 1.17969 2.17969 ]
[GRF_A][3][ 1.1875 2.1875 1.19531 2.19531 1.20312 2.20312 1.21094 2.21094 1.21875 2.21875 1.22656 2.22656 1.23438 2.23438 1.24219 2.24219 ]
[GRF_A][4][ 1.25 2.25 1.25781 2.25781 1.26562 2.26562 1.27344 2.27344 1.28125 2.28125 1.28906 2.28906 1.29688 2.29688 1.30469 2.30469 ]
[GRF_A][5][ 1.3125 2.3125 1.32031 2.32031 1.32812 2.32812 1.33594 2.33594 1.34375 2.34375 1.35156 2.35156 1.35938 2.35938 1.36719 2.36719 ]
[GRF_A][6][ 1.375 2.375 1.38281 2.38281 1.39062 2.39062 1.39844 2.39844 1.40625 2.40625 1.41406 2.41406 1.42188 2.42188 1.42969 2.42969 ]
[GRF_A][7][ 1.4375 2.4375 1.44531 2.44531 1.45312 2.45312 1.46094 2.46094 1.46875 2.46875 1.47656 2.47656 1.48438 2.48438 1.49219 2.49219 ]
[GRF_B][0][ 2.29688 0 0 0 0 0 0 0 0 0 0 0 0 0 0 0 ]
[GRF_B][1][ 0 5.15625 0 0 0 0 0 0 0 0 0 0 0 0 0 0 ]
[GRF_B][2][ 0 0 3.53711 0 0 0 0 0 0 0 0 0 0 0 0 0 ]
[GRF_B][3][ 0 0 0 7.39844 0 0 0 0 0 0 0 0 0 0 0 0 ]
[GRF_B][4][ 0 0 0 0 1.54492 0 0 0 0 0 0 0 0 0 0 0 ]
[GRF_B][5][ 0 0 0 0 0 0 0 0 0 0 0 0 0 0 0 0 ]
[GRF_B][6][ 0 0 0 0 0 0 0 0 0 0 0 0 0 0 0 0 ]
[GRF_B][7][ 0 0 0 0 0 0 0 0 0 0 0 0 0 0 0 0 ]
[M_OUT][0000000000000000000000000000000000000000000000000000000000000000000000000000000000000000000000000000000000000000000000000000000000000000000000000000000000000000000000000000000000000000000000000000000000000000000000000000000000000000000000000000000000000000]
[A_OUT][0000000000000000000000000000000000000000000000000000000000000000000000000000000000000000000000000000000000000000000000000000000000000000000000000000000000000000000000000000000000000000000000000000000000000000000000000000000000000000000000000000000000000000]

----------
READ ch0 ra0 bg0 b0 r1 c4|| [0] MAC GRF_B[0], GRF_A[0], EVEN_BANK, auto @ 3495
[BANK_R][ 0 0 0 0 0.5 0 0 0 0 0 0 0 0 0 0 0 ]
[CMD]00111011000100001000000000000000(MAC GRF_B[0], GRF_A[0], EVEN_BANK, auto)
[SRF][0000000000000000000000000000000000000000000000000000000000000000000000000000000000000000000000000000000000000000000000000000000000000000000000000000000000000000000000000000000000000000000000000000000000000000000000000000000000000000000000000000000000000000]
[GRF_A][0][ 1 2 1.00781 2.00781 1.01562 2.01562 1.02344 2.02344 1.03125 2.03125 1.03906 2.03906 1.04688 2.04688 1.05469 2.05469 ]
[GRF_A][1][ 1.0625 2.0625 1.07031 2.07031 1.07812 2.07812 1.08594 2.08594 1.09375 2.09375 1.10156 2.10156 1.10938 2.10938 1.11719 2.11719 ]
[GRF_A][2][ 1.125 2.125 1.13281 2.13281 1.14062 2.14062 1.14844 2.14844 1.15625 2.15625 1.16406 2.16406 1.17188 2.17188 1.17969 2.17969 ]
[GRF_A][3][ 1.1875 2.1875 1.19531 2.19531 1.20312 2.20312 1.21094 2.21094 1.21875 2.21875 1.22656 2.22656 1.23438 2.23438 1.24219 2.24219 ]
[GRF_A][4][ 1.25 2.25 1.25781 2.25781 1.26562 2.26562 1.27344 2.27344 1.28125 2.28125 1.28906 2.28906 1.29688 2.29688 1.30469 2.30469 ]
[GRF_A][5][ 1.3125 2.3125 1.32031 2.32031 1.32812 2.32812 1.33594 2.33594 1.34375 2.34375 1.35156 2.35156 1.35938 2.35938 1.36719 2.36719 ]
[GRF_A][6][ 1.375 2.375 1.38281 2.38281 1.39062 2.39062 1.39844 2.39844 1.40625 2.40625 1.41406 2.41406 1.42188 2.42188 1.42969 2.42969 ]
[GRF_A][7][ 1.4375 2.4375 1.44531 2.44531 1.45312 2.45312 1.46094 2.46094 1.46875 2.46875 1.47656 2.47656 1.48438 2.48438 1.49219 2.49219 ]
[GRF_B][0][ 2.29688 0 0 0 0 0 0 0 0 0 0 0 0 0 0 0 ]
[GRF_B][1][ 0 5.15625 0 0 0 0 0 0 0 0 0 0 0 0 0 0 ]
[GRF_B][2][ 0 0 3.53711 0 0 0 0 0 0 0 0 0 0 0 0 0 ]
[GRF_B][3][ 0 0 0 7.39844 0 0 0 0 0 0 0 0 0 0 0 0 ]
[GRF_B][4][ 0 0 0 0 2.17773 0 0 0 0 0 0 0 0 0 0 0 ]
[GRF_B][5][ 0 0 0 0 0 0 0 0 0 0 0 0 0 0 0 0 ]
[GRF_B][6][ 0 0 0 0 0 0 0 0 0 0 0 0 0 0 0 0 ]
[GRF_B][7][ 0 0 0 0 0 0 0 0 0 0 0 0 0 0 0 0 ]
[M_OUT][0000000000000000000000000000000000000000000000000000000000000000000000000000000000000000000000000000000000000000000000000000000000000000000000000000000000000000000000000000000000000000000000000000000000000000000000000000000000000000000000000000000000000000]
[A_OUT][0000000000000000000000000000000000000000000000000000000000000000000000000000000000000000000000000000000000000000000000000000000000000000000000000000000000000000000000000000000000000000000000000000000000000000000000000000000000000000000000000000000000000000]

----------
READ ch0 ra0 bg0 b0 r1 c5|| [0] MAC GRF_B[0], GRF_A[0], EVEN_BANK, auto @ 3499
[BANK_R][ 0 0 0 0 0.5625 0 0 0 0 0 0 0 0 0 0 0 ]
[CMD]00111011000100001000000000000000(MAC GRF_B[0], GRF_A[0], EVEN_BANK, auto)
[SRF][0000000000000000000000000000000000000000000000000000000000000000000000000000000000000000000000000000000000000000000000000000000000000000000000000000000000000000000000000000000000000000000000000000000000000000000000000000000000000000000000000000000000000000]
[GRF_A][0][ 1 2 1.00781 2.00781 1.01562 2.01562 1.02344 2.02344 1.03125 2.03125 1.03906 2.03906 1.04688 2.04688 1.05469 2.05469 ]
[GRF_A][1][ 1.0625 2.0625 1.07031 2.07031 1.07812 2.07812 1.08594 2.08594 1.09375 2.09375 1.10156 2.10156 1.10938 2.10938 1.11719 2.11719 ]
[GRF_A][2][ 1.125 2.125 1.13281 2.13281 1.14062 2.14062 1.14844 2.14844 1.15625 2.15625 1.16406 2.16406 1.17188 2.17188 1.17969 2.17969 ]
[GRF_A][3][ 1.1875 2.1875 1.19531 2.19531 1.20312 2.20312 1.21094 2.21094 1.21875 2.21875 1.22656 2.22656 1.23438 2.23438 1.24219 2.24219 ]
[GRF_A][4][ 1.25 2.25 1.25781 2.25781 1.26562 2.26562 1.27344 2.27344 1.28125 2.28125 1.28906 2.28906 1.29688 2.29688 1.30469 2.30469 ]
[GRF_A][5][ 1.3125 2.3125 1.32031 2.32031 1.32812 2.32812 1.33594 2.33594 1.34375 2.34375 1.35156 2.35156 1.35938 2.35938 1.36719 2.36719 ]
[GRF_A][6][ 1.375 2.375 1.38281 2.38281 1.39062 2.39062 1.39844 2.39844 1.40625 2.40625 1.41406 2.41406 1.42188 2.42188 1.42969 2.42969 ]
[GRF_A][7][ 1.4375 2.4375 1.44531 2.44531 1.45312 2.45312 1.46094 2.46094 1.46875 2.46875 1.47656 2.47656 1.48438 2.48438 1.49219 2.49219 ]
[GRF_B][0][ 2.29688 0 0 0 0 0 0 0 0 0 0 0 0 0 0 0 ]
[GRF_B][1][ 0 5.15625 0 0 0 0 0 0 0 0 0 0 0 0 0 0 ]
[GRF_B][2][ 0 0 3.53711 0 0 0 0 0 0 0 0 0 0 0 0 0 ]
[GRF_B][3][ 0 0 0 7.39844 0 0 0 0 0 0 0 0 0 0 0 0 ]
[GRF_B][4][ 0 0 0 0 2.92578 0 0 0 0 0 0 0 0 0 0 0 ]
[GRF_B][5][ 0 0 0 0 0 0 0 0 0 0 0 0 0 0 0 0 ]
[GRF_B][6][ 0 0 0 0 0 0 0 0 0 0 0 0 0 0 0 0 ]
[GRF_B][7][ 0 0 0 0 0 0 0 0 0 0 0 0 0 0 0 0 ]
[M_OUT][0000000000000000000000000000000000000000000000000000000000000000000000000000000000000000000000000000000000000000000000000000000000000000000000000000000000000000000000000000000000000000000000000000000000000000000000000000000000000000000000000000000000000000]
[A_OUT][0000000000000000000000000000000000000000000000000000000000000000000000000000000000000000000000000000000000000000000000000000000000000000000000000000000000000000000000000000000000000000000000000000000000000000000000000000000000000000000000000000000000000000]

----------
READ ch0 ra0 bg0 b0 r1 c6|| [0] MAC GRF_B[0], GRF_A[0], EVEN_BANK, auto @ 3503
[BANK_R][ 0 0 0 0 0.625 0 0 0 0 0 0 0 0 0 0 0 ]
[CMD]00111011000100001000000000000000(MAC GRF_B[0], GRF_A[0], EVEN_BANK, auto)
[SRF][0000000000000000000000000000000000000000000000000000000000000000000000000000000000000000000000000000000000000000000000000000000000000000000000000000000000000000000000000000000000000000000000000000000000000000000000000000000000000000000000000000000000000000]
[GRF_A][0][ 1 2 1.00781 2.00781 1.01562 2.01562 1.02344 2.02344 1.03125 2.03125 1.03906 2.03906 1.04688 2.04688 1.05469 2.05469 ]
[GRF_A][1][ 1.0625 2.0625 1.07031 2.07031 1.07812 2.07812 1.08594 2.08594 1.09375 2.09375 1.10156 2.10156 1.10938 2.10938 1.11719 2.11719 ]
[GRF_A][2][ 1.125 2.125 1.13281 2.13281 1.14062 2.14062 1.14844 2.14844 1.15625 2.15625 1.16406 2.16406 1.17188 2.17188 1.17969 2.17969 ]
[GRF_A][3][ 1.1875 2.1875 1.19531 2.19531 1.20312 2.20312 1.21094 2.21094 1.21875 2.21875 1.22656 2.22656 1.23438 2.23438 1.24219 2.24219 ]
[GRF_A][4][ 1.25 2.25 1.25781 2.25781 1.26562 2.26562 1.27344 2.27344 1.28125 2.28125 1.28906 2.28906 1.29688 2.29688 1.30469 2.30469 ]
[GRF_A][5][ 1.3125 2.3125 1.32031 2.32031 1.32812 2.32812 1.33594 2.33594 1.34375 2.34375 1.35156 2.35156 1.35938 2.35938 1.36719 2.36719 ]
[GRF_A][6][ 1.375 2.375 1.38281 2.38281 1.39062 2.39062 1.39844 2.39844 1.40625 2.40625 1.41406 2.41406 1.42188 2.42188 1.42969 2.42969 ]
[GRF_A][7][ 1.4375 2.4375 1.44531 2.44531 1.45312 2.45312 1.46094 2.46094 1.46875 2.46875 1.47656 2.47656 1.48438 2.48438 1.49219 2.49219 ]
[GRF_B][0][ 2.29688 0 0 0 0 0 0 0 0 0 0 0 0 0 0 0 ]
[GRF_B][1][ 0 5.15625 0 0 0 0 0 0 0 0 0 0 0 0 0 0 ]
[GRF_B][2][ 0 0 3.53711 0 0 0 0 0 0 0 0 0 0 0 0 0 ]
[GRF_B][3][ 0 0 0 7.39844 0 0 0 0 0 0 0 0 0 0 0 0 ]
[GRF_B][4][ 0 0 0 0 3.79492 0 0 0 0 0 0 0 0 0 0 0 ]
[GRF_B][5][ 0 0 0 0 0 0 0 0 0 0 0 0 0 0 0 0 ]
[GRF_B][6][ 0 0 0 0 0 0 0 0 0 0 0 0 0 0 0 0 ]
[GRF_B][7][ 0 0 0 0 0 0 0 0 0 0 0 0 0 0 0 0 ]
[M_OUT][0000000000000000000000000000000000000000000000000000000000000000000000000000000000000000000000000000000000000000000000000000000000000000000000000000000000000000000000000000000000000000000000000000000000000000000000000000000000000000000000000000000000000000]
[A_OUT][0000000000000000000000000000000000000000000000000000000000000000000000000000000000000000000000000000000000000000000000000000000000000000000000000000000000000000000000000000000000000000000000000000000000000000000000000000000000000000000000000000000000000000]

----------
READ ch0 ra0 bg0 b0 r1 c7|| [0] MAC GRF_B[0], GRF_A[0], EVEN_BANK, auto @ 3507
[BANK_R][ 0 0 0 0 0.6875 0 0 0 0 0 0 0 0 0 0 0 ]
[CMD]00111011000100001000000000000000(MAC GRF_B[0], GRF_A[0], EVEN_BANK, auto)
[SRF][0000000000000000000000000000000000000000000000000000000000000000000000000000000000000000000000000000000000000000000000000000000000000000000000000000000000000000000000000000000000000000000000000000000000000000000000000000000000000000000000000000000000000000]
[GRF_A][0][ 1 2 1.00781 2.00781 1.01562 2.01562 1.02344 2.02344 1.03125 2.03125 1.03906 2.03906 1.04688 2.04688 1.05469 2.05469 ]
[GRF_A][1][ 1.0625 2.0625 1.07031 2.07031 1.07812 2.07812 1.08594 2.08594 1.09375 2.09375 1.10156 2.10156 1.10938 2.10938 1.11719 2.11719 ]
[GRF_A][2][ 1.125 2.125 1.13281 2.13281 1.14062 2.14062 1.14844 2.14844 1.15625 2.15625 1.16406 2.16406 1.17188 2.17188 1.17969 2.17969 ]
[GRF_A][3][ 1.1875 2.1875 1.19531 2.19531 1.20312 2.20312 1.21094 2.21094 1.21875 2.21875 1.22656 2.22656 1.23438 2.23438 1.24219 2.24219 ]
[GRF_A][4][ 1.25 2.25 1.25781 2.25781 1.26562 2.26562 1.27344 2.27344 1.28125 2.28125 1.28906 2.28906 1.29688 2.29688 1.30469 2.30469 ]
[GRF_A][5][ 1.3125 2.3125 1.32031 2.32031 1.32812 2.32812 1.33594 2.33594 1.34375 2.34375 1.35156 2.35156 1.35938 2.35938 1.36719 2.36719 ]
[GRF_A][6][ 1.375 2.375 1.38281 2.38281 1.39062 2.39062 1.39844 2.39844 1.40625 2.40625 1.41406 2.41406 1.42188 2.42188 1.42969 2.42969 ]
[GRF_A][7][ 1.4375 2.4375 1.44531 2.44531 1.45312 2.45312 1.46094 2.46094 1.46875 2.46875 1.47656 2.47656 1.48438 2.48438 1.49219 2.49219 ]
[GRF_B][0][ 2.29688 0 0 0 0 0 0 0 0 0 0 0 0 0 0 0 ]
[GRF_B][1][ 0 5.15625 0 0 0 0 0 0 0 0 0 0 0 0 0 0 ]
[GRF_B][2][ 0 0 3.53711 0 0 0 0 0 0 0 0 0 0 0 0 0 ]
[GRF_B][3][ 0 0 0 7.39844 0 0 0 0 0 0 0 0 0 0 0 0 ]
[GRF_B][4][ 0 0 0 0 4.79297 0 0 0 0 0 0 0 0 0 0 0 ]
[GRF_B][5][ 0 0 0 0 0 0 0 0 0 0 0 0 0 0 0 0 ]
[GRF_B][6][ 0 0 0 0 0 0 0 0 0 0 0 0 0 0 0 0 ]
[GRF_B][7][ 0 0 0 0 0 0 0 0 0 0 0 0 0 0 0 0 ]
[M_OUT][0000000000000000000000000000000000000000000000000000000000000000000000000000000000000000000000000000000000000000000000000000000000000000000000000000000000000000000000000000000000000000000000000000000000000000000000000000000000000000000000000000000000000000]
[A_OUT][0000000000000000000000000000000000000000000000000000000000000000000000000000000000000000000000000000000000000000000000000000000000000000000000000000000000000000000000000000000000000000000000000000000000000000000000000000000000000000000000000000000000000000]

----------
READ ch0 ra0 bg0 b0 r1 c8|| [1] JUMP 7x [PC - 2] @ 3511
READ ch0 ra0 bg0 b0 r1 c8|| [0] MAC GRF_B[0], GRF_A[0], EVEN_BANK, auto @ 3511
[BANK_R][ 0 0 0 0 0 0.3125 0 0 0 0 0 0 0 0 0 0 ]
[CMD]00111011000100001000000000000000(MAC GRF_B[0], GRF_A[0], EVEN_BANK, auto)
[SRF][0000000000000000000000000000000000000000000000000000000000000000000000000000000000000000000000000000000000000000000000000000000000000000000000000000000000000000000000000000000000000000000000000000000000000000000000000000000000000000000000000000000000000000]
[GRF_A][0][ 1 2 1.00781 2.00781 1.01562 2.01562 1.02344 2.02344 1.03125 2.03125 1.03906 2.03906 1.04688 2.04688 1.05469 2.05469 ]
[GRF_A][1][ 1.0625 2.0625 1.07031 2.07031 1.07812 2.07812 1.08594 2.08594 1.09375 2.09375 1.10156 2.10156 1.10938 2.10938 1.11719 2.11719 ]
[GRF_A][2][ 1.125 2.125 1.13281 2.13281 1.14062 2.14062 1.14844 2.14844 1.15625 2.15625 1.16406 2.16406 1.17188 2.17188 1.17969 2.17969 ]
[GRF_A][3][ 1.1875 2.1875 1.19531 2.19531 1.20312 2.20312 1.21094 2.21094 1.21875 2.21875 1.22656 2.22656 1.23438 2.23438 1.24219 2.24219 ]
[GRF_A][4][ 1.25 2.25 1.25781 2.25781 1.26562 2.26562 1.27344 2.27344 1.28125 2.28125 1.28906 2.28906 1.29688 2.29688 1.30469 2.30469 ]
[GRF_A][5][ 1.3125 2.3125 1.32031 2.32031 1.32812 2.32812 1.33594 2.33594 1.34375 2.34375 1.35156 2.35156 1.35938 2.35938 1.36719 2.36719 ]
[GRF_A][6][ 1.375 2.375 1.38281 2.38281 1.39062 2.39062 1.39844 2.39844 1.40625 2.40625 1.41406 2.41406 1.42188 2.42188 1.42969 2.42969 ]
[GRF_A][7][ 1.4375 2.4375 1.44531 2.44531 1.45312 2.45312 1.46094 2.46094 1.46875 2.46875 1.47656 2.47656 1.48438 2.48438 1.49219 2.49219 ]
[GRF_B][0][ 2.29688 0 0 0 0 0 0 0 0 0 0 0 0 0 0 0 ]
[GRF_B][1][ 0 5.15625 0 0 0 0 0 0 0 0 0 0 0 0 0 0 ]
[GRF_B][2][ 0 0 3.53711 0 0 0 0 0 0 0 0 0 0 0 0 0 ]
[GRF_B][3][ 0 0 0 7.39844 0 0 0 0 0 0 0 0 0 0 0 0 ]
[GRF_B][4][ 0 0 0 0 4.79297 0 0 0 0 0 0 0 0 0 0 0 ]
[GRF_B][5][ 0 0 0 0 0 0.629883 0 0 0 0 0 0 0 0 0 0 ]
[GRF_B][6][ 0 0 0 0 0 0 0 0 0 0 0 0 0 0 0 0 ]
[GRF_B][7][ 0 0 0 0 0 0 0 0 0 0 0 0 0 0 0 0 ]
[M_OUT][0000000000000000000000000000000000000000000000000000000000000000000000000000000000000000000000000000000000000000000000000000000000000000000000000000000000000000000000000000000000000000000000000000000000000000000000000000000000000000000000000000000000000000]
[A_OUT][0000000000000000000000000000000000000000000000000000000000000000000000000000000000000000000000000000000000000000000000000000000000000000000000000000000000000000000000000000000000000000000000000000000000000000000000000000000000000000000000000000000000000000]

----------
READ ch0 ra0 bg0 b0 r1 c9|| [0] MAC GRF_B[0], GRF_A[0], EVEN_BANK, auto @ 3515
[BANK_R][ 0 0 0 0 0 0.375 0 0 0 0 0 0 0 0 0 0 ]
[CMD]00111011000100001000000000000000(MAC GRF_B[0], GRF_A[0], EVEN_BANK, auto)
[SRF][0000000000000000000000000000000000000000000000000000000000000000000000000000000000000000000000000000000000000000000000000000000000000000000000000000000000000000000000000000000000000000000000000000000000000000000000000000000000000000000000000000000000000000]
[GRF_A][0][ 1 2 1.00781 2.00781 1.01562 2.01562 1.02344 2.02344 1.03125 2.03125 1.03906 2.03906 1.04688 2.04688 1.05469 2.05469 ]
[GRF_A][1][ 1.0625 2.0625 1.07031 2.07031 1.07812 2.07812 1.08594 2.08594 1.09375 2.09375 1.10156 2.10156 1.10938 2.10938 1.11719 2.11719 ]
[GRF_A][2][ 1.125 2.125 1.13281 2.13281 1.14062 2.14062 1.14844 2.14844 1.15625 2.15625 1.16406 2.16406 1.17188 2.17188 1.17969 2.17969 ]
[GRF_A][3][ 1.1875 2.1875 1.19531 2.19531 1.20312 2.20312 1.21094 2.21094 1.21875 2.21875 1.22656 2.22656 1.23438 2.23438 1.24219 2.24219 ]
[GRF_A][4][ 1.25 2.25 1.25781 2.25781 1.26562 2.26562 1.27344 2.27344 1.28125 2.28125 1.28906 2.28906 1.29688 2.29688 1.30469 2.30469 ]
[GRF_A][5][ 1.3125 2.3125 1.32031 2.32031 1.32812 2.32812 1.33594 2.33594 1.34375 2.34375 1.35156 2.35156 1.35938 2.35938 1.36719 2.36719 ]
[GRF_A][6][ 1.375 2.375 1.38281 2.38281 1.39062 2.39062 1.39844 2.39844 1.40625 2.40625 1.41406 2.41406 1.42188 2.42188 1.42969 2.42969 ]
[GRF_A][7][ 1.4375 2.4375 1.44531 2.44531 1.45312 2.45312 1.46094 2.46094 1.46875 2.46875 1.47656 2.47656 1.48438 2.48438 1.49219 2.49219 ]
[GRF_B][0][ 2.29688 0 0 0 0 0 0 0 0 0 0 0 0 0 0 0 ]
[GRF_B][1][ 0 5.15625 0 0 0 0 0 0 0 0 0 0 0 0 0 0 ]
[GRF_B][2][ 0 0 3.53711 0 0 0 0 0 0 0 0 0 0 0 0 0 ]
[GRF_B][3][ 0 0 0 7.39844 0 0 0 0 0 0 0 0 0 0 0 0 ]
[GRF_B][4][ 0 0 0 0 4.79297 0 0 0 0 0 0 0 0 0 0 0 ]
[GRF_B][5][ 0 0 0 0 0 1.40918 0 0 0 0 0 0 0 0 0 0 ]
[GRF_B][6][ 0 0 0 0 0 0 0 0 0 0 0 0 0 0 0 0 ]
[GRF_B][7][ 0 0 0 0 0 0 0 0 0 0 0 0 0 0 0 0 ]
[M_OUT][0000000000000000000000000000000000000000000000000000000000000000000000000000000000000000000000000000000000000000000000000000000000000000000000000000000000000000000000000000000000000000000000000000000000000000000000000000000000000000000000000000000000000000]
[A_OUT][0000000000000000000000000000000000000000000000000000000000000000000000000000000000000000000000000000000000000000000000000000000000000000000000000000000000000000000000000000000000000000000000000000000000000000000000000000000000000000000000000000000000000000]

----------
READ ch0 ra0 bg0 b0 r1 c10|| [0] MAC GRF_B[0], GRF_A[0], EVEN_BANK, auto @ 3519
[BANK_R][ 0 0 0 0 0 0.4375 0 0 0 0 0 0 0 0 0 0 ]
[CMD]00111011000100001000000000000000(MAC GRF_B[0], GRF_A[0], EVEN_BANK, auto)
[SRF][0000000000000000000000000000000000000000000000000000000000000000000000000000000000000000000000000000000000000000000000000000000000000000000000000000000000000000000000000000000000000000000000000000000000000000000000000000000000000000000000000000000000000000]
[GRF_A][0][ 1 2 1.00781 2.00781 1.01562 2.01562 1.02344 2.02344 1.03125 2.03125 1.03906 2.03906 1.04688 2.04688 1.05469 2.05469 ]
[GRF_A][1][ 1.0625 2.0625 1.07031 2.07031 1.07812 2.07812 1.08594 2.08594 1.09375 2.09375 1.10156 2.10156 1.10938 2.10938 1.11719 2.11719 ]
[GRF_A][2][ 1.125 2.125 1.13281 2.13281 1.14062 2.14062 1.14844 2.14844 1.15625 2.15625 1.16406 2.16406 1.17188 2.17188 1.17969 2.17969 ]
[GRF_A][3][ 1.1875 2.1875 1.19531 2.19531 1.20312 2.20312 1.21094 2.21094 1.21875 2.21875 1.22656 2.22656 1.23438 2.23438 1.24219 2.24219 ]
[GRF_A][4][ 1.25 2.25 1.25781 2.25781 1.26562 2.26562 1.27344 2.27344 1.28125 2.28125 1.28906 2.28906 1.29688 2.29688 1.30469 2.30469 ]
[GRF_A][5][ 1.3125 2.3125 1.32031 2.32031 1.32812 2.32812 1.33594 2.33594 1.34375 2.34375 1.35156 2.35156 1.35938 2.35938 1.36719 2.36719 ]
[GRF_A][6][ 1.375 2.375 1.38281 2.38281 1.39062 2.39062 1.39844 2.39844 1.40625 2.40625 1.41406 2.41406 1.42188 2.42188 1.42969 2.42969 ]
[GRF_A][7][ 1.4375 2.4375 1.44531 2.44531 1.45312 2.45312 1.46094 2.46094 1.46875 2.46875 1.47656 2.47656 1.48438 2.48438 1.49219 2.49219 ]
[GRF_B][0][ 2.29688 0 0 0 0 0 0 0 0 0 0 0 0 0 0 0 ]
[GRF_B][1][ 0 5.15625 0 0 0 0 0 0 0 0 0 0 0 0 0 0 ]
[GRF_B][2][ 0 0 3.53711 0 0 0 0 0 0 0 0 0 0 0 0 0 ]
[GRF_B][3][ 0 0 0 7.39844 0 0 0 0 0 0 0 0 0 0 0 0 ]
[GRF_B][4][ 0 0 0 0 4.79297 0 0 0 0 0 0 0 0 0 0 0 ]
[GRF_B][5][ 0 0 0 0 0 2.3457 0 0 0 0 0 0 0 0 0 0 ]
[GRF_B][6][ 0 0 0 0 0 0 0 0 0 0 0 0 0 0 0 0 ]
[GRF_B][7][ 0 0 0 0 0 0 0 0 0 0 0 0 0 0 0 0 ]
[M_OUT][0000000000000000000000000000000000000000000000000000000000000000000000000000000000000000000000000000000000000000000000000000000000000000000000000000000000000000000000000000000000000000000000000000000000000000000000000000000000000000000000000000000000000000]
[A_OUT][0000000000000000000000000000000000000000000000000000000000000000000000000000000000000000000000000000000000000000000000000000000000000000000000000000000000000000000000000000000000000000000000000000000000000000000000000000000000000000000000000000000000000000]

----------
READ ch0 ra0 bg0 b0 r1 c11|| [0] MAC GRF_B[0], GRF_A[0], EVEN_BANK, auto @ 3523
[BANK_R][ 0 0 0 0 0 0.5 0 0 0 0 0 0 0 0 0 0 ]
[CMD]00111011000100001000000000000000(MAC GRF_B[0], GRF_A[0], EVEN_BANK, auto)
[SRF][0000000000000000000000000000000000000000000000000000000000000000000000000000000000000000000000000000000000000000000000000000000000000000000000000000000000000000000000000000000000000000000000000000000000000000000000000000000000000000000000000000000000000000]
[GRF_A][0][ 1 2 1.00781 2.00781 1.01562 2.01562 1.02344 2.02344 1.03125 2.03125 1.03906 2.03906 1.04688 2.04688 1.05469 2.05469 ]
[GRF_A][1][ 1.0625 2.0625 1.07031 2.07031 1.07812 2.07812 1.08594 2.08594 1.09375 2.09375 1.10156 2.10156 1.10938 2.10938 1.11719 2.11719 ]
[GRF_A][2][ 1.125 2.125 1.13281 2.13281 1.14062 2.14062 1.14844 2.14844 1.15625 2.15625 1.16406 2.16406 1.17188 2.17188 1.17969 2.17969 ]
[GRF_A][3][ 1.1875 2.1875 1.19531 2.19531 1.20312 2.20312 1.21094 2.21094 1.21875 2.21875 1.22656 2.22656 1.23438 2.23438 1.24219 2.24219 ]
[GRF_A][4][ 1.25 2.25 1.25781 2.25781 1.26562 2.26562 1.27344 2.27344 1.28125 2.28125 1.28906 2.28906 1.29688 2.29688 1.30469 2.30469 ]
[GRF_A][5][ 1.3125 2.3125 1.32031 2.32031 1.32812 2.32812 1.33594 2.33594 1.34375 2.34375 1.35156 2.35156 1.35938 2.35938 1.36719 2.36719 ]
[GRF_A][6][ 1.375 2.375 1.38281 2.38281 1.39062 2.39062 1.39844 2.39844 1.40625 2.40625 1.41406 2.41406 1.42188 2.42188 1.42969 2.42969 ]
[GRF_A][7][ 1.4375 2.4375 1.44531 2.44531 1.45312 2.45312 1.46094 2.46094 1.46875 2.46875 1.47656 2.47656 1.48438 2.48438 1.49219 2.49219 ]
[GRF_B][0][ 2.29688 0 0 0 0 0 0 0 0 0 0 0 0 0 0 0 ]
[GRF_B][1][ 0 5.15625 0 0 0 0 0 0 0 0 0 0 0 0 0 0 ]
[GRF_B][2][ 0 0 3.53711 0 0 0 0 0 0 0 0 0 0 0 0 0 ]
[GRF_B][3][ 0 0 0 7.39844 0 0 0 0 0 0 0 0 0 0 0 0 ]
[GRF_B][4][ 0 0 0 0 4.79297 0 0 0 0 0 0 0 0 0 0 0 ]
[GRF_B][5][ 0 0 0 0 0 3.44727 0 0 0 0 0 0 0 0 0 0 ]
[GRF_B][6][ 0 0 0 0 0 0 0 0 0 0 0 0 0 0 0 0 ]
[GRF_B][7][ 0 0 0 0 0 0 0 0 0 0 0 0 0 0 0 0 ]
[M_OUT][0000000000000000000000000000000000000000000000000000000000000000000000000000000000000000000000000000000000000000000000000000000000000000000000000000000000000000000000000000000000000000000000000000000000000000000000000000000000000000000000000000000000000000]
[A_OUT][0000000000000000000000000000000000000000000000000000000000000000000000000000000000000000000000000000000000000000000000000000000000000000000000000000000000000000000000000000000000000000000000000000000000000000000000000000000000000000000000000000000000000000]

----------
READ ch0 ra0 bg0 b0 r1 c12|| [0] MAC GRF_B[0], GRF_A[0], EVEN_BANK, auto @ 3527
[BANK_R][ 0 0 0 0 0 0.5625 0 0 0 0 0 0 0 0 0 0 ]
[CMD]00111011000100001000000000000000(MAC GRF_B[0], GRF_A[0], EVEN_BANK, auto)
[SRF][0000000000000000000000000000000000000000000000000000000000000000000000000000000000000000000000000000000000000000000000000000000000000000000000000000000000000000000000000000000000000000000000000000000000000000000000000000000000000000000000000000000000000000]
[GRF_A][0][ 1 2 1.00781 2.00781 1.01562 2.01562 1.02344 2.02344 1.03125 2.03125 1.03906 2.03906 1.04688 2.04688 1.05469 2.05469 ]
[GRF_A][1][ 1.0625 2.0625 1.07031 2.07031 1.07812 2.07812 1.08594 2.08594 1.09375 2.09375 1.10156 2.10156 1.10938 2.10938 1.11719 2.11719 ]
[GRF_A][2][ 1.125 2.125 1.13281 2.13281 1.14062 2.14062 1.14844 2.14844 1.15625 2.15625 1.16406 2.16406 1.17188 2.17188 1.17969 2.17969 ]
[GRF_A][3][ 1.1875 2.1875 1.19531 2.19531 1.20312 2.20312 1.21094 2.21094 1.21875 2.21875 1.22656 2.22656 1.23438 2.23438 1.24219 2.24219 ]
[GRF_A][4][ 1.25 2.25 1.25781 2.25781 1.26562 2.26562 1.27344 2.27344 1.28125 2.28125 1.28906 2.28906 1.29688 2.29688 1.30469 2.30469 ]
[GRF_A][5][ 1.3125 2.3125 1.32031 2.32031 1.32812 2.32812 1.33594 2.33594 1.34375 2.34375 1.35156 2.35156 1.35938 2.35938 1.36719 2.36719 ]
[GRF_A][6][ 1.375 2.375 1.38281 2.38281 1.39062 2.39062 1.39844 2.39844 1.40625 2.40625 1.41406 2.41406 1.42188 2.42188 1.42969 2.42969 ]
[GRF_A][7][ 1.4375 2.4375 1.44531 2.44531 1.45312 2.45312 1.46094 2.46094 1.46875 2.46875 1.47656 2.47656 1.48438 2.48438 1.49219 2.49219 ]
[GRF_B][0][ 2.29688 0 0 0 0 0 0 0 0 0 0 0 0 0 0 0 ]
[GRF_B][1][ 0 5.15625 0 0 0 0 0 0 0 0 0 0 0 0 0 0 ]
[GRF_B][2][ 0 0 3.53711 0 0 0 0 0 0 0 0 0 0 0 0 0 ]
[GRF_B][3][ 0 0 0 7.39844 0 0 0 0 0 0 0 0 0 0 0 0 ]
[GRF_B][4][ 0 0 0 0 4.79297 0 0 0 0 0 0 0 0 0 0 0 ]
[GRF_B][5][ 0 0 0 0 0 4.72266 0 0 0 0 0 0 0 0 0 0 ]
[GRF_B][6][ 0 0 0 0 0 0 0 0 0 0 0 0 0 0 0 0 ]
[GRF_B][7][ 0 0 0 0 0 0 0 0 0 0 0 0 0 0 0 0 ]
[M_OUT][0000000000000000000000000000000000000000000000000000000000000000000000000000000000000000000000000000000000000000000000000000000000000000000000000000000000000000000000000000000000000000000000000000000000000000000000000000000000000000000000000000000000000000]
[A_OUT][0000000000000000000000000000000000000000000000000000000000000000000000000000000000000000000000000000000000000000000000000000000000000000000000000000000000000000000000000000000000000000000000000000000000000000000000000000000000000000000000000000000000000000]

----------
READ ch0 ra0 bg0 b0 r1 c13|| [0] MAC GRF_B[0], GRF_A[0], EVEN_BANK, auto @ 3531
[BANK_R][ 0 0 0 0 0 0.625 0 0 0 0 0 0 0 0 0 0 ]
[CMD]00111011000100001000000000000000(MAC GRF_B[0], GRF_A[0], EVEN_BANK, auto)
[SRF][0000000000000000000000000000000000000000000000000000000000000000000000000000000000000000000000000000000000000000000000000000000000000000000000000000000000000000000000000000000000000000000000000000000000000000000000000000000000000000000000000000000000000000]
[GRF_A][0][ 1 2 1.00781 2.00781 1.01562 2.01562 1.02344 2.02344 1.03125 2.03125 1.03906 2.03906 1.04688 2.04688 1.05469 2.05469 ]
[GRF_A][1][ 1.0625 2.0625 1.07031 2.07031 1.07812 2.07812 1.08594 2.08594 1.09375 2.09375 1.10156 2.10156 1.10938 2.10938 1.11719 2.11719 ]
[GRF_A][2][ 1.125 2.125 1.13281 2.13281 1.14062 2.14062 1.14844 2.14844 1.15625 2.15625 1.16406 2.16406 1.17188 2.17188 1.17969 2.17969 ]
[GRF_A][3][ 1.1875 2.1875 1.19531 2.19531 1.20312 2.20312 1.21094 2.21094 1.21875 2.21875 1.22656 2.22656 1.23438 2.23438 1.24219 2.24219 ]
[GRF_A][4][ 1.25 2.25 1.25781 2.25781 1.26562 2.26562 1.27344 2.27344 1.28125 2.28125 1.28906 2.28906 1.29688 2.29688 1.30469 2.30469 ]
[GRF_A][5][ 1.3125 2.3125 1.32031 2.32031 1.32812 2.32812 1.33594 2.33594 1.34375 2.34375 1.35156 2.35156 1.35938 2.35938 1.36719 2.36719 ]
[GRF_A][6][ 1.375 2.375 1.38281 2.38281 1.39062 2.39062 1.39844 2.39844 1.40625 2.40625 1.41406 2.41406 1.42188 2.42188 1.42969 2.42969 ]
[GRF_A][7][ 1.4375 2.4375 1.44531 2.44531 1.45312 2.45312 1.46094 2.46094 1.46875 2.46875 1.47656 2.47656 1.48438 2.48438 1.49219 2.49219 ]
[GRF_B][0][ 2.29688 0 0 0 0 0 0 0 0 0 0 0 0 0 0 0 ]
[GRF_B][1][ 0 5.15625 0 0 0 0 0 0 0 0 0 0 0 0 0 0 ]
[GRF_B][2][ 0 0 3.53711 0 0 0 0 0 0 0 0 0 0 0 0 0 ]
[GRF_B][3][ 0 0 0 7.39844 0 0 0 0 0 0 0 0 0 0 0 0 ]
[GRF_B][4][ 0 0 0 0 4.79297 0 0 0 0 0 0 0 0 0 0 0 ]
[GRF_B][5][ 0 0 0 0 0 6.17969 0 0 0 0 0 0 0 0 0 0 ]
[GRF_B][6][ 0 0 0 0 0 0 0 0 0 0 0 0 0 0 0 0 ]
[GRF_B][7][ 0 0 0 0 0 0 0 0 0 0 0 0 0 0 0 0 ]
[M_OUT][0000000000000000000000000000000000000000000000000000000000000000000000000000000000000000000000000000000000000000000000000000000000000000000000000000000000000000000000000000000000000000000000000000000000000000000000000000000000000000000000000000000000000000]
[A_OUT][0000000000000000000000000000000000000000000000000000000000000000000000000000000000000000000000000000000000000000000000000000000000000000000000000000000000000000000000000000000000000000000000000000000000000000000000000000000000000000000000000000000000000000]

----------
READ ch0 ra0 bg0 b0 r1 c14|| [0] MAC GRF_B[0], GRF_A[0], EVEN_BANK, auto @ 3535
[BANK_R][ 0 0 0 0 0 0.6875 0 0 0 0 0 0 0 0 0 0 ]
[CMD]00111011000100001000000000000000(MAC GRF_B[0], GRF_A[0], EVEN_BANK, auto)
[SRF][0000000000000000000000000000000000000000000000000000000000000000000000000000000000000000000000000000000000000000000000000000000000000000000000000000000000000000000000000000000000000000000000000000000000000000000000000000000000000000000000000000000000000000]
[GRF_A][0][ 1 2 1.00781 2.00781 1.01562 2.01562 1.02344 2.02344 1.03125 2.03125 1.03906 2.03906 1.04688 2.04688 1.05469 2.05469 ]
[GRF_A][1][ 1.0625 2.0625 1.07031 2.07031 1.07812 2.07812 1.08594 2.08594 1.09375 2.09375 1.10156 2.10156 1.10938 2.10938 1.11719 2.11719 ]
[GRF_A][2][ 1.125 2.125 1.13281 2.13281 1.14062 2.14062 1.14844 2.14844 1.15625 2.15625 1.16406 2.16406 1.17188 2.17188 1.17969 2.17969 ]
[GRF_A][3][ 1.1875 2.1875 1.19531 2.19531 1.20312 2.20312 1.21094 2.21094 1.21875 2.21875 1.22656 2.22656 1.23438 2.23438 1.24219 2.24219 ]
[GRF_A][4][ 1.25 2.25 1.25781 2.25781 1.26562 2.26562 1.27344 2.27344 1.28125 2.28125 1.28906 2.28906 1.29688 2.29688 1.30469 2.30469 ]
[GRF_A][5][ 1.3125 2.3125 1.32031 2.32031 1.32812 2.32812 1.33594 2.33594 1.34375 2.34375 1.35156 2.35156 1.35938 2.35938 1.36719 2.36719 ]
[GRF_A][6][ 1.375 2.375 1.38281 2.38281 1.39062 2.39062 1.39844 2.39844 1.40625 2.40625 1.41406 2.41406 1.42188 2.42188 1.42969 2.42969 ]
[GRF_A][7][ 1.4375 2.4375 1.44531 2.44531 1.45312 2.45312 1.46094 2.46094 1.46875 2.46875 1.47656 2.47656 1.48438 2.48438 1.49219 2.49219 ]
[GRF_B][0][ 2.29688 0 0 0 0 0 0 0 0 0 0 0 0 0 0 0 ]
[GRF_B][1][ 0 5.15625 0 0 0 0 0 0 0 0 0 0 0 0 0 0 ]
[GRF_B][2][ 0 0 3.53711 0 0 0 0 0 0 0 0 0 0 0 0 0 ]
[GRF_B][3][ 0 0 0 7.39844 0 0 0 0 0 0 0 0 0 0 0 0 ]
[GRF_B][4][ 0 0 0 0 4.79297 0 0 0 0 0 0 0 0 0 0 0 ]
[GRF_B][5][ 0 0 0 0 0 7.82422 0 0 0 0 0 0 0 0 0 0 ]
[GRF_B][6][ 0 0 0 0 0 0 0 0 0 0 0 0 0 0 0 0 ]
[GRF_B][7][ 0 0 0 0 0 0 0 0 0 0 0 0 0 0 0 0 ]
[M_OUT][0000000000000000000000000000000000000000000000000000000000000000000000000000000000000000000000000000000000000000000000000000000000000000000000000000000000000000000000000000000000000000000000000000000000000000000000000000000000000000000000000000000000000000]
[A_OUT][0000000000000000000000000000000000000000000000000000000000000000000000000000000000000000000000000000000000000000000000000000000000000000000000000000000000000000000000000000000000000000000000000000000000000000000000000000000000000000000000000000000000000000]

----------
READ ch0 ra0 bg0 b0 r1 c15|| [0] MAC GRF_B[0], GRF_A[0], EVEN_BANK, auto @ 3539
[BANK_R][ 0 0 0 0 0 0.75 0 0 0 0 0 0 0 0 0 0 ]
[CMD]00111011000100001000000000000000(MAC GRF_B[0], GRF_A[0], EVEN_BANK, auto)
[SRF][0000000000000000000000000000000000000000000000000000000000000000000000000000000000000000000000000000000000000000000000000000000000000000000000000000000000000000000000000000000000000000000000000000000000000000000000000000000000000000000000000000000000000000]
[GRF_A][0][ 1 2 1.00781 2.00781 1.01562 2.01562 1.02344 2.02344 1.03125 2.03125 1.03906 2.03906 1.04688 2.04688 1.05469 2.05469 ]
[GRF_A][1][ 1.0625 2.0625 1.07031 2.07031 1.07812 2.07812 1.08594 2.08594 1.09375 2.09375 1.10156 2.10156 1.10938 2.10938 1.11719 2.11719 ]
[GRF_A][2][ 1.125 2.125 1.13281 2.13281 1.14062 2.14062 1.14844 2.14844 1.15625 2.15625 1.16406 2.16406 1.17188 2.17188 1.17969 2.17969 ]
[GRF_A][3][ 1.1875 2.1875 1.19531 2.19531 1.20312 2.20312 1.21094 2.21094 1.21875 2.21875 1.22656 2.22656 1.23438 2.23438 1.24219 2.24219 ]
[GRF_A][4][ 1.25 2.25 1.25781 2.25781 1.26562 2.26562 1.27344 2.27344 1.28125 2.28125 1.28906 2.28906 1.29688 2.29688 1.30469 2.30469 ]
[GRF_A][5][ 1.3125 2.3125 1.32031 2.32031 1.32812 2.32812 1.33594 2.33594 1.34375 2.34375 1.35156 2.35156 1.35938 2.35938 1.36719 2.36719 ]
[GRF_A][6][ 1.375 2.375 1.38281 2.38281 1.39062 2.39062 1.39844 2.39844 1.40625 2.40625 1.41406 2.41406 1.42188 2.42188 1.42969 2.42969 ]
[GRF_A][7][ 1.4375 2.4375 1.44531 2.44531 1.45312 2.45312 1.46094 2.46094 1.46875 2.46875 1.47656 2.47656 1.48438 2.48438 1.49219 2.49219 ]
[GRF_B][0][ 2.29688 0 0 0 0 0 0 0 0 0 0 0 0 0 0 0 ]
[GRF_B][1][ 0 5.15625 0 0 0 0 0 0 0 0 0 0 0 0 0 0 ]
[GRF_B][2][ 0 0 3.53711 0 0 0 0 0 0 0 0 0 0 0 0 0 ]
[GRF_B][3][ 0 0 0 7.39844 0 0 0 0 0 0 0 0 0 0 0 0 ]
[GRF_B][4][ 0 0 0 0 4.79297 0 0 0 0 0 0 0 0 0 0 0 ]
[GRF_B][5][ 0 0 0 0 0 9.66406 0 0 0 0 0 0 0 0 0 0 ]
[GRF_B][6][ 0 0 0 0 0 0 0 0 0 0 0 0 0 0 0 0 ]
[GRF_B][7][ 0 0 0 0 0 0 0 0 0 0 0 0 0 0 0 0 ]
[M_OUT][0000000000000000000000000000000000000000000000000000000000000000000000000000000000000000000000000000000000000000000000000000000000000000000000000000000000000000000000000000000000000000000000000000000000000000000000000000000000000000000000000000000000000000]
[A_OUT][0000000000000000000000000000000000000000000000000000000000000000000000000000000000000000000000000000000000000000000000000000000000000000000000000000000000000000000000000000000000000000000000000000000000000000000000000000000000000000000000000000000000000000]

----------
READ ch0 ra0 bg0 b0 r1 c16|| [1] JUMP 7x [PC - 2] @ 3543
READ ch0 ra0 bg0 b0 r1 c16|| [0] MAC GRF_B[0], GRF_A[0], EVEN_BANK, auto @ 3543
[BANK_R][ 0 0 0 0 0 0 0.375 0 0 0 0 0 0 0 0 0 ]
[CMD]00111011000100001000000000000000(MAC GRF_B[0], GRF_A[0], EVEN_BANK, auto)
[SRF][0000000000000000000000000000000000000000000000000000000000000000000000000000000000000000000000000000000000000000000000000000000000000000000000000000000000000000000000000000000000000000000000000000000000000000000000000000000000000000000000000000000000000000]
[GRF_A][0][ 1 2 1.00781 2.00781 1.01562 2.01562 1.02344 2.02344 1.03125 2.03125 1.03906 2.03906 1.04688 2.04688 1.05469 2.05469 ]
[GRF_A][1][ 1.0625 2.0625 1.07031 2.07031 1.07812 2.07812 1.08594 2.08594 1.09375 2.09375 1.10156 2.10156 1.10938 2.10938 1.11719 2.11719 ]
[GRF_A][2][ 1.125 2.125 1.13281 2.13281 1.14062 2.14062 1.14844 2.14844 1.15625 2.15625 1.16406 2.16406 1.17188 2.17188 1.17969 2.17969 ]
[GRF_A][3][ 1.1875 2.1875 1.19531 2.19531 1.20312 2.20312 1.21094 2.21094 1.21875 2.21875 1.22656 2.22656 1.23438 2.23438 1.24219 2.24219 ]
[GRF_A][4][ 1.25 2.25 1.25781 2.25781 1.26562 2.26562 1.27344 2.27344 1.28125 2.28125 1.28906 2.28906 1.29688 2.29688 1.30469 2.30469 ]
[GRF_A][5][ 1.3125 2.3125 1.32031 2.32031 1.32812 2.32812 1.33594 2.33594 1.34375 2.34375 1.35156 2.35156 1.35938 2.35938 1.36719 2.36719 ]
[GRF_A][6][ 1.375 2.375 1.38281 2.38281 1.39062 2.39062 1.39844 2.39844 1.40625 2.40625 1.41406 2.41406 1.42188 2.42188 1.42969 2.42969 ]
[GRF_A][7][ 1.4375 2.4375 1.44531 2.44531 1.45312 2.45312 1.46094 2.46094 1.46875 2.46875 1.47656 2.47656 1.48438 2.48438 1.49219 2.49219 ]
[GRF_B][0][ 2.29688 0 0 0 0 0 0 0 0 0 0 0 0 0 0 0 ]
[GRF_B][1][ 0 5.15625 0 0 0 0 0 0 0 0 0 0 0 0 0 0 ]
[GRF_B][2][ 0 0 3.53711 0 0 0 0 0 0 0 0 0 0 0 0 0 ]
[GRF_B][3][ 0 0 0 7.39844 0 0 0 0 0 0 0 0 0 0 0 0 ]
[GRF_B][4][ 0 0 0 0 4.79297 0 0 0 0 0 0 0 0 0 0 0 ]
[GRF_B][5][ 0 0 0 0 0 9.66406 0 0 0 0 0 0 0 0 0 0 ]
[GRF_B][6][ 0 0 0 0 0 0 0.383789 0 0 0 0 0 0 0 0 0 ]
[GRF_B][7][ 0 0 0 0 0 0 0 0 0 0 0 0 0 0 0 0 ]
[M_OUT][0000000000000000000000000000000000000000000000000000000000000000000000000000000000000000000000000000000000000000000000000000000000000000000000000000000000000000000000000000000000000000000000000000000000000000000000000000000000000000000000000000000000000000]
[A_OUT][0000000000000000000000000000000000000000000000000000000000000000000000000000000000000000000000000000000000000000000000000000000000000000000000000000000000000000000000000000000000000000000000000000000000000000000000000000000000000000000000000000000000000000]

----------
READ ch0 ra0 bg0 b0 r1 c17|| [0] MAC GRF_B[0], GRF_A[0], EVEN_BANK, auto @ 3547
[BANK_R][ 0 0 0 0 0 0 0.4375 0 0 0 0 0 0 0 0 0 ]
[CMD]00111011000100001000000000000000(MAC GRF_B[0], GRF_A[0], EVEN_BANK, auto)
[SRF][0000000000000000000000000000000000000000000000000000000000000000000000000000000000000000000000000000000000000000000000000000000000000000000000000000000000000000000000000000000000000000000000000000000000000000000000000000000000000000000000000000000000000000]
[GRF_A][0][ 1 2 1.00781 2.00781 1.01562 2.01562 1.02344 2.02344 1.03125 2.03125 1.03906 2.03906 1.04688 2.04688 1.05469 2.05469 ]
[GRF_A][1][ 1.0625 2.0625 1.07031 2.07031 1.07812 2.07812 1.08594 2.08594 1.09375 2.09375 1.10156 2.10156 1.10938 2.10938 1.11719 2.11719 ]
[GRF_A][2][ 1.125 2.125 1.13281 2.13281 1.14062 2.14062 1.14844 2.14844 1.15625 2.15625 1.16406 2.16406 1.17188 2.17188 1.17969 2.17969 ]
[GRF_A][3][ 1.1875 2.1875 1.19531 2.19531 1.20312 2.20312 1.21094 2.21094 1.21875 2.21875 1.22656 2.22656 1.23438 2.23438 1.24219 2.24219 ]
[GRF_A][4][ 1.25 2.25 1.25781 2.25781 1.26562 2.26562 1.27344 2.27344 1.28125 2.28125 1.28906 2.28906 1.29688 2.29688 1.30469 2.30469 ]
[GRF_A][5][ 1.3125 2.3125 1.32031 2.32031 1.32812 2.32812 1.33594 2.33594 1.34375 2.34375 1.35156 2.35156 1.35938 2.35938 1.36719 2.36719 ]
[GRF_A][6][ 1.375 2.375 1.38281 2.38281 1.39062 2.39062 1.39844 2.39844 1.40625 2.40625 1.41406 2.41406 1.42188 2.42188 1.42969 2.42969 ]
[GRF_A][7][ 1.4375 2.4375 1.44531 2.44531 1.45312 2.45312 1.46094 2.46094 1.46875 2.46875 1.47656 2.47656 1.48438 2.48438 1.49219 2.49219 ]
[GRF_B][0][ 2.29688 0 0 0 0 0 0 0 0 0 0 0 0 0 0 0 ]
[GRF_B][1][ 0 5.15625 0 0 0 0 0 0 0 0 0 0 0 0 0 0 ]
[GRF_B][2][ 0 0 3.53711 0 0 0 0 0 0 0 0 0 0 0 0 0 ]
[GRF_B][3][ 0 0 0 7.39844 0 0 0 0 0 0 0 0 0 0 0 0 ]
[GRF_B][4][ 0 0 0 0 4.79297 0 0 0 0 0 0 0 0 0 0 0 ]
[GRF_B][5][ 0 0 0 0 0 9.66406 0 0 0 0 0 0 0 0 0 0 ]
[GRF_B][6][ 0 0 0 0 0 0 0.858887 0 0 0 0 0 0 0 0 0 ]
[GRF_B][7][ 0 0 0 0 0 0 0 0 0 0 0 0 0 0 0 0 ]
[M_OUT][0000000000000000000000000000000000000000000000000000000000000000000000000000000000000000000000000000000000000000000000000000000000000000000000000000000000000000000000000000000000000000000000000000000000000000000000000000000000000000000000000000000000000000]
[A_OUT][0000000000000000000000000000000000000000000000000000000000000000000000000000000000000000000000000000000000000000000000000000000000000000000000000000000000000000000000000000000000000000000000000000000000000000000000000000000000000000000000000000000000000000]

----------
READ ch0 ra0 bg0 b0 r1 c18|| [0] MAC GRF_B[0], GRF_A[0], EVEN_BANK, auto @ 3551
[BANK_R][ 0 0 0 0 0 0 0.5 0 0 0 0 0 0 0 0 0 ]
[CMD]00111011000100001000000000000000(MAC GRF_B[0], GRF_A[0], EVEN_BANK, auto)
[SRF][0000000000000000000000000000000000000000000000000000000000000000000000000000000000000000000000000000000000000000000000000000000000000000000000000000000000000000000000000000000000000000000000000000000000000000000000000000000000000000000000000000000000000000]
[GRF_A][0][ 1 2 1.00781 2.00781 1.01562 2.01562 1.02344 2.02344 1.03125 2.03125 1.03906 2.03906 1.04688 2.04688 1.05469 2.05469 ]
[GRF_A][1][ 1.0625 2.0625 1.07031 2.07031 1.07812 2.07812 1.08594 2.08594 1.09375 2.09375 1.10156 2.10156 1.10938 2.10938 1.11719 2.11719 ]
[GRF_A][2][ 1.125 2.125 1.13281 2.13281 1.14062 2.14062 1.14844 2.14844 1.15625 2.15625 1.16406 2.16406 1.17188 2.17188 1.17969 2.17969 ]
[GRF_A][3][ 1.1875 2.1875 1.19531 2.19531 1.20312 2.20312 1.21094 2.21094 1.21875 2.21875 1.22656 2.22656 1.23438 2.23438 1.24219 2.24219 ]
[GRF_A][4][ 1.25 2.25 1.25781 2.25781 1.26562 2.26562 1.27344 2.27344 1.28125 2.28125 1.28906 2.28906 1.29688 2.29688 1.30469 2.30469 ]
[GRF_A][5][ 1.3125 2.3125 1.32031 2.32031 1.32812 2.32812 1.33594 2.33594 1.34375 2.34375 1.35156 2.35156 1.35938 2.35938 1.36719 2.36719 ]
[GRF_A][6][ 1.375 2.375 1.38281 2.38281 1.39062 2.39062 1.39844 2.39844 1.40625 2.40625 1.41406 2.41406 1.42188 2.42188 1.42969 2.42969 ]
[GRF_A][7][ 1.4375 2.4375 1.44531 2.44531 1.45312 2.45312 1.46094 2.46094 1.46875 2.46875 1.47656 2.47656 1.48438 2.48438 1.49219 2.49219 ]
[GRF_B][0][ 2.29688 0 0 0 0 0 0 0 0 0 0 0 0 0 0 0 ]
[GRF_B][1][ 0 5.15625 0 0 0 0 0 0 0 0 0 0 0 0 0 0 ]
[GRF_B][2][ 0 0 3.53711 0 0 0 0 0 0 0 0 0 0 0 0 0 ]
[GRF_B][3][ 0 0 0 7.39844 0 0 0 0 0 0 0 0 0 0 0 0 ]
[GRF_B][4][ 0 0 0 0 4.79297 0 0 0 0 0 0 0 0 0 0 0 ]
[GRF_B][5][ 0 0 0 0 0 9.66406 0 0 0 0 0 0 0 0 0 0 ]
[GRF_B][6][ 0 0 0 0 0 0 1.43359 0 0 0 0 0 0 0 0 0 ]
[GRF_B][7][ 0 0 0 0 0 0 0 0 0 0 0 0 0 0 0 0 ]
[M_OUT][0000000000000000000000000000000000000000000000000000000000000000000000000000000000000000000000000000000000000000000000000000000000000000000000000000000000000000000000000000000000000000000000000000000000000000000000000000000000000000000000000000000000000000]
[A_OUT][0000000000000000000000000000000000000000000000000000000000000000000000000000000000000000000000000000000000000000000000000000000000000000000000000000000000000000000000000000000000000000000000000000000000000000000000000000000000000000000000000000000000000000]

----------
READ ch0 ra0 bg0 b0 r1 c19|| [0] MAC GRF_B[0], GRF_A[0], EVEN_BANK, auto @ 3555
[BANK_R][ 0 0 0 0 0 0 0.5625 0 0 0 0 0 0 0 0 0 ]
[CMD]00111011000100001000000000000000(MAC GRF_B[0], GRF_A[0], EVEN_BANK, auto)
[SRF][0000000000000000000000000000000000000000000000000000000000000000000000000000000000000000000000000000000000000000000000000000000000000000000000000000000000000000000000000000000000000000000000000000000000000000000000000000000000000000000000000000000000000000]
[GRF_A][0][ 1 2 1.00781 2.00781 1.01562 2.01562 1.02344 2.02344 1.03125 2.03125 1.03906 2.03906 1.04688 2.04688 1.05469 2.05469 ]
[GRF_A][1][ 1.0625 2.0625 1.07031 2.07031 1.07812 2.07812 1.08594 2.08594 1.09375 2.09375 1.10156 2.10156 1.10938 2.10938 1.11719 2.11719 ]
[GRF_A][2][ 1.125 2.125 1.13281 2.13281 1.14062 2.14062 1.14844 2.14844 1.15625 2.15625 1.16406 2.16406 1.17188 2.17188 1.17969 2.17969 ]
[GRF_A][3][ 1.1875 2.1875 1.19531 2.19531 1.20312 2.20312 1.21094 2.21094 1.21875 2.21875 1.22656 2.22656 1.23438 2.23438 1.24219 2.24219 ]
[GRF_A][4][ 1.25 2.25 1.25781 2.25781 1.26562 2.26562 1.27344 2.27344 1.28125 2.28125 1.28906 2.28906 1.29688 2.29688 1.30469 2.30469 ]
[GRF_A][5][ 1.3125 2.3125 1.32031 2.32031 1.32812 2.32812 1.33594 2.33594 1.34375 2.34375 1.35156 2.35156 1.35938 2.35938 1.36719 2.36719 ]
[GRF_A][6][ 1.375 2.375 1.38281 2.38281 1.39062 2.39062 1.39844 2.39844 1.40625 2.40625 1.41406 2.41406 1.42188 2.42188 1.42969 2.42969 ]
[GRF_A][7][ 1.4375 2.4375 1.44531 2.44531 1.45312 2.45312 1.46094 2.46094 1.46875 2.46875 1.47656 2.47656 1.48438 2.48438 1.49219 2.49219 ]
[GRF_B][0][ 2.29688 0 0 0 0 0 0 0 0 0 0 0 0 0 0 0 ]
[GRF_B][1][ 0 5.15625 0 0 0 0 0 0 0 0 0 0 0 0 0 0 ]
[GRF_B][2][ 0 0 3.53711 0 0 0 0 0 0 0 0 0 0 0 0 0 ]
[GRF_B][3][ 0 0 0 7.39844 0 0 0 0 0 0 0 0 0 0 0 0 ]
[GRF_B][4][ 0 0 0 0 4.79297 0 0 0 0 0 0 0 0 0 0 0 ]
[GRF_B][5][ 0 0 0 0 0 9.66406 0 0 0 0 0 0 0 0 0 0 ]
[GRF_B][6][ 0 0 0 0 0 0 2.11523 0 0 0 0 0 0 0 0 0 ]
[GRF_B][7][ 0 0 0 0 0 0 0 0 0 0 0 0 0 0 0 0 ]
[M_OUT][0000000000000000000000000000000000000000000000000000000000000000000000000000000000000000000000000000000000000000000000000000000000000000000000000000000000000000000000000000000000000000000000000000000000000000000000000000000000000000000000000000000000000000]
[A_OUT][0000000000000000000000000000000000000000000000000000000000000000000000000000000000000000000000000000000000000000000000000000000000000000000000000000000000000000000000000000000000000000000000000000000000000000000000000000000000000000000000000000000000000000]

----------
READ ch0 ra0 bg0 b0 r1 c20|| [0] MAC GRF_B[0], GRF_A[0], EVEN_BANK, auto @ 3559
[BANK_R][ 0 0 0 0 0 0 0.625 0 0 0 0 0 0 0 0 0 ]
[CMD]00111011000100001000000000000000(MAC GRF_B[0], GRF_A[0], EVEN_BANK, auto)
[SRF][0000000000000000000000000000000000000000000000000000000000000000000000000000000000000000000000000000000000000000000000000000000000000000000000000000000000000000000000000000000000000000000000000000000000000000000000000000000000000000000000000000000000000000]
[GRF_A][0][ 1 2 1.00781 2.00781 1.01562 2.01562 1.02344 2.02344 1.03125 2.03125 1.03906 2.03906 1.04688 2.04688 1.05469 2.05469 ]
[GRF_A][1][ 1.0625 2.0625 1.07031 2.07031 1.07812 2.07812 1.08594 2.08594 1.09375 2.09375 1.10156 2.10156 1.10938 2.10938 1.11719 2.11719 ]
[GRF_A][2][ 1.125 2.125 1.13281 2.13281 1.14062 2.14062 1.14844 2.14844 1.15625 2.15625 1.16406 2.16406 1.17188 2.17188 1.17969 2.17969 ]
[GRF_A][3][ 1.1875 2.1875 1.19531 2.19531 1.20312 2.20312 1.21094 2.21094 1.21875 2.21875 1.22656 2.22656 1.23438 2.23438 1.24219 2.24219 ]
[GRF_A][4][ 1.25 2.25 1.25781 2.25781 1.26562 2.26562 1.27344 2.27344 1.28125 2.28125 1.28906 2.28906 1.29688 2.29688 1.30469 2.30469 ]
[GRF_A][5][ 1.3125 2.3125 1.32031 2.32031 1.32812 2.32812 1.33594 2.33594 1.34375 2.34375 1.35156 2.35156 1.35938 2.35938 1.36719 2.36719 ]
[GRF_A][6][ 1.375 2.375 1.38281 2.38281 1.39062 2.39062 1.39844 2.39844 1.40625 2.40625 1.41406 2.41406 1.42188 2.42188 1.42969 2.42969 ]
[GRF_A][7][ 1.4375 2.4375 1.44531 2.44531 1.45312 2.45312 1.46094 2.46094 1.46875 2.46875 1.47656 2.47656 1.48438 2.48438 1.49219 2.49219 ]
[GRF_B][0][ 2.29688 0 0 0 0 0 0 0 0 0 0 0 0 0 0 0 ]
[GRF_B][1][ 0 5.15625 0 0 0 0 0 0 0 0 0 0 0 0 0 0 ]
[GRF_B][2][ 0 0 3.53711 0 0 0 0 0 0 0 0 0 0 0 0 0 ]
[GRF_B][3][ 0 0 0 7.39844 0 0 0 0 0 0 0 0 0 0 0 0 ]
[GRF_B][4][ 0 0 0 0 4.79297 0 0 0 0 0 0 0 0 0 0 0 ]
[GRF_B][5][ 0 0 0 0 0 9.66406 0 0 0 0 0 0 0 0 0 0 ]
[GRF_B][6][ 0 0 0 0 0 0 2.91016 0 0 0 0 0 0 0 0 0 ]
[GRF_B][7][ 0 0 0 0 0 0 0 0 0 0 0 0 0 0 0 0 ]
[M_OUT][0000000000000000000000000000000000000000000000000000000000000000000000000000000000000000000000000000000000000000000000000000000000000000000000000000000000000000000000000000000000000000000000000000000000000000000000000000000000000000000000000000000000000000]
[A_OUT][0000000000000000000000000000000000000000000000000000000000000000000000000000000000000000000000000000000000000000000000000000000000000000000000000000000000000000000000000000000000000000000000000000000000000000000000000000000000000000000000000000000000000000]

----------
READ ch0 ra0 bg0 b0 r1 c21|| [0] MAC GRF_B[0], GRF_A[0], EVEN_BANK, auto @ 3563
[BANK_R][ 0 0 0 0 0 0 0.6875 0 0 0 0 0 0 0 0 0 ]
[CMD]00111011000100001000000000000000(MAC GRF_B[0], GRF_A[0], EVEN_BANK, auto)
[SRF][0000000000000000000000000000000000000000000000000000000000000000000000000000000000000000000000000000000000000000000000000000000000000000000000000000000000000000000000000000000000000000000000000000000000000000000000000000000000000000000000000000000000000000]
[GRF_A][0][ 1 2 1.00781 2.00781 1.01562 2.01562 1.02344 2.02344 1.03125 2.03125 1.03906 2.03906 1.04688 2.04688 1.05469 2.05469 ]
[GRF_A][1][ 1.0625 2.0625 1.07031 2.07031 1.07812 2.07812 1.08594 2.08594 1.09375 2.09375 1.10156 2.10156 1.10938 2.10938 1.11719 2.11719 ]
[GRF_A][2][ 1.125 2.125 1.13281 2.13281 1.14062 2.14062 1.14844 2.14844 1.15625 2.15625 1.16406 2.16406 1.17188 2.17188 1.17969 2.17969 ]
[GRF_A][3][ 1.1875 2.1875 1.19531 2.19531 1.20312 2.20312 1.21094 2.21094 1.21875 2.21875 1.22656 2.22656 1.23438 2.23438 1.24219 2.24219 ]
[GRF_A][4][ 1.25 2.25 1.25781 2.25781 1.26562 2.26562 1.27344 2.27344 1.28125 2.28125 1.28906 2.28906 1.29688 2.29688 1.30469 2.30469 ]
[GRF_A][5][ 1.3125 2.3125 1.32031 2.32031 1.32812 2.32812 1.33594 2.33594 1.34375 2.34375 1.35156 2.35156 1.35938 2.35938 1.36719 2.36719 ]
[GRF_A][6][ 1.375 2.375 1.38281 2.38281 1.39062 2.39062 1.39844 2.39844 1.40625 2.40625 1.41406 2.41406 1.42188 2.42188 1.42969 2.42969 ]
[GRF_A][7][ 1.4375 2.4375 1.44531 2.44531 1.45312 2.45312 1.46094 2.46094 1.46875 2.46875 1.47656 2.47656 1.48438 2.48438 1.49219 2.49219 ]
[GRF_B][0][ 2.29688 0 0 0 0 0 0 0 0 0 0 0 0 0 0 0 ]
[GRF_B][1][ 0 5.15625 0 0 0 0 0 0 0 0 0 0 0 0 0 0 ]
[GRF_B][2][ 0 0 3.53711 0 0 0 0 0 0 0 0 0 0 0 0 0 ]
[GRF_B][3][ 0 0 0 7.39844 0 0 0 0 0 0 0 0 0 0 0 0 ]
[GRF_B][4][ 0 0 0 0 4.79297 0 0 0 0 0 0 0 0 0 0 0 ]
[GRF_B][5][ 0 0 0 0 0 9.66406 0 0 0 0 0 0 0 0 0 0 ]
[GRF_B][6][ 0 0 0 0 0 0 3.82812 0 0 0 0 0 0 0 0 0 ]
[GRF_B][7][ 0 0 0 0 0 0 0 0 0 0 0 0 0 0 0 0 ]
[M_OUT][0000000000000000000000000000000000000000000000000000000000000000000000000000000000000000000000000000000000000000000000000000000000000000000000000000000000000000000000000000000000000000000000000000000000000000000000000000000000000000000000000000000000000000]
[A_OUT][0000000000000000000000000000000000000000000000000000000000000000000000000000000000000000000000000000000000000000000000000000000000000000000000000000000000000000000000000000000000000000000000000000000000000000000000000000000000000000000000000000000000000000]

----------
READ ch0 ra0 bg0 b0 r1 c22|| [0] MAC GRF_B[0], GRF_A[0], EVEN_BANK, auto @ 3567
[BANK_R][ 0 0 0 0 0 0 0.75 0 0 0 0 0 0 0 0 0 ]
[CMD]00111011000100001000000000000000(MAC GRF_B[0], GRF_A[0], EVEN_BANK, auto)
[SRF][0000000000000000000000000000000000000000000000000000000000000000000000000000000000000000000000000000000000000000000000000000000000000000000000000000000000000000000000000000000000000000000000000000000000000000000000000000000000000000000000000000000000000000]
[GRF_A][0][ 1 2 1.00781 2.00781 1.01562 2.01562 1.02344 2.02344 1.03125 2.03125 1.03906 2.03906 1.04688 2.04688 1.05469 2.05469 ]
[GRF_A][1][ 1.0625 2.0625 1.07031 2.07031 1.07812 2.07812 1.08594 2.08594 1.09375 2.09375 1.10156 2.10156 1.10938 2.10938 1.11719 2.11719 ]
[GRF_A][2][ 1.125 2.125 1.13281 2.13281 1.14062 2.14062 1.14844 2.14844 1.15625 2.15625 1.16406 2.16406 1.17188 2.17188 1.17969 2.17969 ]
[GRF_A][3][ 1.1875 2.1875 1.19531 2.19531 1.20312 2.20312 1.21094 2.21094 1.21875 2.21875 1.22656 2.22656 1.23438 2.23438 1.24219 2.24219 ]
[GRF_A][4][ 1.25 2.25 1.25781 2.25781 1.26562 2.26562 1.27344 2.27344 1.28125 2.28125 1.28906 2.28906 1.29688 2.29688 1.30469 2.30469 ]
[GRF_A][5][ 1.3125 2.3125 1.32031 2.32031 1.32812 2.32812 1.33594 2.33594 1.34375 2.34375 1.35156 2.35156 1.35938 2.35938 1.36719 2.36719 ]
[GRF_A][6][ 1.375 2.375 1.38281 2.38281 1.39062 2.39062 1.39844 2.39844 1.40625 2.40625 1.41406 2.41406 1.42188 2.42188 1.42969 2.42969 ]
[GRF_A][7][ 1.4375 2.4375 1.44531 2.44531 1.45312 2.45312 1.46094 2.46094 1.46875 2.46875 1.47656 2.47656 1.48438 2.48438 1.49219 2.49219 ]
[GRF_B][0][ 2.29688 0 0 0 0 0 0 0 0 0 0 0 0 0 0 0 ]
[GRF_B][1][ 0 5.15625 0 0 0 0 0 0 0 0 0 0 0 0 0 0 ]
[GRF_B][2][ 0 0 3.53711 0 0 0 0 0 0 0 0 0 0 0 0 0 ]
[GRF_B][3][ 0 0 0 7.39844 0 0 0 0 0 0 0 0 0 0 0 0 ]
[GRF_B][4][ 0 0 0 0 4.79297 0 0 0 0 0 0 0 0 0 0 0 ]
[GRF_B][5][ 0 0 0 0 0 9.66406 0 0 0 0 0 0 0 0 0 0 ]
[GRF_B][6][ 0 0 0 0 0 0 4.875 0 0 0 0 0 0 0 0 0 ]
[GRF_B][7][ 0 0 0 0 0 0 0 0 0 0 0 0 0 0 0 0 ]
[M_OUT][0000000000000000000000000000000000000000000000000000000000000000000000000000000000000000000000000000000000000000000000000000000000000000000000000000000000000000000000000000000000000000000000000000000000000000000000000000000000000000000000000000000000000000]
[A_OUT][0000000000000000000000000000000000000000000000000000000000000000000000000000000000000000000000000000000000000000000000000000000000000000000000000000000000000000000000000000000000000000000000000000000000000000000000000000000000000000000000000000000000000000]

----------
READ ch0 ra0 bg0 b0 r1 c23|| [0] MAC GRF_B[0], GRF_A[0], EVEN_BANK, auto @ 3571
[BANK_R][ 0 0 0 0 0 0 0.8125 0 0 0 0 0 0 0 0 0 ]
[CMD]00111011000100001000000000000000(MAC GRF_B[0], GRF_A[0], EVEN_BANK, auto)
[SRF][0000000000000000000000000000000000000000000000000000000000000000000000000000000000000000000000000000000000000000000000000000000000000000000000000000000000000000000000000000000000000000000000000000000000000000000000000000000000000000000000000000000000000000]
[GRF_A][0][ 1 2 1.00781 2.00781 1.01562 2.01562 1.02344 2.02344 1.03125 2.03125 1.03906 2.03906 1.04688 2.04688 1.05469 2.05469 ]
[GRF_A][1][ 1.0625 2.0625 1.07031 2.07031 1.07812 2.07812 1.08594 2.08594 1.09375 2.09375 1.10156 2.10156 1.10938 2.10938 1.11719 2.11719 ]
[GRF_A][2][ 1.125 2.125 1.13281 2.13281 1.14062 2.14062 1.14844 2.14844 1.15625 2.15625 1.16406 2.16406 1.17188 2.17188 1.17969 2.17969 ]
[GRF_A][3][ 1.1875 2.1875 1.19531 2.19531 1.20312 2.20312 1.21094 2.21094 1.21875 2.21875 1.22656 2.22656 1.23438 2.23438 1.24219 2.24219 ]
[GRF_A][4][ 1.25 2.25 1.25781 2.25781 1.26562 2.26562 1.27344 2.27344 1.28125 2.28125 1.28906 2.28906 1.29688 2.29688 1.30469 2.30469 ]
[GRF_A][5][ 1.3125 2.3125 1.32031 2.32031 1.32812 2.32812 1.33594 2.33594 1.34375 2.34375 1.35156 2.35156 1.35938 2.35938 1.36719 2.36719 ]
[GRF_A][6][ 1.375 2.375 1.38281 2.38281 1.39062 2.39062 1.39844 2.39844 1.40625 2.40625 1.41406 2.41406 1.42188 2.42188 1.42969 2.42969 ]
[GRF_A][7][ 1.4375 2.4375 1.44531 2.44531 1.45312 2.45312 1.46094 2.46094 1.46875 2.46875 1.47656 2.47656 1.48438 2.48438 1.49219 2.49219 ]
[GRF_B][0][ 2.29688 0 0 0 0 0 0 0 0 0 0 0 0 0 0 0 ]
[GRF_B][1][ 0 5.15625 0 0 0 0 0 0 0 0 0 0 0 0 0 0 ]
[GRF_B][2][ 0 0 3.53711 0 0 0 0 0 0 0 0 0 0 0 0 0 ]
[GRF_B][3][ 0 0 0 7.39844 0 0 0 0 0 0 0 0 0 0 0 0 ]
[GRF_B][4][ 0 0 0 0 4.79297 0 0 0 0 0 0 0 0 0 0 0 ]
[GRF_B][5][ 0 0 0 0 0 9.66406 0 0 0 0 0 0 0 0 0 0 ]
[GRF_B][6][ 0 0 0 0 0 0 6.0625 0 0 0 0 0 0 0 0 0 ]
[GRF_B][7][ 0 0 0 0 0 0 0 0 0 0 0 0 0 0 0 0 ]
[M_OUT][0000000000000000000000000000000000000000000000000000000000000000000000000000000000000000000000000000000000000000000000000000000000000000000000000000000000000000000000000000000000000000000000000000000000000000000000000000000000000000000000000000000000000000]
[A_OUT][0000000000000000000000000000000000000000000000000000000000000000000000000000000000000000000000000000000000000000000000000000000000000000000000000000000000000000000000000000000000000000000000000000000000000000000000000000000000000000000000000000000000000000]

----------
READ ch0 ra0 bg0 b0 r1 c24|| [1] JUMP 7x [PC - 2] @ 3575
READ ch0 ra0 bg0 b0 r1 c24|| [0] MAC GRF_B[0], GRF_A[0], EVEN_BANK, auto @ 3575
[BANK_R][ 0 0 0 0 0 0 0 0.4375 0 0 0 0 0 0 0 0 ]
[CMD]00111011000100001000000000000000(MAC GRF_B[0], GRF_A[0], EVEN_BANK, auto)
[SRF][0000000000000000000000000000000000000000000000000000000000000000000000000000000000000000000000000000000000000000000000000000000000000000000000000000000000000000000000000000000000000000000000000000000000000000000000000000000000000000000000000000000000000000]
[GRF_A][0][ 1 2 1.00781 2.00781 1.01562 2.01562 1.02344 2.02344 1.03125 2.03125 1.03906 2.03906 1.04688 2.04688 1.05469 2.05469 ]
[GRF_A][1][ 1.0625 2.0625 1.07031 2.07031 1.07812 2.07812 1.08594 2.08594 1.09375 2.09375 1.10156 2.10156 1.10938 2.10938 1.11719 2.11719 ]
[GRF_A][2][ 1.125 2.125 1.13281 2.13281 1.14062 2.14062 1.14844 2.14844 1.15625 2.15625 1.16406 2.16406 1.17188 2.17188 1.17969 2.17969 ]
[GRF_A][3][ 1.1875 2.1875 1.19531 2.19531 1.20312 2.20312 1.21094 2.21094 1.21875 2.21875 1.22656 2.22656 1.23438 2.23438 1.24219 2.24219 ]
[GRF_A][4][ 1.25 2.25 1.25781 2.25781 1.26562 2.26562 1.27344 2.27344 1.28125 2.28125 1.28906 2.28906 1.29688 2.29688 1.30469 2.30469 ]
[GRF_A][5][ 1.3125 2.3125 1.32031 2.32031 1.32812 2.32812 1.33594 2.33594 1.34375 2.34375 1.35156 2.35156 1.35938 2.35938 1.36719 2.36719 ]
[GRF_A][6][ 1.375 2.375 1.38281 2.38281 1.39062 2.39062 1.39844 2.39844 1.40625 2.40625 1.41406 2.41406 1.42188 2.42188 1.42969 2.42969 ]
[GRF_A][7][ 1.4375 2.4375 1.44531 2.44531 1.45312 2.45312 1.46094 2.46094 1.46875 2.46875 1.47656 2.47656 1.48438 2.48438 1.49219 2.49219 ]
[GRF_B][0][ 2.29688 0 0 0 0 0 0 0 0 0 0 0 0 0 0 0 ]
[GRF_B][1][ 0 5.15625 0 0 0 0 0 0 0 0 0 0 0 0 0 0 ]
[GRF_B][2][ 0 0 3.53711 0 0 0 0 0 0 0 0 0 0 0 0 0 ]
[GRF_B][3][ 0 0 0 7.39844 0 0 0 0 0 0 0 0 0 0 0 0 ]
[GRF_B][4][ 0 0 0 0 4.79297 0 0 0 0 0 0 0 0 0 0 0 ]
[GRF_B][5][ 0 0 0 0 0 9.66406 0 0 0 0 0 0 0 0 0 0 ]
[GRF_B][6][ 0 0 0 0 0 0 6.0625 0 0 0 0 0 0 0 0 0 ]
[GRF_B][7][ 0 0 0 0 0 0 0 0.885254 0 0 0 0 0 0 0 0 ]
[M_OUT][0000000000000000000000000000000000000000000000000000000000000000000000000000000000000000000000000000000000000000000000000000000000000000000000000000000000000000000000000000000000000000000000000000000000000000000000000000000000000000000000000000000000000000]
[A_OUT][0000000000000000000000000000000000000000000000000000000000000000000000000000000000000000000000000000000000000000000000000000000000000000000000000000000000000000000000000000000000000000000000000000000000000000000000000000000000000000000000000000000000000000]

----------
READ ch0 ra0 bg0 b0 r1 c25|| [0] MAC GRF_B[0], GRF_A[0], EVEN_BANK, auto @ 3579
[BANK_R][ 0 0 0 0 0 0 0 0.5 0 0 0 0 0 0 0 0 ]
[CMD]00111011000100001000000000000000(MAC GRF_B[0], GRF_A[0], EVEN_BANK, auto)
[SRF][0000000000000000000000000000000000000000000000000000000000000000000000000000000000000000000000000000000000000000000000000000000000000000000000000000000000000000000000000000000000000000000000000000000000000000000000000000000000000000000000000000000000000000]
[GRF_A][0][ 1 2 1.00781 2.00781 1.01562 2.01562 1.02344 2.02344 1.03125 2.03125 1.03906 2.03906 1.04688 2.04688 1.05469 2.05469 ]
[GRF_A][1][ 1.0625 2.0625 1.07031 2.07031 1.07812 2.07812 1.08594 2.08594 1.09375 2.09375 1.10156 2.10156 1.10938 2.10938 1.11719 2.11719 ]
[GRF_A][2][ 1.125 2.125 1.13281 2.13281 1.14062 2.14062 1.14844 2.14844 1.15625 2.15625 1.16406 2.16406 1.17188 2.17188 1.17969 2.17969 ]
[GRF_A][3][ 1.1875 2.1875 1.19531 2.19531 1.20312 2.20312 1.21094 2.21094 1.21875 2.21875 1.22656 2.22656 1.23438 2.23438 1.24219 2.24219 ]
[GRF_A][4][ 1.25 2.25 1.25781 2.25781 1.26562 2.26562 1.27344 2.27344 1.28125 2.28125 1.28906 2.28906 1.29688 2.29688 1.30469 2.30469 ]
[GRF_A][5][ 1.3125 2.3125 1.32031 2.32031 1.32812 2.32812 1.33594 2.33594 1.34375 2.34375 1.35156 2.35156 1.35938 2.35938 1.36719 2.36719 ]
[GRF_A][6][ 1.375 2.375 1.38281 2.38281 1.39062 2.39062 1.39844 2.39844 1.40625 2.40625 1.41406 2.41406 1.42188 2.42188 1.42969 2.42969 ]
[GRF_A][7][ 1.4375 2.4375 1.44531 2.44531 1.45312 2.45312 1.46094 2.46094 1.46875 2.46875 1.47656 2.47656 1.48438 2.48438 1.49219 2.49219 ]
[GRF_B][0][ 2.29688 0 0 0 0 0 0 0 0 0 0 0 0 0 0 0 ]
[GRF_B][1][ 0 5.15625 0 0 0 0 0 0 0 0 0 0 0 0 0 0 ]
[GRF_B][2][ 0 0 3.53711 0 0 0 0 0 0 0 0 0 0 0 0 0 ]
[GRF_B][3][ 0 0 0 7.39844 0 0 0 0 0 0 0 0 0 0 0 0 ]
[GRF_B][4][ 0 0 0 0 4.79297 0 0 0 0 0 0 0 0 0 0 0 ]
[GRF_B][5][ 0 0 0 0 0 9.66406 0 0 0 0 0 0 0 0 0 0 ]
[GRF_B][6][ 0 0 0 0 0 0 6.0625 0 0 0 0 0 0 0 0 0 ]
[GRF_B][7][ 0 0 0 0 0 0 0 1.92773 0 0 0 0 0 0 0 0 ]
[M_OUT][0000000000000000000000000000000000000000000000000000000000000000000000000000000000000000000000000000000000000000000000000000000000000000000000000000000000000000000000000000000000000000000000000000000000000000000000000000000000000000000000000000000000000000]
[A_OUT][0000000000000000000000000000000000000000000000000000000000000000000000000000000000000000000000000000000000000000000000000000000000000000000000000000000000000000000000000000000000000000000000000000000000000000000000000000000000000000000000000000000000000000]

----------
READ ch0 ra0 bg0 b0 r1 c26|| [0] MAC GRF_B[0], GRF_A[0], EVEN_BANK, auto @ 3583
[BANK_R][ 0 0 0 0 0 0 0 0.5625 0 0 0 0 0 0 0 0 ]
[CMD]00111011000100001000000000000000(MAC GRF_B[0], GRF_A[0], EVEN_BANK, auto)
[SRF][0000000000000000000000000000000000000000000000000000000000000000000000000000000000000000000000000000000000000000000000000000000000000000000000000000000000000000000000000000000000000000000000000000000000000000000000000000000000000000000000000000000000000000]
[GRF_A][0][ 1 2 1.00781 2.00781 1.01562 2.01562 1.02344 2.02344 1.03125 2.03125 1.03906 2.03906 1.04688 2.04688 1.05469 2.05469 ]
[GRF_A][1][ 1.0625 2.0625 1.07031 2.07031 1.07812 2.07812 1.08594 2.08594 1.09375 2.09375 1.10156 2.10156 1.10938 2.10938 1.11719 2.11719 ]
[GRF_A][2][ 1.125 2.125 1.13281 2.13281 1.14062 2.14062 1.14844 2.14844 1.15625 2.15625 1.16406 2.16406 1.17188 2.17188 1.17969 2.17969 ]
[GRF_A][3][ 1.1875 2.1875 1.19531 2.19531 1.20312 2.20312 1.21094 2.21094 1.21875 2.21875 1.22656 2.22656 1.23438 2.23438 1.24219 2.24219 ]
[GRF_A][4][ 1.25 2.25 1.25781 2.25781 1.26562 2.26562 1.27344 2.27344 1.28125 2.28125 1.28906 2.28906 1.29688 2.29688 1.30469 2.30469 ]
[GRF_A][5][ 1.3125 2.3125 1.32031 2.32031 1.32812 2.32812 1.33594 2.33594 1.34375 2.34375 1.35156 2.35156 1.35938 2.35938 1.36719 2.36719 ]
[GRF_A][6][ 1.375 2.375 1.38281 2.38281 1.39062 2.39062 1.39844 2.39844 1.40625 2.40625 1.41406 2.41406 1.42188 2.42188 1.42969 2.42969 ]
[GRF_A][7][ 1.4375 2.4375 1.44531 2.44531 1.45312 2.45312 1.46094 2.46094 1.46875 2.46875 1.47656 2.47656 1.48438 2.48438 1.49219 2.49219 ]
[GRF_B][0][ 2.29688 0 0 0 0 0 0 0 0 0 0 0 0 0 0 0 ]
[GRF_B][1][ 0 5.15625 0 0 0 0 0 0 0 0 0 0 0 0 0 0 ]
[GRF_B][2][ 0 0 3.53711 0 0 0 0 0 0 0 0 0 0 0 0 0 ]
[GRF_B][3][ 0 0 0 7.39844 0 0 0 0 0 0 0 0 0 0 0 0 ]
[GRF_B][4][ 0 0 0 0 4.79297 0 0 0 0 0 0 0 0 0 0 0 ]
[GRF_B][5][ 0 0 0 0 0 9.66406 0 0 0 0 0 0 0 0 0 0 ]
[GRF_B][6][ 0 0 0 0 0 0 6.0625 0 0 0 0 0 0 0 0 0 ]
[GRF_B][7][ 0 0 0 0 0 0 0 3.13672 0 0 0 0 0 0 0 0 ]
[M_OUT][0000000000000000000000000000000000000000000000000000000000000000000000000000000000000000000000000000000000000000000000000000000000000000000000000000000000000000000000000000000000000000000000000000000000000000000000000000000000000000000000000000000000000000]
[A_OUT][0000000000000000000000000000000000000000000000000000000000000000000000000000000000000000000000000000000000000000000000000000000000000000000000000000000000000000000000000000000000000000000000000000000000000000000000000000000000000000000000000000000000000000]

----------
READ ch0 ra0 bg0 b0 r1 c27|| [0] MAC GRF_B[0], GRF_A[0], EVEN_BANK, auto @ 3587
[BANK_R][ 0 0 0 0 0 0 0 0.625 0 0 0 0 0 0 0 0 ]
[CMD]00111011000100001000000000000000(MAC GRF_B[0], GRF_A[0], EVEN_BANK, auto)
[SRF][0000000000000000000000000000000000000000000000000000000000000000000000000000000000000000000000000000000000000000000000000000000000000000000000000000000000000000000000000000000000000000000000000000000000000000000000000000000000000000000000000000000000000000]
[GRF_A][0][ 1 2 1.00781 2.00781 1.01562 2.01562 1.02344 2.02344 1.03125 2.03125 1.03906 2.03906 1.04688 2.04688 1.05469 2.05469 ]
[GRF_A][1][ 1.0625 2.0625 1.07031 2.07031 1.07812 2.07812 1.08594 2.08594 1.09375 2.09375 1.10156 2.10156 1.10938 2.10938 1.11719 2.11719 ]
[GRF_A][2][ 1.125 2.125 1.13281 2.13281 1.14062 2.14062 1.14844 2.14844 1.15625 2.15625 1.16406 2.16406 1.17188 2.17188 1.17969 2.17969 ]
[GRF_A][3][ 1.1875 2.1875 1.19531 2.19531 1.20312 2.20312 1.21094 2.21094 1.21875 2.21875 1.22656 2.22656 1.23438 2.23438 1.24219 2.24219 ]
[GRF_A][4][ 1.25 2.25 1.25781 2.25781 1.26562 2.26562 1.27344 2.27344 1.28125 2.28125 1.28906 2.28906 1.29688 2.29688 1.30469 2.30469 ]
[GRF_A][5][ 1.3125 2.3125 1.32031 2.32031 1.32812 2.32812 1.33594 2.33594 1.34375 2.34375 1.35156 2.35156 1.35938 2.35938 1.36719 2.36719 ]
[GRF_A][6][ 1.375 2.375 1.38281 2.38281 1.39062 2.39062 1.39844 2.39844 1.40625 2.40625 1.41406 2.41406 1.42188 2.42188 1.42969 2.42969 ]
[GRF_A][7][ 1.4375 2.4375 1.44531 2.44531 1.45312 2.45312 1.46094 2.46094 1.46875 2.46875 1.47656 2.47656 1.48438 2.48438 1.49219 2.49219 ]
[GRF_B][0][ 2.29688 0 0 0 0 0 0 0 0 0 0 0 0 0 0 0 ]
[GRF_B][1][ 0 5.15625 0 0 0 0 0 0 0 0 0 0 0 0 0 0 ]
[GRF_B][2][ 0 0 3.53711 0 0 0 0 0 0 0 0 0 0 0 0 0 ]
[GRF_B][3][ 0 0 0 7.39844 0 0 0 0 0 0 0 0 0 0 0 0 ]
[GRF_B][4][ 0 0 0 0 4.79297 0 0 0 0 0 0 0 0 0 0 0 ]
[GRF_B][5][ 0 0 0 0 0 9.66406 0 0 0 0 0 0 0 0 0 0 ]
[GRF_B][6][ 0 0 0 0 0 0 6.0625 0 0 0 0 0 0 0 0 0 ]
[GRF_B][7][ 0 0 0 0 0 0 0 4.51953 0 0 0 0 0 0 0 0 ]
[M_OUT][0000000000000000000000000000000000000000000000000000000000000000000000000000000000000000000000000000000000000000000000000000000000000000000000000000000000000000000000000000000000000000000000000000000000000000000000000000000000000000000000000000000000000000]
[A_OUT][0000000000000000000000000000000000000000000000000000000000000000000000000000000000000000000000000000000000000000000000000000000000000000000000000000000000000000000000000000000000000000000000000000000000000000000000000000000000000000000000000000000000000000]

----------
READ ch0 ra0 bg0 b0 r1 c28|| [0] MAC GRF_B[0], GRF_A[0], EVEN_BANK, auto @ 3591
[BANK_R][ 0 0 0 0 0 0 0 0.6875 0 0 0 0 0 0 0 0 ]
[CMD]00111011000100001000000000000000(MAC GRF_B[0], GRF_A[0], EVEN_BANK, auto)
[SRF][0000000000000000000000000000000000000000000000000000000000000000000000000000000000000000000000000000000000000000000000000000000000000000000000000000000000000000000000000000000000000000000000000000000000000000000000000000000000000000000000000000000000000000]
[GRF_A][0][ 1 2 1.00781 2.00781 1.01562 2.01562 1.02344 2.02344 1.03125 2.03125 1.03906 2.03906 1.04688 2.04688 1.05469 2.05469 ]
[GRF_A][1][ 1.0625 2.0625 1.07031 2.07031 1.07812 2.07812 1.08594 2.08594 1.09375 2.09375 1.10156 2.10156 1.10938 2.10938 1.11719 2.11719 ]
[GRF_A][2][ 1.125 2.125 1.13281 2.13281 1.14062 2.14062 1.14844 2.14844 1.15625 2.15625 1.16406 2.16406 1.17188 2.17188 1.17969 2.17969 ]
[GRF_A][3][ 1.1875 2.1875 1.19531 2.19531 1.20312 2.20312 1.21094 2.21094 1.21875 2.21875 1.22656 2.22656 1.23438 2.23438 1.24219 2.24219 ]
[GRF_A][4][ 1.25 2.25 1.25781 2.25781 1.26562 2.26562 1.27344 2.27344 1.28125 2.28125 1.28906 2.28906 1.29688 2.29688 1.30469 2.30469 ]
[GRF_A][5][ 1.3125 2.3125 1.32031 2.32031 1.32812 2.32812 1.33594 2.33594 1.34375 2.34375 1.35156 2.35156 1.35938 2.35938 1.36719 2.36719 ]
[GRF_A][6][ 1.375 2.375 1.38281 2.38281 1.39062 2.39062 1.39844 2.39844 1.40625 2.40625 1.41406 2.41406 1.42188 2.42188 1.42969 2.42969 ]
[GRF_A][7][ 1.4375 2.4375 1.44531 2.44531 1.45312 2.45312 1.46094 2.46094 1.46875 2.46875 1.47656 2.47656 1.48438 2.48438 1.49219 2.49219 ]
[GRF_B][0][ 2.29688 0 0 0 0 0 0 0 0 0 0 0 0 0 0 0 ]
[GRF_B][1][ 0 5.15625 0 0 0 0 0 0 0 0 0 0 0 0 0 0 ]
[GRF_B][2][ 0 0 3.53711 0 0 0 0 0 0 0 0 0 0 0 0 0 ]
[GRF_B][3][ 0 0 0 7.39844 0 0 0 0 0 0 0 0 0 0 0 0 ]
[GRF_B][4][ 0 0 0 0 4.79297 0 0 0 0 0 0 0 0 0 0 0 ]
[GRF_B][5][ 0 0 0 0 0 9.66406 0 0 0 0 0 0 0 0 0 0 ]
[GRF_B][6][ 0 0 0 0 0 0 6.0625 0 0 0 0 0 0 0 0 0 ]
[GRF_B][7][ 0 0 0 0 0 0 0 6.08203 0 0 0 0 0 0 0 0 ]
[M_OUT][0000000000000000000000000000000000000000000000000000000000000000000000000000000000000000000000000000000000000000000000000000000000000000000000000000000000000000000000000000000000000000000000000000000000000000000000000000000000000000000000000000000000000000]
[A_OUT][0000000000000000000000000000000000000000000000000000000000000000000000000000000000000000000000000000000000000000000000000000000000000000000000000000000000000000000000000000000000000000000000000000000000000000000000000000000000000000000000000000000000000000]

----------
READ ch0 ra0 bg0 b0 r1 c29|| [0] MAC GRF_B[0], GRF_A[0], EVEN_BANK, auto @ 3595
[BANK_R][ 0 0 0 0 0 0 0 0.75 0 0 0 0 0 0 0 0 ]
[CMD]00111011000100001000000000000000(MAC GRF_B[0], GRF_A[0], EVEN_BANK, auto)
[SRF][0000000000000000000000000000000000000000000000000000000000000000000000000000000000000000000000000000000000000000000000000000000000000000000000000000000000000000000000000000000000000000000000000000000000000000000000000000000000000000000000000000000000000000]
[GRF_A][0][ 1 2 1.00781 2.00781 1.01562 2.01562 1.02344 2.02344 1.03125 2.03125 1.03906 2.03906 1.04688 2.04688 1.05469 2.05469 ]
[GRF_A][1][ 1.0625 2.0625 1.07031 2.07031 1.07812 2.07812 1.08594 2.08594 1.09375 2.09375 1.10156 2.10156 1.10938 2.10938 1.11719 2.11719 ]
[GRF_A][2][ 1.125 2.125 1.13281 2.13281 1.14062 2.14062 1.14844 2.14844 1.15625 2.15625 1.16406 2.16406 1.17188 2.17188 1.17969 2.17969 ]
[GRF_A][3][ 1.1875 2.1875 1.19531 2.19531 1.20312 2.20312 1.21094 2.21094 1.21875 2.21875 1.22656 2.22656 1.23438 2.23438 1.24219 2.24219 ]
[GRF_A][4][ 1.25 2.25 1.25781 2.25781 1.26562 2.26562 1.27344 2.27344 1.28125 2.28125 1.28906 2.28906 1.29688 2.29688 1.30469 2.30469 ]
[GRF_A][5][ 1.3125 2.3125 1.32031 2.32031 1.32812 2.32812 1.33594 2.33594 1.34375 2.34375 1.35156 2.35156 1.35938 2.35938 1.36719 2.36719 ]
[GRF_A][6][ 1.375 2.375 1.38281 2.38281 1.39062 2.39062 1.39844 2.39844 1.40625 2.40625 1.41406 2.41406 1.42188 2.42188 1.42969 2.42969 ]
[GRF_A][7][ 1.4375 2.4375 1.44531 2.44531 1.45312 2.45312 1.46094 2.46094 1.46875 2.46875 1.47656 2.47656 1.48438 2.48438 1.49219 2.49219 ]
[GRF_B][0][ 2.29688 0 0 0 0 0 0 0 0 0 0 0 0 0 0 0 ]
[GRF_B][1][ 0 5.15625 0 0 0 0 0 0 0 0 0 0 0 0 0 0 ]
[GRF_B][2][ 0 0 3.53711 0 0 0 0 0 0 0 0 0 0 0 0 0 ]
[GRF_B][3][ 0 0 0 7.39844 0 0 0 0 0 0 0 0 0 0 0 0 ]
[GRF_B][4][ 0 0 0 0 4.79297 0 0 0 0 0 0 0 0 0 0 0 ]
[GRF_B][5][ 0 0 0 0 0 9.66406 0 0 0 0 0 0 0 0 0 0 ]
[GRF_B][6][ 0 0 0 0 0 0 6.0625 0 0 0 0 0 0 0 0 0 ]
[GRF_B][7][ 0 0 0 0 0 0 0 7.83594 0 0 0 0 0 0 0 0 ]
[M_OUT][0000000000000000000000000000000000000000000000000000000000000000000000000000000000000000000000000000000000000000000000000000000000000000000000000000000000000000000000000000000000000000000000000000000000000000000000000000000000000000000000000000000000000000]
[A_OUT][0000000000000000000000000000000000000000000000000000000000000000000000000000000000000000000000000000000000000000000000000000000000000000000000000000000000000000000000000000000000000000000000000000000000000000000000000000000000000000000000000000000000000000]

----------
READ ch0 ra0 bg0 b0 r1 c30|| [0] MAC GRF_B[0], GRF_A[0], EVEN_BANK, auto @ 3599
[BANK_R][ 0 0 0 0 0 0 0 0.8125 0 0 0 0 0 0 0 0 ]
[CMD]00111011000100001000000000000000(MAC GRF_B[0], GRF_A[0], EVEN_BANK, auto)
[SRF][0000000000000000000000000000000000000000000000000000000000000000000000000000000000000000000000000000000000000000000000000000000000000000000000000000000000000000000000000000000000000000000000000000000000000000000000000000000000000000000000000000000000000000]
[GRF_A][0][ 1 2 1.00781 2.00781 1.01562 2.01562 1.02344 2.02344 1.03125 2.03125 1.03906 2.03906 1.04688 2.04688 1.05469 2.05469 ]
[GRF_A][1][ 1.0625 2.0625 1.07031 2.07031 1.07812 2.07812 1.08594 2.08594 1.09375 2.09375 1.10156 2.10156 1.10938 2.10938 1.11719 2.11719 ]
[GRF_A][2][ 1.125 2.125 1.13281 2.13281 1.14062 2.14062 1.14844 2.14844 1.15625 2.15625 1.16406 2.16406 1.17188 2.17188 1.17969 2.17969 ]
[GRF_A][3][ 1.1875 2.1875 1.19531 2.19531 1.20312 2.20312 1.21094 2.21094 1.21875 2.21875 1.22656 2.22656 1.23438 2.23438 1.24219 2.24219 ]
[GRF_A][4][ 1.25 2.25 1.25781 2.25781 1.26562 2.26562 1.27344 2.27344 1.28125 2.28125 1.28906 2.28906 1.29688 2.29688 1.30469 2.30469 ]
[GRF_A][5][ 1.3125 2.3125 1.32031 2.32031 1.32812 2.32812 1.33594 2.33594 1.34375 2.34375 1.35156 2.35156 1.35938 2.35938 1.36719 2.36719 ]
[GRF_A][6][ 1.375 2.375 1.38281 2.38281 1.39062 2.39062 1.39844 2.39844 1.40625 2.40625 1.41406 2.41406 1.42188 2.42188 1.42969 2.42969 ]
[GRF_A][7][ 1.4375 2.4375 1.44531 2.44531 1.45312 2.45312 1.46094 2.46094 1.46875 2.46875 1.47656 2.47656 1.48438 2.48438 1.49219 2.49219 ]
[GRF_B][0][ 2.29688 0 0 0 0 0 0 0 0 0 0 0 0 0 0 0 ]
[GRF_B][1][ 0 5.15625 0 0 0 0 0 0 0 0 0 0 0 0 0 0 ]
[GRF_B][2][ 0 0 3.53711 0 0 0 0 0 0 0 0 0 0 0 0 0 ]
[GRF_B][3][ 0 0 0 7.39844 0 0 0 0 0 0 0 0 0 0 0 0 ]
[GRF_B][4][ 0 0 0 0 4.79297 0 0 0 0 0 0 0 0 0 0 0 ]
[GRF_B][5][ 0 0 0 0 0 9.66406 0 0 0 0 0 0 0 0 0 0 ]
[GRF_B][6][ 0 0 0 0 0 0 6.0625 0 0 0 0 0 0 0 0 0 ]
[GRF_B][7][ 0 0 0 0 0 0 0 9.78125 0 0 0 0 0 0 0 0 ]
[M_OUT][0000000000000000000000000000000000000000000000000000000000000000000000000000000000000000000000000000000000000000000000000000000000000000000000000000000000000000000000000000000000000000000000000000000000000000000000000000000000000000000000000000000000000000]
[A_OUT][0000000000000000000000000000000000000000000000000000000000000000000000000000000000000000000000000000000000000000000000000000000000000000000000000000000000000000000000000000000000000000000000000000000000000000000000000000000000000000000000000000000000000000]

----------
ACTIVATE ch[0] ra[0] bg[0] ba[1] ro[16383] co[8] @3599 tag : WRIO_TO_GRF_
READ ch0 ra0 bg0 b0 r1 c31|| [0] MAC GRF_B[0], GRF_A[0], EVEN_BANK, auto @ 3603
[BANK_R][ 0 0 0 0 0 0 0 0.875 0 0 0 0 0 0 0 0 ]
[CMD]00111011000100001000000000000000(MAC GRF_B[0], GRF_A[0], EVEN_BANK, auto)
[SRF][0000000000000000000000000000000000000000000000000000000000000000000000000000000000000000000000000000000000000000000000000000000000000000000000000000000000000000000000000000000000000000000000000000000000000000000000000000000000000000000000000000000000000000]
[GRF_A][0][ 1 2 1.00781 2.00781 1.01562 2.01562 1.02344 2.02344 1.03125 2.03125 1.03906 2.03906 1.04688 2.04688 1.05469 2.05469 ]
[GRF_A][1][ 1.0625 2.0625 1.07031 2.07031 1.07812 2.07812 1.08594 2.08594 1.09375 2.09375 1.10156 2.10156 1.10938 2.10938 1.11719 2.11719 ]
[GRF_A][2][ 1.125 2.125 1.13281 2.13281 1.14062 2.14062 1.14844 2.14844 1.15625 2.15625 1.16406 2.16406 1.17188 2.17188 1.17969 2.17969 ]
[GRF_A][3][ 1.1875 2.1875 1.19531 2.19531 1.20312 2.20312 1.21094 2.21094 1.21875 2.21875 1.22656 2.22656 1.23438 2.23438 1.24219 2.24219 ]
[GRF_A][4][ 1.25 2.25 1.25781 2.25781 1.26562 2.26562 1.27344 2.27344 1.28125 2.28125 1.28906 2.28906 1.29688 2.29688 1.30469 2.30469 ]
[GRF_A][5][ 1.3125 2.3125 1.32031 2.32031 1.32812 2.32812 1.33594 2.33594 1.34375 2.34375 1.35156 2.35156 1.35938 2.35938 1.36719 2.36719 ]
[GRF_A][6][ 1.375 2.375 1.38281 2.38281 1.39062 2.39062 1.39844 2.39844 1.40625 2.40625 1.41406 2.41406 1.42188 2.42188 1.42969 2.42969 ]
[GRF_A][7][ 1.4375 2.4375 1.44531 2.44531 1.45312 2.45312 1.46094 2.46094 1.46875 2.46875 1.47656 2.47656 1.48438 2.48438 1.49219 2.49219 ]
[GRF_B][0][ 2.29688 0 0 0 0 0 0 0 0 0 0 0 0 0 0 0 ]
[GRF_B][1][ 0 5.15625 0 0 0 0 0 0 0 0 0 0 0 0 0 0 ]
[GRF_B][2][ 0 0 3.53711 0 0 0 0 0 0 0 0 0 0 0 0 0 ]
[GRF_B][3][ 0 0 0 7.39844 0 0 0 0 0 0 0 0 0 0 0 0 ]
[GRF_B][4][ 0 0 0 0 4.79297 0 0 0 0 0 0 0 0 0 0 0 ]
[GRF_B][5][ 0 0 0 0 0 9.66406 0 0 0 0 0 0 0 0 0 0 ]
[GRF_B][6][ 0 0 0 0 0 0 6.0625 0 0 0 0 0 0 0 0 0 ]
[GRF_B][7][ 0 0 0 0 0 0 0 11.9375 0 0 0 0 0 0 0 0 ]
[M_OUT][0000000000000000000000000000000000000000000000000000000000000000000000000000000000000000000000000000000000000000000000000000000000000000000000000000000000000000000000000000000000000000000000000000000000000000000000000000000000000000000000000000000000000000]
[A_OUT][0000000000000000000000000000000000000000000000000000000000000000000000000000000000000000000000000000000000000000000000000000000000000000000000000000000000000000000000000000000000000000000000000000000000000000000000000000000000000000000000000000000000000000]

----------
PRECHARGE ch[0] ra[0] bg[0] ba[0] ro[1] @3605
BWRITE_GRF_A ch[0] ra[0] reg[0] @3618
BWRITE_GRF_A ch[0] ra[0] reg[1] @3622
BWRITE_GRF_A ch[0] ra[0] reg[2] @3626
BWRITE_GRF_A ch[0] ra[0] reg[3] @3630
BWRITE_GRF_A ch[0] ra[0] reg[4] @3634
BWRITE_GRF_A ch[0] ra[0] reg[5] @3638
BWRITE_GRF_A ch[0] ra[0] reg[6] @3642
BWRITE_GRF_A ch[0] ra[0] reg[7] @3646
PRECHARGE ch[0] ra[0] bg[0] ba[1] ro[1] @3671
ACTIVATE ch[0] ra[0] bg[0] ba[1] ro[0] co[0] @3685 tag : MAC_
READ ch0 ra0 bg0 b1 r0 c0|| [1] JUMP 7x [PC - 2] @ 3700
READ ch0 ra0 bg0 b1 r0 c0|| [2] MAC GRF_B[0], GRF_A[0], ODD_BANK, auto @ 3700
[BANK_R][ 0.5 0 0 0 0 0 0 0 0 0 0 0 0 0 0 0 ]
[CMD]00111011000110001000000000000000(MAC GRF_B[0], GRF_A[0], ODD_BANK, auto)
[SRF][0000000000000000000000000000000000000000000000000000000000000000000000000000000000000000000000000000000000000000000000000000000000000000000000000000000000000000000000000000000000000000000000000000000000000000000000000000000000000000000000000000000000000000]
[GRF_A][0][ 1.5 2.5 1.50781 2.50781 1.51562 2.51562 1.52344 2.52344 1.53125 2.53125 1.53906 2.53906 1.54688 2.54688 1.55469 2.55469 ]
[GRF_A][1][ 1.5625 2.5625 1.57031 2.57031 1.57812 2.57812 1.58594 2.58594 1.59375 2.59375 1.60156 2.60156 1.60938 2.60938 1.61719 2.61719 ]
[GRF_A][2][ 1.625 2.625 1.63281 2.63281 1.64062 2.64062 1.64844 2.64844 1.65625 2.65625 1.66406 2.66406 1.67188 2.67188 1.67969 2.67969 ]
[GRF_A][3][ 1.6875 2.6875 1.69531 2.69531 1.70312 2.70312 1.71094 2.71094 1.71875 2.71875 1.72656 2.72656 1.73438 2.73438 1.74219 2.74219 ]
[GRF_A][4][ 1.75 2.75 1.75781 2.75781 1.76562 2.76562 1.77344 2.77344 1.78125 2.78125 1.78906 2.78906 1.79688 2.79688 1.80469 2.80469 ]
[GRF_A][5][ 1.8125 2.8125 1.82031 2.82031 1.82812 2.82812 1.83594 2.83594 1.84375 2.84375 1.85156 2.85156 1.85938 2.85938 1.86719 2.86719 ]
[GRF_A][6][ 1.875 2.875 1.88281 2.88281 1.89062 2.89062 1.89844 2.89844 1.90625 2.90625 1.91406 2.91406 1.92188 2.92188 1.92969 2.92969 ]
[GRF_A][7][ 1.9375 2.9375 1.94531 2.94531 1.95312 2.95312 1.96094 2.96094 1.96875 2.96875 1.97656 2.97656 1.98438 2.98438 1.99219 2.99219 ]
[GRF_B][0][ 3.04688 0 0 0 0 0 0 0 0 0 0 0 0 0 0 0 ]
[GRF_B][1][ 0 5.15625 0 0 0 0 0 0 0 0 0 0 0 0 0 0 ]
[GRF_B][2][ 0 0 3.53711 0 0 0 0 0 0 0 0 0 0 0 0 0 ]
[GRF_B][3][ 0 0 0 7.39844 0 0 0 0 0 0 0 0 0 0 0 0 ]
[GRF_B][4][ 0 0 0 0 4.79297 0 0 0 0 0 0 0 0 0 0 0 ]
[GRF_B][5][ 0 0 0 0 0 9.66406 0 0 0 0 0 0 0 0 0 0 ]
[GRF_B][6][ 0 0 0 0 0 0 6.0625 0 0 0 0 0 0 0 0 0 ]
[GRF_B][7][ 0 0 0 0 0 0 0 11.9375 0 0 0 0 0 0 0 0 ]
[M_OUT][0000000000000000000000000000000000000000000000000000000000000000000000000000000000000000000000000000000000000000000000000000000000000000000000000000000000000000000000000000000000000000000000000000000000000000000000000000000000000000000000000000000000000000]
[A_OUT][0000000000000000000000000000000000000000000000000000000000000000000000000000000000000000000000000000000000000000000000000000000000000000000000000000000000000000000000000000000000000000000000000000000000000000000000000000000000000000000000000000000000000000]

----------
READ ch0 ra0 bg0 b1 r0 c1|| [2] MAC GRF_B[0], GRF_A[0], ODD_BANK, auto @ 3704
[BANK_R][ 0.5625 0 0 0 0 0 0 0 0 0 0 0 0 0 0 0 ]
[CMD]00111011000110001000000000000000(MAC GRF_B[0], GRF_A[0], ODD_BANK, auto)
[SRF][0000000000000000000000000000000000000000000000000000000000000000000000000000000000000000000000000000000000000000000000000000000000000000000000000000000000000000000000000000000000000000000000000000000000000000000000000000000000000000000000000000000000000000]
[GRF_A][0][ 1.5 2.5 1.50781 2.50781 1.51562 2.51562 1.52344 2.52344 1.53125 2.53125 1.53906 2.53906 1.54688 2.54688 1.55469 2.55469 ]
[GRF_A][1][ 1.5625 2.5625 1.57031 2.57031 1.57812 2.57812 1.58594 2.58594 1.59375 2.59375 1.60156 2.60156 1.60938 2.60938 1.61719 2.61719 ]
[GRF_A][2][ 1.625 2.625 1.63281 2.63281 1.64062 2.64062 1.64844 2.64844 1.65625 2.65625 1.66406 2.66406 1.67188 2.67188 1.67969 2.67969 ]
[GRF_A][3][ 1.6875 2.6875 1.69531 2.69531 1.70312 2.70312 1.71094 2.71094 1.71875 2.71875 1.72656 2.72656 1.73438 2.73438 1.74219 2.74219 ]
[GRF_A][4][ 1.75 2.75 1.75781 2.75781 1.76562 2.76562 1.77344 2.77344 1.78125 2.78125 1.78906 2.78906 1.79688 2.79688 1.80469 2.80469 ]
[GRF_A][5][ 1.8125 2.8125 1.82031 2.82031 1.82812 2.82812 1.83594 2.83594 1.84375 2.84375 1.85156 2.85156 1.85938 2.85938 1.86719 2.86719 ]
[GRF_A][6][ 1.875 2.875 1.88281 2.88281 1.89062 2.89062 1.89844 2.89844 1.90625 2.90625 1.91406 2.91406 1.92188 2.92188 1.92969 2.92969 ]
[GRF_A][7][ 1.9375 2.9375 1.94531 2.94531 1.95312 2.95312 1.96094 2.96094 1.96875 2.96875 1.97656 2.97656 1.98438 2.98438 1.99219 2.99219 ]
[GRF_B][0][ 3.92578 0 0 0 0 0 0 0 0 0 0 0 0 0 0 0 ]
[GRF_B][1][ 0 5.15625 0 0 0 0 0 0 0 0 0 0 0 0 0 0 ]
[GRF_B][2][ 0 0 3.53711 0 0 0 0 0 0 0 0 0 0 0 0 0 ]
[GRF_B][3][ 0 0 0 7.39844 0 0 0 0 0 0 0 0 0 0 0 0 ]
[GRF_B][4][ 0 0 0 0 4.79297 0 0 0 0 0 0 0 0 0 0 0 ]
[GRF_B][5][ 0 0 0 0 0 9.66406 0 0 0 0 0 0 0 0 0 0 ]
[GRF_B][6][ 0 0 0 0 0 0 6.0625 0 0 0 0 0 0 0 0 0 ]
[GRF_B][7][ 0 0 0 0 0 0 0 11.9375 0 0 0 0 0 0 0 0 ]
[M_OUT][0000000000000000000000000000000000000000000000000000000000000000000000000000000000000000000000000000000000000000000000000000000000000000000000000000000000000000000000000000000000000000000000000000000000000000000000000000000000000000000000000000000000000000]
[A_OUT][0000000000000000000000000000000000000000000000000000000000000000000000000000000000000000000000000000000000000000000000000000000000000000000000000000000000000000000000000000000000000000000000000000000000000000000000000000000000000000000000000000000000000000]

----------
READ ch0 ra0 bg0 b1 r0 c2|| [2] MAC GRF_B[0], GRF_A[0], ODD_BANK, auto @ 3708
[BANK_R][ 0.625 0 0 0 0 0 0 0 0 0 0 0 0 0 0 0 ]
[CMD]00111011000110001000000000000000(MAC GRF_B[0], GRF_A[0], ODD_BANK, auto)
[SRF][0000000000000000000000000000000000000000000000000000000000000000000000000000000000000000000000000000000000000000000000000000000000000000000000000000000000000000000000000000000000000000000000000000000000000000000000000000000000000000000000000000000000000000]
[GRF_A][0][ 1.5 2.5 1.50781 2.50781 1.51562 2.51562 1.52344 2.52344 1.53125 2.53125 1.53906 2.53906 1.54688 2.54688 1.55469 2.55469 ]
[GRF_A][1][ 1.5625 2.5625 1.57031 2.57031 1.57812 2.57812 1.58594 2.58594 1.59375 2.59375 1.60156 2.60156 1.60938 2.60938 1.61719 2.61719 ]
[GRF_A][2][ 1.625 2.625 1.63281 2.63281 1.64062 2.64062 1.64844 2.64844 1.65625 2.65625 1.66406 2.66406 1.67188 2.67188 1.67969 2.67969 ]
[GRF_A][3][ 1.6875 2.6875 1.69531 2.69531 1.70312 2.70312 1.71094 2.71094 1.71875 2.71875 1.72656 2.72656 1.73438 2.73438 1.74219 2.74219 ]
[GRF_A][4][ 1.75 2.75 1.75781 2.75781 1.76562 2.76562 1.77344 2.77344 1.78125 2.78125 1.78906 2.78906 1.79688 2.79688 1.80469 2.80469 ]
[GRF_A][5][ 1.8125 2.8125 1.82031 2.82031 1.82812 2.82812 1.83594 2.83594 1.84375 2.84375 1.85156 2.85156 1.85938 2.85938 1.86719 2.86719 ]
[GRF_A][6][ 1.875 2.875 1.88281 2.88281 1.89062 2.89062 1.89844 2.89844 1.90625 2.90625 1.91406 2.91406 1.92188 2.92188 1.92969 2.92969 ]
[GRF_A][7][ 1.9375 2.9375 1.94531 2.94531 1.95312 2.95312 1.96094 2.96094 1.96875 2.96875 1.97656 2.97656 1.98438 2.98438 1.99219 2.99219 ]
[GRF_B][0][ 4.94141 0 0 0 0 0 0 0 0 0 0 0 0 0 0 0 ]
[GRF_B][1][ 0 5.15625 0 0 0 0 0 0 0 0 0 0 0 0 0 0 ]
[GRF_B][2][ 0 0 3.53711 0 0 0 0 0 0 0 0 0 0 0 0 0 ]
[GRF_B][3][ 0 0 0 7.39844 0 0 0 0 0 0 0 0 0 0 0 0 ]
[GRF_B][4][ 0 0 0 0 4.79297 0 0 0 0 0 0 0 0 0 0 0 ]
[GRF_B][5][ 0 0 0 0 0 9.66406 0 0 0 0 0 0 0 0 0 0 ]
[GRF_B][6][ 0 0 0 0 0 0 6.0625 0 0 0 0 0 0 0 0 0 ]
[GRF_B][7][ 0 0 0 0 0 0 0 11.9375 0 0 0 0 0 0 0 0 ]
[M_OUT][0000000000000000000000000000000000000000000000000000000000000000000000000000000000000000000000000000000000000000000000000000000000000000000000000000000000000000000000000000000000000000000000000000000000000000000000000000000000000000000000000000000000000000]
[A_OUT][0000000000000000000000000000000000000000000000000000000000000000000000000000000000000000000000000000000000000000000000000000000000000000000000000000000000000000000000000000000000000000000000000000000000000000000000000000000000000000000000000000000000000000]

----------
READ ch0 ra0 bg0 b1 r0 c3|| [2] MAC GRF_B[0], GRF_A[0], ODD_BANK, auto @ 3712
[BANK_R][ 0.6875 0 0 0 0 0 0 0 0 0 0 0 0 0 0 0 ]
[CMD]00111011000110001000000000000000(MAC GRF_B[0], GRF_A[0], ODD_BANK, auto)
[SRF][0000000000000000000000000000000000000000000000000000000000000000000000000000000000000000000000000000000000000000000000000000000000000000000000000000000000000000000000000000000000000000000000000000000000000000000000000000000000000000000000000000000000000000]
[GRF_A][0][ 1.5 2.5 1.50781 2.50781 1.51562 2.51562 1.52344 2.52344 1.53125 2.53125 1.53906 2.53906 1.54688 2.54688 1.55469 2.55469 ]
[GRF_A][1][ 1.5625 2.5625 1.57031 2.57031 1.57812 2.57812 1.58594 2.58594 1.59375 2.59375 1.60156 2.60156 1.60938 2.60938 1.61719 2.61719 ]
[GRF_A][2][ 1.625 2.625 1.63281 2.63281 1.64062 2.64062 1.64844 2.64844 1.65625 2.65625 1.66406 2.66406 1.67188 2.67188 1.67969 2.67969 ]
[GRF_A][3][ 1.6875 2.6875 1.69531 2.69531 1.70312 2.70312 1.71094 2.71094 1.71875 2.71875 1.72656 2.72656 1.73438 2.73438 1.74219 2.74219 ]
[GRF_A][4][ 1.75 2.75 1.75781 2.75781 1.76562 2.76562 1.77344 2.77344 1.78125 2.78125 1.78906 2.78906 1.79688 2.79688 1.80469 2.80469 ]
[GRF_A][5][ 1.8125 2.8125 1.82031 2.82031 1.82812 2.82812 1.83594 2.83594 1.84375 2.84375 1.85156 2.85156 1.85938 2.85938 1.86719 2.86719 ]
[GRF_A][6][ 1.875 2.875 1.88281 2.88281 1.89062 2.89062 1.89844 2.89844 1.90625 2.90625 1.91406 2.91406 1.92188 2.92188 1.92969 2.92969 ]
[GRF_A][7][ 1.9375 2.9375 1.94531 2.94531 1.95312 2.95312 1.96094 2.96094 1.96875 2.96875 1.97656 2.97656 1.98438 2.98438 1.99219 2.99219 ]
[GRF_B][0][ 6.10156 0 0 0 0 0 0 0 0 0 0 0 0 0 0 0 ]
[GRF_B][1][ 0 5.15625 0 0 0 0 0 0 0 0 0 0 0 0 0 0 ]
[GRF_B][2][ 0 0 3.53711 0 0 0 0 0 0 0 0 0 0 0 0 0 ]
[GRF_B][3][ 0 0 0 7.39844 0 0 0 0 0 0 0 0 0 0 0 0 ]
[GRF_B][4][ 0 0 0 0 4.79297 0 0 0 0 0 0 0 0 0 0 0 ]
[GRF_B][5][ 0 0 0 0 0 9.66406 0 0 0 0 0 0 0 0 0 0 ]
[GRF_B][6][ 0 0 0 0 0 0 6.0625 0 0 0 0 0 0 0 0 0 ]
[GRF_B][7][ 0 0 0 0 0 0 0 11.9375 0 0 0 0 0 0 0 0 ]
[M_OUT][0000000000000000000000000000000000000000000000000000000000000000000000000000000000000000000000000000000000000000000000000000000000000000000000000000000000000000000000000000000000000000000000000000000000000000000000000000000000000000000000000000000000000000]
[A_OUT][0000000000000000000000000000000000000000000000000000000000000000000000000000000000000000000000000000000000000000000000000000000000000000000000000000000000000000000000000000000000000000000000000000000000000000000000000000000000000000000000000000000000000000]

----------
READ ch0 ra0 bg0 b1 r0 c4|| [2] MAC GRF_B[0], GRF_A[0], ODD_BANK, auto @ 3716
[BANK_R][ 0.75 0 0 0 0 0 0 0 0 0 0 0 0 0 0 0 ]
[CMD]00111011000110001000000000000000(MAC GRF_B[0], GRF_A[0], ODD_BANK, auto)
[SRF][0000000000000000000000000000000000000000000000000000000000000000000000000000000000000000000000000000000000000000000000000000000000000000000000000000000000000000000000000000000000000000000000000000000000000000000000000000000000000000000000000000000000000000]
[GRF_A][0][ 1.5 2.5 1.50781 2.50781 1.51562 2.51562 1.52344 2.52344 1.53125 2.53125 1.53906 2.53906 1.54688 2.54688 1.55469 2.55469 ]
[GRF_A][1][ 1.5625 2.5625 1.57031 2.57031 1.57812 2.57812 1.58594 2.58594 1.59375 2.59375 1.60156 2.60156 1.60938 2.60938 1.61719 2.61719 ]
[GRF_A][2][ 1.625 2.625 1.63281 2.63281 1.64062 2.64062 1.64844 2.64844 1.65625 2.65625 1.66406 2.66406 1.67188 2.67188 1.67969 2.67969 ]
[GRF_A][3][ 1.6875 2.6875 1.69531 2.69531 1.70312 2.70312 1.71094 2.71094 1.71875 2.71875 1.72656 2.72656 1.73438 2.73438 1.74219 2.74219 ]
[GRF_A][4][ 1.75 2.75 1.75781 2.75781 1.76562 2.76562 1.77344 2.77344 1.78125 2.78125 1.78906 2.78906 1.79688 2.79688 1.80469 2.80469 ]
[GRF_A][5][ 1.8125 2.8125 1.82031 2.82031 1.82812 2.82812 1.83594 2.83594 1.84375 2.84375 1.85156 2.85156 1.85938 2.85938 1.86719 2.86719 ]
[GRF_A][6][ 1.875 2.875 1.88281 2.88281 1.89062 2.89062 1.89844 2.89844 1.90625 2.90625 1.91406 2.91406 1.92188 2.92188 1.92969 2.92969 ]
[GRF_A][7][ 1.9375 2.9375 1.94531 2.94531 1.95312 2.95312 1.96094 2.96094 1.96875 2.96875 1.97656 2.97656 1.98438 2.98438 1.99219 2.99219 ]
[GRF_B][0][ 7.41406 0 0 0 0 0 0 0 0 0 0 0 0 0 0 0 ]
[GRF_B][1][ 0 5.15625 0 0 0 0 0 0 0 0 0 0 0 0 0 0 ]
[GRF_B][2][ 0 0 3.53711 0 0 0 0 0 0 0 0 0 0 0 0 0 ]
[GRF_B][3][ 0 0 0 7.39844 0 0 0 0 0 0 0 0 0 0 0 0 ]
[GRF_B][4][ 0 0 0 0 4.79297 0 0 0 0 0 0 0 0 0 0 0 ]
[GRF_B][5][ 0 0 0 0 0 9.66406 0 0 0 0 0 0 0 0 0 0 ]
[GRF_B][6][ 0 0 0 0 0 0 6.0625 0 0 0 0 0 0 0 0 0 ]
[GRF_B][7][ 0 0 0 0 0 0 0 11.9375 0 0 0 0 0 0 0 0 ]
[M_OUT][0000000000000000000000000000000000000000000000000000000000000000000000000000000000000000000000000000000000000000000000000000000000000000000000000000000000000000000000000000000000000000000000000000000000000000000000000000000000000000000000000000000000000000]
[A_OUT][0000000000000000000000000000000000000000000000000000000000000000000000000000000000000000000000000000000000000000000000000000000000000000000000000000000000000000000000000000000000000000000000000000000000000000000000000000000000000000000000000000000000000000]

----------
READ ch0 ra0 bg0 b1 r0 c5|| [2] MAC GRF_B[0], GRF_A[0], ODD_BANK, auto @ 3720
[BANK_R][ 0.8125 0 0 0 0 0 0 0 0 0 0 0 0 0 0 0 ]
[CMD]00111011000110001000000000000000(MAC GRF_B[0], GRF_A[0], ODD_BANK, auto)
[SRF][0000000000000000000000000000000000000000000000000000000000000000000000000000000000000000000000000000000000000000000000000000000000000000000000000000000000000000000000000000000000000000000000000000000000000000000000000000000000000000000000000000000000000000]
[GRF_A][0][ 1.5 2.5 1.50781 2.50781 1.51562 2.51562 1.52344 2.52344 1.53125 2.53125 1.53906 2.53906 1.54688 2.54688 1.55469 2.55469 ]
[GRF_A][1][ 1.5625 2.5625 1.57031 2.57031 1.57812 2.57812 1.58594 2.58594 1.59375 2.59375 1.60156 2.60156 1.60938 2.60938 1.61719 2.61719 ]
[GRF_A][2][ 1.625 2.625 1.63281 2.63281 1.64062 2.64062 1.64844 2.64844 1.65625 2.65625 1.66406 2.66406 1.67188 2.67188 1.67969 2.67969 ]
[GRF_A][3][ 1.6875 2.6875 1.69531 2.69531 1.70312 2.70312 1.71094 2.71094 1.71875 2.71875 1.72656 2.72656 1.73438 2.73438 1.74219 2.74219 ]
[GRF_A][4][ 1.75 2.75 1.75781 2.75781 1.76562 2.76562 1.77344 2.77344 1.78125 2.78125 1.78906 2.78906 1.79688 2.79688 1.80469 2.80469 ]
[GRF_A][5][ 1.8125 2.8125 1.82031 2.82031 1.82812 2.82812 1.83594 2.83594 1.84375 2.84375 1.85156 2.85156 1.85938 2.85938 1.86719 2.86719 ]
[GRF_A][6][ 1.875 2.875 1.88281 2.88281 1.89062 2.89062 1.89844 2.89844 1.90625 2.90625 1.91406 2.91406 1.92188 2.92188 1.92969 2.92969 ]
[GRF_A][7][ 1.9375 2.9375 1.94531 2.94531 1.95312 2.95312 1.96094 2.96094 1.96875 2.96875 1.97656 2.97656 1.98438 2.98438 1.99219 2.99219 ]
[GRF_B][0][ 8.89062 0 0 0 0 0 0 0 0 0 0 0 0 0 0 0 ]
[GRF_B][1][ 0 5.15625 0 0 0 0 0 0 0 0 0 0 0 0 0 0 ]
[GRF_B][2][ 0 0 3.53711 0 0 0 0 0 0 0 0 0 0 0 0 0 ]
[GRF_B][3][ 0 0 0 7.39844 0 0 0 0 0 0 0 0 0 0 0 0 ]
[GRF_B][4][ 0 0 0 0 4.79297 0 0 0 0 0 0 0 0 0 0 0 ]
[GRF_B][5][ 0 0 0 0 0 9.66406 0 0 0 0 0 0 0 0 0 0 ]
[GRF_B][6][ 0 0 0 0 0 0 6.0625 0 0 0 0 0 0 0 0 0 ]
[GRF_B][7][ 0 0 0 0 0 0 0 11.9375 0 0 0 0 0 0 0 0 ]
[M_OUT][0000000000000000000000000000000000000000000000000000000000000000000000000000000000000000000000000000000000000000000000000000000000000000000000000000000000000000000000000000000000000000000000000000000000000000000000000000000000000000000000000000000000000000]
[A_OUT][0000000000000000000000000000000000000000000000000000000000000000000000000000000000000000000000000000000000000000000000000000000000000000000000000000000000000000000000000000000000000000000000000000000000000000000000000000000000000000000000000000000000000000]

----------
READ ch0 ra0 bg0 b1 r0 c6|| [2] MAC GRF_B[0], GRF_A[0], ODD_BANK, auto @ 3724
[BANK_R][ 0.875 0 0 0 0 0 0 0 0 0 0 0 0 0 0 0 ]
[CMD]00111011000110001000000000000000(MAC GRF_B[0], GRF_A[0], ODD_BANK, auto)
[SRF][0000000000000000000000000000000000000000000000000000000000000000000000000000000000000000000000000000000000000000000000000000000000000000000000000000000000000000000000000000000000000000000000000000000000000000000000000000000000000000000000000000000000000000]
[GRF_A][0][ 1.5 2.5 1.50781 2.50781 1.51562 2.51562 1.52344 2.52344 1.53125 2.53125 1.53906 2.53906 1.54688 2.54688 1.55469 2.55469 ]
[GRF_A][1][ 1.5625 2.5625 1.57031 2.57031 1.57812 2.57812 1.58594 2.58594 1.59375 2.59375 1.60156 2.60156 1.60938 2.60938 1.61719 2.61719 ]
[GRF_A][2][ 1.625 2.625 1.63281 2.63281 1.64062 2.64062 1.64844 2.64844 1.65625 2.65625 1.66406 2.66406 1.67188 2.67188 1.67969 2.67969 ]
[GRF_A][3][ 1.6875 2.6875 1.69531 2.69531 1.70312 2.70312 1.71094 2.71094 1.71875 2.71875 1.72656 2.72656 1.73438 2.73438 1.74219 2.74219 ]
[GRF_A][4][ 1.75 2.75 1.75781 2.75781 1.76562 2.76562 1.77344 2.77344 1.78125 2.78125 1.78906 2.78906 1.79688 2.79688 1.80469 2.80469 ]
[GRF_A][5][ 1.8125 2.8125 1.82031 2.82031 1.82812 2.82812 1.83594 2.83594 1.84375 2.84375 1.85156 2.85156 1.85938 2.85938 1.86719 2.86719 ]
[GRF_A][6][ 1.875 2.875 1.88281 2.88281 1.89062 2.89062 1.89844 2.89844 1.90625 2.90625 1.91406 2.91406 1.92188 2.92188 1.92969 2.92969 ]
[GRF_A][7][ 1.9375 2.9375 1.94531 2.94531 1.95312 2.95312 1.96094 2.96094 1.96875 2.96875 1.97656 2.97656 1.98438 2.98438 1.99219 2.99219 ]
[GRF_B][0][ 10.5312 0 0 0 0 0 0 0 0 0 0 0 0 0 0 0 ]
[GRF_B][1][ 0 5.15625 0 0 0 0 0 0 0 0 0 0 0 0 0 0 ]
[GRF_B][2][ 0 0 3.53711 0 0 0 0 0 0 0 0 0 0 0 0 0 ]
[GRF_B][3][ 0 0 0 7.39844 0 0 0 0 0 0 0 0 0 0 0 0 ]
[GRF_B][4][ 0 0 0 0 4.79297 0 0 0 0 0 0 0 0 0 0 0 ]
[GRF_B][5][ 0 0 0 0 0 9.66406 0 0 0 0 0 0 0 0 0 0 ]
[GRF_B][6][ 0 0 0 0 0 0 6.0625 0 0 0 0 0 0 0 0 0 ]
[GRF_B][7][ 0 0 0 0 0 0 0 11.9375 0 0 0 0 0 0 0 0 ]
[M_OUT][0000000000000000000000000000000000000000000000000000000000000000000000000000000000000000000000000000000000000000000000000000000000000000000000000000000000000000000000000000000000000000000000000000000000000000000000000000000000000000000000000000000000000000]
[A_OUT][0000000000000000000000000000000000000000000000000000000000000000000000000000000000000000000000000000000000000000000000000000000000000000000000000000000000000000000000000000000000000000000000000000000000000000000000000000000000000000000000000000000000000000]

----------
READ ch0 ra0 bg0 b1 r0 c7|| [2] MAC GRF_B[0], GRF_A[0], ODD_BANK, auto @ 3728
[BANK_R][ 0.9375 0 0 0 0 0 0 0 0 0 0 0 0 0 0 0 ]
[CMD]00111011000110001000000000000000(MAC GRF_B[0], GRF_A[0], ODD_BANK, auto)
[SRF][0000000000000000000000000000000000000000000000000000000000000000000000000000000000000000000000000000000000000000000000000000000000000000000000000000000000000000000000000000000000000000000000000000000000000000000000000000000000000000000000000000000000000000]
[GRF_A][0][ 1.5 2.5 1.50781 2.50781 1.51562 2.51562 1.52344 2.52344 1.53125 2.53125 1.53906 2.53906 1.54688 2.54688 1.55469 2.55469 ]
[GRF_A][1][ 1.5625 2.5625 1.57031 2.57031 1.57812 2.57812 1.58594 2.58594 1.59375 2.59375 1.60156 2.60156 1.60938 2.60938 1.61719 2.61719 ]
[GRF_A][2][ 1.625 2.625 1.63281 2.63281 1.64062 2.64062 1.64844 2.64844 1.65625 2.65625 1.66406 2.66406 1.67188 2.67188 1.67969 2.67969 ]
[GRF_A][3][ 1.6875 2.6875 1.69531 2.69531 1.70312 2.70312 1.71094 2.71094 1.71875 2.71875 1.72656 2.72656 1.73438 2.73438 1.74219 2.74219 ]
[GRF_A][4][ 1.75 2.75 1.75781 2.75781 1.76562 2.76562 1.77344 2.77344 1.78125 2.78125 1.78906 2.78906 1.79688 2.79688 1.80469 2.80469 ]
[GRF_A][5][ 1.8125 2.8125 1.82031 2.82031 1.82812 2.82812 1.83594 2.83594 1.84375 2.84375 1.85156 2.85156 1.85938 2.85938 1.86719 2.86719 ]
[GRF_A][6][ 1.875 2.875 1.88281 2.88281 1.89062 2.89062 1.89844 2.89844 1.90625 2.90625 1.91406 2.91406 1.92188 2.92188 1.92969 2.92969 ]
[GRF_A][7][ 1.9375 2.9375 1.94531 2.94531 1.95312 2.95312 1.96094 2.96094 1.96875 2.96875 1.97656 2.97656 1.98438 2.98438 1.99219 2.99219 ]
[GRF_B][0][ 12.3438 0 0 0 0 0 0 0 0 0 0 0 0 0 0 0 ]
[GRF_B][1][ 0 5.15625 0 0 0 0 0 0 0 0 0 0 0 0 0 0 ]
[GRF_B][2][ 0 0 3.53711 0 0 0 0 0 0 0 0 0 0 0 0 0 ]
[GRF_B][3][ 0 0 0 7.39844 0 0 0 0 0 0 0 0 0 0 0 0 ]
[GRF_B][4][ 0 0 0 0 4.79297 0 0 0 0 0 0 0 0 0 0 0 ]
[GRF_B][5][ 0 0 0 0 0 9.66406 0 0 0 0 0 0 0 0 0 0 ]
[GRF_B][6][ 0 0 0 0 0 0 6.0625 0 0 0 0 0 0 0 0 0 ]
[GRF_B][7][ 0 0 0 0 0 0 0 11.9375 0 0 0 0 0 0 0 0 ]
[M_OUT][0000000000000000000000000000000000000000000000000000000000000000000000000000000000000000000000000000000000000000000000000000000000000000000000000000000000000000000000000000000000000000000000000000000000000000000000000000000000000000000000000000000000000000]
[A_OUT][0000000000000000000000000000000000000000000000000000000000000000000000000000000000000000000000000000000000000000000000000000000000000000000000000000000000000000000000000000000000000000000000000000000000000000000000000000000000000000000000000000000000000000]

----------
READ ch0 ra0 bg0 b1 r0 c8|| [3] JUMP 7x [PC - 2] @ 3732
READ ch0 ra0 bg0 b1 r0 c8|| [2] MAC GRF_B[0], GRF_A[0], ODD_BANK, auto @ 3732
[BANK_R][ 0 0.5625 0 0 0 0 0 0 0 0 0 0 0 0 0 0 ]
[CMD]00111011000110001000000000000000(MAC GRF_B[0], GRF_A[0], ODD_BANK, auto)
[SRF][0000000000000000000000000000000000000000000000000000000000000000000000000000000000000000000000000000000000000000000000000000000000000000000000000000000000000000000000000000000000000000000000000000000000000000000000000000000000000000000000000000000000000000]
[GRF_A][0][ 1.5 2.5 1.50781 2.50781 1.51562 2.51562 1.52344 2.52344 1.53125 2.53125 1.53906 2.53906 1.54688 2.54688 1.55469 2.55469 ]
[GRF_A][1][ 1.5625 2.5625 1.57031 2.57031 1.57812 2.57812 1.58594 2.58594 1.59375 2.59375 1.60156 2.60156 1.60938 2.60938 1.61719 2.61719 ]
[GRF_A][2][ 1.625 2.625 1.63281 2.63281 1.64062 2.64062 1.64844 2.64844 1.65625 2.65625 1.66406 2.66406 1.67188 2.67188 1.67969 2.67969 ]
[GRF_A][3][ 1.6875 2.6875 1.69531 2.69531 1.70312 2.70312 1.71094 2.71094 1.71875 2.71875 1.72656 2.72656 1.73438 2.73438 1.74219 2.74219 ]
[GRF_A][4][ 1.75 2.75 1.75781 2.75781 1.76562 2.76562 1.77344 2.77344 1.78125 2.78125 1.78906 2.78906 1.79688 2.79688 1.80469 2.80469 ]
[GRF_A][5][ 1.8125 2.8125 1.82031 2.82031 1.82812 2.82812 1.83594 2.83594 1.84375 2.84375 1.85156 2.85156 1.85938 2.85938 1.86719 2.86719 ]
[GRF_A][6][ 1.875 2.875 1.88281 2.88281 1.89062 2.89062 1.89844 2.89844 1.90625 2.90625 1.91406 2.91406 1.92188 2.92188 1.92969 2.92969 ]
[GRF_A][7][ 1.9375 2.9375 1.94531 2.94531 1.95312 2.95312 1.96094 2.96094 1.96875 2.96875 1.97656 2.97656 1.98438 2.98438 1.99219 2.99219 ]
[GRF_B][0][ 12.3438 0 0 0 0 0 0 0 0 0 0 0 0 0 0 0 ]
[GRF_B][1][ 0 6.5625 0 0 0 0 0 0 0 0 0 0 0 0 0 0 ]
[GRF_B][2][ 0 0 3.53711 0 0 0 0 0 0 0 0 0 0 0 0 0 ]
[GRF_B][3][ 0 0 0 7.39844 0 0 0 0 0 0 0 0 0 0 0 0 ]
[GRF_B][4][ 0 0 0 0 4.79297 0 0 0 0 0 0 0 0 0 0 0 ]
[GRF_B][5][ 0 0 0 0 0 9.66406 0 0 0 0 0 0 0 0 0 0 ]
[GRF_B][6][ 0 0 0 0 0 0 6.0625 0 0 0 0 0 0 0 0 0 ]
[GRF_B][7][ 0 0 0 0 0 0 0 11.9375 0 0 0 0 0 0 0 0 ]
[M_OUT][0000000000000000000000000000000000000000000000000000000000000000000000000000000000000000000000000000000000000000000000000000000000000000000000000000000000000000000000000000000000000000000000000000000000000000000000000000000000000000000000000000000000000000]
[A_OUT][0000000000000000000000000000000000000000000000000000000000000000000000000000000000000000000000000000000000000000000000000000000000000000000000000000000000000000000000000000000000000000000000000000000000000000000000000000000000000000000000000000000000000000]

----------
READ ch0 ra0 bg0 b1 r0 c9|| [2] MAC GRF_B[0], GRF_A[0], ODD_BANK, auto @ 3736
[BANK_R][ 0 0.625 0 0 0 0 0 0 0 0 0 0 0 0 0 0 ]
[CMD]00111011000110001000000000000000(MAC GRF_B[0], GRF_A[0], ODD_BANK, auto)
[SRF][0000000000000000000000000000000000000000000000000000000000000000000000000000000000000000000000000000000000000000000000000000000000000000000000000000000000000000000000000000000000000000000000000000000000000000000000000000000000000000000000000000000000000000]
[GRF_A][0][ 1.5 2.5 1.50781 2.50781 1.51562 2.51562 1.52344 2.52344 1.53125 2.53125 1.53906 2.53906 1.54688 2.54688 1.55469 2.55469 ]
[GRF_A][1][ 1.5625 2.5625 1.57031 2.57031 1.57812 2.57812 1.58594 2.58594 1.59375 2.59375 1.60156 2.60156 1.60938 2.60938 1.61719 2.61719 ]
[GRF_A][2][ 1.625 2.625 1.63281 2.63281 1.64062 2.64062 1.64844 2.64844 1.65625 2.65625 1.66406 2.66406 1.67188 2.67188 1.67969 2.67969 ]
[GRF_A][3][ 1.6875 2.6875 1.69531 2.69531 1.70312 2.70312 1.71094 2.71094 1.71875 2.71875 1.72656 2.72656 1.73438 2.73438 1.74219 2.74219 ]
[GRF_A][4][ 1.75 2.75 1.75781 2.75781 1.76562 2.76562 1.77344 2.77344 1.78125 2.78125 1.78906 2.78906 1.79688 2.79688 1.80469 2.80469 ]
[GRF_A][5][ 1.8125 2.8125 1.82031 2.82031 1.82812 2.82812 1.83594 2.83594 1.84375 2.84375 1.85156 2.85156 1.85938 2.85938 1.86719 2.86719 ]
[GRF_A][6][ 1.875 2.875 1.88281 2.88281 1.89062 2.89062 1.89844 2.89844 1.90625 2.90625 1.91406 2.91406 1.92188 2.92188 1.92969 2.92969 ]
[GRF_A][7][ 1.9375 2.9375 1.94531 2.94531 1.95312 2.95312 1.96094 2.96094 1.96875 2.96875 1.97656 2.97656 1.98438 2.98438 1.99219 2.99219 ]
[GRF_B][0][ 12.3438 0 0 0 0 0 0 0 0 0 0 0 0 0 0 0 ]
[GRF_B][1][ 0 8.16406 0 0 0 0 0 0 0 0 0 0 0 0 0 0 ]
[GRF_B][2][ 0 0 3.53711 0 0 0 0 0 0 0 0 0 0 0 0 0 ]
[GRF_B][3][ 0 0 0 7.39844 0 0 0 0 0 0 0 0 0 0 0 0 ]
[GRF_B][4][ 0 0 0 0 4.79297 0 0 0 0 0 0 0 0 0 0 0 ]
[GRF_B][5][ 0 0 0 0 0 9.66406 0 0 0 0 0 0 0 0 0 0 ]
[GRF_B][6][ 0 0 0 0 0 0 6.0625 0 0 0 0 0 0 0 0 0 ]
[GRF_B][7][ 0 0 0 0 0 0 0 11.9375 0 0 0 0 0 0 0 0 ]
[M_OUT][0000000000000000000000000000000000000000000000000000000000000000000000000000000000000000000000000000000000000000000000000000000000000000000000000000000000000000000000000000000000000000000000000000000000000000000000000000000000000000000000000000000000000000]
[A_OUT][0000000000000000000000000000000000000000000000000000000000000000000000000000000000000000000000000000000000000000000000000000000000000000000000000000000000000000000000000000000000000000000000000000000000000000000000000000000000000000000000000000000000000000]

----------
READ ch0 ra0 bg0 b1 r0 c10|| [2] MAC GRF_B[0], GRF_A[0], ODD_BANK, auto @ 3740
[BANK_R][ 0 0.6875 0 0 0 0 0 0 0 0 0 0 0 0 0 0 ]
[CMD]00111011000110001000000000000000(MAC GRF_B[0], GRF_A[0], ODD_BANK, auto)
[SRF][0000000000000000000000000000000000000000000000000000000000000000000000000000000000000000000000000000000000000000000000000000000000000000000000000000000000000000000000000000000000000000000000000000000000000000000000000000000000000000000000000000000000000000]
[GRF_A][0][ 1.5 2.5 1.50781 2.50781 1.51562 2.51562 1.52344 2.52344 1.53125 2.53125 1.53906 2.53906 1.54688 2.54688 1.55469 2.55469 ]
[GRF_A][1][ 1.5625 2.5625 1.57031 2.57031 1.57812 2.57812 1.58594 2.58594 1.59375 2.59375 1.60156 2.60156 1.60938 2.60938 1.61719 2.61719 ]
[GRF_A][2][ 1.625 2.625 1.63281 2.63281 1.64062 2.64062 1.64844 2.64844 1.65625 2.65625 1.66406 2.66406 1.67188 2.67188 1.67969 2.67969 ]
[GRF_A][3][ 1.6875 2.6875 1.69531 2.69531 1.70312 2.70312 1.71094 2.71094 1.71875 2.71875 1.72656 2.72656 1.73438 2.73438 1.74219 2.74219 ]
[GRF_A][4][ 1.75 2.75 1.75781 2.75781 1.76562 2.76562 1.77344 2.77344 1.78125 2.78125 1.78906 2.78906 1.79688 2.79688 1.80469 2.80469 ]
[GRF_A][5][ 1.8125 2.8125 1.82031 2.82031 1.82812 2.82812 1.83594 2.83594 1.84375 2.84375 1.85156 2.85156 1.85938 2.85938 1.86719 2.86719 ]
[GRF_A][6][ 1.875 2.875 1.88281 2.88281 1.89062 2.89062 1.89844 2.89844 1.90625 2.90625 1.91406 2.91406 1.92188 2.92188 1.92969 2.92969 ]
[GRF_A][7][ 1.9375 2.9375 1.94531 2.94531 1.95312 2.95312 1.96094 2.96094 1.96875 2.96875 1.97656 2.97656 1.98438 2.98438 1.99219 2.99219 ]
[GRF_B][0][ 12.3438 0 0 0 0 0 0 0 0 0 0 0 0 0 0 0 ]
[GRF_B][1][ 0 9.96875 0 0 0 0 0 0 0 0 0 0 0 0 0 0 ]
[GRF_B][2][ 0 0 3.53711 0 0 0 0 0 0 0 0 0 0 0 0 0 ]
[GRF_B][3][ 0 0 0 7.39844 0 0 0 0 0 0 0 0 0 0 0 0 ]
[GRF_B][4][ 0 0 0 0 4.79297 0 0 0 0 0 0 0 0 0 0 0 ]
[GRF_B][5][ 0 0 0 0 0 9.66406 0 0 0 0 0 0 0 0 0 0 ]
[GRF_B][6][ 0 0 0 0 0 0 6.0625 0 0 0 0 0 0 0 0 0 ]
[GRF_B][7][ 0 0 0 0 0 0 0 11.9375 0 0 0 0 0 0 0 0 ]
[M_OUT][0000000000000000000000000000000000000000000000000000000000000000000000000000000000000000000000000000000000000000000000000000000000000000000000000000000000000000000000000000000000000000000000000000000000000000000000000000000000000000000000000000000000000000]
[A_OUT][0000000000000000000000000000000000000000000000000000000000000000000000000000000000000000000000000000000000000000000000000000000000000000000000000000000000000000000000000000000000000000000000000000000000000000000000000000000000000000000000000000000000000000]

----------
READ ch0 ra0 bg0 b1 r0 c11|| [2] MAC GRF_B[0], GRF_A[0], ODD_BANK, auto @ 3744
[BANK_R][ 0 0.75 0 0 0 0 0 0 0 0 0 0 0 0 0 0 ]
[CMD]00111011000110001000000000000000(MAC GRF_B[0], GRF_A[0], ODD_BANK, auto)
[SRF][0000000000000000000000000000000000000000000000000000000000000000000000000000000000000000000000000000000000000000000000000000000000000000000000000000000000000000000000000000000000000000000000000000000000000000000000000000000000000000000000000000000000000000]
[GRF_A][0][ 1.5 2.5 1.50781 2.50781 1.51562 2.51562 1.52344 2.52344 1.53125 2.53125 1.53906 2.53906 1.54688 2.54688 1.55469 2.55469 ]
[GRF_A][1][ 1.5625 2.5625 1.57031 2.57031 1.57812 2.57812 1.58594 2.58594 1.59375 2.59375 1.60156 2.60156 1.60938 2.60938 1.61719 2.61719 ]
[GRF_A][2][ 1.625 2.625 1.63281 2.63281 1.64062 2.64062 1.64844 2.64844 1.65625 2.65625 1.66406 2.66406 1.67188 2.67188 1.67969 2.67969 ]
[GRF_A][3][ 1.6875 2.6875 1.69531 2.69531 1.70312 2.70312 1.71094 2.71094 1.71875 2.71875 1.72656 2.72656 1.73438 2.73438 1.74219 2.74219 ]
[GRF_A][4][ 1.75 2.75 1.75781 2.75781 1.76562 2.76562 1.77344 2.77344 1.78125 2.78125 1.78906 2.78906 1.79688 2.79688 1.80469 2.80469 ]
[GRF_A][5][ 1.8125 2.8125 1.82031 2.82031 1.82812 2.82812 1.83594 2.83594 1.84375 2.84375 1.85156 2.85156 1.85938 2.85938 1.86719 2.86719 ]
[GRF_A][6][ 1.875 2.875 1.88281 2.88281 1.89062 2.89062 1.89844 2.89844 1.90625 2.90625 1.91406 2.91406 1.92188 2.92188 1.92969 2.92969 ]
[GRF_A][7][ 1.9375 2.9375 1.94531 2.94531 1.95312 2.95312 1.96094 2.96094 1.96875 2.96875 1.97656 2.97656 1.98438 2.98438 1.99219 2.99219 ]
[GRF_B][0][ 12.3438 0 0 0 0 0 0 0 0 0 0 0 0 0 0 0 ]
[GRF_B][1][ 0 11.9844 0 0 0 0 0 0 0 0 0 0 0 0 0 0 ]
[GRF_B][2][ 0 0 3.53711 0 0 0 0 0 0 0 0 0 0 0 0 0 ]
[GRF_B][3][ 0 0 0 7.39844 0 0 0 0 0 0 0 0 0 0 0 0 ]
[GRF_B][4][ 0 0 0 0 4.79297 0 0 0 0 0 0 0 0 0 0 0 ]
[GRF_B][5][ 0 0 0 0 0 9.66406 0 0 0 0 0 0 0 0 0 0 ]
[GRF_B][6][ 0 0 0 0 0 0 6.0625 0 0 0 0 0 0 0 0 0 ]
[GRF_B][7][ 0 0 0 0 0 0 0 11.9375 0 0 0 0 0 0 0 0 ]
[M_OUT][0000000000000000000000000000000000000000000000000000000000000000000000000000000000000000000000000000000000000000000000000000000000000000000000000000000000000000000000000000000000000000000000000000000000000000000000000000000000000000000000000000000000000000]
[A_OUT][0000000000000000000000000000000000000000000000000000000000000000000000000000000000000000000000000000000000000000000000000000000000000000000000000000000000000000000000000000000000000000000000000000000000000000000000000000000000000000000000000000000000000000]

----------
READ ch0 ra0 bg0 b1 r0 c12|| [2] MAC GRF_B[0], GRF_A[0], ODD_BANK, auto @ 3748
[BANK_R][ 0 0.8125 0 0 0 0 0 0 0 0 0 0 0 0 0 0 ]
[CMD]00111011000110001000000000000000(MAC GRF_B[0], GRF_A[0], ODD_BANK, auto)
[SRF][0000000000000000000000000000000000000000000000000000000000000000000000000000000000000000000000000000000000000000000000000000000000000000000000000000000000000000000000000000000000000000000000000000000000000000000000000000000000000000000000000000000000000000]
[GRF_A][0][ 1.5 2.5 1.50781 2.50781 1.51562 2.51562 1.52344 2.52344 1.53125 2.53125 1.53906 2.53906 1.54688 2.54688 1.55469 2.55469 ]
[GRF_A][1][ 1.5625 2.5625 1.57031 2.57031 1.57812 2.57812 1.58594 2.58594 1.59375 2.59375 1.60156 2.60156 1.60938 2.60938 1.61719 2.61719 ]
[GRF_A][2][ 1.625 2.625 1.63281 2.63281 1.64062 2.64062 1.64844 2.64844 1.65625 2.65625 1.66406 2.66406 1.67188 2.67188 1.67969 2.67969 ]
[GRF_A][3][ 1.6875 2.6875 1.69531 2.69531 1.70312 2.70312 1.71094 2.71094 1.71875 2.71875 1.72656 2.72656 1.73438 2.73438 1.74219 2.74219 ]
[GRF_A][4][ 1.75 2.75 1.75781 2.75781 1.76562 2.76562 1.77344 2.77344 1.78125 2.78125 1.78906 2.78906 1.79688 2.79688 1.80469 2.80469 ]
[GRF_A][5][ 1.8125 2.8125 1.82031 2.82031 1.82812 2.82812 1.83594 2.83594 1.84375 2.84375 1.85156 2.85156 1.85938 2.85938 1.86719 2.86719 ]
[GRF_A][6][ 1.875 2.875 1.88281 2.88281 1.89062 2.89062 1.89844 2.89844 1.90625 2.90625 1.91406 2.91406 1.92188 2.92188 1.92969 2.92969 ]
[GRF_A][7][ 1.9375 2.9375 1.94531 2.94531 1.95312 2.95312 1.96094 2.96094 1.96875 2.96875 1.97656 2.97656 1.98438 2.98438 1.99219 2.99219 ]
[GRF_B][0][ 12.3438 0 0 0 0 0 0 0 0 0 0 0 0 0 0 0 ]
[GRF_B][1][ 0 14.2188 0 0 0 0 0 0 0 0 0 0 0 0 0 0 ]
[GRF_B][2][ 0 0 3.53711 0 0 0 0 0 0 0 0 0 0 0 0 0 ]
[GRF_B][3][ 0 0 0 7.39844 0 0 0 0 0 0 0 0 0 0 0 0 ]
[GRF_B][4][ 0 0 0 0 4.79297 0 0 0 0 0 0 0 0 0 0 0 ]
[GRF_B][5][ 0 0 0 0 0 9.66406 0 0 0 0 0 0 0 0 0 0 ]
[GRF_B][6][ 0 0 0 0 0 0 6.0625 0 0 0 0 0 0 0 0 0 ]
[GRF_B][7][ 0 0 0 0 0 0 0 11.9375 0 0 0 0 0 0 0 0 ]
[M_OUT][0000000000000000000000000000000000000000000000000000000000000000000000000000000000000000000000000000000000000000000000000000000000000000000000000000000000000000000000000000000000000000000000000000000000000000000000000000000000000000000000000000000000000000]
[A_OUT][0000000000000000000000000000000000000000000000000000000000000000000000000000000000000000000000000000000000000000000000000000000000000000000000000000000000000000000000000000000000000000000000000000000000000000000000000000000000000000000000000000000000000000]

----------
READ ch0 ra0 bg0 b1 r0 c13|| [2] MAC GRF_B[0], GRF_A[0], ODD_BANK, auto @ 3752
[BANK_R][ 0 0.875 0 0 0 0 0 0 0 0 0 0 0 0 0 0 ]
[CMD]00111011000110001000000000000000(MAC GRF_B[0], GRF_A[0], ODD_BANK, auto)
[SRF][0000000000000000000000000000000000000000000000000000000000000000000000000000000000000000000000000000000000000000000000000000000000000000000000000000000000000000000000000000000000000000000000000000000000000000000000000000000000000000000000000000000000000000]
[GRF_A][0][ 1.5 2.5 1.50781 2.50781 1.51562 2.51562 1.52344 2.52344 1.53125 2.53125 1.53906 2.53906 1.54688 2.54688 1.55469 2.55469 ]
[GRF_A][1][ 1.5625 2.5625 1.57031 2.57031 1.57812 2.57812 1.58594 2.58594 1.59375 2.59375 1.60156 2.60156 1.60938 2.60938 1.61719 2.61719 ]
[GRF_A][2][ 1.625 2.625 1.63281 2.63281 1.64062 2.64062 1.64844 2.64844 1.65625 2.65625 1.66406 2.66406 1.67188 2.67188 1.67969 2.67969 ]
[GRF_A][3][ 1.6875 2.6875 1.69531 2.69531 1.70312 2.70312 1.71094 2.71094 1.71875 2.71875 1.72656 2.72656 1.73438 2.73438 1.74219 2.74219 ]
[GRF_A][4][ 1.75 2.75 1.75781 2.75781 1.76562 2.76562 1.77344 2.77344 1.78125 2.78125 1.78906 2.78906 1.79688 2.79688 1.80469 2.80469 ]
[GRF_A][5][ 1.8125 2.8125 1.82031 2.82031 1.82812 2.82812 1.83594 2.83594 1.84375 2.84375 1.85156 2.85156 1.85938 2.85938 1.86719 2.86719 ]
[GRF_A][6][ 1.875 2.875 1.88281 2.88281 1.89062 2.89062 1.89844 2.89844 1.90625 2.90625 1.91406 2.91406 1.92188 2.92188 1.92969 2.92969 ]
[GRF_A][7][ 1.9375 2.9375 1.94531 2.94531 1.95312 2.95312 1.96094 2.96094 1.96875 2.96875 1.97656 2.97656 1.98438 2.98438 1.99219 2.99219 ]
[GRF_B][0][ 12.3438 0 0 0 0 0 0 0 0 0 0 0 0 0 0 0 ]
[GRF_B][1][ 0 16.6875 0 0 0 0 0 0 0 0 0 0 0 0 0 0 ]
[GRF_B][2][ 0 0 3.53711 0 0 0 0 0 0 0 0 0 0 0 0 0 ]
[GRF_B][3][ 0 0 0 7.39844 0 0 0 0 0 0 0 0 0 0 0 0 ]
[GRF_B][4][ 0 0 0 0 4.79297 0 0 0 0 0 0 0 0 0 0 0 ]
[GRF_B][5][ 0 0 0 0 0 9.66406 0 0 0 0 0 0 0 0 0 0 ]
[GRF_B][6][ 0 0 0 0 0 0 6.0625 0 0 0 0 0 0 0 0 0 ]
[GRF_B][7][ 0 0 0 0 0 0 0 11.9375 0 0 0 0 0 0 0 0 ]
[M_OUT][0000000000000000000000000000000000000000000000000000000000000000000000000000000000000000000000000000000000000000000000000000000000000000000000000000000000000000000000000000000000000000000000000000000000000000000000000000000000000000000000000000000000000000]
[A_OUT][0000000000000000000000000000000000000000000000000000000000000000000000000000000000000000000000000000000000000000000000000000000000000000000000000000000000000000000000000000000000000000000000000000000000000000000000000000000000000000000000000000000000000000]

----------
READ ch0 ra0 bg0 b1 r0 c14|| [2] MAC GRF_B[0], GRF_A[0], ODD_BANK, auto @ 3756
[BANK_R][ 0 0.9375 0 0 0 0 0 0 0 0 0 0 0 0 0 0 ]
[CMD]00111011000110001000000000000000(MAC GRF_B[0], GRF_A[0], ODD_BANK, auto)
[SRF][0000000000000000000000000000000000000000000000000000000000000000000000000000000000000000000000000000000000000000000000000000000000000000000000000000000000000000000000000000000000000000000000000000000000000000000000000000000000000000000000000000000000000000]
[GRF_A][0][ 1.5 2.5 1.50781 2.50781 1.51562 2.51562 1.52344 2.52344 1.53125 2.53125 1.53906 2.53906 1.54688 2.54688 1.55469 2.55469 ]
[GRF_A][1][ 1.5625 2.5625 1.57031 2.57031 1.57812 2.57812 1.58594 2.58594 1.59375 2.59375 1.60156 2.60156 1.60938 2.60938 1.61719 2.61719 ]
[GRF_A][2][ 1.625 2.625 1.63281 2.63281 1.64062 2.64062 1.64844 2.64844 1.65625 2.65625 1.66406 2.66406 1.67188 2.67188 1.67969 2.67969 ]
[GRF_A][3][ 1.6875 2.6875 1.69531 2.69531 1.70312 2.70312 1.71094 2.71094 1.71875 2.71875 1.72656 2.72656 1.73438 2.73438 1.74219 2.74219 ]
[GRF_A][4][ 1.75 2.75 1.75781 2.75781 1.76562 2.76562 1.77344 2.77344 1.78125 2.78125 1.78906 2.78906 1.79688 2.79688 1.80469 2.80469 ]
[GRF_A][5][ 1.8125 2.8125 1.82031 2.82031 1.82812 2.82812 1.83594 2.83594 1.84375 2.84375 1.85156 2.85156 1.85938 2.85938 1.86719 2.86719 ]
[GRF_A][6][ 1.875 2.875 1.88281 2.88281 1.89062 2.89062 1.89844 2.89844 1.90625 2.90625 1.91406 2.91406 1.92188 2.92188 1.92969 2.92969 ]
[GRF_A][7][ 1.9375 2.9375 1.94531 2.94531 1.95312 2.95312 1.96094 2.96094 1.96875 2.96875 1.97656 2.97656 1.98438 2.98438 1.99219 2.99219 ]
[GRF_B][0][ 12.3438 0 0 0 0 0 0 0 0 0 0 0 0 0 0 0 ]
[GRF_B][1][ 0 19.375 0 0 0 0 0 0 0 0 0 0 0 0 0 0 ]
[GRF_B][2][ 0 0 3.53711 0 0 0 0 0 0 0 0 0 0 0 0 0 ]
[GRF_B][3][ 0 0 0 7.39844 0 0 0 0 0 0 0 0 0 0 0 0 ]
[GRF_B][4][ 0 0 0 0 4.79297 0 0 0 0 0 0 0 0 0 0 0 ]
[GRF_B][5][ 0 0 0 0 0 9.66406 0 0 0 0 0 0 0 0 0 0 ]
[GRF_B][6][ 0 0 0 0 0 0 6.0625 0 0 0 0 0 0 0 0 0 ]
[GRF_B][7][ 0 0 0 0 0 0 0 11.9375 0 0 0 0 0 0 0 0 ]
[M_OUT][0000000000000000000000000000000000000000000000000000000000000000000000000000000000000000000000000000000000000000000000000000000000000000000000000000000000000000000000000000000000000000000000000000000000000000000000000000000000000000000000000000000000000000]
[A_OUT][0000000000000000000000000000000000000000000000000000000000000000000000000000000000000000000000000000000000000000000000000000000000000000000000000000000000000000000000000000000000000000000000000000000000000000000000000000000000000000000000000000000000000000]

----------
READ ch0 ra0 bg0 b1 r0 c15|| [2] MAC GRF_B[0], GRF_A[0], ODD_BANK, auto @ 3760
[BANK_R][ 0 1 0 0 0 0 0 0 0 0 0 0 0 0 0 0 ]
[CMD]00111011000110001000000000000000(MAC GRF_B[0], GRF_A[0], ODD_BANK, auto)
[SRF][0000000000000000000000000000000000000000000000000000000000000000000000000000000000000000000000000000000000000000000000000000000000000000000000000000000000000000000000000000000000000000000000000000000000000000000000000000000000000000000000000000000000000000]
[GRF_A][0][ 1.5 2.5 1.50781 2.50781 1.51562 2.51562 1.52344 2.52344 1.53125 2.53125 1.53906 2.53906 1.54688 2.54688 1.55469 2.55469 ]
[GRF_A][1][ 1.5625 2.5625 1.57031 2.57031 1.57812 2.57812 1.58594 2.58594 1.59375 2.59375 1.60156 2.60156 1.60938 2.60938 1.61719 2.61719 ]
[GRF_A][2][ 1.625 2.625 1.63281 2.63281 1.64062 2.64062 1.64844 2.64844 1.65625 2.65625 1.66406 2.66406 1.67188 2.67188 1.67969 2.67969 ]
[GRF_A][3][ 1.6875 2.6875 1.69531 2.69531 1.70312 2.70312 1.71094 2.71094 1.71875 2.71875 1.72656 2.72656 1.73438 2.73438 1.74219 2.74219 ]
[GRF_A][4][ 1.75 2.75 1.75781 2.75781 1.76562 2.76562 1.77344 2.77344 1.78125 2.78125 1.78906 2.78906 1.79688 2.79688 1.80469 2.80469 ]
[GRF_A][5][ 1.8125 2.8125 1.82031 2.82031 1.82812 2.82812 1.83594 2.83594 1.84375 2.84375 1.85156 2.85156 1.85938 2.85938 1.86719 2.86719 ]
[GRF_A][6][ 1.875 2.875 1.88281 2.88281 1.89062 2.89062 1.89844 2.89844 1.90625 2.90625 1.91406 2.91406 1.92188 2.92188 1.92969 2.92969 ]
[GRF_A][7][ 1.9375 2.9375 1.94531 2.94531 1.95312 2.95312 1.96094 2.96094 1.96875 2.96875 1.97656 2.97656 1.98438 2.98438 1.99219 2.99219 ]
[GRF_B][0][ 12.3438 0 0 0 0 0 0 0 0 0 0 0 0 0 0 0 ]
[GRF_B][1][ 0 22.3125 0 0 0 0 0 0 0 0 0 0 0 0 0 0 ]
[GRF_B][2][ 0 0 3.53711 0 0 0 0 0 0 0 0 0 0 0 0 0 ]
[GRF_B][3][ 0 0 0 7.39844 0 0 0 0 0 0 0 0 0 0 0 0 ]
[GRF_B][4][ 0 0 0 0 4.79297 0 0 0 0 0 0 0 0 0 0 0 ]
[GRF_B][5][ 0 0 0 0 0 9.66406 0 0 0 0 0 0 0 0 0 0 ]
[GRF_B][6][ 0 0 0 0 0 0 6.0625 0 0 0 0 0 0 0 0 0 ]
[GRF_B][7][ 0 0 0 0 0 0 0 11.9375 0 0 0 0 0 0 0 0 ]
[M_OUT][0000000000000000000000000000000000000000000000000000000000000000000000000000000000000000000000000000000000000000000000000000000000000000000000000000000000000000000000000000000000000000000000000000000000000000000000000000000000000000000000000000000000000000]
[A_OUT][0000000000000000000000000000000000000000000000000000000000000000000000000000000000000000000000000000000000000000000000000000000000000000000000000000000000000000000000000000000000000000000000000000000000000000000000000000000000000000000000000000000000000000]

----------
READ ch0 ra0 bg0 b1 r0 c16|| [3] JUMP 7x [PC - 2] @ 3764
READ ch0 ra0 bg0 b1 r0 c16|| [2] MAC GRF_B[0], GRF_A[0], ODD_BANK, auto @ 3764
[BANK_R][ 0 0 0.625 0 0 0 0 0 0 0 0 0 0 0 0 0 ]
[CMD]00111011000110001000000000000000(MAC GRF_B[0], GRF_A[0], ODD_BANK, auto)
[SRF][0000000000000000000000000000000000000000000000000000000000000000000000000000000000000000000000000000000000000000000000000000000000000000000000000000000000000000000000000000000000000000000000000000000000000000000000000000000000000000000000000000000000000000]
[GRF_A][0][ 1.5 2.5 1.50781 2.50781 1.51562 2.51562 1.52344 2.52344 1.53125 2.53125 1.53906 2.53906 1.54688 2.54688 1.55469 2.55469 ]
[GRF_A][1][ 1.5625 2.5625 1.57031 2.57031 1.57812 2.57812 1.58594 2.58594 1.59375 2.59375 1.60156 2.60156 1.60938 2.60938 1.61719 2.61719 ]
[GRF_A][2][ 1.625 2.625 1.63281 2.63281 1.64062 2.64062 1.64844 2.64844 1.65625 2.65625 1.66406 2.66406 1.67188 2.67188 1.67969 2.67969 ]
[GRF_A][3][ 1.6875 2.6875 1.69531 2.69531 1.70312 2.70312 1.71094 2.71094 1.71875 2.71875 1.72656 2.72656 1.73438 2.73438 1.74219 2.74219 ]
[GRF_A][4][ 1.75 2.75 1.75781 2.75781 1.76562 2.76562 1.77344 2.77344 1.78125 2.78125 1.78906 2.78906 1.79688 2.79688 1.80469 2.80469 ]
[GRF_A][5][ 1.8125 2.8125 1.82031 2.82031 1.82812 2.82812 1.83594 2.83594 1.84375 2.84375 1.85156 2.85156 1.85938 2.85938 1.86719 2.86719 ]
[GRF_A][6][ 1.875 2.875 1.88281 2.88281 1.89062 2.89062 1.89844 2.89844 1.90625 2.90625 1.91406 2.91406 1.92188 2.92188 1.92969 2.92969 ]
[GRF_A][7][ 1.9375 2.9375 1.94531 2.94531 1.95312 2.95312 1.96094 2.96094 1.96875 2.96875 1.97656 2.97656 1.98438 2.98438 1.99219 2.99219 ]
[GRF_B][0][ 12.3438 0 0 0 0 0 0 0 0 0 0 0 0 0 0 0 ]
[GRF_B][1][ 0 22.3125 0 0 0 0 0 0 0 0 0 0 0 0 0 0 ]
[GRF_B][2][ 0 0 4.48047 0 0 0 0 0 0 0 0 0 0 0 0 0 ]
[GRF_B][3][ 0 0 0 7.39844 0 0 0 0 0 0 0 0 0 0 0 0 ]
[GRF_B][4][ 0 0 0 0 4.79297 0 0 0 0 0 0 0 0 0 0 0 ]
[GRF_B][5][ 0 0 0 0 0 9.66406 0 0 0 0 0 0 0 0 0 0 ]
[GRF_B][6][ 0 0 0 0 0 0 6.0625 0 0 0 0 0 0 0 0 0 ]
[GRF_B][7][ 0 0 0 0 0 0 0 11.9375 0 0 0 0 0 0 0 0 ]
[M_OUT][0000000000000000000000000000000000000000000000000000000000000000000000000000000000000000000000000000000000000000000000000000000000000000000000000000000000000000000000000000000000000000000000000000000000000000000000000000000000000000000000000000000000000000]
[A_OUT][0000000000000000000000000000000000000000000000000000000000000000000000000000000000000000000000000000000000000000000000000000000000000000000000000000000000000000000000000000000000000000000000000000000000000000000000000000000000000000000000000000000000000000]

----------
READ ch0 ra0 bg0 b1 r0 c17|| [2] MAC GRF_B[0], GRF_A[0], ODD_BANK, auto @ 3768
[BANK_R][ 0 0 0.6875 0 0 0 0 0 0 0 0 0 0 0 0 0 ]
[CMD]00111011000110001000000000000000(MAC GRF_B[0], GRF_A[0], ODD_BANK, auto)
[SRF][0000000000000000000000000000000000000000000000000000000000000000000000000000000000000000000000000000000000000000000000000000000000000000000000000000000000000000000000000000000000000000000000000000000000000000000000000000000000000000000000000000000000000000]
[GRF_A][0][ 1.5 2.5 1.50781 2.50781 1.51562 2.51562 1.52344 2.52344 1.53125 2.53125 1.53906 2.53906 1.54688 2.54688 1.55469 2.55469 ]
[GRF_A][1][ 1.5625 2.5625 1.57031 2.57031 1.57812 2.57812 1.58594 2.58594 1.59375 2.59375 1.60156 2.60156 1.60938 2.60938 1.61719 2.61719 ]
[GRF_A][2][ 1.625 2.625 1.63281 2.63281 1.64062 2.64062 1.64844 2.64844 1.65625 2.65625 1.66406 2.66406 1.67188 2.67188 1.67969 2.67969 ]
[GRF_A][3][ 1.6875 2.6875 1.69531 2.69531 1.70312 2.70312 1.71094 2.71094 1.71875 2.71875 1.72656 2.72656 1.73438 2.73438 1.74219 2.74219 ]
[GRF_A][4][ 1.75 2.75 1.75781 2.75781 1.76562 2.76562 1.77344 2.77344 1.78125 2.78125 1.78906 2.78906 1.79688 2.79688 1.80469 2.80469 ]
[GRF_A][5][ 1.8125 2.8125 1.82031 2.82031 1.82812 2.82812 1.83594 2.83594 1.84375 2.84375 1.85156 2.85156 1.85938 2.85938 1.86719 2.86719 ]
[GRF_A][6][ 1.875 2.875 1.88281 2.88281 1.89062 2.89062 1.89844 2.89844 1.90625 2.90625 1.91406 2.91406 1.92188 2.92188 1.92969 2.92969 ]
[GRF_A][7][ 1.9375 2.9375 1.94531 2.94531 1.95312 2.95312 1.96094 2.96094 1.96875 2.96875 1.97656 2.97656 1.98438 2.98438 1.99219 2.99219 ]
[GRF_B][0][ 12.3438 0 0 0 0 0 0 0 0 0 0 0 0 0 0 0 ]
[GRF_B][1][ 0 22.3125 0 0 0 0 0 0 0 0 0 0 0 0 0 0 ]
[GRF_B][2][ 0 0 5.5625 0 0 0 0 0 0 0 0 0 0 0 0 0 ]
[GRF_B][3][ 0 0 0 7.39844 0 0 0 0 0 0 0 0 0 0 0 0 ]
[GRF_B][4][ 0 0 0 0 4.79297 0 0 0 0 0 0 0 0 0 0 0 ]
[GRF_B][5][ 0 0 0 0 0 9.66406 0 0 0 0 0 0 0 0 0 0 ]
[GRF_B][6][ 0 0 0 0 0 0 6.0625 0 0 0 0 0 0 0 0 0 ]
[GRF_B][7][ 0 0 0 0 0 0 0 11.9375 0 0 0 0 0 0 0 0 ]
[M_OUT][0000000000000000000000000000000000000000000000000000000000000000000000000000000000000000000000000000000000000000000000000000000000000000000000000000000000000000000000000000000000000000000000000000000000000000000000000000000000000000000000000000000000000000]
[A_OUT][0000000000000000000000000000000000000000000000000000000000000000000000000000000000000000000000000000000000000000000000000000000000000000000000000000000000000000000000000000000000000000000000000000000000000000000000000000000000000000000000000000000000000000]

----------
READ ch0 ra0 bg0 b1 r0 c18|| [2] MAC GRF_B[0], GRF_A[0], ODD_BANK, auto @ 3772
[BANK_R][ 0 0 0.75 0 0 0 0 0 0 0 0 0 0 0 0 0 ]
[CMD]00111011000110001000000000000000(MAC GRF_B[0], GRF_A[0], ODD_BANK, auto)
[SRF][0000000000000000000000000000000000000000000000000000000000000000000000000000000000000000000000000000000000000000000000000000000000000000000000000000000000000000000000000000000000000000000000000000000000000000000000000000000000000000000000000000000000000000]
[GRF_A][0][ 1.5 2.5 1.50781 2.50781 1.51562 2.51562 1.52344 2.52344 1.53125 2.53125 1.53906 2.53906 1.54688 2.54688 1.55469 2.55469 ]
[GRF_A][1][ 1.5625 2.5625 1.57031 2.57031 1.57812 2.57812 1.58594 2.58594 1.59375 2.59375 1.60156 2.60156 1.60938 2.60938 1.61719 2.61719 ]
[GRF_A][2][ 1.625 2.625 1.63281 2.63281 1.64062 2.64062 1.64844 2.64844 1.65625 2.65625 1.66406 2.66406 1.67188 2.67188 1.67969 2.67969 ]
[GRF_A][3][ 1.6875 2.6875 1.69531 2.69531 1.70312 2.70312 1.71094 2.71094 1.71875 2.71875 1.72656 2.72656 1.73438 2.73438 1.74219 2.74219 ]
[GRF_A][4][ 1.75 2.75 1.75781 2.75781 1.76562 2.76562 1.77344 2.77344 1.78125 2.78125 1.78906 2.78906 1.79688 2.79688 1.80469 2.80469 ]
[GRF_A][5][ 1.8125 2.8125 1.82031 2.82031 1.82812 2.82812 1.83594 2.83594 1.84375 2.84375 1.85156 2.85156 1.85938 2.85938 1.86719 2.86719 ]
[GRF_A][6][ 1.875 2.875 1.88281 2.88281 1.89062 2.89062 1.89844 2.89844 1.90625 2.90625 1.91406 2.91406 1.92188 2.92188 1.92969 2.92969 ]
[GRF_A][7][ 1.9375 2.9375 1.94531 2.94531 1.95312 2.95312 1.96094 2.96094 1.96875 2.96875 1.97656 2.97656 1.98438 2.98438 1.99219 2.99219 ]
[GRF_B][0][ 12.3438 0 0 0 0 0 0 0 0 0 0 0 0 0 0 0 ]
[GRF_B][1][ 0 22.3125 0 0 0 0 0 0 0 0 0 0 0 0 0 0 ]
[GRF_B][2][ 0 0 6.78906 0 0 0 0 0 0 0 0 0 0 0 0 0 ]
[GRF_B][3][ 0 0 0 7.39844 0 0 0 0 0 0 0 0 0 0 0 0 ]
[GRF_B][4][ 0 0 0 0 4.79297 0 0 0 0 0 0 0 0 0 0 0 ]
[GRF_B][5][ 0 0 0 0 0 9.66406 0 0 0 0 0 0 0 0 0 0 ]
[GRF_B][6][ 0 0 0 0 0 0 6.0625 0 0 0 0 0 0 0 0 0 ]
[GRF_B][7][ 0 0 0 0 0 0 0 11.9375 0 0 0 0 0 0 0 0 ]
[M_OUT][0000000000000000000000000000000000000000000000000000000000000000000000000000000000000000000000000000000000000000000000000000000000000000000000000000000000000000000000000000000000000000000000000000000000000000000000000000000000000000000000000000000000000000]
[A_OUT][0000000000000000000000000000000000000000000000000000000000000000000000000000000000000000000000000000000000000000000000000000000000000000000000000000000000000000000000000000000000000000000000000000000000000000000000000000000000000000000000000000000000000000]

----------
READ ch0 ra0 bg0 b1 r0 c19|| [2] MAC GRF_B[0], GRF_A[0], ODD_BANK, auto @ 3776
[BANK_R][ 0 0 0.8125 0 0 0 0 0 0 0 0 0 0 0 0 0 ]
[CMD]00111011000110001000000000000000(MAC GRF_B[0], GRF_A[0], ODD_BANK, auto)
[SRF][0000000000000000000000000000000000000000000000000000000000000000000000000000000000000000000000000000000000000000000000000000000000000000000000000000000000000000000000000000000000000000000000000000000000000000000000000000000000000000000000000000000000000000]
[GRF_A][0][ 1.5 2.5 1.50781 2.50781 1.51562 2.51562 1.52344 2.52344 1.53125 2.53125 1.53906 2.53906 1.54688 2.54688 1.55469 2.55469 ]
[GRF_A][1][ 1.5625 2.5625 1.57031 2.57031 1.57812 2.57812 1.58594 2.58594 1.59375 2.59375 1.60156 2.60156 1.60938 2.60938 1.61719 2.61719 ]
[GRF_A][2][ 1.625 2.625 1.63281 2.63281 1.64062 2.64062 1.64844 2.64844 1.65625 2.65625 1.66406 2.66406 1.67188 2.67188 1.67969 2.67969 ]
[GRF_A][3][ 1.6875 2.6875 1.69531 2.69531 1.70312 2.70312 1.71094 2.71094 1.71875 2.71875 1.72656 2.72656 1.73438 2.73438 1.74219 2.74219 ]
[GRF_A][4][ 1.75 2.75 1.75781 2.75781 1.76562 2.76562 1.77344 2.77344 1.78125 2.78125 1.78906 2.78906 1.79688 2.79688 1.80469 2.80469 ]
[GRF_A][5][ 1.8125 2.8125 1.82031 2.82031 1.82812 2.82812 1.83594 2.83594 1.84375 2.84375 1.85156 2.85156 1.85938 2.85938 1.86719 2.86719 ]
[GRF_A][6][ 1.875 2.875 1.88281 2.88281 1.89062 2.89062 1.89844 2.89844 1.90625 2.90625 1.91406 2.91406 1.92188 2.92188 1.92969 2.92969 ]
[GRF_A][7][ 1.9375 2.9375 1.94531 2.94531 1.95312 2.95312 1.96094 2.96094 1.96875 2.96875 1.97656 2.97656 1.98438 2.98438 1.99219 2.99219 ]
[GRF_B][0][ 12.3438 0 0 0 0 0 0 0 0 0 0 0 0 0 0 0 ]
[GRF_B][1][ 0 22.3125 0 0 0 0 0 0 0 0 0 0 0 0 0 0 ]
[GRF_B][2][ 0 0 8.16406 0 0 0 0 0 0 0 0 0 0 0 0 0 ]
[GRF_B][3][ 0 0 0 7.39844 0 0 0 0 0 0 0 0 0 0 0 0 ]
[GRF_B][4][ 0 0 0 0 4.79297 0 0 0 0 0 0 0 0 0 0 0 ]
[GRF_B][5][ 0 0 0 0 0 9.66406 0 0 0 0 0 0 0 0 0 0 ]
[GRF_B][6][ 0 0 0 0 0 0 6.0625 0 0 0 0 0 0 0 0 0 ]
[GRF_B][7][ 0 0 0 0 0 0 0 11.9375 0 0 0 0 0 0 0 0 ]
[M_OUT][0000000000000000000000000000000000000000000000000000000000000000000000000000000000000000000000000000000000000000000000000000000000000000000000000000000000000000000000000000000000000000000000000000000000000000000000000000000000000000000000000000000000000000]
[A_OUT][0000000000000000000000000000000000000000000000000000000000000000000000000000000000000000000000000000000000000000000000000000000000000000000000000000000000000000000000000000000000000000000000000000000000000000000000000000000000000000000000000000000000000000]

----------
READ ch0 ra0 bg0 b1 r0 c20|| [2] MAC GRF_B[0], GRF_A[0], ODD_BANK, auto @ 3780
[BANK_R][ 0 0 0.875 0 0 0 0 0 0 0 0 0 0 0 0 0 ]
[CMD]00111011000110001000000000000000(MAC GRF_B[0], GRF_A[0], ODD_BANK, auto)
[SRF][0000000000000000000000000000000000000000000000000000000000000000000000000000000000000000000000000000000000000000000000000000000000000000000000000000000000000000000000000000000000000000000000000000000000000000000000000000000000000000000000000000000000000000]
[GRF_A][0][ 1.5 2.5 1.50781 2.50781 1.51562 2.51562 1.52344 2.52344 1.53125 2.53125 1.53906 2.53906 1.54688 2.54688 1.55469 2.55469 ]
[GRF_A][1][ 1.5625 2.5625 1.57031 2.57031 1.57812 2.57812 1.58594 2.58594 1.59375 2.59375 1.60156 2.60156 1.60938 2.60938 1.61719 2.61719 ]
[GRF_A][2][ 1.625 2.625 1.63281 2.63281 1.64062 2.64062 1.64844 2.64844 1.65625 2.65625 1.66406 2.66406 1.67188 2.67188 1.67969 2.67969 ]
[GRF_A][3][ 1.6875 2.6875 1.69531 2.69531 1.70312 2.70312 1.71094 2.71094 1.71875 2.71875 1.72656 2.72656 1.73438 2.73438 1.74219 2.74219 ]
[GRF_A][4][ 1.75 2.75 1.75781 2.75781 1.76562 2.76562 1.77344 2.77344 1.78125 2.78125 1.78906 2.78906 1.79688 2.79688 1.80469 2.80469 ]
[GRF_A][5][ 1.8125 2.8125 1.82031 2.82031 1.82812 2.82812 1.83594 2.83594 1.84375 2.84375 1.85156 2.85156 1.85938 2.85938 1.86719 2.86719 ]
[GRF_A][6][ 1.875 2.875 1.88281 2.88281 1.89062 2.89062 1.89844 2.89844 1.90625 2.90625 1.91406 2.91406 1.92188 2.92188 1.92969 2.92969 ]
[GRF_A][7][ 1.9375 2.9375 1.94531 2.94531 1.95312 2.95312 1.96094 2.96094 1.96875 2.96875 1.97656 2.97656 1.98438 2.98438 1.99219 2.99219 ]
[GRF_B][0][ 12.3438 0 0 0 0 0 0 0 0 0 0 0 0 0 0 0 ]
[GRF_B][1][ 0 22.3125 0 0 0 0 0 0 0 0 0 0 0 0 0 0 ]
[GRF_B][2][ 0 0 9.70312 0 0 0 0 0 0 0 0 0 0 0 0 0 ]
[GRF_B][3][ 0 0 0 7.39844 0 0 0 0 0 0 0 0 0 0 0 0 ]
[GRF_B][4][ 0 0 0 0 4.79297 0 0 0 0 0 0 0 0 0 0 0 ]
[GRF_B][5][ 0 0 0 0 0 9.66406 0 0 0 0 0 0 0 0 0 0 ]
[GRF_B][6][ 0 0 0 0 0 0 6.0625 0 0 0 0 0 0 0 0 0 ]
[GRF_B][7][ 0 0 0 0 0 0 0 11.9375 0 0 0 0 0 0 0 0 ]
[M_OUT][0000000000000000000000000000000000000000000000000000000000000000000000000000000000000000000000000000000000000000000000000000000000000000000000000000000000000000000000000000000000000000000000000000000000000000000000000000000000000000000000000000000000000000]
[A_OUT][0000000000000000000000000000000000000000000000000000000000000000000000000000000000000000000000000000000000000000000000000000000000000000000000000000000000000000000000000000000000000000000000000000000000000000000000000000000000000000000000000000000000000000]

----------
READ ch0 ra0 bg0 b1 r0 c21|| [2] MAC GRF_B[0], GRF_A[0], ODD_BANK, auto @ 3784
[BANK_R][ 0 0 0.9375 0 0 0 0 0 0 0 0 0 0 0 0 0 ]
[CMD]00111011000110001000000000000000(MAC GRF_B[0], GRF_A[0], ODD_BANK, auto)
[SRF][0000000000000000000000000000000000000000000000000000000000000000000000000000000000000000000000000000000000000000000000000000000000000000000000000000000000000000000000000000000000000000000000000000000000000000000000000000000000000000000000000000000000000000]
[GRF_A][0][ 1.5 2.5 1.50781 2.50781 1.51562 2.51562 1.52344 2.52344 1.53125 2.53125 1.53906 2.53906 1.54688 2.54688 1.55469 2.55469 ]
[GRF_A][1][ 1.5625 2.5625 1.57031 2.57031 1.57812 2.57812 1.58594 2.58594 1.59375 2.59375 1.60156 2.60156 1.60938 2.60938 1.61719 2.61719 ]
[GRF_A][2][ 1.625 2.625 1.63281 2.63281 1.64062 2.64062 1.64844 2.64844 1.65625 2.65625 1.66406 2.66406 1.67188 2.67188 1.67969 2.67969 ]
[GRF_A][3][ 1.6875 2.6875 1.69531 2.69531 1.70312 2.70312 1.71094 2.71094 1.71875 2.71875 1.72656 2.72656 1.73438 2.73438 1.74219 2.74219 ]
[GRF_A][4][ 1.75 2.75 1.75781 2.75781 1.76562 2.76562 1.77344 2.77344 1.78125 2.78125 1.78906 2.78906 1.79688 2.79688 1.80469 2.80469 ]
[GRF_A][5][ 1.8125 2.8125 1.82031 2.82031 1.82812 2.82812 1.83594 2.83594 1.84375 2.84375 1.85156 2.85156 1.85938 2.85938 1.86719 2.86719 ]
[GRF_A][6][ 1.875 2.875 1.88281 2.88281 1.89062 2.89062 1.89844 2.89844 1.90625 2.90625 1.91406 2.91406 1.92188 2.92188 1.92969 2.92969 ]
[GRF_A][7][ 1.9375 2.9375 1.94531 2.94531 1.95312 2.95312 1.96094 2.96094 1.96875 2.96875 1.97656 2.97656 1.98438 2.98438 1.99219 2.99219 ]
[GRF_B][0][ 12.3438 0 0 0 0 0 0 0 0 0 0 0 0 0 0 0 ]
[GRF_B][1][ 0 22.3125 0 0 0 0 0 0 0 0 0 0 0 0 0 0 ]
[GRF_B][2][ 0 0 11.4062 0 0 0 0 0 0 0 0 0 0 0 0 0 ]
[GRF_B][3][ 0 0 0 7.39844 0 0 0 0 0 0 0 0 0 0 0 0 ]
[GRF_B][4][ 0 0 0 0 4.79297 0 0 0 0 0 0 0 0 0 0 0 ]
[GRF_B][5][ 0 0 0 0 0 9.66406 0 0 0 0 0 0 0 0 0 0 ]
[GRF_B][6][ 0 0 0 0 0 0 6.0625 0 0 0 0 0 0 0 0 0 ]
[GRF_B][7][ 0 0 0 0 0 0 0 11.9375 0 0 0 0 0 0 0 0 ]
[M_OUT][0000000000000000000000000000000000000000000000000000000000000000000000000000000000000000000000000000000000000000000000000000000000000000000000000000000000000000000000000000000000000000000000000000000000000000000000000000000000000000000000000000000000000000]
[A_OUT][0000000000000000000000000000000000000000000000000000000000000000000000000000000000000000000000000000000000000000000000000000000000000000000000000000000000000000000000000000000000000000000000000000000000000000000000000000000000000000000000000000000000000000]

----------
READ ch0 ra0 bg0 b1 r0 c22|| [2] MAC GRF_B[0], GRF_A[0], ODD_BANK, auto @ 3788
[BANK_R][ 0 0 1 0 0 0 0 0 0 0 0 0 0 0 0 0 ]
[CMD]00111011000110001000000000000000(MAC GRF_B[0], GRF_A[0], ODD_BANK, auto)
[SRF][0000000000000000000000000000000000000000000000000000000000000000000000000000000000000000000000000000000000000000000000000000000000000000000000000000000000000000000000000000000000000000000000000000000000000000000000000000000000000000000000000000000000000000]
[GRF_A][0][ 1.5 2.5 1.50781 2.50781 1.51562 2.51562 1.52344 2.52344 1.53125 2.53125 1.53906 2.53906 1.54688 2.54688 1.55469 2.55469 ]
[GRF_A][1][ 1.5625 2.5625 1.57031 2.57031 1.57812 2.57812 1.58594 2.58594 1.59375 2.59375 1.60156 2.60156 1.60938 2.60938 1.61719 2.61719 ]
[GRF_A][2][ 1.625 2.625 1.63281 2.63281 1.64062 2.64062 1.64844 2.64844 1.65625 2.65625 1.66406 2.66406 1.67188 2.67188 1.67969 2.67969 ]
[GRF_A][3][ 1.6875 2.6875 1.69531 2.69531 1.70312 2.70312 1.71094 2.71094 1.71875 2.71875 1.72656 2.72656 1.73438 2.73438 1.74219 2.74219 ]
[GRF_A][4][ 1.75 2.75 1.75781 2.75781 1.76562 2.76562 1.77344 2.77344 1.78125 2.78125 1.78906 2.78906 1.79688 2.79688 1.80469 2.80469 ]
[GRF_A][5][ 1.8125 2.8125 1.82031 2.82031 1.82812 2.82812 1.83594 2.83594 1.84375 2.84375 1.85156 2.85156 1.85938 2.85938 1.86719 2.86719 ]
[GRF_A][6][ 1.875 2.875 1.88281 2.88281 1.89062 2.89062 1.89844 2.89844 1.90625 2.90625 1.91406 2.91406 1.92188 2.92188 1.92969 2.92969 ]
[GRF_A][7][ 1.9375 2.9375 1.94531 2.94531 1.95312 2.95312 1.96094 2.96094 1.96875 2.96875 1.97656 2.97656 1.98438 2.98438 1.99219 2.99219 ]
[GRF_B][0][ 12.3438 0 0 0 0 0 0 0 0 0 0 0 0 0 0 0 ]
[GRF_B][1][ 0 22.3125 0 0 0 0 0 0 0 0 0 0 0 0 0 0 ]
[GRF_B][2][ 0 0 13.2891 0 0 0 0 0 0 0 0 0 0 0 0 0 ]
[GRF_B][3][ 0 0 0 7.39844 0 0 0 0 0 0 0 0 0 0 0 0 ]
[GRF_B][4][ 0 0 0 0 4.79297 0 0 0 0 0 0 0 0 0 0 0 ]
[GRF_B][5][ 0 0 0 0 0 9.66406 0 0 0 0 0 0 0 0 0 0 ]
[GRF_B][6][ 0 0 0 0 0 0 6.0625 0 0 0 0 0 0 0 0 0 ]
[GRF_B][7][ 0 0 0 0 0 0 0 11.9375 0 0 0 0 0 0 0 0 ]
[M_OUT][0000000000000000000000000000000000000000000000000000000000000000000000000000000000000000000000000000000000000000000000000000000000000000000000000000000000000000000000000000000000000000000000000000000000000000000000000000000000000000000000000000000000000000]
[A_OUT][0000000000000000000000000000000000000000000000000000000000000000000000000000000000000000000000000000000000000000000000000000000000000000000000000000000000000000000000000000000000000000000000000000000000000000000000000000000000000000000000000000000000000000]

----------
READ ch0 ra0 bg0 b1 r0 c23|| [2] MAC GRF_B[0], GRF_A[0], ODD_BANK, auto @ 3792
[BANK_R][ 0 0 1.0625 0 0 0 0 0 0 0 0 0 0 0 0 0 ]
[CMD]00111011000110001000000000000000(MAC GRF_B[0], GRF_A[0], ODD_BANK, auto)
[SRF][0000000000000000000000000000000000000000000000000000000000000000000000000000000000000000000000000000000000000000000000000000000000000000000000000000000000000000000000000000000000000000000000000000000000000000000000000000000000000000000000000000000000000000]
[GRF_A][0][ 1.5 2.5 1.50781 2.50781 1.51562 2.51562 1.52344 2.52344 1.53125 2.53125 1.53906 2.53906 1.54688 2.54688 1.55469 2.55469 ]
[GRF_A][1][ 1.5625 2.5625 1.57031 2.57031 1.57812 2.57812 1.58594 2.58594 1.59375 2.59375 1.60156 2.60156 1.60938 2.60938 1.61719 2.61719 ]
[GRF_A][2][ 1.625 2.625 1.63281 2.63281 1.64062 2.64062 1.64844 2.64844 1.65625 2.65625 1.66406 2.66406 1.67188 2.67188 1.67969 2.67969 ]
[GRF_A][3][ 1.6875 2.6875 1.69531 2.69531 1.70312 2.70312 1.71094 2.71094 1.71875 2.71875 1.72656 2.72656 1.73438 2.73438 1.74219 2.74219 ]
[GRF_A][4][ 1.75 2.75 1.75781 2.75781 1.76562 2.76562 1.77344 2.77344 1.78125 2.78125 1.78906 2.78906 1.79688 2.79688 1.80469 2.80469 ]
[GRF_A][5][ 1.8125 2.8125 1.82031 2.82031 1.82812 2.82812 1.83594 2.83594 1.84375 2.84375 1.85156 2.85156 1.85938 2.85938 1.86719 2.86719 ]
[GRF_A][6][ 1.875 2.875 1.88281 2.88281 1.89062 2.89062 1.89844 2.89844 1.90625 2.90625 1.91406 2.91406 1.92188 2.92188 1.92969 2.92969 ]
[GRF_A][7][ 1.9375 2.9375 1.94531 2.94531 1.95312 2.95312 1.96094 2.96094 1.96875 2.96875 1.97656 2.97656 1.98438 2.98438 1.99219 2.99219 ]
[GRF_B][0][ 12.3438 0 0 0 0 0 0 0 0 0 0 0 0 0 0 0 ]
[GRF_B][1][ 0 22.3125 0 0 0 0 0 0 0 0 0 0 0 0 0 0 ]
[GRF_B][2][ 0 0 15.3594 0 0 0 0 0 0 0 0 0 0 0 0 0 ]
[GRF_B][3][ 0 0 0 7.39844 0 0 0 0 0 0 0 0 0 0 0 0 ]
[GRF_B][4][ 0 0 0 0 4.79297 0 0 0 0 0 0 0 0 0 0 0 ]
[GRF_B][5][ 0 0 0 0 0 9.66406 0 0 0 0 0 0 0 0 0 0 ]
[GRF_B][6][ 0 0 0 0 0 0 6.0625 0 0 0 0 0 0 0 0 0 ]
[GRF_B][7][ 0 0 0 0 0 0 0 11.9375 0 0 0 0 0 0 0 0 ]
[M_OUT][0000000000000000000000000000000000000000000000000000000000000000000000000000000000000000000000000000000000000000000000000000000000000000000000000000000000000000000000000000000000000000000000000000000000000000000000000000000000000000000000000000000000000000]
[A_OUT][0000000000000000000000000000000000000000000000000000000000000000000000000000000000000000000000000000000000000000000000000000000000000000000000000000000000000000000000000000000000000000000000000000000000000000000000000000000000000000000000000000000000000000]

----------
READ ch0 ra0 bg0 b1 r0 c24|| [3] JUMP 7x [PC - 2] @ 3796
READ ch0 ra0 bg0 b1 r0 c24|| [2] MAC GRF_B[0], GRF_A[0], ODD_BANK, auto @ 3796
[BANK_R][ 0 0 0 0.6875 0 0 0 0 0 0 0 0 0 0 0 0 ]
[CMD]00111011000110001000000000000000(MAC GRF_B[0], GRF_A[0], ODD_BANK, auto)
[SRF][0000000000000000000000000000000000000000000000000000000000000000000000000000000000000000000000000000000000000000000000000000000000000000000000000000000000000000000000000000000000000000000000000000000000000000000000000000000000000000000000000000000000000000]
[GRF_A][0][ 1.5 2.5 1.50781 2.50781 1.51562 2.51562 1.52344 2.52344 1.53125 2.53125 1.53906 2.53906 1.54688 2.54688 1.55469 2.55469 ]
[GRF_A][1][ 1.5625 2.5625 1.57031 2.57031 1.57812 2.57812 1.58594 2.58594 1.59375 2.59375 1.60156 2.60156 1.60938 2.60938 1.61719 2.61719 ]
[GRF_A][2][ 1.625 2.625 1.63281 2.63281 1.64062 2.64062 1.64844 2.64844 1.65625 2.65625 1.66406 2.66406 1.67188 2.67188 1.67969 2.67969 ]
[GRF_A][3][ 1.6875 2.6875 1.69531 2.69531 1.70312 2.70312 1.71094 2.71094 1.71875 2.71875 1.72656 2.72656 1.73438 2.73438 1.74219 2.74219 ]
[GRF_A][4][ 1.75 2.75 1.75781 2.75781 1.76562 2.76562 1.77344 2.77344 1.78125 2.78125 1.78906 2.78906 1.79688 2.79688 1.80469 2.80469 ]
[GRF_A][5][ 1.8125 2.8125 1.82031 2.82031 1.82812 2.82812 1.83594 2.83594 1.84375 2.84375 1.85156 2.85156 1.85938 2.85938 1.86719 2.86719 ]
[GRF_A][6][ 1.875 2.875 1.88281 2.88281 1.89062 2.89062 1.89844 2.89844 1.90625 2.90625 1.91406 2.91406 1.92188 2.92188 1.92969 2.92969 ]
[GRF_A][7][ 1.9375 2.9375 1.94531 2.94531 1.95312 2.95312 1.96094 2.96094 1.96875 2.96875 1.97656 2.97656 1.98438 2.98438 1.99219 2.99219 ]
[GRF_B][0][ 12.3438 0 0 0 0 0 0 0 0 0 0 0 0 0 0 0 ]
[GRF_B][1][ 0 22.3125 0 0 0 0 0 0 0 0 0 0 0 0 0 0 ]
[GRF_B][2][ 0 0 15.3594 0 0 0 0 0 0 0 0 0 0 0 0 0 ]
[GRF_B][3][ 0 0 0 9.125 0 0 0 0 0 0 0 0 0 0 0 0 ]
[GRF_B][4][ 0 0 0 0 4.79297 0 0 0 0 0 0 0 0 0 0 0 ]
[GRF_B][5][ 0 0 0 0 0 9.66406 0 0 0 0 0 0 0 0 0 0 ]
[GRF_B][6][ 0 0 0 0 0 0 6.0625 0 0 0 0 0 0 0 0 0 ]
[GRF_B][7][ 0 0 0 0 0 0 0 11.9375 0 0 0 0 0 0 0 0 ]
[M_OUT][0000000000000000000000000000000000000000000000000000000000000000000000000000000000000000000000000000000000000000000000000000000000000000000000000000000000000000000000000000000000000000000000000000000000000000000000000000000000000000000000000000000000000000]
[A_OUT][0000000000000000000000000000000000000000000000000000000000000000000000000000000000000000000000000000000000000000000000000000000000000000000000000000000000000000000000000000000000000000000000000000000000000000000000000000000000000000000000000000000000000000]

----------
READ ch0 ra0 bg0 b1 r0 c25|| [2] MAC GRF_B[0], GRF_A[0], ODD_BANK, auto @ 3800
[BANK_R][ 0 0 0 0.75 0 0 0 0 0 0 0 0 0 0 0 0 ]
[CMD]00111011000110001000000000000000(MAC GRF_B[0], GRF_A[0], ODD_BANK, auto)
[SRF][0000000000000000000000000000000000000000000000000000000000000000000000000000000000000000000000000000000000000000000000000000000000000000000000000000000000000000000000000000000000000000000000000000000000000000000000000000000000000000000000000000000000000000]
[GRF_A][0][ 1.5 2.5 1.50781 2.50781 1.51562 2.51562 1.52344 2.52344 1.53125 2.53125 1.53906 2.53906 1.54688 2.54688 1.55469 2.55469 ]
[GRF_A][1][ 1.5625 2.5625 1.57031 2.57031 1.57812 2.57812 1.58594 2.58594 1.59375 2.59375 1.60156 2.60156 1.60938 2.60938 1.61719 2.61719 ]
[GRF_A][2][ 1.625 2.625 1.63281 2.63281 1.64062 2.64062 1.64844 2.64844 1.65625 2.65625 1.66406 2.66406 1.67188 2.67188 1.67969 2.67969 ]
[GRF_A][3][ 1.6875 2.6875 1.69531 2.69531 1.70312 2.70312 1.71094 2.71094 1.71875 2.71875 1.72656 2.72656 1.73438 2.73438 1.74219 2.74219 ]
[GRF_A][4][ 1.75 2.75 1.75781 2.75781 1.76562 2.76562 1.77344 2.77344 1.78125 2.78125 1.78906 2.78906 1.79688 2.79688 1.80469 2.80469 ]
[GRF_A][5][ 1.8125 2.8125 1.82031 2.82031 1.82812 2.82812 1.83594 2.83594 1.84375 2.84375 1.85156 2.85156 1.85938 2.85938 1.86719 2.86719 ]
[GRF_A][6][ 1.875 2.875 1.88281 2.88281 1.89062 2.89062 1.89844 2.89844 1.90625 2.90625 1.91406 2.91406 1.92188 2.92188 1.92969 2.92969 ]
[GRF_A][7][ 1.9375 2.9375 1.94531 2.94531 1.95312 2.95312 1.96094 2.96094 1.96875 2.96875 1.97656 2.97656 1.98438 2.98438 1.99219 2.99219 ]
[GRF_B][0][ 12.3438 0 0 0 0 0 0 0 0 0 0 0 0 0 0 0 ]
[GRF_B][1][ 0 22.3125 0 0 0 0 0 0 0 0 0 0 0 0 0 0 ]
[GRF_B][2][ 0 0 15.3594 0 0 0 0 0 0 0 0 0 0 0 0 0 ]
[GRF_B][3][ 0 0 0 11.0547 0 0 0 0 0 0 0 0 0 0 0 0 ]
[GRF_B][4][ 0 0 0 0 4.79297 0 0 0 0 0 0 0 0 0 0 0 ]
[GRF_B][5][ 0 0 0 0 0 9.66406 0 0 0 0 0 0 0 0 0 0 ]
[GRF_B][6][ 0 0 0 0 0 0 6.0625 0 0 0 0 0 0 0 0 0 ]
[GRF_B][7][ 0 0 0 0 0 0 0 11.9375 0 0 0 0 0 0 0 0 ]
[M_OUT][0000000000000000000000000000000000000000000000000000000000000000000000000000000000000000000000000000000000000000000000000000000000000000000000000000000000000000000000000000000000000000000000000000000000000000000000000000000000000000000000000000000000000000]
[A_OUT][0000000000000000000000000000000000000000000000000000000000000000000000000000000000000000000000000000000000000000000000000000000000000000000000000000000000000000000000000000000000000000000000000000000000000000000000000000000000000000000000000000000000000000]

----------
READ ch0 ra0 bg0 b1 r0 c26|| [2] MAC GRF_B[0], GRF_A[0], ODD_BANK, auto @ 3804
[BANK_R][ 0 0 0 0.8125 0 0 0 0 0 0 0 0 0 0 0 0 ]
[CMD]00111011000110001000000000000000(MAC GRF_B[0], GRF_A[0], ODD_BANK, auto)
[SRF][0000000000000000000000000000000000000000000000000000000000000000000000000000000000000000000000000000000000000000000000000000000000000000000000000000000000000000000000000000000000000000000000000000000000000000000000000000000000000000000000000000000000000000]
[GRF_A][0][ 1.5 2.5 1.50781 2.50781 1.51562 2.51562 1.52344 2.52344 1.53125 2.53125 1.53906 2.53906 1.54688 2.54688 1.55469 2.55469 ]
[GRF_A][1][ 1.5625 2.5625 1.57031 2.57031 1.57812 2.57812 1.58594 2.58594 1.59375 2.59375 1.60156 2.60156 1.60938 2.60938 1.61719 2.61719 ]
[GRF_A][2][ 1.625 2.625 1.63281 2.63281 1.64062 2.64062 1.64844 2.64844 1.65625 2.65625 1.66406 2.66406 1.67188 2.67188 1.67969 2.67969 ]
[GRF_A][3][ 1.6875 2.6875 1.69531 2.69531 1.70312 2.70312 1.71094 2.71094 1.71875 2.71875 1.72656 2.72656 1.73438 2.73438 1.74219 2.74219 ]
[GRF_A][4][ 1.75 2.75 1.75781 2.75781 1.76562 2.76562 1.77344 2.77344 1.78125 2.78125 1.78906 2.78906 1.79688 2.79688 1.80469 2.80469 ]
[GRF_A][5][ 1.8125 2.8125 1.82031 2.82031 1.82812 2.82812 1.83594 2.83594 1.84375 2.84375 1.85156 2.85156 1.85938 2.85938 1.86719 2.86719 ]
[GRF_A][6][ 1.875 2.875 1.88281 2.88281 1.89062 2.89062 1.89844 2.89844 1.90625 2.90625 1.91406 2.91406 1.92188 2.92188 1.92969 2.92969 ]
[GRF_A][7][ 1.9375 2.9375 1.94531 2.94531 1.95312 2.95312 1.96094 2.96094 1.96875 2.96875 1.97656 2.97656 1.98438 2.98438 1.99219 2.99219 ]
[GRF_B][0][ 12.3438 0 0 0 0 0 0 0 0 0 0 0 0 0 0 0 ]
[GRF_B][1][ 0 22.3125 0 0 0 0 0 0 0 0 0 0 0 0 0 0 ]
[GRF_B][2][ 0 0 15.3594 0 0 0 0 0 0 0 0 0 0 0 0 0 ]
[GRF_B][3][ 0 0 0 13.1953 0 0 0 0 0 0 0 0 0 0 0 0 ]
[GRF_B][4][ 0 0 0 0 4.79297 0 0 0 0 0 0 0 0 0 0 0 ]
[GRF_B][5][ 0 0 0 0 0 9.66406 0 0 0 0 0 0 0 0 0 0 ]
[GRF_B][6][ 0 0 0 0 0 0 6.0625 0 0 0 0 0 0 0 0 0 ]
[GRF_B][7][ 0 0 0 0 0 0 0 11.9375 0 0 0 0 0 0 0 0 ]
[M_OUT][0000000000000000000000000000000000000000000000000000000000000000000000000000000000000000000000000000000000000000000000000000000000000000000000000000000000000000000000000000000000000000000000000000000000000000000000000000000000000000000000000000000000000000]
[A_OUT][0000000000000000000000000000000000000000000000000000000000000000000000000000000000000000000000000000000000000000000000000000000000000000000000000000000000000000000000000000000000000000000000000000000000000000000000000000000000000000000000000000000000000000]

----------
READ ch0 ra0 bg0 b1 r0 c27|| [2] MAC GRF_B[0], GRF_A[0], ODD_BANK, auto @ 3808
[BANK_R][ 0 0 0 0.875 0 0 0 0 0 0 0 0 0 0 0 0 ]
[CMD]00111011000110001000000000000000(MAC GRF_B[0], GRF_A[0], ODD_BANK, auto)
[SRF][0000000000000000000000000000000000000000000000000000000000000000000000000000000000000000000000000000000000000000000000000000000000000000000000000000000000000000000000000000000000000000000000000000000000000000000000000000000000000000000000000000000000000000]
[GRF_A][0][ 1.5 2.5 1.50781 2.50781 1.51562 2.51562 1.52344 2.52344 1.53125 2.53125 1.53906 2.53906 1.54688 2.54688 1.55469 2.55469 ]
[GRF_A][1][ 1.5625 2.5625 1.57031 2.57031 1.57812 2.57812 1.58594 2.58594 1.59375 2.59375 1.60156 2.60156 1.60938 2.60938 1.61719 2.61719 ]
[GRF_A][2][ 1.625 2.625 1.63281 2.63281 1.64062 2.64062 1.64844 2.64844 1.65625 2.65625 1.66406 2.66406 1.67188 2.67188 1.67969 2.67969 ]
[GRF_A][3][ 1.6875 2.6875 1.69531 2.69531 1.70312 2.70312 1.71094 2.71094 1.71875 2.71875 1.72656 2.72656 1.73438 2.73438 1.74219 2.74219 ]
[GRF_A][4][ 1.75 2.75 1.75781 2.75781 1.76562 2.76562 1.77344 2.77344 1.78125 2.78125 1.78906 2.78906 1.79688 2.79688 1.80469 2.80469 ]
[GRF_A][5][ 1.8125 2.8125 1.82031 2.82031 1.82812 2.82812 1.83594 2.83594 1.84375 2.84375 1.85156 2.85156 1.85938 2.85938 1.86719 2.86719 ]
[GRF_A][6][ 1.875 2.875 1.88281 2.88281 1.89062 2.89062 1.89844 2.89844 1.90625 2.90625 1.91406 2.91406 1.92188 2.92188 1.92969 2.92969 ]
[GRF_A][7][ 1.9375 2.9375 1.94531 2.94531 1.95312 2.95312 1.96094 2.96094 1.96875 2.96875 1.97656 2.97656 1.98438 2.98438 1.99219 2.99219 ]
[GRF_B][0][ 12.3438 0 0 0 0 0 0 0 0 0 0 0 0 0 0 0 ]
[GRF_B][1][ 0 22.3125 0 0 0 0 0 0 0 0 0 0 0 0 0 0 ]
[GRF_B][2][ 0 0 15.3594 0 0 0 0 0 0 0 0 0 0 0 0 0 ]
[GRF_B][3][ 0 0 0 15.5547 0 0 0 0 0 0 0 0 0 0 0 0 ]
[GRF_B][4][ 0 0 0 0 4.79297 0 0 0 0 0 0 0 0 0 0 0 ]
[GRF_B][5][ 0 0 0 0 0 9.66406 0 0 0 0 0 0 0 0 0 0 ]
[GRF_B][6][ 0 0 0 0 0 0 6.0625 0 0 0 0 0 0 0 0 0 ]
[GRF_B][7][ 0 0 0 0 0 0 0 11.9375 0 0 0 0 0 0 0 0 ]
[M_OUT][0000000000000000000000000000000000000000000000000000000000000000000000000000000000000000000000000000000000000000000000000000000000000000000000000000000000000000000000000000000000000000000000000000000000000000000000000000000000000000000000000000000000000000]
[A_OUT][0000000000000000000000000000000000000000000000000000000000000000000000000000000000000000000000000000000000000000000000000000000000000000000000000000000000000000000000000000000000000000000000000000000000000000000000000000000000000000000000000000000000000000]

----------
READ ch0 ra0 bg0 b1 r0 c28|| [2] MAC GRF_B[0], GRF_A[0], ODD_BANK, auto @ 3812
[BANK_R][ 0 0 0 0.9375 0 0 0 0 0 0 0 0 0 0 0 0 ]
[CMD]00111011000110001000000000000000(MAC GRF_B[0], GRF_A[0], ODD_BANK, auto)
[SRF][0000000000000000000000000000000000000000000000000000000000000000000000000000000000000000000000000000000000000000000000000000000000000000000000000000000000000000000000000000000000000000000000000000000000000000000000000000000000000000000000000000000000000000]
[GRF_A][0][ 1.5 2.5 1.50781 2.50781 1.51562 2.51562 1.52344 2.52344 1.53125 2.53125 1.53906 2.53906 1.54688 2.54688 1.55469 2.55469 ]
[GRF_A][1][ 1.5625 2.5625 1.57031 2.57031 1.57812 2.57812 1.58594 2.58594 1.59375 2.59375 1.60156 2.60156 1.60938 2.60938 1.61719 2.61719 ]
[GRF_A][2][ 1.625 2.625 1.63281 2.63281 1.64062 2.64062 1.64844 2.64844 1.65625 2.65625 1.66406 2.66406 1.67188 2.67188 1.67969 2.67969 ]
[GRF_A][3][ 1.6875 2.6875 1.69531 2.69531 1.70312 2.70312 1.71094 2.71094 1.71875 2.71875 1.72656 2.72656 1.73438 2.73438 1.74219 2.74219 ]
[GRF_A][4][ 1.75 2.75 1.75781 2.75781 1.76562 2.76562 1.77344 2.77344 1.78125 2.78125 1.78906 2.78906 1.79688 2.79688 1.80469 2.80469 ]
[GRF_A][5][ 1.8125 2.8125 1.82031 2.82031 1.82812 2.82812 1.83594 2.83594 1.84375 2.84375 1.85156 2.85156 1.85938 2.85938 1.86719 2.86719 ]
[GRF_A][6][ 1.875 2.875 1.88281 2.88281 1.89062 2.89062 1.89844 2.89844 1.90625 2.90625 1.91406 2.91406 1.92188 2.92188 1.92969 2.92969 ]
[GRF_A][7][ 1.9375 2.9375 1.94531 2.94531 1.95312 2.95312 1.96094 2.96094 1.96875 2.96875 1.97656 2.97656 1.98438 2.98438 1.99219 2.99219 ]
[GRF_B][0][ 12.3438 0 0 0 0 0 0 0 0 0 0 0 0 0 0 0 ]
[GRF_B][1][ 0 22.3125 0 0 0 0 0 0 0 0 0 0 0 0 0 0 ]
[GRF_B][2][ 0 0 15.3594 0 0 0 0 0 0 0 0 0 0 0 0 0 ]
[GRF_B][3][ 0 0 0 18.1406 0 0 0 0 0 0 0 0 0 0 0 0 ]
[GRF_B][4][ 0 0 0 0 4.79297 0 0 0 0 0 0 0 0 0 0 0 ]
[GRF_B][5][ 0 0 0 0 0 9.66406 0 0 0 0 0 0 0 0 0 0 ]
[GRF_B][6][ 0 0 0 0 0 0 6.0625 0 0 0 0 0 0 0 0 0 ]
[GRF_B][7][ 0 0 0 0 0 0 0 11.9375 0 0 0 0 0 0 0 0 ]
[M_OUT][0000000000000000000000000000000000000000000000000000000000000000000000000000000000000000000000000000000000000000000000000000000000000000000000000000000000000000000000000000000000000000000000000000000000000000000000000000000000000000000000000000000000000000]
[A_OUT][0000000000000000000000000000000000000000000000000000000000000000000000000000000000000000000000000000000000000000000000000000000000000000000000000000000000000000000000000000000000000000000000000000000000000000000000000000000000000000000000000000000000000000]

----------
READ ch0 ra0 bg0 b1 r0 c29|| [2] MAC GRF_B[0], GRF_A[0], ODD_BANK, auto @ 3816
[BANK_R][ 0 0 0 1 0 0 0 0 0 0 0 0 0 0 0 0 ]
[CMD]00111011000110001000000000000000(MAC GRF_B[0], GRF_A[0], ODD_BANK, auto)
[SRF][0000000000000000000000000000000000000000000000000000000000000000000000000000000000000000000000000000000000000000000000000000000000000000000000000000000000000000000000000000000000000000000000000000000000000000000000000000000000000000000000000000000000000000]
[GRF_A][0][ 1.5 2.5 1.50781 2.50781 1.51562 2.51562 1.52344 2.52344 1.53125 2.53125 1.53906 2.53906 1.54688 2.54688 1.55469 2.55469 ]
[GRF_A][1][ 1.5625 2.5625 1.57031 2.57031 1.57812 2.57812 1.58594 2.58594 1.59375 2.59375 1.60156 2.60156 1.60938 2.60938 1.61719 2.61719 ]
[GRF_A][2][ 1.625 2.625 1.63281 2.63281 1.64062 2.64062 1.64844 2.64844 1.65625 2.65625 1.66406 2.66406 1.67188 2.67188 1.67969 2.67969 ]
[GRF_A][3][ 1.6875 2.6875 1.69531 2.69531 1.70312 2.70312 1.71094 2.71094 1.71875 2.71875 1.72656 2.72656 1.73438 2.73438 1.74219 2.74219 ]
[GRF_A][4][ 1.75 2.75 1.75781 2.75781 1.76562 2.76562 1.77344 2.77344 1.78125 2.78125 1.78906 2.78906 1.79688 2.79688 1.80469 2.80469 ]
[GRF_A][5][ 1.8125 2.8125 1.82031 2.82031 1.82812 2.82812 1.83594 2.83594 1.84375 2.84375 1.85156 2.85156 1.85938 2.85938 1.86719 2.86719 ]
[GRF_A][6][ 1.875 2.875 1.88281 2.88281 1.89062 2.89062 1.89844 2.89844 1.90625 2.90625 1.91406 2.91406 1.92188 2.92188 1.92969 2.92969 ]
[GRF_A][7][ 1.9375 2.9375 1.94531 2.94531 1.95312 2.95312 1.96094 2.96094 1.96875 2.96875 1.97656 2.97656 1.98438 2.98438 1.99219 2.99219 ]
[GRF_B][0][ 12.3438 0 0 0 0 0 0 0 0 0 0 0 0 0 0 0 ]
[GRF_B][1][ 0 22.3125 0 0 0 0 0 0 0 0 0 0 0 0 0 0 ]
[GRF_B][2][ 0 0 15.3594 0 0 0 0 0 0 0 0 0 0 0 0 0 ]
[GRF_B][3][ 0 0 0 20.9688 0 0 0 0 0 0 0 0 0 0 0 0 ]
[GRF_B][4][ 0 0 0 0 4.79297 0 0 0 0 0 0 0 0 0 0 0 ]
[GRF_B][5][ 0 0 0 0 0 9.66406 0 0 0 0 0 0 0 0 0 0 ]
[GRF_B][6][ 0 0 0 0 0 0 6.0625 0 0 0 0 0 0 0 0 0 ]
[GRF_B][7][ 0 0 0 0 0 0 0 11.9375 0 0 0 0 0 0 0 0 ]
[M_OUT][0000000000000000000000000000000000000000000000000000000000000000000000000000000000000000000000000000000000000000000000000000000000000000000000000000000000000000000000000000000000000000000000000000000000000000000000000000000000000000000000000000000000000000]
[A_OUT][0000000000000000000000000000000000000000000000000000000000000000000000000000000000000000000000000000000000000000000000000000000000000000000000000000000000000000000000000000000000000000000000000000000000000000000000000000000000000000000000000000000000000000]

----------
READ ch0 ra0 bg0 b1 r0 c30|| [2] MAC GRF_B[0], GRF_A[0], ODD_BANK, auto @ 3820
[BANK_R][ 0 0 0 1.0625 0 0 0 0 0 0 0 0 0 0 0 0 ]
[CMD]00111011000110001000000000000000(MAC GRF_B[0], GRF_A[0], ODD_BANK, auto)
[SRF][0000000000000000000000000000000000000000000000000000000000000000000000000000000000000000000000000000000000000000000000000000000000000000000000000000000000000000000000000000000000000000000000000000000000000000000000000000000000000000000000000000000000000000]
[GRF_A][0][ 1.5 2.5 1.50781 2.50781 1.51562 2.51562 1.52344 2.52344 1.53125 2.53125 1.53906 2.53906 1.54688 2.54688 1.55469 2.55469 ]
[GRF_A][1][ 1.5625 2.5625 1.57031 2.57031 1.57812 2.57812 1.58594 2.58594 1.59375 2.59375 1.60156 2.60156 1.60938 2.60938 1.61719 2.61719 ]
[GRF_A][2][ 1.625 2.625 1.63281 2.63281 1.64062 2.64062 1.64844 2.64844 1.65625 2.65625 1.66406 2.66406 1.67188 2.67188 1.67969 2.67969 ]
[GRF_A][3][ 1.6875 2.6875 1.69531 2.69531 1.70312 2.70312 1.71094 2.71094 1.71875 2.71875 1.72656 2.72656 1.73438 2.73438 1.74219 2.74219 ]
[GRF_A][4][ 1.75 2.75 1.75781 2.75781 1.76562 2.76562 1.77344 2.77344 1.78125 2.78125 1.78906 2.78906 1.79688 2.79688 1.80469 2.80469 ]
[GRF_A][5][ 1.8125 2.8125 1.82031 2.82031 1.82812 2.82812 1.83594 2.83594 1.84375 2.84375 1.85156 2.85156 1.85938 2.85938 1.86719 2.86719 ]
[GRF_A][6][ 1.875 2.875 1.88281 2.88281 1.89062 2.89062 1.89844 2.89844 1.90625 2.90625 1.91406 2.91406 1.92188 2.92188 1.92969 2.92969 ]
[GRF_A][7][ 1.9375 2.9375 1.94531 2.94531 1.95312 2.95312 1.96094 2.96094 1.96875 2.96875 1.97656 2.97656 1.98438 2.98438 1.99219 2.99219 ]
[GRF_B][0][ 12.3438 0 0 0 0 0 0 0 0 0 0 0 0 0 0 0 ]
[GRF_B][1][ 0 22.3125 0 0 0 0 0 0 0 0 0 0 0 0 0 0 ]
[GRF_B][2][ 0 0 15.3594 0 0 0 0 0 0 0 0 0 0 0 0 0 ]
[GRF_B][3][ 0 0 0 24.0312 0 0 0 0 0 0 0 0 0 0 0 0 ]
[GRF_B][4][ 0 0 0 0 4.79297 0 0 0 0 0 0 0 0 0 0 0 ]
[GRF_B][5][ 0 0 0 0 0 9.66406 0 0 0 0 0 0 0 0 0 0 ]
[GRF_B][6][ 0 0 0 0 0 0 6.0625 0 0 0 0 0 0 0 0 0 ]
[GRF_B][7][ 0 0 0 0 0 0 0 11.9375 0 0 0 0 0 0 0 0 ]
[M_OUT][0000000000000000000000000000000000000000000000000000000000000000000000000000000000000000000000000000000000000000000000000000000000000000000000000000000000000000000000000000000000000000000000000000000000000000000000000000000000000000000000000000000000000000]
[A_OUT][0000000000000000000000000000000000000000000000000000000000000000000000000000000000000000000000000000000000000000000000000000000000000000000000000000000000000000000000000000000000000000000000000000000000000000000000000000000000000000000000000000000000000000]

----------
READ ch0 ra0 bg0 b1 r0 c31|| [2] MAC GRF_B[0], GRF_A[0], ODD_BANK, auto @ 3824
[BANK_R][ 0 0 0 1.125 0 0 0 0 0 0 0 0 0 0 0 0 ]
[CMD]00111011000110001000000000000000(MAC GRF_B[0], GRF_A[0], ODD_BANK, auto)
[SRF][0000000000000000000000000000000000000000000000000000000000000000000000000000000000000000000000000000000000000000000000000000000000000000000000000000000000000000000000000000000000000000000000000000000000000000000000000000000000000000000000000000000000000000]
[GRF_A][0][ 1.5 2.5 1.50781 2.50781 1.51562 2.51562 1.52344 2.52344 1.53125 2.53125 1.53906 2.53906 1.54688 2.54688 1.55469 2.55469 ]
[GRF_A][1][ 1.5625 2.5625 1.57031 2.57031 1.57812 2.57812 1.58594 2.58594 1.59375 2.59375 1.60156 2.60156 1.60938 2.60938 1.61719 2.61719 ]
[GRF_A][2][ 1.625 2.625 1.63281 2.63281 1.64062 2.64062 1.64844 2.64844 1.65625 2.65625 1.66406 2.66406 1.67188 2.67188 1.67969 2.67969 ]
[GRF_A][3][ 1.6875 2.6875 1.69531 2.69531 1.70312 2.70312 1.71094 2.71094 1.71875 2.71875 1.72656 2.72656 1.73438 2.73438 1.74219 2.74219 ]
[GRF_A][4][ 1.75 2.75 1.75781 2.75781 1.76562 2.76562 1.77344 2.77344 1.78125 2.78125 1.78906 2.78906 1.79688 2.79688 1.80469 2.80469 ]
[GRF_A][5][ 1.8125 2.8125 1.82031 2.82031 1.82812 2.82812 1.83594 2.83594 1.84375 2.84375 1.85156 2.85156 1.85938 2.85938 1.86719 2.86719 ]
[GRF_A][6][ 1.875 2.875 1.88281 2.88281 1.89062 2.89062 1.89844 2.89844 1.90625 2.90625 1.91406 2.91406 1.92188 2.92188 1.92969 2.92969 ]
[GRF_A][7][ 1.9375 2.9375 1.94531 2.94531 1.95312 2.95312 1.96094 2.96094 1.96875 2.96875 1.97656 2.97656 1.98438 2.98438 1.99219 2.99219 ]
[GRF_B][0][ 12.3438 0 0 0 0 0 0 0 0 0 0 0 0 0 0 0 ]
[GRF_B][1][ 0 22.3125 0 0 0 0 0 0 0 0 0 0 0 0 0 0 ]
[GRF_B][2][ 0 0 15.3594 0 0 0 0 0 0 0 0 0 0 0 0 0 ]
[GRF_B][3][ 0 0 0 27.3438 0 0 0 0 0 0 0 0 0 0 0 0 ]
[GRF_B][4][ 0 0 0 0 4.79297 0 0 0 0 0 0 0 0 0 0 0 ]
[GRF_B][5][ 0 0 0 0 0 9.66406 0 0 0 0 0 0 0 0 0 0 ]
[GRF_B][6][ 0 0 0 0 0 0 6.0625 0 0 0 0 0 0 0 0 0 ]
[GRF_B][7][ 0 0 0 0 0 0 0 11.9375 0 0 0 0 0 0 0 0 ]
[M_OUT][0000000000000000000000000000000000000000000000000000000000000000000000000000000000000000000000000000000000000000000000000000000000000000000000000000000000000000000000000000000000000000000000000000000000000000000000000000000000000000000000000000000000000000]
[A_OUT][0000000000000000000000000000000000000000000000000000000000000000000000000000000000000000000000000000000000000000000000000000000000000000000000000000000000000000000000000000000000000000000000000000000000000000000000000000000000000000000000000000000000000000]

----------
PRECHARGE ch[0] ra[0] bg[0] ba[1] ro[0] @3826
ACTIVATE ch[0] ra[0] bg[0] ba[1] ro[1] co[0] @3840 tag : MAC_
READ ch0 ra0 bg0 b1 r1 c0|| [3] JUMP 7x [PC - 2] @ 3855
READ ch0 ra0 bg0 b1 r1 c0|| [2] MAC GRF_B[0], GRF_A[0], ODD_BANK, auto @ 3855
[BANK_R][ 0 0 0 0 0.75 0 0 0 0 0 0 0 0 0 0 0 ]
[CMD]00111011000110001000000000000000(MAC GRF_B[0], GRF_A[0], ODD_BANK, auto)
[SRF][0000000000000000000000000000000000000000000000000000000000000000000000000000000000000000000000000000000000000000000000000000000000000000000000000000000000000000000000000000000000000000000000000000000000000000000000000000000000000000000000000000000000000000]
[GRF_A][0][ 1.5 2.5 1.50781 2.50781 1.51562 2.51562 1.52344 2.52344 1.53125 2.53125 1.53906 2.53906 1.54688 2.54688 1.55469 2.55469 ]
[GRF_A][1][ 1.5625 2.5625 1.57031 2.57031 1.57812 2.57812 1.58594 2.58594 1.59375 2.59375 1.60156 2.60156 1.60938 2.60938 1.61719 2.61719 ]
[GRF_A][2][ 1.625 2.625 1.63281 2.63281 1.64062 2.64062 1.64844 2.64844 1.65625 2.65625 1.66406 2.66406 1.67188 2.67188 1.67969 2.67969 ]
[GRF_A][3][ 1.6875 2.6875 1.69531 2.69531 1.70312 2.70312 1.71094 2.71094 1.71875 2.71875 1.72656 2.72656 1.73438 2.73438 1.74219 2.74219 ]
[GRF_A][4][ 1.75 2.75 1.75781 2.75781 1.76562 2.76562 1.77344 2.77344 1.78125 2.78125 1.78906 2.78906 1.79688 2.79688 1.80469 2.80469 ]
[GRF_A][5][ 1.8125 2.8125 1.82031 2.82031 1.82812 2.82812 1.83594 2.83594 1.84375 2.84375 1.85156 2.85156 1.85938 2.85938 1.86719 2.86719 ]
[GRF_A][6][ 1.875 2.875 1.88281 2.88281 1.89062 2.89062 1.89844 2.89844 1.90625 2.90625 1.91406 2.91406 1.92188 2.92188 1.92969 2.92969 ]
[GRF_A][7][ 1.9375 2.9375 1.94531 2.94531 1.95312 2.95312 1.96094 2.96094 1.96875 2.96875 1.97656 2.97656 1.98438 2.98438 1.99219 2.99219 ]
[GRF_B][0][ 12.3438 0 0 0 0 0 0 0 0 0 0 0 0 0 0 0 ]
[GRF_B][1][ 0 22.3125 0 0 0 0 0 0 0 0 0 0 0 0 0 0 ]
[GRF_B][2][ 0 0 15.3594 0 0 0 0 0 0 0 0 0 0 0 0 0 ]
[GRF_B][3][ 0 0 0 27.3438 0 0 0 0 0 0 0 0 0 0 0 0 ]
[GRF_B][4][ 0 0 0 0 5.92969 0 0 0 0 0 0 0 0 0 0 0 ]
[GRF_B][5][ 0 0 0 0 0 9.66406 0 0 0 0 0 0 0 0 0 0 ]
[GRF_B][6][ 0 0 0 0 0 0 6.0625 0 0 0 0 0 0 0 0 0 ]
[GRF_B][7][ 0 0 0 0 0 0 0 11.9375 0 0 0 0 0 0 0 0 ]
[M_OUT][0000000000000000000000000000000000000000000000000000000000000000000000000000000000000000000000000000000000000000000000000000000000000000000000000000000000000000000000000000000000000000000000000000000000000000000000000000000000000000000000000000000000000000]
[A_OUT][0000000000000000000000000000000000000000000000000000000000000000000000000000000000000000000000000000000000000000000000000000000000000000000000000000000000000000000000000000000000000000000000000000000000000000000000000000000000000000000000000000000000000000]

----------
READ ch0 ra0 bg0 b1 r1 c1|| [2] MAC GRF_B[0], GRF_A[0], ODD_BANK, auto @ 3859
[BANK_R][ 0 0 0 0 0.8125 0 0 0 0 0 0 0 0 0 0 0 ]
[CMD]00111011000110001000000000000000(MAC GRF_B[0], GRF_A[0], ODD_BANK, auto)
[SRF][0000000000000000000000000000000000000000000000000000000000000000000000000000000000000000000000000000000000000000000000000000000000000000000000000000000000000000000000000000000000000000000000000000000000000000000000000000000000000000000000000000000000000000]
[GRF_A][0][ 1.5 2.5 1.50781 2.50781 1.51562 2.51562 1.52344 2.52344 1.53125 2.53125 1.53906 2.53906 1.54688 2.54688 1.55469 2.55469 ]
[GRF_A][1][ 1.5625 2.5625 1.57031 2.57031 1.57812 2.57812 1.58594 2.58594 1.59375 2.59375 1.60156 2.60156 1.60938 2.60938 1.61719 2.61719 ]
[GRF_A][2][ 1.625 2.625 1.63281 2.63281 1.64062 2.64062 1.64844 2.64844 1.65625 2.65625 1.66406 2.66406 1.67188 2.67188 1.67969 2.67969 ]
[GRF_A][3][ 1.6875 2.6875 1.69531 2.69531 1.70312 2.70312 1.71094 2.71094 1.71875 2.71875 1.72656 2.72656 1.73438 2.73438 1.74219 2.74219 ]
[GRF_A][4][ 1.75 2.75 1.75781 2.75781 1.76562 2.76562 1.77344 2.77344 1.78125 2.78125 1.78906 2.78906 1.79688 2.79688 1.80469 2.80469 ]
[GRF_A][5][ 1.8125 2.8125 1.82031 2.82031 1.82812 2.82812 1.83594 2.83594 1.84375 2.84375 1.85156 2.85156 1.85938 2.85938 1.86719 2.86719 ]
[GRF_A][6][ 1.875 2.875 1.88281 2.88281 1.89062 2.89062 1.89844 2.89844 1.90625 2.90625 1.91406 2.91406 1.92188 2.92188 1.92969 2.92969 ]
[GRF_A][7][ 1.9375 2.9375 1.94531 2.94531 1.95312 2.95312 1.96094 2.96094 1.96875 2.96875 1.97656 2.97656 1.98438 2.98438 1.99219 2.99219 ]
[GRF_B][0][ 12.3438 0 0 0 0 0 0 0 0 0 0 0 0 0 0 0 ]
[GRF_B][1][ 0 22.3125 0 0 0 0 0 0 0 0 0 0 0 0 0 0 ]
[GRF_B][2][ 0 0 15.3594 0 0 0 0 0 0 0 0 0 0 0 0 0 ]
[GRF_B][3][ 0 0 0 27.3438 0 0 0 0 0 0 0 0 0 0 0 0 ]
[GRF_B][4][ 0 0 0 0 7.21094 0 0 0 0 0 0 0 0 0 0 0 ]
[GRF_B][5][ 0 0 0 0 0 9.66406 0 0 0 0 0 0 0 0 0 0 ]
[GRF_B][6][ 0 0 0 0 0 0 6.0625 0 0 0 0 0 0 0 0 0 ]
[GRF_B][7][ 0 0 0 0 0 0 0 11.9375 0 0 0 0 0 0 0 0 ]
[M_OUT][0000000000000000000000000000000000000000000000000000000000000000000000000000000000000000000000000000000000000000000000000000000000000000000000000000000000000000000000000000000000000000000000000000000000000000000000000000000000000000000000000000000000000000]
[A_OUT][0000000000000000000000000000000000000000000000000000000000000000000000000000000000000000000000000000000000000000000000000000000000000000000000000000000000000000000000000000000000000000000000000000000000000000000000000000000000000000000000000000000000000000]

----------
READ ch0 ra0 bg0 b1 r1 c2|| [2] MAC GRF_B[0], GRF_A[0], ODD_BANK, auto @ 3863
[BANK_R][ 0 0 0 0 0.875 0 0 0 0 0 0 0 0 0 0 0 ]
[CMD]00111011000110001000000000000000(MAC GRF_B[0], GRF_A[0], ODD_BANK, auto)
[SRF][0000000000000000000000000000000000000000000000000000000000000000000000000000000000000000000000000000000000000000000000000000000000000000000000000000000000000000000000000000000000000000000000000000000000000000000000000000000000000000000000000000000000000000]
[GRF_A][0][ 1.5 2.5 1.50781 2.50781 1.51562 2.51562 1.52344 2.52344 1.53125 2.53125 1.53906 2.53906 1.54688 2.54688 1.55469 2.55469 ]
[GRF_A][1][ 1.5625 2.5625 1.57031 2.57031 1.57812 2.57812 1.58594 2.58594 1.59375 2.59375 1.60156 2.60156 1.60938 2.60938 1.61719 2.61719 ]
[GRF_A][2][ 1.625 2.625 1.63281 2.63281 1.64062 2.64062 1.64844 2.64844 1.65625 2.65625 1.66406 2.66406 1.67188 2.67188 1.67969 2.67969 ]
[GRF_A][3][ 1.6875 2.6875 1.69531 2.69531 1.70312 2.70312 1.71094 2.71094 1.71875 2.71875 1.72656 2.72656 1.73438 2.73438 1.74219 2.74219 ]
[GRF_A][4][ 1.75 2.75 1.75781 2.75781 1.76562 2.76562 1.77344 2.77344 1.78125 2.78125 1.78906 2.78906 1.79688 2.79688 1.80469 2.80469 ]
[GRF_A][5][ 1.8125 2.8125 1.82031 2.82031 1.82812 2.82812 1.83594 2.83594 1.84375 2.84375 1.85156 2.85156 1.85938 2.85938 1.86719 2.86719 ]
[GRF_A][6][ 1.875 2.875 1.88281 2.88281 1.89062 2.89062 1.89844 2.89844 1.90625 2.90625 1.91406 2.91406 1.92188 2.92188 1.92969 2.92969 ]
[GRF_A][7][ 1.9375 2.9375 1.94531 2.94531 1.95312 2.95312 1.96094 2.96094 1.96875 2.96875 1.97656 2.97656 1.98438 2.98438 1.99219 2.99219 ]
[GRF_B][0][ 12.3438 0 0 0 0 0 0 0 0 0 0 0 0 0 0 0 ]
[GRF_B][1][ 0 22.3125 0 0 0 0 0 0 0 0 0 0 0 0 0 0 ]
[GRF_B][2][ 0 0 15.3594 0 0 0 0 0 0 0 0 0 0 0 0 0 ]
[GRF_B][3][ 0 0 0 27.3438 0 0 0 0 0 0 0 0 0 0 0 0 ]
[GRF_B][4][ 0 0 0 0 8.64844 0 0 0 0 0 0 0 0 0 0 0 ]
[GRF_B][5][ 0 0 0 0 0 9.66406 0 0 0 0 0 0 0 0 0 0 ]
[GRF_B][6][ 0 0 0 0 0 0 6.0625 0 0 0 0 0 0 0 0 0 ]
[GRF_B][7][ 0 0 0 0 0 0 0 11.9375 0 0 0 0 0 0 0 0 ]
[M_OUT][0000000000000000000000000000000000000000000000000000000000000000000000000000000000000000000000000000000000000000000000000000000000000000000000000000000000000000000000000000000000000000000000000000000000000000000000000000000000000000000000000000000000000000]
[A_OUT][0000000000000000000000000000000000000000000000000000000000000000000000000000000000000000000000000000000000000000000000000000000000000000000000000000000000000000000000000000000000000000000000000000000000000000000000000000000000000000000000000000000000000000]

----------
READ ch0 ra0 bg0 b1 r1 c3|| [2] MAC GRF_B[0], GRF_A[0], ODD_BANK, auto @ 3867
[BANK_R][ 0 0 0 0 0.9375 0 0 0 0 0 0 0 0 0 0 0 ]
[CMD]00111011000110001000000000000000(MAC GRF_B[0], GRF_A[0], ODD_BANK, auto)
[SRF][0000000000000000000000000000000000000000000000000000000000000000000000000000000000000000000000000000000000000000000000000000000000000000000000000000000000000000000000000000000000000000000000000000000000000000000000000000000000000000000000000000000000000000]
[GRF_A][0][ 1.5 2.5 1.50781 2.50781 1.51562 2.51562 1.52344 2.52344 1.53125 2.53125 1.53906 2.53906 1.54688 2.54688 1.55469 2.55469 ]
[GRF_A][1][ 1.5625 2.5625 1.57031 2.57031 1.57812 2.57812 1.58594 2.58594 1.59375 2.59375 1.60156 2.60156 1.60938 2.60938 1.61719 2.61719 ]
[GRF_A][2][ 1.625 2.625 1.63281 2.63281 1.64062 2.64062 1.64844 2.64844 1.65625 2.65625 1.66406 2.66406 1.67188 2.67188 1.67969 2.67969 ]
[GRF_A][3][ 1.6875 2.6875 1.69531 2.69531 1.70312 2.70312 1.71094 2.71094 1.71875 2.71875 1.72656 2.72656 1.73438 2.73438 1.74219 2.74219 ]
[GRF_A][4][ 1.75 2.75 1.75781 2.75781 1.76562 2.76562 1.77344 2.77344 1.78125 2.78125 1.78906 2.78906 1.79688 2.79688 1.80469 2.80469 ]
[GRF_A][5][ 1.8125 2.8125 1.82031 2.82031 1.82812 2.82812 1.83594 2.83594 1.84375 2.84375 1.85156 2.85156 1.85938 2.85938 1.86719 2.86719 ]
[GRF_A][6][ 1.875 2.875 1.88281 2.88281 1.89062 2.89062 1.89844 2.89844 1.90625 2.90625 1.91406 2.91406 1.92188 2.92188 1.92969 2.92969 ]
[GRF_A][7][ 1.9375 2.9375 1.94531 2.94531 1.95312 2.95312 1.96094 2.96094 1.96875 2.96875 1.97656 2.97656 1.98438 2.98438 1.99219 2.99219 ]
[GRF_B][0][ 12.3438 0 0 0 0 0 0 0 0 0 0 0 0 0 0 0 ]
[GRF_B][1][ 0 22.3125 0 0 0 0 0 0 0 0 0 0 0 0 0 0 ]
[GRF_B][2][ 0 0 15.3594 0 0 0 0 0 0 0 0 0 0 0 0 0 ]
[GRF_B][3][ 0 0 0 27.3438 0 0 0 0 0 0 0 0 0 0 0 0 ]
[GRF_B][4][ 0 0 0 0 10.2422 0 0 0 0 0 0 0 0 0 0 0 ]
[GRF_B][5][ 0 0 0 0 0 9.66406 0 0 0 0 0 0 0 0 0 0 ]
[GRF_B][6][ 0 0 0 0 0 0 6.0625 0 0 0 0 0 0 0 0 0 ]
[GRF_B][7][ 0 0 0 0 0 0 0 11.9375 0 0 0 0 0 0 0 0 ]
[M_OUT][0000000000000000000000000000000000000000000000000000000000000000000000000000000000000000000000000000000000000000000000000000000000000000000000000000000000000000000000000000000000000000000000000000000000000000000000000000000000000000000000000000000000000000]
[A_OUT][0000000000000000000000000000000000000000000000000000000000000000000000000000000000000000000000000000000000000000000000000000000000000000000000000000000000000000000000000000000000000000000000000000000000000000000000000000000000000000000000000000000000000000]

----------
READ ch0 ra0 bg0 b1 r1 c4|| [2] MAC GRF_B[0], GRF_A[0], ODD_BANK, auto @ 3871
[BANK_R][ 0 0 0 0 1 0 0 0 0 0 0 0 0 0 0 0 ]
[CMD]00111011000110001000000000000000(MAC GRF_B[0], GRF_A[0], ODD_BANK, auto)
[SRF][0000000000000000000000000000000000000000000000000000000000000000000000000000000000000000000000000000000000000000000000000000000000000000000000000000000000000000000000000000000000000000000000000000000000000000000000000000000000000000000000000000000000000000]
[GRF_A][0][ 1.5 2.5 1.50781 2.50781 1.51562 2.51562 1.52344 2.52344 1.53125 2.53125 1.53906 2.53906 1.54688 2.54688 1.55469 2.55469 ]
[GRF_A][1][ 1.5625 2.5625 1.57031 2.57031 1.57812 2.57812 1.58594 2.58594 1.59375 2.59375 1.60156 2.60156 1.60938 2.60938 1.61719 2.61719 ]
[GRF_A][2][ 1.625 2.625 1.63281 2.63281 1.64062 2.64062 1.64844 2.64844 1.65625 2.65625 1.66406 2.66406 1.67188 2.67188 1.67969 2.67969 ]
[GRF_A][3][ 1.6875 2.6875 1.69531 2.69531 1.70312 2.70312 1.71094 2.71094 1.71875 2.71875 1.72656 2.72656 1.73438 2.73438 1.74219 2.74219 ]
[GRF_A][4][ 1.75 2.75 1.75781 2.75781 1.76562 2.76562 1.77344 2.77344 1.78125 2.78125 1.78906 2.78906 1.79688 2.79688 1.80469 2.80469 ]
[GRF_A][5][ 1.8125 2.8125 1.82031 2.82031 1.82812 2.82812 1.83594 2.83594 1.84375 2.84375 1.85156 2.85156 1.85938 2.85938 1.86719 2.86719 ]
[GRF_A][6][ 1.875 2.875 1.88281 2.88281 1.89062 2.89062 1.89844 2.89844 1.90625 2.90625 1.91406 2.91406 1.92188 2.92188 1.92969 2.92969 ]
[GRF_A][7][ 1.9375 2.9375 1.94531 2.94531 1.95312 2.95312 1.96094 2.96094 1.96875 2.96875 1.97656 2.97656 1.98438 2.98438 1.99219 2.99219 ]
[GRF_B][0][ 12.3438 0 0 0 0 0 0 0 0 0 0 0 0 0 0 0 ]
[GRF_B][1][ 0 22.3125 0 0 0 0 0 0 0 0 0 0 0 0 0 0 ]
[GRF_B][2][ 0 0 15.3594 0 0 0 0 0 0 0 0 0 0 0 0 0 ]
[GRF_B][3][ 0 0 0 27.3438 0 0 0 0 0 0 0 0 0 0 0 0 ]
[GRF_B][4][ 0 0 0 0 12.0078 0 0 0 0 0 0 0 0 0 0 0 ]
[GRF_B][5][ 0 0 0 0 0 9.66406 0 0 0 0 0 0 0 0 0 0 ]
[GRF_B][6][ 0 0 0 0 0 0 6.0625 0 0 0 0 0 0 0 0 0 ]
[GRF_B][7][ 0 0 0 0 0 0 0 11.9375 0 0 0 0 0 0 0 0 ]
[M_OUT][0000000000000000000000000000000000000000000000000000000000000000000000000000000000000000000000000000000000000000000000000000000000000000000000000000000000000000000000000000000000000000000000000000000000000000000000000000000000000000000000000000000000000000]
[A_OUT][0000000000000000000000000000000000000000000000000000000000000000000000000000000000000000000000000000000000000000000000000000000000000000000000000000000000000000000000000000000000000000000000000000000000000000000000000000000000000000000000000000000000000000]

----------
READ ch0 ra0 bg0 b1 r1 c5|| [2] MAC GRF_B[0], GRF_A[0], ODD_BANK, auto @ 3875
[BANK_R][ 0 0 0 0 1.0625 0 0 0 0 0 0 0 0 0 0 0 ]
[CMD]00111011000110001000000000000000(MAC GRF_B[0], GRF_A[0], ODD_BANK, auto)
[SRF][0000000000000000000000000000000000000000000000000000000000000000000000000000000000000000000000000000000000000000000000000000000000000000000000000000000000000000000000000000000000000000000000000000000000000000000000000000000000000000000000000000000000000000]
[GRF_A][0][ 1.5 2.5 1.50781 2.50781 1.51562 2.51562 1.52344 2.52344 1.53125 2.53125 1.53906 2.53906 1.54688 2.54688 1.55469 2.55469 ]
[GRF_A][1][ 1.5625 2.5625 1.57031 2.57031 1.57812 2.57812 1.58594 2.58594 1.59375 2.59375 1.60156 2.60156 1.60938 2.60938 1.61719 2.61719 ]
[GRF_A][2][ 1.625 2.625 1.63281 2.63281 1.64062 2.64062 1.64844 2.64844 1.65625 2.65625 1.66406 2.66406 1.67188 2.67188 1.67969 2.67969 ]
[GRF_A][3][ 1.6875 2.6875 1.69531 2.69531 1.70312 2.70312 1.71094 2.71094 1.71875 2.71875 1.72656 2.72656 1.73438 2.73438 1.74219 2.74219 ]
[GRF_A][4][ 1.75 2.75 1.75781 2.75781 1.76562 2.76562 1.77344 2.77344 1.78125 2.78125 1.78906 2.78906 1.79688 2.79688 1.80469 2.80469 ]
[GRF_A][5][ 1.8125 2.8125 1.82031 2.82031 1.82812 2.82812 1.83594 2.83594 1.84375 2.84375 1.85156 2.85156 1.85938 2.85938 1.86719 2.86719 ]
[GRF_A][6][ 1.875 2.875 1.88281 2.88281 1.89062 2.89062 1.89844 2.89844 1.90625 2.90625 1.91406 2.91406 1.92188 2.92188 1.92969 2.92969 ]
[GRF_A][7][ 1.9375 2.9375 1.94531 2.94531 1.95312 2.95312 1.96094 2.96094 1.96875 2.96875 1.97656 2.97656 1.98438 2.98438 1.99219 2.99219 ]
[GRF_B][0][ 12.3438 0 0 0 0 0 0 0 0 0 0 0 0 0 0 0 ]
[GRF_B][1][ 0 22.3125 0 0 0 0 0 0 0 0 0 0 0 0 0 0 ]
[GRF_B][2][ 0 0 15.3594 0 0 0 0 0 0 0 0 0 0 0 0 0 ]
[GRF_B][3][ 0 0 0 27.3438 0 0 0 0 0 0 0 0 0 0 0 0 ]
[GRF_B][4][ 0 0 0 0 13.9531 0 0 0 0 0 0 0 0 0 0 0 ]
[GRF_B][5][ 0 0 0 0 0 9.66406 0 0 0 0 0 0 0 0 0 0 ]
[GRF_B][6][ 0 0 0 0 0 0 6.0625 0 0 0 0 0 0 0 0 0 ]
[GRF_B][7][ 0 0 0 0 0 0 0 11.9375 0 0 0 0 0 0 0 0 ]
[M_OUT][0000000000000000000000000000000000000000000000000000000000000000000000000000000000000000000000000000000000000000000000000000000000000000000000000000000000000000000000000000000000000000000000000000000000000000000000000000000000000000000000000000000000000000]
[A_OUT][0000000000000000000000000000000000000000000000000000000000000000000000000000000000000000000000000000000000000000000000000000000000000000000000000000000000000000000000000000000000000000000000000000000000000000000000000000000000000000000000000000000000000000]

----------
READ ch0 ra0 bg0 b1 r1 c6|| [2] MAC GRF_B[0], GRF_A[0], ODD_BANK, auto @ 3879
[BANK_R][ 0 0 0 0 1.125 0 0 0 0 0 0 0 0 0 0 0 ]
[CMD]00111011000110001000000000000000(MAC GRF_B[0], GRF_A[0], ODD_BANK, auto)
[SRF][0000000000000000000000000000000000000000000000000000000000000000000000000000000000000000000000000000000000000000000000000000000000000000000000000000000000000000000000000000000000000000000000000000000000000000000000000000000000000000000000000000000000000000]
[GRF_A][0][ 1.5 2.5 1.50781 2.50781 1.51562 2.51562 1.52344 2.52344 1.53125 2.53125 1.53906 2.53906 1.54688 2.54688 1.55469 2.55469 ]
[GRF_A][1][ 1.5625 2.5625 1.57031 2.57031 1.57812 2.57812 1.58594 2.58594 1.59375 2.59375 1.60156 2.60156 1.60938 2.60938 1.61719 2.61719 ]
[GRF_A][2][ 1.625 2.625 1.63281 2.63281 1.64062 2.64062 1.64844 2.64844 1.65625 2.65625 1.66406 2.66406 1.67188 2.67188 1.67969 2.67969 ]
[GRF_A][3][ 1.6875 2.6875 1.69531 2.69531 1.70312 2.70312 1.71094 2.71094 1.71875 2.71875 1.72656 2.72656 1.73438 2.73438 1.74219 2.74219 ]
[GRF_A][4][ 1.75 2.75 1.75781 2.75781 1.76562 2.76562 1.77344 2.77344 1.78125 2.78125 1.78906 2.78906 1.79688 2.79688 1.80469 2.80469 ]
[GRF_A][5][ 1.8125 2.8125 1.82031 2.82031 1.82812 2.82812 1.83594 2.83594 1.84375 2.84375 1.85156 2.85156 1.85938 2.85938 1.86719 2.86719 ]
[GRF_A][6][ 1.875 2.875 1.88281 2.88281 1.89062 2.89062 1.89844 2.89844 1.90625 2.90625 1.91406 2.91406 1.92188 2.92188 1.92969 2.92969 ]
[GRF_A][7][ 1.9375 2.9375 1.94531 2.94531 1.95312 2.95312 1.96094 2.96094 1.96875 2.96875 1.97656 2.97656 1.98438 2.98438 1.99219 2.99219 ]
[GRF_B][0][ 12.3438 0 0 0 0 0 0 0 0 0 0 0 0 0 0 0 ]
[GRF_B][1][ 0 22.3125 0 0 0 0 0 0 0 0 0 0 0 0 0 0 ]
[GRF_B][2][ 0 0 15.3594 0 0 0 0 0 0 0 0 0 0 0 0 0 ]
[GRF_B][3][ 0 0 0 27.3438 0 0 0 0 0 0 0 0 0 0 0 0 ]
[GRF_B][4][ 0 0 0 0 16.0781 0 0 0 0 0 0 0 0 0 0 0 ]
[GRF_B][5][ 0 0 0 0 0 9.66406 0 0 0 0 0 0 0 0 0 0 ]
[GRF_B][6][ 0 0 0 0 0 0 6.0625 0 0 0 0 0 0 0 0 0 ]
[GRF_B][7][ 0 0 0 0 0 0 0 11.9375 0 0 0 0 0 0 0 0 ]
[M_OUT][0000000000000000000000000000000000000000000000000000000000000000000000000000000000000000000000000000000000000000000000000000000000000000000000000000000000000000000000000000000000000000000000000000000000000000000000000000000000000000000000000000000000000000]
[A_OUT][0000000000000000000000000000000000000000000000000000000000000000000000000000000000000000000000000000000000000000000000000000000000000000000000000000000000000000000000000000000000000000000000000000000000000000000000000000000000000000000000000000000000000000]

----------
READ ch0 ra0 bg0 b1 r1 c7|| [2] MAC GRF_B[0], GRF_A[0], ODD_BANK, auto @ 3883
[BANK_R][ 0 0 0 0 1.1875 0 0 0 0 0 0 0 0 0 0 0 ]
[CMD]00111011000110001000000000000000(MAC GRF_B[0], GRF_A[0], ODD_BANK, auto)
[SRF][0000000000000000000000000000000000000000000000000000000000000000000000000000000000000000000000000000000000000000000000000000000000000000000000000000000000000000000000000000000000000000000000000000000000000000000000000000000000000000000000000000000000000000]
[GRF_A][0][ 1.5 2.5 1.50781 2.50781 1.51562 2.51562 1.52344 2.52344 1.53125 2.53125 1.53906 2.53906 1.54688 2.54688 1.55469 2.55469 ]
[GRF_A][1][ 1.5625 2.5625 1.57031 2.57031 1.57812 2.57812 1.58594 2.58594 1.59375 2.59375 1.60156 2.60156 1.60938 2.60938 1.61719 2.61719 ]
[GRF_A][2][ 1.625 2.625 1.63281 2.63281 1.64062 2.64062 1.64844 2.64844 1.65625 2.65625 1.66406 2.66406 1.67188 2.67188 1.67969 2.67969 ]
[GRF_A][3][ 1.6875 2.6875 1.69531 2.69531 1.70312 2.70312 1.71094 2.71094 1.71875 2.71875 1.72656 2.72656 1.73438 2.73438 1.74219 2.74219 ]
[GRF_A][4][ 1.75 2.75 1.75781 2.75781 1.76562 2.76562 1.77344 2.77344 1.78125 2.78125 1.78906 2.78906 1.79688 2.79688 1.80469 2.80469 ]
[GRF_A][5][ 1.8125 2.8125 1.82031 2.82031 1.82812 2.82812 1.83594 2.83594 1.84375 2.84375 1.85156 2.85156 1.85938 2.85938 1.86719 2.86719 ]
[GRF_A][6][ 1.875 2.875 1.88281 2.88281 1.89062 2.89062 1.89844 2.89844 1.90625 2.90625 1.91406 2.91406 1.92188 2.92188 1.92969 2.92969 ]
[GRF_A][7][ 1.9375 2.9375 1.94531 2.94531 1.95312 2.95312 1.96094 2.96094 1.96875 2.96875 1.97656 2.97656 1.98438 2.98438 1.99219 2.99219 ]
[GRF_B][0][ 12.3438 0 0 0 0 0 0 0 0 0 0 0 0 0 0 0 ]
[GRF_B][1][ 0 22.3125 0 0 0 0 0 0 0 0 0 0 0 0 0 0 ]
[GRF_B][2][ 0 0 15.3594 0 0 0 0 0 0 0 0 0 0 0 0 0 ]
[GRF_B][3][ 0 0 0 27.3438 0 0 0 0 0 0 0 0 0 0 0 0 ]
[GRF_B][4][ 0 0 0 0 18.4062 0 0 0 0 0 0 0 0 0 0 0 ]
[GRF_B][5][ 0 0 0 0 0 9.66406 0 0 0 0 0 0 0 0 0 0 ]
[GRF_B][6][ 0 0 0 0 0 0 6.0625 0 0 0 0 0 0 0 0 0 ]
[GRF_B][7][ 0 0 0 0 0 0 0 11.9375 0 0 0 0 0 0 0 0 ]
[M_OUT][0000000000000000000000000000000000000000000000000000000000000000000000000000000000000000000000000000000000000000000000000000000000000000000000000000000000000000000000000000000000000000000000000000000000000000000000000000000000000000000000000000000000000000]
[A_OUT][0000000000000000000000000000000000000000000000000000000000000000000000000000000000000000000000000000000000000000000000000000000000000000000000000000000000000000000000000000000000000000000000000000000000000000000000000000000000000000000000000000000000000000]

----------
READ ch0 ra0 bg0 b1 r1 c8|| [3] JUMP 7x [PC - 2] @ 3887
READ ch0 ra0 bg0 b1 r1 c8|| [2] MAC GRF_B[0], GRF_A[0], ODD_BANK, auto @ 3887
[BANK_R][ 0 0 0 0 0 0.8125 0 0 0 0 0 0 0 0 0 0 ]
[CMD]00111011000110001000000000000000(MAC GRF_B[0], GRF_A[0], ODD_BANK, auto)
[SRF][0000000000000000000000000000000000000000000000000000000000000000000000000000000000000000000000000000000000000000000000000000000000000000000000000000000000000000000000000000000000000000000000000000000000000000000000000000000000000000000000000000000000000000]
[GRF_A][0][ 1.5 2.5 1.50781 2.50781 1.51562 2.51562 1.52344 2.52344 1.53125 2.53125 1.53906 2.53906 1.54688 2.54688 1.55469 2.55469 ]
[GRF_A][1][ 1.5625 2.5625 1.57031 2.57031 1.57812 2.57812 1.58594 2.58594 1.59375 2.59375 1.60156 2.60156 1.60938 2.60938 1.61719 2.61719 ]
[GRF_A][2][ 1.625 2.625 1.63281 2.63281 1.64062 2.64062 1.64844 2.64844 1.65625 2.65625 1.66406 2.66406 1.67188 2.67188 1.67969 2.67969 ]
[GRF_A][3][ 1.6875 2.6875 1.69531 2.69531 1.70312 2.70312 1.71094 2.71094 1.71875 2.71875 1.72656 2.72656 1.73438 2.73438 1.74219 2.74219 ]
[GRF_A][4][ 1.75 2.75 1.75781 2.75781 1.76562 2.76562 1.77344 2.77344 1.78125 2.78125 1.78906 2.78906 1.79688 2.79688 1.80469 2.80469 ]
[GRF_A][5][ 1.8125 2.8125 1.82031 2.82031 1.82812 2.82812 1.83594 2.83594 1.84375 2.84375 1.85156 2.85156 1.85938 2.85938 1.86719 2.86719 ]
[GRF_A][6][ 1.875 2.875 1.88281 2.88281 1.89062 2.89062 1.89844 2.89844 1.90625 2.90625 1.91406 2.91406 1.92188 2.92188 1.92969 2.92969 ]
[GRF_A][7][ 1.9375 2.9375 1.94531 2.94531 1.95312 2.95312 1.96094 2.96094 1.96875 2.96875 1.97656 2.97656 1.98438 2.98438 1.99219 2.99219 ]
[GRF_B][0][ 12.3438 0 0 0 0 0 0 0 0 0 0 0 0 0 0 0 ]
[GRF_B][1][ 0 22.3125 0 0 0 0 0 0 0 0 0 0 0 0 0 0 ]
[GRF_B][2][ 0 0 15.3594 0 0 0 0 0 0 0 0 0 0 0 0 0 ]
[GRF_B][3][ 0 0 0 27.3438 0 0 0 0 0 0 0 0 0 0 0 0 ]
[GRF_B][4][ 0 0 0 0 18.4062 0 0 0 0 0 0 0 0 0 0 0 ]
[GRF_B][5][ 0 0 0 0 0 11.7031 0 0 0 0 0 0 0 0 0 0 ]
[GRF_B][6][ 0 0 0 0 0 0 6.0625 0 0 0 0 0 0 0 0 0 ]
[GRF_B][7][ 0 0 0 0 0 0 0 11.9375 0 0 0 0 0 0 0 0 ]
[M_OUT][0000000000000000000000000000000000000000000000000000000000000000000000000000000000000000000000000000000000000000000000000000000000000000000000000000000000000000000000000000000000000000000000000000000000000000000000000000000000000000000000000000000000000000]
[A_OUT][0000000000000000000000000000000000000000000000000000000000000000000000000000000000000000000000000000000000000000000000000000000000000000000000000000000000000000000000000000000000000000000000000000000000000000000000000000000000000000000000000000000000000000]

----------
READ ch0 ra0 bg0 b1 r1 c9|| [2] MAC GRF_B[0], GRF_A[0], ODD_BANK, auto @ 3891
[BANK_R][ 0 0 0 0 0 0.875 0 0 0 0 0 0 0 0 0 0 ]
[CMD]00111011000110001000000000000000(MAC GRF_B[0], GRF_A[0], ODD_BANK, auto)
[SRF][0000000000000000000000000000000000000000000000000000000000000000000000000000000000000000000000000000000000000000000000000000000000000000000000000000000000000000000000000000000000000000000000000000000000000000000000000000000000000000000000000000000000000000]
[GRF_A][0][ 1.5 2.5 1.50781 2.50781 1.51562 2.51562 1.52344 2.52344 1.53125 2.53125 1.53906 2.53906 1.54688 2.54688 1.55469 2.55469 ]
[GRF_A][1][ 1.5625 2.5625 1.57031 2.57031 1.57812 2.57812 1.58594 2.58594 1.59375 2.59375 1.60156 2.60156 1.60938 2.60938 1.61719 2.61719 ]
[GRF_A][2][ 1.625 2.625 1.63281 2.63281 1.64062 2.64062 1.64844 2.64844 1.65625 2.65625 1.66406 2.66406 1.67188 2.67188 1.67969 2.67969 ]
[GRF_A][3][ 1.6875 2.6875 1.69531 2.69531 1.70312 2.70312 1.71094 2.71094 1.71875 2.71875 1.72656 2.72656 1.73438 2.73438 1.74219 2.74219 ]
[GRF_A][4][ 1.75 2.75 1.75781 2.75781 1.76562 2.76562 1.77344 2.77344 1.78125 2.78125 1.78906 2.78906 1.79688 2.79688 1.80469 2.80469 ]
[GRF_A][5][ 1.8125 2.8125 1.82031 2.82031 1.82812 2.82812 1.83594 2.83594 1.84375 2.84375 1.85156 2.85156 1.85938 2.85938 1.86719 2.86719 ]
[GRF_A][6][ 1.875 2.875 1.88281 2.88281 1.89062 2.89062 1.89844 2.89844 1.90625 2.90625 1.91406 2.91406 1.92188 2.92188 1.92969 2.92969 ]
[GRF_A][7][ 1.9375 2.9375 1.94531 2.94531 1.95312 2.95312 1.96094 2.96094 1.96875 2.96875 1.97656 2.97656 1.98438 2.98438 1.99219 2.99219 ]
[GRF_B][0][ 12.3438 0 0 0 0 0 0 0 0 0 0 0 0 0 0 0 ]
[GRF_B][1][ 0 22.3125 0 0 0 0 0 0 0 0 0 0 0 0 0 0 ]
[GRF_B][2][ 0 0 15.3594 0 0 0 0 0 0 0 0 0 0 0 0 0 ]
[GRF_B][3][ 0 0 0 27.3438 0 0 0 0 0 0 0 0 0 0 0 0 ]
[GRF_B][4][ 0 0 0 0 18.4062 0 0 0 0 0 0 0 0 0 0 0 ]
[GRF_B][5][ 0 0 0 0 0 13.9609 0 0 0 0 0 0 0 0 0 0 ]
[GRF_B][6][ 0 0 0 0 0 0 6.0625 0 0 0 0 0 0 0 0 0 ]
[GRF_B][7][ 0 0 0 0 0 0 0 11.9375 0 0 0 0 0 0 0 0 ]
[M_OUT][0000000000000000000000000000000000000000000000000000000000000000000000000000000000000000000000000000000000000000000000000000000000000000000000000000000000000000000000000000000000000000000000000000000000000000000000000000000000000000000000000000000000000000]
[A_OUT][0000000000000000000000000000000000000000000000000000000000000000000000000000000000000000000000000000000000000000000000000000000000000000000000000000000000000000000000000000000000000000000000000000000000000000000000000000000000000000000000000000000000000000]

----------
READ ch0 ra0 bg0 b1 r1 c10|| [2] MAC GRF_B[0], GRF_A[0], ODD_BANK, auto @ 3895
[BANK_R][ 0 0 0 0 0 0.9375 0 0 0 0 0 0 0 0 0 0 ]
[CMD]00111011000110001000000000000000(MAC GRF_B[0], GRF_A[0], ODD_BANK, auto)
[SRF][0000000000000000000000000000000000000000000000000000000000000000000000000000000000000000000000000000000000000000000000000000000000000000000000000000000000000000000000000000000000000000000000000000000000000000000000000000000000000000000000000000000000000000]
[GRF_A][0][ 1.5 2.5 1.50781 2.50781 1.51562 2.51562 1.52344 2.52344 1.53125 2.53125 1.53906 2.53906 1.54688 2.54688 1.55469 2.55469 ]
[GRF_A][1][ 1.5625 2.5625 1.57031 2.57031 1.57812 2.57812 1.58594 2.58594 1.59375 2.59375 1.60156 2.60156 1.60938 2.60938 1.61719 2.61719 ]
[GRF_A][2][ 1.625 2.625 1.63281 2.63281 1.64062 2.64062 1.64844 2.64844 1.65625 2.65625 1.66406 2.66406 1.67188 2.67188 1.67969 2.67969 ]
[GRF_A][3][ 1.6875 2.6875 1.69531 2.69531 1.70312 2.70312 1.71094 2.71094 1.71875 2.71875 1.72656 2.72656 1.73438 2.73438 1.74219 2.74219 ]
[GRF_A][4][ 1.75 2.75 1.75781 2.75781 1.76562 2.76562 1.77344 2.77344 1.78125 2.78125 1.78906 2.78906 1.79688 2.79688 1.80469 2.80469 ]
[GRF_A][5][ 1.8125 2.8125 1.82031 2.82031 1.82812 2.82812 1.83594 2.83594 1.84375 2.84375 1.85156 2.85156 1.85938 2.85938 1.86719 2.86719 ]
[GRF_A][6][ 1.875 2.875 1.88281 2.88281 1.89062 2.89062 1.89844 2.89844 1.90625 2.90625 1.91406 2.91406 1.92188 2.92188 1.92969 2.92969 ]
[GRF_A][7][ 1.9375 2.9375 1.94531 2.94531 1.95312 2.95312 1.96094 2.96094 1.96875 2.96875 1.97656 2.97656 1.98438 2.98438 1.99219 2.99219 ]
[GRF_B][0][ 12.3438 0 0 0 0 0 0 0 0 0 0 0 0 0 0 0 ]
[GRF_B][1][ 0 22.3125 0 0 0 0 0 0 0 0 0 0 0 0 0 0 ]
[GRF_B][2][ 0 0 15.3594 0 0 0 0 0 0 0 0 0 0 0 0 0 ]
[GRF_B][3][ 0 0 0 27.3438 0 0 0 0 0 0 0 0 0 0 0 0 ]
[GRF_B][4][ 0 0 0 0 18.4062 0 0 0 0 0 0 0 0 0 0 0 ]
[GRF_B][5][ 0 0 0 0 0 16.4375 0 0 0 0 0 0 0 0 0 0 ]
[GRF_B][6][ 0 0 0 0 0 0 6.0625 0 0 0 0 0 0 0 0 0 ]
[GRF_B][7][ 0 0 0 0 0 0 0 11.9375 0 0 0 0 0 0 0 0 ]
[M_OUT][0000000000000000000000000000000000000000000000000000000000000000000000000000000000000000000000000000000000000000000000000000000000000000000000000000000000000000000000000000000000000000000000000000000000000000000000000000000000000000000000000000000000000000]
[A_OUT][0000000000000000000000000000000000000000000000000000000000000000000000000000000000000000000000000000000000000000000000000000000000000000000000000000000000000000000000000000000000000000000000000000000000000000000000000000000000000000000000000000000000000000]

----------
READ ch0 ra0 bg0 b1 r1 c11|| [2] MAC GRF_B[0], GRF_A[0], ODD_BANK, auto @ 3899
[BANK_R][ 0 0 0 0 0 1 0 0 0 0 0 0 0 0 0 0 ]
[CMD]00111011000110001000000000000000(MAC GRF_B[0], GRF_A[0], ODD_BANK, auto)
[SRF][0000000000000000000000000000000000000000000000000000000000000000000000000000000000000000000000000000000000000000000000000000000000000000000000000000000000000000000000000000000000000000000000000000000000000000000000000000000000000000000000000000000000000000]
[GRF_A][0][ 1.5 2.5 1.50781 2.50781 1.51562 2.51562 1.52344 2.52344 1.53125 2.53125 1.53906 2.53906 1.54688 2.54688 1.55469 2.55469 ]
[GRF_A][1][ 1.5625 2.5625 1.57031 2.57031 1.57812 2.57812 1.58594 2.58594 1.59375 2.59375 1.60156 2.60156 1.60938 2.60938 1.61719 2.61719 ]
[GRF_A][2][ 1.625 2.625 1.63281 2.63281 1.64062 2.64062 1.64844 2.64844 1.65625 2.65625 1.66406 2.66406 1.67188 2.67188 1.67969 2.67969 ]
[GRF_A][3][ 1.6875 2.6875 1.69531 2.69531 1.70312 2.70312 1.71094 2.71094 1.71875 2.71875 1.72656 2.72656 1.73438 2.73438 1.74219 2.74219 ]
[GRF_A][4][ 1.75 2.75 1.75781 2.75781 1.76562 2.76562 1.77344 2.77344 1.78125 2.78125 1.78906 2.78906 1.79688 2.79688 1.80469 2.80469 ]
[GRF_A][5][ 1.8125 2.8125 1.82031 2.82031 1.82812 2.82812 1.83594 2.83594 1.84375 2.84375 1.85156 2.85156 1.85938 2.85938 1.86719 2.86719 ]
[GRF_A][6][ 1.875 2.875 1.88281 2.88281 1.89062 2.89062 1.89844 2.89844 1.90625 2.90625 1.91406 2.91406 1.92188 2.92188 1.92969 2.92969 ]
[GRF_A][7][ 1.9375 2.9375 1.94531 2.94531 1.95312 2.95312 1.96094 2.96094 1.96875 2.96875 1.97656 2.97656 1.98438 2.98438 1.99219 2.99219 ]
[GRF_B][0][ 12.3438 0 0 0 0 0 0 0 0 0 0 0 0 0 0 0 ]
[GRF_B][1][ 0 22.3125 0 0 0 0 0 0 0 0 0 0 0 0 0 0 ]
[GRF_B][2][ 0 0 15.3594 0 0 0 0 0 0 0 0 0 0 0 0 0 ]
[GRF_B][3][ 0 0 0 27.3438 0 0 0 0 0 0 0 0 0 0 0 0 ]
[GRF_B][4][ 0 0 0 0 18.4062 0 0 0 0 0 0 0 0 0 0 0 ]
[GRF_B][5][ 0 0 0 0 0 19.1406 0 0 0 0 0 0 0 0 0 0 ]
[GRF_B][6][ 0 0 0 0 0 0 6.0625 0 0 0 0 0 0 0 0 0 ]
[GRF_B][7][ 0 0 0 0 0 0 0 11.9375 0 0 0 0 0 0 0 0 ]
[M_OUT][0000000000000000000000000000000000000000000000000000000000000000000000000000000000000000000000000000000000000000000000000000000000000000000000000000000000000000000000000000000000000000000000000000000000000000000000000000000000000000000000000000000000000000]
[A_OUT][0000000000000000000000000000000000000000000000000000000000000000000000000000000000000000000000000000000000000000000000000000000000000000000000000000000000000000000000000000000000000000000000000000000000000000000000000000000000000000000000000000000000000000]

----------
REF ch[0] ra[1] @3901
READ ch0 ra0 bg0 b1 r1 c12|| [2] MAC GRF_B[0], GRF_A[0], ODD_BANK, auto @ 3903
[BANK_R][ 0 0 0 0 0 1.0625 0 0 0 0 0 0 0 0 0 0 ]
[CMD]00111011000110001000000000000000(MAC GRF_B[0], GRF_A[0], ODD_BANK, auto)
[SRF][0000000000000000000000000000000000000000000000000000000000000000000000000000000000000000000000000000000000000000000000000000000000000000000000000000000000000000000000000000000000000000000000000000000000000000000000000000000000000000000000000000000000000000]
[GRF_A][0][ 1.5 2.5 1.50781 2.50781 1.51562 2.51562 1.52344 2.52344 1.53125 2.53125 1.53906 2.53906 1.54688 2.54688 1.55469 2.55469 ]
[GRF_A][1][ 1.5625 2.5625 1.57031 2.57031 1.57812 2.57812 1.58594 2.58594 1.59375 2.59375 1.60156 2.60156 1.60938 2.60938 1.61719 2.61719 ]
[GRF_A][2][ 1.625 2.625 1.63281 2.63281 1.64062 2.64062 1.64844 2.64844 1.65625 2.65625 1.66406 2.66406 1.67188 2.67188 1.67969 2.67969 ]
[GRF_A][3][ 1.6875 2.6875 1.69531 2.69531 1.70312 2.70312 1.71094 2.71094 1.71875 2.71875 1.72656 2.72656 1.73438 2.73438 1.74219 2.74219 ]
[GRF_A][4][ 1.75 2.75 1.75781 2.75781 1.76562 2.76562 1.77344 2.77344 1.78125 2.78125 1.78906 2.78906 1.79688 2.79688 1.80469 2.80469 ]
[GRF_A][5][ 1.8125 2.8125 1.82031 2.82031 1.82812 2.82812 1.83594 2.83594 1.84375 2.84375 1.85156 2.85156 1.85938 2.85938 1.86719 2.86719 ]
[GRF_A][6][ 1.875 2.875 1.88281 2.88281 1.89062 2.89062 1.89844 2.89844 1.90625 2.90625 1.91406 2.91406 1.92188 2.92188 1.92969 2.92969 ]
[GRF_A][7][ 1.9375 2.9375 1.94531 2.94531 1.95312 2.95312 1.96094 2.96094 1.96875 2.96875 1.97656 2.97656 1.98438 2.98438 1.99219 2.99219 ]
[GRF_B][0][ 12.3438 0 0 0 0 0 0 0 0 0 0 0 0 0 0 0 ]
[GRF_B][1][ 0 22.3125 0 0 0 0 0 0 0 0 0 0 0 0 0 0 ]
[GRF_B][2][ 0 0 15.3594 0 0 0 0 0 0 0 0 0 0 0 0 0 ]
[GRF_B][3][ 0 0 0 27.3438 0 0 0 0 0 0 0 0 0 0 0 0 ]
[GRF_B][4][ 0 0 0 0 18.4062 0 0 0 0 0 0 0 0 0 0 0 ]
[GRF_B][5][ 0 0 0 0 0 22.0781 0 0 0 0 0 0 0 0 0 0 ]
[GRF_B][6][ 0 0 0 0 0 0 6.0625 0 0 0 0 0 0 0 0 0 ]
[GRF_B][7][ 0 0 0 0 0 0 0 11.9375 0 0 0 0 0 0 0 0 ]
[M_OUT][0000000000000000000000000000000000000000000000000000000000000000000000000000000000000000000000000000000000000000000000000000000000000000000000000000000000000000000000000000000000000000000000000000000000000000000000000000000000000000000000000000000000000000]
[A_OUT][0000000000000000000000000000000000000000000000000000000000000000000000000000000000000000000000000000000000000000000000000000000000000000000000000000000000000000000000000000000000000000000000000000000000000000000000000000000000000000000000000000000000000000]

----------
READ ch0 ra0 bg0 b1 r1 c13|| [2] MAC GRF_B[0], GRF_A[0], ODD_BANK, auto @ 3907
[BANK_R][ 0 0 0 0 0 1.125 0 0 0 0 0 0 0 0 0 0 ]
[CMD]00111011000110001000000000000000(MAC GRF_B[0], GRF_A[0], ODD_BANK, auto)
[SRF][0000000000000000000000000000000000000000000000000000000000000000000000000000000000000000000000000000000000000000000000000000000000000000000000000000000000000000000000000000000000000000000000000000000000000000000000000000000000000000000000000000000000000000]
[GRF_A][0][ 1.5 2.5 1.50781 2.50781 1.51562 2.51562 1.52344 2.52344 1.53125 2.53125 1.53906 2.53906 1.54688 2.54688 1.55469 2.55469 ]
[GRF_A][1][ 1.5625 2.5625 1.57031 2.57031 1.57812 2.57812 1.58594 2.58594 1.59375 2.59375 1.60156 2.60156 1.60938 2.60938 1.61719 2.61719 ]
[GRF_A][2][ 1.625 2.625 1.63281 2.63281 1.64062 2.64062 1.64844 2.64844 1.65625 2.65625 1.66406 2.66406 1.67188 2.67188 1.67969 2.67969 ]
[GRF_A][3][ 1.6875 2.6875 1.69531 2.69531 1.70312 2.70312 1.71094 2.71094 1.71875 2.71875 1.72656 2.72656 1.73438 2.73438 1.74219 2.74219 ]
[GRF_A][4][ 1.75 2.75 1.75781 2.75781 1.76562 2.76562 1.77344 2.77344 1.78125 2.78125 1.78906 2.78906 1.79688 2.79688 1.80469 2.80469 ]
[GRF_A][5][ 1.8125 2.8125 1.82031 2.82031 1.82812 2.82812 1.83594 2.83594 1.84375 2.84375 1.85156 2.85156 1.85938 2.85938 1.86719 2.86719 ]
[GRF_A][6][ 1.875 2.875 1.88281 2.88281 1.89062 2.89062 1.89844 2.89844 1.90625 2.90625 1.91406 2.91406 1.92188 2.92188 1.92969 2.92969 ]
[GRF_A][7][ 1.9375 2.9375 1.94531 2.94531 1.95312 2.95312 1.96094 2.96094 1.96875 2.96875 1.97656 2.97656 1.98438 2.98438 1.99219 2.99219 ]
[GRF_B][0][ 12.3438 0 0 0 0 0 0 0 0 0 0 0 0 0 0 0 ]
[GRF_B][1][ 0 22.3125 0 0 0 0 0 0 0 0 0 0 0 0 0 0 ]
[GRF_B][2][ 0 0 15.3594 0 0 0 0 0 0 0 0 0 0 0 0 0 ]
[GRF_B][3][ 0 0 0 27.3438 0 0 0 0 0 0 0 0 0 0 0 0 ]
[GRF_B][4][ 0 0 0 0 18.4062 0 0 0 0 0 0 0 0 0 0 0 ]
[GRF_B][5][ 0 0 0 0 0 25.2656 0 0 0 0 0 0 0 0 0 0 ]
[GRF_B][6][ 0 0 0 0 0 0 6.0625 0 0 0 0 0 0 0 0 0 ]
[GRF_B][7][ 0 0 0 0 0 0 0 11.9375 0 0 0 0 0 0 0 0 ]
[M_OUT][0000000000000000000000000000000000000000000000000000000000000000000000000000000000000000000000000000000000000000000000000000000000000000000000000000000000000000000000000000000000000000000000000000000000000000000000000000000000000000000000000000000000000000]
[A_OUT][0000000000000000000000000000000000000000000000000000000000000000000000000000000000000000000000000000000000000000000000000000000000000000000000000000000000000000000000000000000000000000000000000000000000000000000000000000000000000000000000000000000000000000]

----------
READ ch0 ra0 bg0 b1 r1 c14|| [2] MAC GRF_B[0], GRF_A[0], ODD_BANK, auto @ 3911
[BANK_R][ 0 0 0 0 0 1.1875 0 0 0 0 0 0 0 0 0 0 ]
[CMD]00111011000110001000000000000000(MAC GRF_B[0], GRF_A[0], ODD_BANK, auto)
[SRF][0000000000000000000000000000000000000000000000000000000000000000000000000000000000000000000000000000000000000000000000000000000000000000000000000000000000000000000000000000000000000000000000000000000000000000000000000000000000000000000000000000000000000000]
[GRF_A][0][ 1.5 2.5 1.50781 2.50781 1.51562 2.51562 1.52344 2.52344 1.53125 2.53125 1.53906 2.53906 1.54688 2.54688 1.55469 2.55469 ]
[GRF_A][1][ 1.5625 2.5625 1.57031 2.57031 1.57812 2.57812 1.58594 2.58594 1.59375 2.59375 1.60156 2.60156 1.60938 2.60938 1.61719 2.61719 ]
[GRF_A][2][ 1.625 2.625 1.63281 2.63281 1.64062 2.64062 1.64844 2.64844 1.65625 2.65625 1.66406 2.66406 1.67188 2.67188 1.67969 2.67969 ]
[GRF_A][3][ 1.6875 2.6875 1.69531 2.69531 1.70312 2.70312 1.71094 2.71094 1.71875 2.71875 1.72656 2.72656 1.73438 2.73438 1.74219 2.74219 ]
[GRF_A][4][ 1.75 2.75 1.75781 2.75781 1.76562 2.76562 1.77344 2.77344 1.78125 2.78125 1.78906 2.78906 1.79688 2.79688 1.80469 2.80469 ]
[GRF_A][5][ 1.8125 2.8125 1.82031 2.82031 1.82812 2.82812 1.83594 2.83594 1.84375 2.84375 1.85156 2.85156 1.85938 2.85938 1.86719 2.86719 ]
[GRF_A][6][ 1.875 2.875 1.88281 2.88281 1.89062 2.89062 1.89844 2.89844 1.90625 2.90625 1.91406 2.91406 1.92188 2.92188 1.92969 2.92969 ]
[GRF_A][7][ 1.9375 2.9375 1.94531 2.94531 1.95312 2.95312 1.96094 2.96094 1.96875 2.96875 1.97656 2.97656 1.98438 2.98438 1.99219 2.99219 ]
[GRF_B][0][ 12.3438 0 0 0 0 0 0 0 0 0 0 0 0 0 0 0 ]
[GRF_B][1][ 0 22.3125 0 0 0 0 0 0 0 0 0 0 0 0 0 0 ]
[GRF_B][2][ 0 0 15.3594 0 0 0 0 0 0 0 0 0 0 0 0 0 ]
[GRF_B][3][ 0 0 0 27.3438 0 0 0 0 0 0 0 0 0 0 0 0 ]
[GRF_B][4][ 0 0 0 0 18.4062 0 0 0 0 0 0 0 0 0 0 0 ]
[GRF_B][5][ 0 0 0 0 0 28.7031 0 0 0 0 0 0 0 0 0 0 ]
[GRF_B][6][ 0 0 0 0 0 0 6.0625 0 0 0 0 0 0 0 0 0 ]
[GRF_B][7][ 0 0 0 0 0 0 0 11.9375 0 0 0 0 0 0 0 0 ]
[M_OUT][0000000000000000000000000000000000000000000000000000000000000000000000000000000000000000000000000000000000000000000000000000000000000000000000000000000000000000000000000000000000000000000000000000000000000000000000000000000000000000000000000000000000000000]
[A_OUT][0000000000000000000000000000000000000000000000000000000000000000000000000000000000000000000000000000000000000000000000000000000000000000000000000000000000000000000000000000000000000000000000000000000000000000000000000000000000000000000000000000000000000000]

----------
READ ch0 ra0 bg0 b1 r1 c15|| [2] MAC GRF_B[0], GRF_A[0], ODD_BANK, auto @ 3915
[BANK_R][ 0 0 0 0 0 1.25 0 0 0 0 0 0 0 0 0 0 ]
[CMD]00111011000110001000000000000000(MAC GRF_B[0], GRF_A[0], ODD_BANK, auto)
[SRF][0000000000000000000000000000000000000000000000000000000000000000000000000000000000000000000000000000000000000000000000000000000000000000000000000000000000000000000000000000000000000000000000000000000000000000000000000000000000000000000000000000000000000000]
[GRF_A][0][ 1.5 2.5 1.50781 2.50781 1.51562 2.51562 1.52344 2.52344 1.53125 2.53125 1.53906 2.53906 1.54688 2.54688 1.55469 2.55469 ]
[GRF_A][1][ 1.5625 2.5625 1.57031 2.57031 1.57812 2.57812 1.58594 2.58594 1.59375 2.59375 1.60156 2.60156 1.60938 2.60938 1.61719 2.61719 ]
[GRF_A][2][ 1.625 2.625 1.63281 2.63281 1.64062 2.64062 1.64844 2.64844 1.65625 2.65625 1.66406 2.66406 1.67188 2.67188 1.67969 2.67969 ]
[GRF_A][3][ 1.6875 2.6875 1.69531 2.69531 1.70312 2.70312 1.71094 2.71094 1.71875 2.71875 1.72656 2.72656 1.73438 2.73438 1.74219 2.74219 ]
[GRF_A][4][ 1.75 2.75 1.75781 2.75781 1.76562 2.76562 1.77344 2.77344 1.78125 2.78125 1.78906 2.78906 1.79688 2.79688 1.80469 2.80469 ]
[GRF_A][5][ 1.8125 2.8125 1.82031 2.82031 1.82812 2.82812 1.83594 2.83594 1.84375 2.84375 1.85156 2.85156 1.85938 2.85938 1.86719 2.86719 ]
[GRF_A][6][ 1.875 2.875 1.88281 2.88281 1.89062 2.89062 1.89844 2.89844 1.90625 2.90625 1.91406 2.91406 1.92188 2.92188 1.92969 2.92969 ]
[GRF_A][7][ 1.9375 2.9375 1.94531 2.94531 1.95312 2.95312 1.96094 2.96094 1.96875 2.96875 1.97656 2.97656 1.98438 2.98438 1.99219 2.99219 ]
[GRF_B][0][ 12.3438 0 0 0 0 0 0 0 0 0 0 0 0 0 0 0 ]
[GRF_B][1][ 0 22.3125 0 0 0 0 0 0 0 0 0 0 0 0 0 0 ]
[GRF_B][2][ 0 0 15.3594 0 0 0 0 0 0 0 0 0 0 0 0 0 ]
[GRF_B][3][ 0 0 0 27.3438 0 0 0 0 0 0 0 0 0 0 0 0 ]
[GRF_B][4][ 0 0 0 0 18.4062 0 0 0 0 0 0 0 0 0 0 0 ]
[GRF_B][5][ 0 0 0 0 0 32.4062 0 0 0 0 0 0 0 0 0 0 ]
[GRF_B][6][ 0 0 0 0 0 0 6.0625 0 0 0 0 0 0 0 0 0 ]
[GRF_B][7][ 0 0 0 0 0 0 0 11.9375 0 0 0 0 0 0 0 0 ]
[M_OUT][0000000000000000000000000000000000000000000000000000000000000000000000000000000000000000000000000000000000000000000000000000000000000000000000000000000000000000000000000000000000000000000000000000000000000000000000000000000000000000000000000000000000000000]
[A_OUT][0000000000000000000000000000000000000000000000000000000000000000000000000000000000000000000000000000000000000000000000000000000000000000000000000000000000000000000000000000000000000000000000000000000000000000000000000000000000000000000000000000000000000000]

----------
READ ch0 ra0 bg0 b1 r1 c16|| [3] JUMP 7x [PC - 2] @ 3919
READ ch0 ra0 bg0 b1 r1 c16|| [2] MAC GRF_B[0], GRF_A[0], ODD_BANK, auto @ 3919
[BANK_R][ 0 0 0 0 0 0 0.875 0 0 0 0 0 0 0 0 0 ]
[CMD]00111011000110001000000000000000(MAC GRF_B[0], GRF_A[0], ODD_BANK, auto)
[SRF][0000000000000000000000000000000000000000000000000000000000000000000000000000000000000000000000000000000000000000000000000000000000000000000000000000000000000000000000000000000000000000000000000000000000000000000000000000000000000000000000000000000000000000]
[GRF_A][0][ 1.5 2.5 1.50781 2.50781 1.51562 2.51562 1.52344 2.52344 1.53125 2.53125 1.53906 2.53906 1.54688 2.54688 1.55469 2.55469 ]
[GRF_A][1][ 1.5625 2.5625 1.57031 2.57031 1.57812 2.57812 1.58594 2.58594 1.59375 2.59375 1.60156 2.60156 1.60938 2.60938 1.61719 2.61719 ]
[GRF_A][2][ 1.625 2.625 1.63281 2.63281 1.64062 2.64062 1.64844 2.64844 1.65625 2.65625 1.66406 2.66406 1.67188 2.67188 1.67969 2.67969 ]
[GRF_A][3][ 1.6875 2.6875 1.69531 2.69531 1.70312 2.70312 1.71094 2.71094 1.71875 2.71875 1.72656 2.72656 1.73438 2.73438 1.74219 2.74219 ]
[GRF_A][4][ 1.75 2.75 1.75781 2.75781 1.76562 2.76562 1.77344 2.77344 1.78125 2.78125 1.78906 2.78906 1.79688 2.79688 1.80469 2.80469 ]
[GRF_A][5][ 1.8125 2.8125 1.82031 2.82031 1.82812 2.82812 1.83594 2.83594 1.84375 2.84375 1.85156 2.85156 1.85938 2.85938 1.86719 2.86719 ]
[GRF_A][6][ 1.875 2.875 1.88281 2.88281 1.89062 2.89062 1.89844 2.89844 1.90625 2.90625 1.91406 2.91406 1.92188 2.92188 1.92969 2.92969 ]
[GRF_A][7][ 1.9375 2.9375 1.94531 2.94531 1.95312 2.95312 1.96094 2.96094 1.96875 2.96875 1.97656 2.97656 1.98438 2.98438 1.99219 2.99219 ]
[GRF_B][0][ 12.3438 0 0 0 0 0 0 0 0 0 0 0 0 0 0 0 ]
[GRF_B][1][ 0 22.3125 0 0 0 0 0 0 0 0 0 0 0 0 0 0 ]
[GRF_B][2][ 0 0 15.3594 0 0 0 0 0 0 0 0 0 0 0 0 0 ]
[GRF_B][3][ 0 0 0 27.3438 0 0 0 0 0 0 0 0 0 0 0 0 ]
[GRF_B][4][ 0 0 0 0 18.4062 0 0 0 0 0 0 0 0 0 0 0 ]
[GRF_B][5][ 0 0 0 0 0 32.4062 0 0 0 0 0 0 0 0 0 0 ]
[GRF_B][6][ 0 0 0 0 0 0 7.39453 0 0 0 0 0 0 0 0 0 ]
[GRF_B][7][ 0 0 0 0 0 0 0 11.9375 0 0 0 0 0 0 0 0 ]
[M_OUT][0000000000000000000000000000000000000000000000000000000000000000000000000000000000000000000000000000000000000000000000000000000000000000000000000000000000000000000000000000000000000000000000000000000000000000000000000000000000000000000000000000000000000000]
[A_OUT][0000000000000000000000000000000000000000000000000000000000000000000000000000000000000000000000000000000000000000000000000000000000000000000000000000000000000000000000000000000000000000000000000000000000000000000000000000000000000000000000000000000000000000]

----------
READ ch0 ra0 bg0 b1 r1 c17|| [2] MAC GRF_B[0], GRF_A[0], ODD_BANK, auto @ 3923
[BANK_R][ 0 0 0 0 0 0 0.9375 0 0 0 0 0 0 0 0 0 ]
[CMD]00111011000110001000000000000000(MAC GRF_B[0], GRF_A[0], ODD_BANK, auto)
[SRF][0000000000000000000000000000000000000000000000000000000000000000000000000000000000000000000000000000000000000000000000000000000000000000000000000000000000000000000000000000000000000000000000000000000000000000000000000000000000000000000000000000000000000000]
[GRF_A][0][ 1.5 2.5 1.50781 2.50781 1.51562 2.51562 1.52344 2.52344 1.53125 2.53125 1.53906 2.53906 1.54688 2.54688 1.55469 2.55469 ]
[GRF_A][1][ 1.5625 2.5625 1.57031 2.57031 1.57812 2.57812 1.58594 2.58594 1.59375 2.59375 1.60156 2.60156 1.60938 2.60938 1.61719 2.61719 ]
[GRF_A][2][ 1.625 2.625 1.63281 2.63281 1.64062 2.64062 1.64844 2.64844 1.65625 2.65625 1.66406 2.66406 1.67188 2.67188 1.67969 2.67969 ]
[GRF_A][3][ 1.6875 2.6875 1.69531 2.69531 1.70312 2.70312 1.71094 2.71094 1.71875 2.71875 1.72656 2.72656 1.73438 2.73438 1.74219 2.74219 ]
[GRF_A][4][ 1.75 2.75 1.75781 2.75781 1.76562 2.76562 1.77344 2.77344 1.78125 2.78125 1.78906 2.78906 1.79688 2.79688 1.80469 2.80469 ]
[GRF_A][5][ 1.8125 2.8125 1.82031 2.82031 1.82812 2.82812 1.83594 2.83594 1.84375 2.84375 1.85156 2.85156 1.85938 2.85938 1.86719 2.86719 ]
[GRF_A][6][ 1.875 2.875 1.88281 2.88281 1.89062 2.89062 1.89844 2.89844 1.90625 2.90625 1.91406 2.91406 1.92188 2.92188 1.92969 2.92969 ]
[GRF_A][7][ 1.9375 2.9375 1.94531 2.94531 1.95312 2.95312 1.96094 2.96094 1.96875 2.96875 1.97656 2.97656 1.98438 2.98438 1.99219 2.99219 ]
[GRF_B][0][ 12.3438 0 0 0 0 0 0 0 0 0 0 0 0 0 0 0 ]
[GRF_B][1][ 0 22.3125 0 0 0 0 0 0 0 0 0 0 0 0 0 0 ]
[GRF_B][2][ 0 0 15.3594 0 0 0 0 0 0 0 0 0 0 0 0 0 ]
[GRF_B][3][ 0 0 0 27.3438 0 0 0 0 0 0 0 0 0 0 0 0 ]
[GRF_B][4][ 0 0 0 0 18.4062 0 0 0 0 0 0 0 0 0 0 0 ]
[GRF_B][5][ 0 0 0 0 0 32.4062 0 0 0 0 0 0 0 0 0 0 ]
[GRF_B][6][ 0 0 0 0 0 0 8.88281 0 0 0 0 0 0 0 0 0 ]
[GRF_B][7][ 0 0 0 0 0 0 0 11.9375 0 0 0 0 0 0 0 0 ]
[M_OUT][0000000000000000000000000000000000000000000000000000000000000000000000000000000000000000000000000000000000000000000000000000000000000000000000000000000000000000000000000000000000000000000000000000000000000000000000000000000000000000000000000000000000000000]
[A_OUT][0000000000000000000000000000000000000000000000000000000000000000000000000000000000000000000000000000000000000000000000000000000000000000000000000000000000000000000000000000000000000000000000000000000000000000000000000000000000000000000000000000000000000000]

----------
READ ch0 ra0 bg0 b1 r1 c18|| [2] MAC GRF_B[0], GRF_A[0], ODD_BANK, auto @ 3927
[BANK_R][ 0 0 0 0 0 0 1 0 0 0 0 0 0 0 0 0 ]
[CMD]00111011000110001000000000000000(MAC GRF_B[0], GRF_A[0], ODD_BANK, auto)
[SRF][0000000000000000000000000000000000000000000000000000000000000000000000000000000000000000000000000000000000000000000000000000000000000000000000000000000000000000000000000000000000000000000000000000000000000000000000000000000000000000000000000000000000000000]
[GRF_A][0][ 1.5 2.5 1.50781 2.50781 1.51562 2.51562 1.52344 2.52344 1.53125 2.53125 1.53906 2.53906 1.54688 2.54688 1.55469 2.55469 ]
[GRF_A][1][ 1.5625 2.5625 1.57031 2.57031 1.57812 2.57812 1.58594 2.58594 1.59375 2.59375 1.60156 2.60156 1.60938 2.60938 1.61719 2.61719 ]
[GRF_A][2][ 1.625 2.625 1.63281 2.63281 1.64062 2.64062 1.64844 2.64844 1.65625 2.65625 1.66406 2.66406 1.67188 2.67188 1.67969 2.67969 ]
[GRF_A][3][ 1.6875 2.6875 1.69531 2.69531 1.70312 2.70312 1.71094 2.71094 1.71875 2.71875 1.72656 2.72656 1.73438 2.73438 1.74219 2.74219 ]
[GRF_A][4][ 1.75 2.75 1.75781 2.75781 1.76562 2.76562 1.77344 2.77344 1.78125 2.78125 1.78906 2.78906 1.79688 2.79688 1.80469 2.80469 ]
[GRF_A][5][ 1.8125 2.8125 1.82031 2.82031 1.82812 2.82812 1.83594 2.83594 1.84375 2.84375 1.85156 2.85156 1.85938 2.85938 1.86719 2.86719 ]
[GRF_A][6][ 1.875 2.875 1.88281 2.88281 1.89062 2.89062 1.89844 2.89844 1.90625 2.90625 1.91406 2.91406 1.92188 2.92188 1.92969 2.92969 ]
[GRF_A][7][ 1.9375 2.9375 1.94531 2.94531 1.95312 2.95312 1.96094 2.96094 1.96875 2.96875 1.97656 2.97656 1.98438 2.98438 1.99219 2.99219 ]
[GRF_B][0][ 12.3438 0 0 0 0 0 0 0 0 0 0 0 0 0 0 0 ]
[GRF_B][1][ 0 22.3125 0 0 0 0 0 0 0 0 0 0 0 0 0 0 ]
[GRF_B][2][ 0 0 15.3594 0 0 0 0 0 0 0 0 0 0 0 0 0 ]
[GRF_B][3][ 0 0 0 27.3438 0 0 0 0 0 0 0 0 0 0 0 0 ]
[GRF_B][4][ 0 0 0 0 18.4062 0 0 0 0 0 0 0 0 0 0 0 ]
[GRF_B][5][ 0 0 0 0 0 32.4062 0 0 0 0 0 0 0 0 0 0 ]
[GRF_B][6][ 0 0 0 0 0 0 10.5312 0 0 0 0 0 0 0 0 0 ]
[GRF_B][7][ 0 0 0 0 0 0 0 11.9375 0 0 0 0 0 0 0 0 ]
[M_OUT][0000000000000000000000000000000000000000000000000000000000000000000000000000000000000000000000000000000000000000000000000000000000000000000000000000000000000000000000000000000000000000000000000000000000000000000000000000000000000000000000000000000000000000]
[A_OUT][0000000000000000000000000000000000000000000000000000000000000000000000000000000000000000000000000000000000000000000000000000000000000000000000000000000000000000000000000000000000000000000000000000000000000000000000000000000000000000000000000000000000000000]

----------
READ ch0 ra0 bg0 b1 r1 c19|| [2] MAC GRF_B[0], GRF_A[0], ODD_BANK, auto @ 3931
[BANK_R][ 0 0 0 0 0 0 1.0625 0 0 0 0 0 0 0 0 0 ]
[CMD]00111011000110001000000000000000(MAC GRF_B[0], GRF_A[0], ODD_BANK, auto)
[SRF][0000000000000000000000000000000000000000000000000000000000000000000000000000000000000000000000000000000000000000000000000000000000000000000000000000000000000000000000000000000000000000000000000000000000000000000000000000000000000000000000000000000000000000]
[GRF_A][0][ 1.5 2.5 1.50781 2.50781 1.51562 2.51562 1.52344 2.52344 1.53125 2.53125 1.53906 2.53906 1.54688 2.54688 1.55469 2.55469 ]
[GRF_A][1][ 1.5625 2.5625 1.57031 2.57031 1.57812 2.57812 1.58594 2.58594 1.59375 2.59375 1.60156 2.60156 1.60938 2.60938 1.61719 2.61719 ]
[GRF_A][2][ 1.625 2.625 1.63281 2.63281 1.64062 2.64062 1.64844 2.64844 1.65625 2.65625 1.66406 2.66406 1.67188 2.67188 1.67969 2.67969 ]
[GRF_A][3][ 1.6875 2.6875 1.69531 2.69531 1.70312 2.70312 1.71094 2.71094 1.71875 2.71875 1.72656 2.72656 1.73438 2.73438 1.74219 2.74219 ]
[GRF_A][4][ 1.75 2.75 1.75781 2.75781 1.76562 2.76562 1.77344 2.77344 1.78125 2.78125 1.78906 2.78906 1.79688 2.79688 1.80469 2.80469 ]
[GRF_A][5][ 1.8125 2.8125 1.82031 2.82031 1.82812 2.82812 1.83594 2.83594 1.84375 2.84375 1.85156 2.85156 1.85938 2.85938 1.86719 2.86719 ]
[GRF_A][6][ 1.875 2.875 1.88281 2.88281 1.89062 2.89062 1.89844 2.89844 1.90625 2.90625 1.91406 2.91406 1.92188 2.92188 1.92969 2.92969 ]
[GRF_A][7][ 1.9375 2.9375 1.94531 2.94531 1.95312 2.95312 1.96094 2.96094 1.96875 2.96875 1.97656 2.97656 1.98438 2.98438 1.99219 2.99219 ]
[GRF_B][0][ 12.3438 0 0 0 0 0 0 0 0 0 0 0 0 0 0 0 ]
[GRF_B][1][ 0 22.3125 0 0 0 0 0 0 0 0 0 0 0 0 0 0 ]
[GRF_B][2][ 0 0 15.3594 0 0 0 0 0 0 0 0 0 0 0 0 0 ]
[GRF_B][3][ 0 0 0 27.3438 0 0 0 0 0 0 0 0 0 0 0 0 ]
[GRF_B][4][ 0 0 0 0 18.4062 0 0 0 0 0 0 0 0 0 0 0 ]
[GRF_B][5][ 0 0 0 0 0 32.4062 0 0 0 0 0 0 0 0 0 0 ]
[GRF_B][6][ 0 0 0 0 0 0 12.3516 0 0 0 0 0 0 0 0 0 ]
[GRF_B][7][ 0 0 0 0 0 0 0 11.9375 0 0 0 0 0 0 0 0 ]
[M_OUT][0000000000000000000000000000000000000000000000000000000000000000000000000000000000000000000000000000000000000000000000000000000000000000000000000000000000000000000000000000000000000000000000000000000000000000000000000000000000000000000000000000000000000000]
[A_OUT][0000000000000000000000000000000000000000000000000000000000000000000000000000000000000000000000000000000000000000000000000000000000000000000000000000000000000000000000000000000000000000000000000000000000000000000000000000000000000000000000000000000000000000]

----------
READ ch0 ra0 bg0 b1 r1 c20|| [2] MAC GRF_B[0], GRF_A[0], ODD_BANK, auto @ 3935
[BANK_R][ 0 0 0 0 0 0 1.125 0 0 0 0 0 0 0 0 0 ]
[CMD]00111011000110001000000000000000(MAC GRF_B[0], GRF_A[0], ODD_BANK, auto)
[SRF][0000000000000000000000000000000000000000000000000000000000000000000000000000000000000000000000000000000000000000000000000000000000000000000000000000000000000000000000000000000000000000000000000000000000000000000000000000000000000000000000000000000000000000]
[GRF_A][0][ 1.5 2.5 1.50781 2.50781 1.51562 2.51562 1.52344 2.52344 1.53125 2.53125 1.53906 2.53906 1.54688 2.54688 1.55469 2.55469 ]
[GRF_A][1][ 1.5625 2.5625 1.57031 2.57031 1.57812 2.57812 1.58594 2.58594 1.59375 2.59375 1.60156 2.60156 1.60938 2.60938 1.61719 2.61719 ]
[GRF_A][2][ 1.625 2.625 1.63281 2.63281 1.64062 2.64062 1.64844 2.64844 1.65625 2.65625 1.66406 2.66406 1.67188 2.67188 1.67969 2.67969 ]
[GRF_A][3][ 1.6875 2.6875 1.69531 2.69531 1.70312 2.70312 1.71094 2.71094 1.71875 2.71875 1.72656 2.72656 1.73438 2.73438 1.74219 2.74219 ]
[GRF_A][4][ 1.75 2.75 1.75781 2.75781 1.76562 2.76562 1.77344 2.77344 1.78125 2.78125 1.78906 2.78906 1.79688 2.79688 1.80469 2.80469 ]
[GRF_A][5][ 1.8125 2.8125 1.82031 2.82031 1.82812 2.82812 1.83594 2.83594 1.84375 2.84375 1.85156 2.85156 1.85938 2.85938 1.86719 2.86719 ]
[GRF_A][6][ 1.875 2.875 1.88281 2.88281 1.89062 2.89062 1.89844 2.89844 1.90625 2.90625 1.91406 2.91406 1.92188 2.92188 1.92969 2.92969 ]
[GRF_A][7][ 1.9375 2.9375 1.94531 2.94531 1.95312 2.95312 1.96094 2.96094 1.96875 2.96875 1.97656 2.97656 1.98438 2.98438 1.99219 2.99219 ]
[GRF_B][0][ 12.3438 0 0 0 0 0 0 0 0 0 0 0 0 0 0 0 ]
[GRF_B][1][ 0 22.3125 0 0 0 0 0 0 0 0 0 0 0 0 0 0 ]
[GRF_B][2][ 0 0 15.3594 0 0 0 0 0 0 0 0 0 0 0 0 0 ]
[GRF_B][3][ 0 0 0 27.3438 0 0 0 0 0 0 0 0 0 0 0 0 ]
[GRF_B][4][ 0 0 0 0 18.4062 0 0 0 0 0 0 0 0 0 0 0 ]
[GRF_B][5][ 0 0 0 0 0 32.4062 0 0 0 0 0 0 0 0 0 0 ]
[GRF_B][6][ 0 0 0 0 0 0 14.3438 0 0 0 0 0 0 0 0 0 ]
[GRF_B][7][ 0 0 0 0 0 0 0 11.9375 0 0 0 0 0 0 0 0 ]
[M_OUT][0000000000000000000000000000000000000000000000000000000000000000000000000000000000000000000000000000000000000000000000000000000000000000000000000000000000000000000000000000000000000000000000000000000000000000000000000000000000000000000000000000000000000000]
[A_OUT][0000000000000000000000000000000000000000000000000000000000000000000000000000000000000000000000000000000000000000000000000000000000000000000000000000000000000000000000000000000000000000000000000000000000000000000000000000000000000000000000000000000000000000]

----------
READ ch0 ra0 bg0 b1 r1 c21|| [2] MAC GRF_B[0], GRF_A[0], ODD_BANK, auto @ 3939
[BANK_R][ 0 0 0 0 0 0 1.1875 0 0 0 0 0 0 0 0 0 ]
[CMD]00111011000110001000000000000000(MAC GRF_B[0], GRF_A[0], ODD_BANK, auto)
[SRF][0000000000000000000000000000000000000000000000000000000000000000000000000000000000000000000000000000000000000000000000000000000000000000000000000000000000000000000000000000000000000000000000000000000000000000000000000000000000000000000000000000000000000000]
[GRF_A][0][ 1.5 2.5 1.50781 2.50781 1.51562 2.51562 1.52344 2.52344 1.53125 2.53125 1.53906 2.53906 1.54688 2.54688 1.55469 2.55469 ]
[GRF_A][1][ 1.5625 2.5625 1.57031 2.57031 1.57812 2.57812 1.58594 2.58594 1.59375 2.59375 1.60156 2.60156 1.60938 2.60938 1.61719 2.61719 ]
[GRF_A][2][ 1.625 2.625 1.63281 2.63281 1.64062 2.64062 1.64844 2.64844 1.65625 2.65625 1.66406 2.66406 1.67188 2.67188 1.67969 2.67969 ]
[GRF_A][3][ 1.6875 2.6875 1.69531 2.69531 1.70312 2.70312 1.71094 2.71094 1.71875 2.71875 1.72656 2.72656 1.73438 2.73438 1.74219 2.74219 ]
[GRF_A][4][ 1.75 2.75 1.75781 2.75781 1.76562 2.76562 1.77344 2.77344 1.78125 2.78125 1.78906 2.78906 1.79688 2.79688 1.80469 2.80469 ]
[GRF_A][5][ 1.8125 2.8125 1.82031 2.82031 1.82812 2.82812 1.83594 2.83594 1.84375 2.84375 1.85156 2.85156 1.85938 2.85938 1.86719 2.86719 ]
[GRF_A][6][ 1.875 2.875 1.88281 2.88281 1.89062 2.89062 1.89844 2.89844 1.90625 2.90625 1.91406 2.91406 1.92188 2.92188 1.92969 2.92969 ]
[GRF_A][7][ 1.9375 2.9375 1.94531 2.94531 1.95312 2.95312 1.96094 2.96094 1.96875 2.96875 1.97656 2.97656 1.98438 2.98438 1.99219 2.99219 ]
[GRF_B][0][ 12.3438 0 0 0 0 0 0 0 0 0 0 0 0 0 0 0 ]
[GRF_B][1][ 0 22.3125 0 0 0 0 0 0 0 0 0 0 0 0 0 0 ]
[GRF_B][2][ 0 0 15.3594 0 0 0 0 0 0 0 0 0 0 0 0 0 ]
[GRF_B][3][ 0 0 0 27.3438 0 0 0 0 0 0 0 0 0 0 0 0 ]
[GRF_B][4][ 0 0 0 0 18.4062 0 0 0 0 0 0 0 0 0 0 0 ]
[GRF_B][5][ 0 0 0 0 0 32.4062 0 0 0 0 0 0 0 0 0 0 ]
[GRF_B][6][ 0 0 0 0 0 0 16.5312 0 0 0 0 0 0 0 0 0 ]
[GRF_B][7][ 0 0 0 0 0 0 0 11.9375 0 0 0 0 0 0 0 0 ]
[M_OUT][0000000000000000000000000000000000000000000000000000000000000000000000000000000000000000000000000000000000000000000000000000000000000000000000000000000000000000000000000000000000000000000000000000000000000000000000000000000000000000000000000000000000000000]
[A_OUT][0000000000000000000000000000000000000000000000000000000000000000000000000000000000000000000000000000000000000000000000000000000000000000000000000000000000000000000000000000000000000000000000000000000000000000000000000000000000000000000000000000000000000000]

----------
READ ch0 ra0 bg0 b1 r1 c22|| [2] MAC GRF_B[0], GRF_A[0], ODD_BANK, auto @ 3943
[BANK_R][ 0 0 0 0 0 0 1.25 0 0 0 0 0 0 0 0 0 ]
[CMD]00111011000110001000000000000000(MAC GRF_B[0], GRF_A[0], ODD_BANK, auto)
[SRF][0000000000000000000000000000000000000000000000000000000000000000000000000000000000000000000000000000000000000000000000000000000000000000000000000000000000000000000000000000000000000000000000000000000000000000000000000000000000000000000000000000000000000000]
[GRF_A][0][ 1.5 2.5 1.50781 2.50781 1.51562 2.51562 1.52344 2.52344 1.53125 2.53125 1.53906 2.53906 1.54688 2.54688 1.55469 2.55469 ]
[GRF_A][1][ 1.5625 2.5625 1.57031 2.57031 1.57812 2.57812 1.58594 2.58594 1.59375 2.59375 1.60156 2.60156 1.60938 2.60938 1.61719 2.61719 ]
[GRF_A][2][ 1.625 2.625 1.63281 2.63281 1.64062 2.64062 1.64844 2.64844 1.65625 2.65625 1.66406 2.66406 1.67188 2.67188 1.67969 2.67969 ]
[GRF_A][3][ 1.6875 2.6875 1.69531 2.69531 1.70312 2.70312 1.71094 2.71094 1.71875 2.71875 1.72656 2.72656 1.73438 2.73438 1.74219 2.74219 ]
[GRF_A][4][ 1.75 2.75 1.75781 2.75781 1.76562 2.76562 1.77344 2.77344 1.78125 2.78125 1.78906 2.78906 1.79688 2.79688 1.80469 2.80469 ]
[GRF_A][5][ 1.8125 2.8125 1.82031 2.82031 1.82812 2.82812 1.83594 2.83594 1.84375 2.84375 1.85156 2.85156 1.85938 2.85938 1.86719 2.86719 ]
[GRF_A][6][ 1.875 2.875 1.88281 2.88281 1.89062 2.89062 1.89844 2.89844 1.90625 2.90625 1.91406 2.91406 1.92188 2.92188 1.92969 2.92969 ]
[GRF_A][7][ 1.9375 2.9375 1.94531 2.94531 1.95312 2.95312 1.96094 2.96094 1.96875 2.96875 1.97656 2.97656 1.98438 2.98438 1.99219 2.99219 ]
[GRF_B][0][ 12.3438 0 0 0 0 0 0 0 0 0 0 0 0 0 0 0 ]
[GRF_B][1][ 0 22.3125 0 0 0 0 0 0 0 0 0 0 0 0 0 0 ]
[GRF_B][2][ 0 0 15.3594 0 0 0 0 0 0 0 0 0 0 0 0 0 ]
[GRF_B][3][ 0 0 0 27.3438 0 0 0 0 0 0 0 0 0 0 0 0 ]
[GRF_B][4][ 0 0 0 0 18.4062 0 0 0 0 0 0 0 0 0 0 0 ]
[GRF_B][5][ 0 0 0 0 0 32.4062 0 0 0 0 0 0 0 0 0 0 ]
[GRF_B][6][ 0 0 0 0 0 0 18.9062 0 0 0 0 0 0 0 0 0 ]
[GRF_B][7][ 0 0 0 0 0 0 0 11.9375 0 0 0 0 0 0 0 0 ]
[M_OUT][0000000000000000000000000000000000000000000000000000000000000000000000000000000000000000000000000000000000000000000000000000000000000000000000000000000000000000000000000000000000000000000000000000000000000000000000000000000000000000000000000000000000000000]
[A_OUT][0000000000000000000000000000000000000000000000000000000000000000000000000000000000000000000000000000000000000000000000000000000000000000000000000000000000000000000000000000000000000000000000000000000000000000000000000000000000000000000000000000000000000000]

----------
READ ch0 ra0 bg0 b1 r1 c23|| [2] MAC GRF_B[0], GRF_A[0], ODD_BANK, auto @ 3947
[BANK_R][ 0 0 0 0 0 0 1.3125 0 0 0 0 0 0 0 0 0 ]
[CMD]00111011000110001000000000000000(MAC GRF_B[0], GRF_A[0], ODD_BANK, auto)
[SRF][0000000000000000000000000000000000000000000000000000000000000000000000000000000000000000000000000000000000000000000000000000000000000000000000000000000000000000000000000000000000000000000000000000000000000000000000000000000000000000000000000000000000000000]
[GRF_A][0][ 1.5 2.5 1.50781 2.50781 1.51562 2.51562 1.52344 2.52344 1.53125 2.53125 1.53906 2.53906 1.54688 2.54688 1.55469 2.55469 ]
[GRF_A][1][ 1.5625 2.5625 1.57031 2.57031 1.57812 2.57812 1.58594 2.58594 1.59375 2.59375 1.60156 2.60156 1.60938 2.60938 1.61719 2.61719 ]
[GRF_A][2][ 1.625 2.625 1.63281 2.63281 1.64062 2.64062 1.64844 2.64844 1.65625 2.65625 1.66406 2.66406 1.67188 2.67188 1.67969 2.67969 ]
[GRF_A][3][ 1.6875 2.6875 1.69531 2.69531 1.70312 2.70312 1.71094 2.71094 1.71875 2.71875 1.72656 2.72656 1.73438 2.73438 1.74219 2.74219 ]
[GRF_A][4][ 1.75 2.75 1.75781 2.75781 1.76562 2.76562 1.77344 2.77344 1.78125 2.78125 1.78906 2.78906 1.79688 2.79688 1.80469 2.80469 ]
[GRF_A][5][ 1.8125 2.8125 1.82031 2.82031 1.82812 2.82812 1.83594 2.83594 1.84375 2.84375 1.85156 2.85156 1.85938 2.85938 1.86719 2.86719 ]
[GRF_A][6][ 1.875 2.875 1.88281 2.88281 1.89062 2.89062 1.89844 2.89844 1.90625 2.90625 1.91406 2.91406 1.92188 2.92188 1.92969 2.92969 ]
[GRF_A][7][ 1.9375 2.9375 1.94531 2.94531 1.95312 2.95312 1.96094 2.96094 1.96875 2.96875 1.97656 2.97656 1.98438 2.98438 1.99219 2.99219 ]
[GRF_B][0][ 12.3438 0 0 0 0 0 0 0 0 0 0 0 0 0 0 0 ]
[GRF_B][1][ 0 22.3125 0 0 0 0 0 0 0 0 0 0 0 0 0 0 ]
[GRF_B][2][ 0 0 15.3594 0 0 0 0 0 0 0 0 0 0 0 0 0 ]
[GRF_B][3][ 0 0 0 27.3438 0 0 0 0 0 0 0 0 0 0 0 0 ]
[GRF_B][4][ 0 0 0 0 18.4062 0 0 0 0 0 0 0 0 0 0 0 ]
[GRF_B][5][ 0 0 0 0 0 32.4062 0 0 0 0 0 0 0 0 0 0 ]
[GRF_B][6][ 0 0 0 0 0 0 21.4844 0 0 0 0 0 0 0 0 0 ]
[GRF_B][7][ 0 0 0 0 0 0 0 11.9375 0 0 0 0 0 0 0 0 ]
[M_OUT][0000000000000000000000000000000000000000000000000000000000000000000000000000000000000000000000000000000000000000000000000000000000000000000000000000000000000000000000000000000000000000000000000000000000000000000000000000000000000000000000000000000000000000]
[A_OUT][0000000000000000000000000000000000000000000000000000000000000000000000000000000000000000000000000000000000000000000000000000000000000000000000000000000000000000000000000000000000000000000000000000000000000000000000000000000000000000000000000000000000000000]

----------
READ ch0 ra0 bg0 b1 r1 c24|| [3] JUMP 7x [PC - 2] @ 3951
READ ch0 ra0 bg0 b1 r1 c24|| [2] MAC GRF_B[0], GRF_A[0], ODD_BANK, auto @ 3951
[BANK_R][ 0 0 0 0 0 0 0 0.9375 0 0 0 0 0 0 0 0 ]
[CMD]00111011000110001000000000000000(MAC GRF_B[0], GRF_A[0], ODD_BANK, auto)
[SRF][0000000000000000000000000000000000000000000000000000000000000000000000000000000000000000000000000000000000000000000000000000000000000000000000000000000000000000000000000000000000000000000000000000000000000000000000000000000000000000000000000000000000000000]
[GRF_A][0][ 1.5 2.5 1.50781 2.50781 1.51562 2.51562 1.52344 2.52344 1.53125 2.53125 1.53906 2.53906 1.54688 2.54688 1.55469 2.55469 ]
[GRF_A][1][ 1.5625 2.5625 1.57031 2.57031 1.57812 2.57812 1.58594 2.58594 1.59375 2.59375 1.60156 2.60156 1.60938 2.60938 1.61719 2.61719 ]
[GRF_A][2][ 1.625 2.625 1.63281 2.63281 1.64062 2.64062 1.64844 2.64844 1.65625 2.65625 1.66406 2.66406 1.67188 2.67188 1.67969 2.67969 ]
[GRF_A][3][ 1.6875 2.6875 1.69531 2.69531 1.70312 2.70312 1.71094 2.71094 1.71875 2.71875 1.72656 2.72656 1.73438 2.73438 1.74219 2.74219 ]
[GRF_A][4][ 1.75 2.75 1.75781 2.75781 1.76562 2.76562 1.77344 2.77344 1.78125 2.78125 1.78906 2.78906 1.79688 2.79688 1.80469 2.80469 ]
[GRF_A][5][ 1.8125 2.8125 1.82031 2.82031 1.82812 2.82812 1.83594 2.83594 1.84375 2.84375 1.85156 2.85156 1.85938 2.85938 1.86719 2.86719 ]
[GRF_A][6][ 1.875 2.875 1.88281 2.88281 1.89062 2.89062 1.89844 2.89844 1.90625 2.90625 1.91406 2.91406 1.92188 2.92188 1.92969 2.92969 ]
[GRF_A][7][ 1.9375 2.9375 1.94531 2.94531 1.95312 2.95312 1.96094 2.96094 1.96875 2.96875 1.97656 2.97656 1.98438 2.98438 1.99219 2.99219 ]
[GRF_B][0][ 12.3438 0 0 0 0 0 0 0 0 0 0 0 0 0 0 0 ]
[GRF_B][1][ 0 22.3125 0 0 0 0 0 0 0 0 0 0 0 0 0 0 ]
[GRF_B][2][ 0 0 15.3594 0 0 0 0 0 0 0 0 0 0 0 0 0 ]
[GRF_B][3][ 0 0 0 27.3438 0 0 0 0 0 0 0 0 0 0 0 0 ]
[GRF_B][4][ 0 0 0 0 18.4062 0 0 0 0 0 0 0 0 0 0 0 ]
[GRF_B][5][ 0 0 0 0 0 32.4062 0 0 0 0 0 0 0 0 0 0 ]
[GRF_B][6][ 0 0 0 0 0 0 21.4844 0 0 0 0 0 0 0 0 0 ]
[GRF_B][7][ 0 0 0 0 0 0 0 14.3047 0 0 0 0 0 0 0 0 ]
[M_OUT][0000000000000000000000000000000000000000000000000000000000000000000000000000000000000000000000000000000000000000000000000000000000000000000000000000000000000000000000000000000000000000000000000000000000000000000000000000000000000000000000000000000000000000]
[A_OUT][0000000000000000000000000000000000000000000000000000000000000000000000000000000000000000000000000000000000000000000000000000000000000000000000000000000000000000000000000000000000000000000000000000000000000000000000000000000000000000000000000000000000000000]

----------
READ ch0 ra0 bg0 b1 r1 c25|| [2] MAC GRF_B[0], GRF_A[0], ODD_BANK, auto @ 3955
[BANK_R][ 0 0 0 0 0 0 0 1 0 0 0 0 0 0 0 0 ]
[CMD]00111011000110001000000000000000(MAC GRF_B[0], GRF_A[0], ODD_BANK, auto)
[SRF][0000000000000000000000000000000000000000000000000000000000000000000000000000000000000000000000000000000000000000000000000000000000000000000000000000000000000000000000000000000000000000000000000000000000000000000000000000000000000000000000000000000000000000]
[GRF_A][0][ 1.5 2.5 1.50781 2.50781 1.51562 2.51562 1.52344 2.52344 1.53125 2.53125 1.53906 2.53906 1.54688 2.54688 1.55469 2.55469 ]
[GRF_A][1][ 1.5625 2.5625 1.57031 2.57031 1.57812 2.57812 1.58594 2.58594 1.59375 2.59375 1.60156 2.60156 1.60938 2.60938 1.61719 2.61719 ]
[GRF_A][2][ 1.625 2.625 1.63281 2.63281 1.64062 2.64062 1.64844 2.64844 1.65625 2.65625 1.66406 2.66406 1.67188 2.67188 1.67969 2.67969 ]
[GRF_A][3][ 1.6875 2.6875 1.69531 2.69531 1.70312 2.70312 1.71094 2.71094 1.71875 2.71875 1.72656 2.72656 1.73438 2.73438 1.74219 2.74219 ]
[GRF_A][4][ 1.75 2.75 1.75781 2.75781 1.76562 2.76562 1.77344 2.77344 1.78125 2.78125 1.78906 2.78906 1.79688 2.79688 1.80469 2.80469 ]
[GRF_A][5][ 1.8125 2.8125 1.82031 2.82031 1.82812 2.82812 1.83594 2.83594 1.84375 2.84375 1.85156 2.85156 1.85938 2.85938 1.86719 2.86719 ]
[GRF_A][6][ 1.875 2.875 1.88281 2.88281 1.89062 2.89062 1.89844 2.89844 1.90625 2.90625 1.91406 2.91406 1.92188 2.92188 1.92969 2.92969 ]
[GRF_A][7][ 1.9375 2.9375 1.94531 2.94531 1.95312 2.95312 1.96094 2.96094 1.96875 2.96875 1.97656 2.97656 1.98438 2.98438 1.99219 2.99219 ]
[GRF_B][0][ 12.3438 0 0 0 0 0 0 0 0 0 0 0 0 0 0 0 ]
[GRF_B][1][ 0 22.3125 0 0 0 0 0 0 0 0 0 0 0 0 0 0 ]
[GRF_B][2][ 0 0 15.3594 0 0 0 0 0 0 0 0 0 0 0 0 0 ]
[GRF_B][3][ 0 0 0 27.3438 0 0 0 0 0 0 0 0 0 0 0 0 ]
[GRF_B][4][ 0 0 0 0 18.4062 0 0 0 0 0 0 0 0 0 0 0 ]
[GRF_B][5][ 0 0 0 0 0 32.4062 0 0 0 0 0 0 0 0 0 0 ]
[GRF_B][6][ 0 0 0 0 0 0 21.4844 0 0 0 0 0 0 0 0 0 ]
[GRF_B][7][ 0 0 0 0 0 0 0 16.8906 0 0 0 0 0 0 0 0 ]
[M_OUT][0000000000000000000000000000000000000000000000000000000000000000000000000000000000000000000000000000000000000000000000000000000000000000000000000000000000000000000000000000000000000000000000000000000000000000000000000000000000000000000000000000000000000000]
[A_OUT][0000000000000000000000000000000000000000000000000000000000000000000000000000000000000000000000000000000000000000000000000000000000000000000000000000000000000000000000000000000000000000000000000000000000000000000000000000000000000000000000000000000000000000]

----------
READ ch0 ra0 bg0 b1 r1 c26|| [2] MAC GRF_B[0], GRF_A[0], ODD_BANK, auto @ 3959
[BANK_R][ 0 0 0 0 0 0 0 1.0625 0 0 0 0 0 0 0 0 ]
[CMD]00111011000110001000000000000000(MAC GRF_B[0], GRF_A[0], ODD_BANK, auto)
[SRF][0000000000000000000000000000000000000000000000000000000000000000000000000000000000000000000000000000000000000000000000000000000000000000000000000000000000000000000000000000000000000000000000000000000000000000000000000000000000000000000000000000000000000000]
[GRF_A][0][ 1.5 2.5 1.50781 2.50781 1.51562 2.51562 1.52344 2.52344 1.53125 2.53125 1.53906 2.53906 1.54688 2.54688 1.55469 2.55469 ]
[GRF_A][1][ 1.5625 2.5625 1.57031 2.57031 1.57812 2.57812 1.58594 2.58594 1.59375 2.59375 1.60156 2.60156 1.60938 2.60938 1.61719 2.61719 ]
[GRF_A][2][ 1.625 2.625 1.63281 2.63281 1.64062 2.64062 1.64844 2.64844 1.65625 2.65625 1.66406 2.66406 1.67188 2.67188 1.67969 2.67969 ]
[GRF_A][3][ 1.6875 2.6875 1.69531 2.69531 1.70312 2.70312 1.71094 2.71094 1.71875 2.71875 1.72656 2.72656 1.73438 2.73438 1.74219 2.74219 ]
[GRF_A][4][ 1.75 2.75 1.75781 2.75781 1.76562 2.76562 1.77344 2.77344 1.78125 2.78125 1.78906 2.78906 1.79688 2.79688 1.80469 2.80469 ]
[GRF_A][5][ 1.8125 2.8125 1.82031 2.82031 1.82812 2.82812 1.83594 2.83594 1.84375 2.84375 1.85156 2.85156 1.85938 2.85938 1.86719 2.86719 ]
[GRF_A][6][ 1.875 2.875 1.88281 2.88281 1.89062 2.89062 1.89844 2.89844 1.90625 2.90625 1.91406 2.91406 1.92188 2.92188 1.92969 2.92969 ]
[GRF_A][7][ 1.9375 2.9375 1.94531 2.94531 1.95312 2.95312 1.96094 2.96094 1.96875 2.96875 1.97656 2.97656 1.98438 2.98438 1.99219 2.99219 ]
[GRF_B][0][ 12.3438 0 0 0 0 0 0 0 0 0 0 0 0 0 0 0 ]
[GRF_B][1][ 0 22.3125 0 0 0 0 0 0 0 0 0 0 0 0 0 0 ]
[GRF_B][2][ 0 0 15.3594 0 0 0 0 0 0 0 0 0 0 0 0 0 ]
[GRF_B][3][ 0 0 0 27.3438 0 0 0 0 0 0 0 0 0 0 0 0 ]
[GRF_B][4][ 0 0 0 0 18.4062 0 0 0 0 0 0 0 0 0 0 0 ]
[GRF_B][5][ 0 0 0 0 0 32.4062 0 0 0 0 0 0 0 0 0 0 ]
[GRF_B][6][ 0 0 0 0 0 0 21.4844 0 0 0 0 0 0 0 0 0 ]
[GRF_B][7][ 0 0 0 0 0 0 0 19.7031 0 0 0 0 0 0 0 0 ]
[M_OUT][0000000000000000000000000000000000000000000000000000000000000000000000000000000000000000000000000000000000000000000000000000000000000000000000000000000000000000000000000000000000000000000000000000000000000000000000000000000000000000000000000000000000000000]
[A_OUT][0000000000000000000000000000000000000000000000000000000000000000000000000000000000000000000000000000000000000000000000000000000000000000000000000000000000000000000000000000000000000000000000000000000000000000000000000000000000000000000000000000000000000000]

----------
READ ch0 ra0 bg0 b1 r1 c27|| [2] MAC GRF_B[0], GRF_A[0], ODD_BANK, auto @ 3963
[BANK_R][ 0 0 0 0 0 0 0 1.125 0 0 0 0 0 0 0 0 ]
[CMD]00111011000110001000000000000000(MAC GRF_B[0], GRF_A[0], ODD_BANK, auto)
[SRF][0000000000000000000000000000000000000000000000000000000000000000000000000000000000000000000000000000000000000000000000000000000000000000000000000000000000000000000000000000000000000000000000000000000000000000000000000000000000000000000000000000000000000000]
[GRF_A][0][ 1.5 2.5 1.50781 2.50781 1.51562 2.51562 1.52344 2.52344 1.53125 2.53125 1.53906 2.53906 1.54688 2.54688 1.55469 2.55469 ]
[GRF_A][1][ 1.5625 2.5625 1.57031 2.57031 1.57812 2.57812 1.58594 2.58594 1.59375 2.59375 1.60156 2.60156 1.60938 2.60938 1.61719 2.61719 ]
[GRF_A][2][ 1.625 2.625 1.63281 2.63281 1.64062 2.64062 1.64844 2.64844 1.65625 2.65625 1.66406 2.66406 1.67188 2.67188 1.67969 2.67969 ]
[GRF_A][3][ 1.6875 2.6875 1.69531 2.69531 1.70312 2.70312 1.71094 2.71094 1.71875 2.71875 1.72656 2.72656 1.73438 2.73438 1.74219 2.74219 ]
[GRF_A][4][ 1.75 2.75 1.75781 2.75781 1.76562 2.76562 1.77344 2.77344 1.78125 2.78125 1.78906 2.78906 1.79688 2.79688 1.80469 2.80469 ]
[GRF_A][5][ 1.8125 2.8125 1.82031 2.82031 1.82812 2.82812 1.83594 2.83594 1.84375 2.84375 1.85156 2.85156 1.85938 2.85938 1.86719 2.86719 ]
[GRF_A][6][ 1.875 2.875 1.88281 2.88281 1.89062 2.89062 1.89844 2.89844 1.90625 2.90625 1.91406 2.91406 1.92188 2.92188 1.92969 2.92969 ]
[GRF_A][7][ 1.9375 2.9375 1.94531 2.94531 1.95312 2.95312 1.96094 2.96094 1.96875 2.96875 1.97656 2.97656 1.98438 2.98438 1.99219 2.99219 ]
[GRF_B][0][ 12.3438 0 0 0 0 0 0 0 0 0 0 0 0 0 0 0 ]
[GRF_B][1][ 0 22.3125 0 0 0 0 0 0 0 0 0 0 0 0 0 0 ]
[GRF_B][2][ 0 0 15.3594 0 0 0 0 0 0 0 0 0 0 0 0 0 ]
[GRF_B][3][ 0 0 0 27.3438 0 0 0 0 0 0 0 0 0 0 0 0 ]
[GRF_B][4][ 0 0 0 0 18.4062 0 0 0 0 0 0 0 0 0 0 0 ]
[GRF_B][5][ 0 0 0 0 0 32.4062 0 0 0 0 0 0 0 0 0 0 ]
[GRF_B][6][ 0 0 0 0 0 0 21.4844 0 0 0 0 0 0 0 0 0 ]
[GRF_B][7][ 0 0 0 0 0 0 0 22.75 0 0 0 0 0 0 0 0 ]
[M_OUT][0000000000000000000000000000000000000000000000000000000000000000000000000000000000000000000000000000000000000000000000000000000000000000000000000000000000000000000000000000000000000000000000000000000000000000000000000000000000000000000000000000000000000000]
[A_OUT][0000000000000000000000000000000000000000000000000000000000000000000000000000000000000000000000000000000000000000000000000000000000000000000000000000000000000000000000000000000000000000000000000000000000000000000000000000000000000000000000000000000000000000]

----------
READ ch0 ra0 bg0 b1 r1 c28|| [2] MAC GRF_B[0], GRF_A[0], ODD_BANK, auto @ 3967
[BANK_R][ 0 0 0 0 0 0 0 1.1875 0 0 0 0 0 0 0 0 ]
[CMD]00111011000110001000000000000000(MAC GRF_B[0], GRF_A[0], ODD_BANK, auto)
[SRF][0000000000000000000000000000000000000000000000000000000000000000000000000000000000000000000000000000000000000000000000000000000000000000000000000000000000000000000000000000000000000000000000000000000000000000000000000000000000000000000000000000000000000000]
[GRF_A][0][ 1.5 2.5 1.50781 2.50781 1.51562 2.51562 1.52344 2.52344 1.53125 2.53125 1.53906 2.53906 1.54688 2.54688 1.55469 2.55469 ]
[GRF_A][1][ 1.5625 2.5625 1.57031 2.57031 1.57812 2.57812 1.58594 2.58594 1.59375 2.59375 1.60156 2.60156 1.60938 2.60938 1.61719 2.61719 ]
[GRF_A][2][ 1.625 2.625 1.63281 2.63281 1.64062 2.64062 1.64844 2.64844 1.65625 2.65625 1.66406 2.66406 1.67188 2.67188 1.67969 2.67969 ]
[GRF_A][3][ 1.6875 2.6875 1.69531 2.69531 1.70312 2.70312 1.71094 2.71094 1.71875 2.71875 1.72656 2.72656 1.73438 2.73438 1.74219 2.74219 ]
[GRF_A][4][ 1.75 2.75 1.75781 2.75781 1.76562 2.76562 1.77344 2.77344 1.78125 2.78125 1.78906 2.78906 1.79688 2.79688 1.80469 2.80469 ]
[GRF_A][5][ 1.8125 2.8125 1.82031 2.82031 1.82812 2.82812 1.83594 2.83594 1.84375 2.84375 1.85156 2.85156 1.85938 2.85938 1.86719 2.86719 ]
[GRF_A][6][ 1.875 2.875 1.88281 2.88281 1.89062 2.89062 1.89844 2.89844 1.90625 2.90625 1.91406 2.91406 1.92188 2.92188 1.92969 2.92969 ]
[GRF_A][7][ 1.9375 2.9375 1.94531 2.94531 1.95312 2.95312 1.96094 2.96094 1.96875 2.96875 1.97656 2.97656 1.98438 2.98438 1.99219 2.99219 ]
[GRF_B][0][ 12.3438 0 0 0 0 0 0 0 0 0 0 0 0 0 0 0 ]
[GRF_B][1][ 0 22.3125 0 0 0 0 0 0 0 0 0 0 0 0 0 0 ]
[GRF_B][2][ 0 0 15.3594 0 0 0 0 0 0 0 0 0 0 0 0 0 ]
[GRF_B][3][ 0 0 0 27.3438 0 0 0 0 0 0 0 0 0 0 0 0 ]
[GRF_B][4][ 0 0 0 0 18.4062 0 0 0 0 0 0 0 0 0 0 0 ]
[GRF_B][5][ 0 0 0 0 0 32.4062 0 0 0 0 0 0 0 0 0 0 ]
[GRF_B][6][ 0 0 0 0 0 0 21.4844 0 0 0 0 0 0 0 0 0 ]
[GRF_B][7][ 0 0 0 0 0 0 0 26.0469 0 0 0 0 0 0 0 0 ]
[M_OUT][0000000000000000000000000000000000000000000000000000000000000000000000000000000000000000000000000000000000000000000000000000000000000000000000000000000000000000000000000000000000000000000000000000000000000000000000000000000000000000000000000000000000000000]
[A_OUT][0000000000000000000000000000000000000000000000000000000000000000000000000000000000000000000000000000000000000000000000000000000000000000000000000000000000000000000000000000000000000000000000000000000000000000000000000000000000000000000000000000000000000000]

----------
READ ch0 ra0 bg0 b1 r1 c29|| [2] MAC GRF_B[0], GRF_A[0], ODD_BANK, auto @ 3971
[BANK_R][ 0 0 0 0 0 0 0 1.25 0 0 0 0 0 0 0 0 ]
[CMD]00111011000110001000000000000000(MAC GRF_B[0], GRF_A[0], ODD_BANK, auto)
[SRF][0000000000000000000000000000000000000000000000000000000000000000000000000000000000000000000000000000000000000000000000000000000000000000000000000000000000000000000000000000000000000000000000000000000000000000000000000000000000000000000000000000000000000000]
[GRF_A][0][ 1.5 2.5 1.50781 2.50781 1.51562 2.51562 1.52344 2.52344 1.53125 2.53125 1.53906 2.53906 1.54688 2.54688 1.55469 2.55469 ]
[GRF_A][1][ 1.5625 2.5625 1.57031 2.57031 1.57812 2.57812 1.58594 2.58594 1.59375 2.59375 1.60156 2.60156 1.60938 2.60938 1.61719 2.61719 ]
[GRF_A][2][ 1.625 2.625 1.63281 2.63281 1.64062 2.64062 1.64844 2.64844 1.65625 2.65625 1.66406 2.66406 1.67188 2.67188 1.67969 2.67969 ]
[GRF_A][3][ 1.6875 2.6875 1.69531 2.69531 1.70312 2.70312 1.71094 2.71094 1.71875 2.71875 1.72656 2.72656 1.73438 2.73438 1.74219 2.74219 ]
[GRF_A][4][ 1.75 2.75 1.75781 2.75781 1.76562 2.76562 1.77344 2.77344 1.78125 2.78125 1.78906 2.78906 1.79688 2.79688 1.80469 2.80469 ]
[GRF_A][5][ 1.8125 2.8125 1.82031 2.82031 1.82812 2.82812 1.83594 2.83594 1.84375 2.84375 1.85156 2.85156 1.85938 2.85938 1.86719 2.86719 ]
[GRF_A][6][ 1.875 2.875 1.88281 2.88281 1.89062 2.89062 1.89844 2.89844 1.90625 2.90625 1.91406 2.91406 1.92188 2.92188 1.92969 2.92969 ]
[GRF_A][7][ 1.9375 2.9375 1.94531 2.94531 1.95312 2.95312 1.96094 2.96094 1.96875 2.96875 1.97656 2.97656 1.98438 2.98438 1.99219 2.99219 ]
[GRF_B][0][ 12.3438 0 0 0 0 0 0 0 0 0 0 0 0 0 0 0 ]
[GRF_B][1][ 0 22.3125 0 0 0 0 0 0 0 0 0 0 0 0 0 0 ]
[GRF_B][2][ 0 0 15.3594 0 0 0 0 0 0 0 0 0 0 0 0 0 ]
[GRF_B][3][ 0 0 0 27.3438 0 0 0 0 0 0 0 0 0 0 0 0 ]
[GRF_B][4][ 0 0 0 0 18.4062 0 0 0 0 0 0 0 0 0 0 0 ]
[GRF_B][5][ 0 0 0 0 0 32.4062 0 0 0 0 0 0 0 0 0 0 ]
[GRF_B][6][ 0 0 0 0 0 0 21.4844 0 0 0 0 0 0 0 0 0 ]
[GRF_B][7][ 0 0 0 0 0 0 0 29.5938 0 0 0 0 0 0 0 0 ]
[M_OUT][0000000000000000000000000000000000000000000000000000000000000000000000000000000000000000000000000000000000000000000000000000000000000000000000000000000000000000000000000000000000000000000000000000000000000000000000000000000000000000000000000000000000000000]
[A_OUT][0000000000000000000000000000000000000000000000000000000000000000000000000000000000000000000000000000000000000000000000000000000000000000000000000000000000000000000000000000000000000000000000000000000000000000000000000000000000000000000000000000000000000000]

----------
READ ch0 ra0 bg0 b1 r1 c30|| [2] MAC GRF_B[0], GRF_A[0], ODD_BANK, auto @ 3975
[BANK_R][ 0 0 0 0 0 0 0 1.3125 0 0 0 0 0 0 0 0 ]
[CMD]00111011000110001000000000000000(MAC GRF_B[0], GRF_A[0], ODD_BANK, auto)
[SRF][0000000000000000000000000000000000000000000000000000000000000000000000000000000000000000000000000000000000000000000000000000000000000000000000000000000000000000000000000000000000000000000000000000000000000000000000000000000000000000000000000000000000000000]
[GRF_A][0][ 1.5 2.5 1.50781 2.50781 1.51562 2.51562 1.52344 2.52344 1.53125 2.53125 1.53906 2.53906 1.54688 2.54688 1.55469 2.55469 ]
[GRF_A][1][ 1.5625 2.5625 1.57031 2.57031 1.57812 2.57812 1.58594 2.58594 1.59375 2.59375 1.60156 2.60156 1.60938 2.60938 1.61719 2.61719 ]
[GRF_A][2][ 1.625 2.625 1.63281 2.63281 1.64062 2.64062 1.64844 2.64844 1.65625 2.65625 1.66406 2.66406 1.67188 2.67188 1.67969 2.67969 ]
[GRF_A][3][ 1.6875 2.6875 1.69531 2.69531 1.70312 2.70312 1.71094 2.71094 1.71875 2.71875 1.72656 2.72656 1.73438 2.73438 1.74219 2.74219 ]
[GRF_A][4][ 1.75 2.75 1.75781 2.75781 1.76562 2.76562 1.77344 2.77344 1.78125 2.78125 1.78906 2.78906 1.79688 2.79688 1.80469 2.80469 ]
[GRF_A][5][ 1.8125 2.8125 1.82031 2.82031 1.82812 2.82812 1.83594 2.83594 1.84375 2.84375 1.85156 2.85156 1.85938 2.85938 1.86719 2.86719 ]
[GRF_A][6][ 1.875 2.875 1.88281 2.88281 1.89062 2.89062 1.89844 2.89844 1.90625 2.90625 1.91406 2.91406 1.92188 2.92188 1.92969 2.92969 ]
[GRF_A][7][ 1.9375 2.9375 1.94531 2.94531 1.95312 2.95312 1.96094 2.96094 1.96875 2.96875 1.97656 2.97656 1.98438 2.98438 1.99219 2.99219 ]
[GRF_B][0][ 12.3438 0 0 0 0 0 0 0 0 0 0 0 0 0 0 0 ]
[GRF_B][1][ 0 22.3125 0 0 0 0 0 0 0 0 0 0 0 0 0 0 ]
[GRF_B][2][ 0 0 15.3594 0 0 0 0 0 0 0 0 0 0 0 0 0 ]
[GRF_B][3][ 0 0 0 27.3438 0 0 0 0 0 0 0 0 0 0 0 0 ]
[GRF_B][4][ 0 0 0 0 18.4062 0 0 0 0 0 0 0 0 0 0 0 ]
[GRF_B][5][ 0 0 0 0 0 32.4062 0 0 0 0 0 0 0 0 0 0 ]
[GRF_B][6][ 0 0 0 0 0 0 21.4844 0 0 0 0 0 0 0 0 0 ]
[GRF_B][7][ 0 0 0 0 0 0 0 33.4062 0 0 0 0 0 0 0 0 ]
[M_OUT][0000000000000000000000000000000000000000000000000000000000000000000000000000000000000000000000000000000000000000000000000000000000000000000000000000000000000000000000000000000000000000000000000000000000000000000000000000000000000000000000000000000000000000]
[A_OUT][0000000000000000000000000000000000000000000000000000000000000000000000000000000000000000000000000000000000000000000000000000000000000000000000000000000000000000000000000000000000000000000000000000000000000000000000000000000000000000000000000000000000000000]

----------
READ ch0 ra0 bg0 b1 r1 c31|| [2] MAC GRF_B[0], GRF_A[0], ODD_BANK, auto @ 3979
[BANK_R][ 0 0 0 0 0 0 0 1.375 0 0 0 0 0 0 0 0 ]
[CMD]00111011000110001000000000000000(MAC GRF_B[0], GRF_A[0], ODD_BANK, auto)
[SRF][0000000000000000000000000000000000000000000000000000000000000000000000000000000000000000000000000000000000000000000000000000000000000000000000000000000000000000000000000000000000000000000000000000000000000000000000000000000000000000000000000000000000000000]
[GRF_A][0][ 1.5 2.5 1.50781 2.50781 1.51562 2.51562 1.52344 2.52344 1.53125 2.53125 1.53906 2.53906 1.54688 2.54688 1.55469 2.55469 ]
[GRF_A][1][ 1.5625 2.5625 1.57031 2.57031 1.57812 2.57812 1.58594 2.58594 1.59375 2.59375 1.60156 2.60156 1.60938 2.60938 1.61719 2.61719 ]
[GRF_A][2][ 1.625 2.625 1.63281 2.63281 1.64062 2.64062 1.64844 2.64844 1.65625 2.65625 1.66406 2.66406 1.67188 2.67188 1.67969 2.67969 ]
[GRF_A][3][ 1.6875 2.6875 1.69531 2.69531 1.70312 2.70312 1.71094 2.71094 1.71875 2.71875 1.72656 2.72656 1.73438 2.73438 1.74219 2.74219 ]
[GRF_A][4][ 1.75 2.75 1.75781 2.75781 1.76562 2.76562 1.77344 2.77344 1.78125 2.78125 1.78906 2.78906 1.79688 2.79688 1.80469 2.80469 ]
[GRF_A][5][ 1.8125 2.8125 1.82031 2.82031 1.82812 2.82812 1.83594 2.83594 1.84375 2.84375 1.85156 2.85156 1.85938 2.85938 1.86719 2.86719 ]
[GRF_A][6][ 1.875 2.875 1.88281 2.88281 1.89062 2.89062 1.89844 2.89844 1.90625 2.90625 1.91406 2.91406 1.92188 2.92188 1.92969 2.92969 ]
[GRF_A][7][ 1.9375 2.9375 1.94531 2.94531 1.95312 2.95312 1.96094 2.96094 1.96875 2.96875 1.97656 2.97656 1.98438 2.98438 1.99219 2.99219 ]
[GRF_B][0][ 12.3438 0 0 0 0 0 0 0 0 0 0 0 0 0 0 0 ]
[GRF_B][1][ 0 22.3125 0 0 0 0 0 0 0 0 0 0 0 0 0 0 ]
[GRF_B][2][ 0 0 15.3594 0 0 0 0 0 0 0 0 0 0 0 0 0 ]
[GRF_B][3][ 0 0 0 27.3438 0 0 0 0 0 0 0 0 0 0 0 0 ]
[GRF_B][4][ 0 0 0 0 18.4062 0 0 0 0 0 0 0 0 0 0 0 ]
[GRF_B][5][ 0 0 0 0 0 32.4062 0 0 0 0 0 0 0 0 0 0 ]
[GRF_B][6][ 0 0 0 0 0 0 21.4844 0 0 0 0 0 0 0 0 0 ]
[GRF_B][7][ 0 0 0 0 0 0 0 37.4688 0 0 0 0 0 0 0 0 ]
[M_OUT][0000000000000000000000000000000000000000000000000000000000000000000000000000000000000000000000000000000000000000000000000000000000000000000000000000000000000000000000000000000000000000000000000000000000000000000000000000000000000000000000000000000000000000]
[A_OUT][0000000000000000000000000000000000000000000000000000000000000000000000000000000000000000000000000000000000000000000000000000000000000000000000000000000000000000000000000000000000000000000000000000000000000000000000000000000000000000000000000000000000000000]

----------
PRECHARGE ch[0] ra[0] bg[0] ba[1] ro[1] @3981
ACTIVATE ch[0] ra[0] bg[0] ba[1] ro[2] co[0] @3995 tag : GRFB_TO_BANK_
WRITE ch0 ra0 bg0 b1 r2 c0|| [3] JUMP 7x [PC - 2] @ 4006
WRITE ch0 ra0 bg0 b1 r2 c0|| [4] NOP 8x @ 4006
[BANK_R][ 12.3438 0 0 0 0 0 0 0 0 0 0 0 0 0 0 0 ]
[CMD]00000000000000000000000000000111(NOP 8x)
[SRF][0000000000000000000000000000000000000000000000000000000000000000000000000000000000000000000000000000000000000000000000000000000000000000000000000000000000000000000000000000000000000000000000000000000000000000000000000000000000000000000000000000000000000000]
[GRF_A][0][ 1.5 2.5 1.50781 2.50781 1.51562 2.51562 1.52344 2.52344 1.53125 2.53125 1.53906 2.53906 1.54688 2.54688 1.55469 2.55469 ]
[GRF_A][1][ 1.5625 2.5625 1.57031 2.57031 1.57812 2.57812 1.58594 2.58594 1.59375 2.59375 1.60156 2.60156 1.60938 2.60938 1.61719 2.61719 ]
[GRF_A][2][ 1.625 2.625 1.63281 2.63281 1.64062 2.64062 1.64844 2.64844 1.65625 2.65625 1.66406 2.66406 1.67188 2.67188 1.67969 2.67969 ]
[GRF_A][3][ 1.6875 2.6875 1.69531 2.69531 1.70312 2.70312 1.71094 2.71094 1.71875 2.71875 1.72656 2.72656 1.73438 2.73438 1.74219 2.74219 ]
[GRF_A][4][ 1.75 2.75 1.75781 2.75781 1.76562 2.76562 1.77344 2.77344 1.78125 2.78125 1.78906 2.78906 1.79688 2.79688 1.80469 2.80469 ]
[GRF_A][5][ 1.8125 2.8125 1.82031 2.82031 1.82812 2.82812 1.83594 2.83594 1.84375 2.84375 1.85156 2.85156 1.85938 2.85938 1.86719 2.86719 ]
[GRF_A][6][ 1.875 2.875 1.88281 2.88281 1.89062 2.89062 1.89844 2.89844 1.90625 2.90625 1.91406 2.91406 1.92188 2.92188 1.92969 2.92969 ]
[GRF_A][7][ 1.9375 2.9375 1.94531 2.94531 1.95312 2.95312 1.96094 2.96094 1.96875 2.96875 1.97656 2.97656 1.98438 2.98438 1.99219 2.99219 ]
[GRF_B][0][ 12.3438 0 0 0 0 0 0 0 0 0 0 0 0 0 0 0 ]
[GRF_B][1][ 0 22.3125 0 0 0 0 0 0 0 0 0 0 0 0 0 0 ]
[GRF_B][2][ 0 0 15.3594 0 0 0 0 0 0 0 0 0 0 0 0 0 ]
[GRF_B][3][ 0 0 0 27.3438 0 0 0 0 0 0 0 0 0 0 0 0 ]
[GRF_B][4][ 0 0 0 0 18.4062 0 0 0 0 0 0 0 0 0 0 0 ]
[GRF_B][5][ 0 0 0 0 0 32.4062 0 0 0 0 0 0 0 0 0 0 ]
[GRF_B][6][ 0 0 0 0 0 0 21.4844 0 0 0 0 0 0 0 0 0 ]
[GRF_B][7][ 0 0 0 0 0 0 0 37.4688 0 0 0 0 0 0 0 0 ]
[M_OUT][0000000000000000000000000000000000000000000000000000000000000000000000000000000000000000000000000000000000000000000000000000000000000000000000000000000000000000000000000000000000000000000000000000000000000000000000000000000000000000000000000000000000000000]
[A_OUT][0000000000000000000000000000000000000000000000000000000000000000000000000000000000000000000000000000000000000000000000000000000000000000000000000000000000000000000000000000000000000000000000000000000000000000000000000000000000000000000000000000000000000000]

----------
WRITE ch0 ra0 bg0 b1 r2 c1|| [4] NOP 8x @ 4010
[BANK_R][ 0 22.3125 0 0 0 0 0 0 0 0 0 0 0 0 0 0 ]
[CMD]00000000000000000000000000000111(NOP 8x)
[SRF][0000000000000000000000000000000000000000000000000000000000000000000000000000000000000000000000000000000000000000000000000000000000000000000000000000000000000000000000000000000000000000000000000000000000000000000000000000000000000000000000000000000000000000]
[GRF_A][0][ 1.5 2.5 1.50781 2.50781 1.51562 2.51562 1.52344 2.52344 1.53125 2.53125 1.53906 2.53906 1.54688 2.54688 1.55469 2.55469 ]
[GRF_A][1][ 1.5625 2.5625 1.57031 2.57031 1.57812 2.57812 1.58594 2.58594 1.59375 2.59375 1.60156 2.60156 1.60938 2.60938 1.61719 2.61719 ]
[GRF_A][2][ 1.625 2.625 1.63281 2.63281 1.64062 2.64062 1.64844 2.64844 1.65625 2.65625 1.66406 2.66406 1.67188 2.67188 1.67969 2.67969 ]
[GRF_A][3][ 1.6875 2.6875 1.69531 2.69531 1.70312 2.70312 1.71094 2.71094 1.71875 2.71875 1.72656 2.72656 1.73438 2.73438 1.74219 2.74219 ]
[GRF_A][4][ 1.75 2.75 1.75781 2.75781 1.76562 2.76562 1.77344 2.77344 1.78125 2.78125 1.78906 2.78906 1.79688 2.79688 1.80469 2.80469 ]
[GRF_A][5][ 1.8125 2.8125 1.82031 2.82031 1.82812 2.82812 1.83594 2.83594 1.84375 2.84375 1.85156 2.85156 1.85938 2.85938 1.86719 2.86719 ]
[GRF_A][6][ 1.875 2.875 1.88281 2.88281 1.89062 2.89062 1.89844 2.89844 1.90625 2.90625 1.91406 2.91406 1.92188 2.92188 1.92969 2.92969 ]
[GRF_A][7][ 1.9375 2.9375 1.94531 2.94531 1.95312 2.95312 1.96094 2.96094 1.96875 2.96875 1.97656 2.97656 1.98438 2.98438 1.99219 2.99219 ]
[GRF_B][0][ 12.3438 0 0 0 0 0 0 0 0 0 0 0 0 0 0 0 ]
[GRF_B][1][ 0 22.3125 0 0 0 0 0 0 0 0 0 0 0 0 0 0 ]
[GRF_B][2][ 0 0 15.3594 0 0 0 0 0 0 0 0 0 0 0 0 0 ]
[GRF_B][3][ 0 0 0 27.3438 0 0 0 0 0 0 0 0 0 0 0 0 ]
[GRF_B][4][ 0 0 0 0 18.4062 0 0 0 0 0 0 0 0 0 0 0 ]
[GRF_B][5][ 0 0 0 0 0 32.4062 0 0 0 0 0 0 0 0 0 0 ]
[GRF_B][6][ 0 0 0 0 0 0 21.4844 0 0 0 0 0 0 0 0 0 ]
[GRF_B][7][ 0 0 0 0 0 0 0 37.4688 0 0 0 0 0 0 0 0 ]
[M_OUT][0000000000000000000000000000000000000000000000000000000000000000000000000000000000000000000000000000000000000000000000000000000000000000000000000000000000000000000000000000000000000000000000000000000000000000000000000000000000000000000000000000000000000000]
[A_OUT][0000000000000000000000000000000000000000000000000000000000000000000000000000000000000000000000000000000000000000000000000000000000000000000000000000000000000000000000000000000000000000000000000000000000000000000000000000000000000000000000000000000000000000]

----------
WRITE ch0 ra0 bg0 b1 r2 c2|| [4] NOP 8x @ 4014
[BANK_R][ 0 0 15.3594 0 0 0 0 0 0 0 0 0 0 0 0 0 ]
[CMD]00000000000000000000000000000111(NOP 8x)
[SRF][0000000000000000000000000000000000000000000000000000000000000000000000000000000000000000000000000000000000000000000000000000000000000000000000000000000000000000000000000000000000000000000000000000000000000000000000000000000000000000000000000000000000000000]
[GRF_A][0][ 1.5 2.5 1.50781 2.50781 1.51562 2.51562 1.52344 2.52344 1.53125 2.53125 1.53906 2.53906 1.54688 2.54688 1.55469 2.55469 ]
[GRF_A][1][ 1.5625 2.5625 1.57031 2.57031 1.57812 2.57812 1.58594 2.58594 1.59375 2.59375 1.60156 2.60156 1.60938 2.60938 1.61719 2.61719 ]
[GRF_A][2][ 1.625 2.625 1.63281 2.63281 1.64062 2.64062 1.64844 2.64844 1.65625 2.65625 1.66406 2.66406 1.67188 2.67188 1.67969 2.67969 ]
[GRF_A][3][ 1.6875 2.6875 1.69531 2.69531 1.70312 2.70312 1.71094 2.71094 1.71875 2.71875 1.72656 2.72656 1.73438 2.73438 1.74219 2.74219 ]
[GRF_A][4][ 1.75 2.75 1.75781 2.75781 1.76562 2.76562 1.77344 2.77344 1.78125 2.78125 1.78906 2.78906 1.79688 2.79688 1.80469 2.80469 ]
[GRF_A][5][ 1.8125 2.8125 1.82031 2.82031 1.82812 2.82812 1.83594 2.83594 1.84375 2.84375 1.85156 2.85156 1.85938 2.85938 1.86719 2.86719 ]
[GRF_A][6][ 1.875 2.875 1.88281 2.88281 1.89062 2.89062 1.89844 2.89844 1.90625 2.90625 1.91406 2.91406 1.92188 2.92188 1.92969 2.92969 ]
[GRF_A][7][ 1.9375 2.9375 1.94531 2.94531 1.95312 2.95312 1.96094 2.96094 1.96875 2.96875 1.97656 2.97656 1.98438 2.98438 1.99219 2.99219 ]
[GRF_B][0][ 12.3438 0 0 0 0 0 0 0 0 0 0 0 0 0 0 0 ]
[GRF_B][1][ 0 22.3125 0 0 0 0 0 0 0 0 0 0 0 0 0 0 ]
[GRF_B][2][ 0 0 15.3594 0 0 0 0 0 0 0 0 0 0 0 0 0 ]
[GRF_B][3][ 0 0 0 27.3438 0 0 0 0 0 0 0 0 0 0 0 0 ]
[GRF_B][4][ 0 0 0 0 18.4062 0 0 0 0 0 0 0 0 0 0 0 ]
[GRF_B][5][ 0 0 0 0 0 32.4062 0 0 0 0 0 0 0 0 0 0 ]
[GRF_B][6][ 0 0 0 0 0 0 21.4844 0 0 0 0 0 0 0 0 0 ]
[GRF_B][7][ 0 0 0 0 0 0 0 37.4688 0 0 0 0 0 0 0 0 ]
[M_OUT][0000000000000000000000000000000000000000000000000000000000000000000000000000000000000000000000000000000000000000000000000000000000000000000000000000000000000000000000000000000000000000000000000000000000000000000000000000000000000000000000000000000000000000]
[A_OUT][0000000000000000000000000000000000000000000000000000000000000000000000000000000000000000000000000000000000000000000000000000000000000000000000000000000000000000000000000000000000000000000000000000000000000000000000000000000000000000000000000000000000000000]

----------
WRITE ch0 ra0 bg0 b1 r2 c3|| [4] NOP 8x @ 4018
[BANK_R][ 0 0 0 27.3438 0 0 0 0 0 0 0 0 0 0 0 0 ]
[CMD]00000000000000000000000000000111(NOP 8x)
[SRF][0000000000000000000000000000000000000000000000000000000000000000000000000000000000000000000000000000000000000000000000000000000000000000000000000000000000000000000000000000000000000000000000000000000000000000000000000000000000000000000000000000000000000000]
[GRF_A][0][ 1.5 2.5 1.50781 2.50781 1.51562 2.51562 1.52344 2.52344 1.53125 2.53125 1.53906 2.53906 1.54688 2.54688 1.55469 2.55469 ]
[GRF_A][1][ 1.5625 2.5625 1.57031 2.57031 1.57812 2.57812 1.58594 2.58594 1.59375 2.59375 1.60156 2.60156 1.60938 2.60938 1.61719 2.61719 ]
[GRF_A][2][ 1.625 2.625 1.63281 2.63281 1.64062 2.64062 1.64844 2.64844 1.65625 2.65625 1.66406 2.66406 1.67188 2.67188 1.67969 2.67969 ]
[GRF_A][3][ 1.6875 2.6875 1.69531 2.69531 1.70312 2.70312 1.71094 2.71094 1.71875 2.71875 1.72656 2.72656 1.73438 2.73438 1.74219 2.74219 ]
[GRF_A][4][ 1.75 2.75 1.75781 2.75781 1.76562 2.76562 1.77344 2.77344 1.78125 2.78125 1.78906 2.78906 1.79688 2.79688 1.80469 2.80469 ]
[GRF_A][5][ 1.8125 2.8125 1.82031 2.82031 1.82812 2.82812 1.83594 2.83594 1.84375 2.84375 1.85156 2.85156 1.85938 2.85938 1.86719 2.86719 ]
[GRF_A][6][ 1.875 2.875 1.88281 2.88281 1.89062 2.89062 1.89844 2.89844 1.90625 2.90625 1.91406 2.91406 1.92188 2.92188 1.92969 2.92969 ]
[GRF_A][7][ 1.9375 2.9375 1.94531 2.94531 1.95312 2.95312 1.96094 2.96094 1.96875 2.96875 1.97656 2.97656 1.98438 2.98438 1.99219 2.99219 ]
[GRF_B][0][ 12.3438 0 0 0 0 0 0 0 0 0 0 0 0 0 0 0 ]
[GRF_B][1][ 0 22.3125 0 0 0 0 0 0 0 0 0 0 0 0 0 0 ]
[GRF_B][2][ 0 0 15.3594 0 0 0 0 0 0 0 0 0 0 0 0 0 ]
[GRF_B][3][ 0 0 0 27.3438 0 0 0 0 0 0 0 0 0 0 0 0 ]
[GRF_B][4][ 0 0 0 0 18.4062 0 0 0 0 0 0 0 0 0 0 0 ]
[GRF_B][5][ 0 0 0 0 0 32.4062 0 0 0 0 0 0 0 0 0 0 ]
[GRF_B][6][ 0 0 0 0 0 0 21.4844 0 0 0 0 0 0 0 0 0 ]
[GRF_B][7][ 0 0 0 0 0 0 0 37.4688 0 0 0 0 0 0 0 0 ]
[M_OUT][0000000000000000000000000000000000000000000000000000000000000000000000000000000000000000000000000000000000000000000000000000000000000000000000000000000000000000000000000000000000000000000000000000000000000000000000000000000000000000000000000000000000000000]
[A_OUT][0000000000000000000000000000000000000000000000000000000000000000000000000000000000000000000000000000000000000000000000000000000000000000000000000000000000000000000000000000000000000000000000000000000000000000000000000000000000000000000000000000000000000000]

----------
WRITE ch0 ra0 bg0 b1 r2 c4|| [4] NOP 8x @ 4022
[BANK_R][ 0 0 0 0 18.4062 0 0 0 0 0 0 0 0 0 0 0 ]
[CMD]00000000000000000000000000000111(NOP 8x)
[SRF][0000000000000000000000000000000000000000000000000000000000000000000000000000000000000000000000000000000000000000000000000000000000000000000000000000000000000000000000000000000000000000000000000000000000000000000000000000000000000000000000000000000000000000]
[GRF_A][0][ 1.5 2.5 1.50781 2.50781 1.51562 2.51562 1.52344 2.52344 1.53125 2.53125 1.53906 2.53906 1.54688 2.54688 1.55469 2.55469 ]
[GRF_A][1][ 1.5625 2.5625 1.57031 2.57031 1.57812 2.57812 1.58594 2.58594 1.59375 2.59375 1.60156 2.60156 1.60938 2.60938 1.61719 2.61719 ]
[GRF_A][2][ 1.625 2.625 1.63281 2.63281 1.64062 2.64062 1.64844 2.64844 1.65625 2.65625 1.66406 2.66406 1.67188 2.67188 1.67969 2.67969 ]
[GRF_A][3][ 1.6875 2.6875 1.69531 2.69531 1.70312 2.70312 1.71094 2.71094 1.71875 2.71875 1.72656 2.72656 1.73438 2.73438 1.74219 2.74219 ]
[GRF_A][4][ 1.75 2.75 1.75781 2.75781 1.76562 2.76562 1.77344 2.77344 1.78125 2.78125 1.78906 2.78906 1.79688 2.79688 1.80469 2.80469 ]
[GRF_A][5][ 1.8125 2.8125 1.82031 2.82031 1.82812 2.82812 1.83594 2.83594 1.84375 2.84375 1.85156 2.85156 1.85938 2.85938 1.86719 2.86719 ]
[GRF_A][6][ 1.875 2.875 1.88281 2.88281 1.89062 2.89062 1.89844 2.89844 1.90625 2.90625 1.91406 2.91406 1.92188 2.92188 1.92969 2.92969 ]
[GRF_A][7][ 1.9375 2.9375 1.94531 2.94531 1.95312 2.95312 1.96094 2.96094 1.96875 2.96875 1.97656 2.97656 1.98438 2.98438 1.99219 2.99219 ]
[GRF_B][0][ 12.3438 0 0 0 0 0 0 0 0 0 0 0 0 0 0 0 ]
[GRF_B][1][ 0 22.3125 0 0 0 0 0 0 0 0 0 0 0 0 0 0 ]
[GRF_B][2][ 0 0 15.3594 0 0 0 0 0 0 0 0 0 0 0 0 0 ]
[GRF_B][3][ 0 0 0 27.3438 0 0 0 0 0 0 0 0 0 0 0 0 ]
[GRF_B][4][ 0 0 0 0 18.4062 0 0 0 0 0 0 0 0 0 0 0 ]
[GRF_B][5][ 0 0 0 0 0 32.4062 0 0 0 0 0 0 0 0 0 0 ]
[GRF_B][6][ 0 0 0 0 0 0 21.4844 0 0 0 0 0 0 0 0 0 ]
[GRF_B][7][ 0 0 0 0 0 0 0 37.4688 0 0 0 0 0 0 0 0 ]
[M_OUT][0000000000000000000000000000000000000000000000000000000000000000000000000000000000000000000000000000000000000000000000000000000000000000000000000000000000000000000000000000000000000000000000000000000000000000000000000000000000000000000000000000000000000000]
[A_OUT][0000000000000000000000000000000000000000000000000000000000000000000000000000000000000000000000000000000000000000000000000000000000000000000000000000000000000000000000000000000000000000000000000000000000000000000000000000000000000000000000000000000000000000]

----------
WRITE ch0 ra0 bg0 b1 r2 c5|| [4] NOP 8x @ 4026
[BANK_R][ 0 0 0 0 0 32.4062 0 0 0 0 0 0 0 0 0 0 ]
[CMD]00000000000000000000000000000111(NOP 8x)
[SRF][0000000000000000000000000000000000000000000000000000000000000000000000000000000000000000000000000000000000000000000000000000000000000000000000000000000000000000000000000000000000000000000000000000000000000000000000000000000000000000000000000000000000000000]
[GRF_A][0][ 1.5 2.5 1.50781 2.50781 1.51562 2.51562 1.52344 2.52344 1.53125 2.53125 1.53906 2.53906 1.54688 2.54688 1.55469 2.55469 ]
[GRF_A][1][ 1.5625 2.5625 1.57031 2.57031 1.57812 2.57812 1.58594 2.58594 1.59375 2.59375 1.60156 2.60156 1.60938 2.60938 1.61719 2.61719 ]
[GRF_A][2][ 1.625 2.625 1.63281 2.63281 1.64062 2.64062 1.64844 2.64844 1.65625 2.65625 1.66406 2.66406 1.67188 2.67188 1.67969 2.67969 ]
[GRF_A][3][ 1.6875 2.6875 1.69531 2.69531 1.70312 2.70312 1.71094 2.71094 1.71875 2.71875 1.72656 2.72656 1.73438 2.73438 1.74219 2.74219 ]
[GRF_A][4][ 1.75 2.75 1.75781 2.75781 1.76562 2.76562 1.77344 2.77344 1.78125 2.78125 1.78906 2.78906 1.79688 2.79688 1.80469 2.80469 ]
[GRF_A][5][ 1.8125 2.8125 1.82031 2.82031 1.82812 2.82812 1.83594 2.83594 1.84375 2.84375 1.85156 2.85156 1.85938 2.85938 1.86719 2.86719 ]
[GRF_A][6][ 1.875 2.875 1.88281 2.88281 1.89062 2.89062 1.89844 2.89844 1.90625 2.90625 1.91406 2.91406 1.92188 2.92188 1.92969 2.92969 ]
[GRF_A][7][ 1.9375 2.9375 1.94531 2.94531 1.95312 2.95312 1.96094 2.96094 1.96875 2.96875 1.97656 2.97656 1.98438 2.98438 1.99219 2.99219 ]
[GRF_B][0][ 12.3438 0 0 0 0 0 0 0 0 0 0 0 0 0 0 0 ]
[GRF_B][1][ 0 22.3125 0 0 0 0 0 0 0 0 0 0 0 0 0 0 ]
[GRF_B][2][ 0 0 15.3594 0 0 0 0 0 0 0 0 0 0 0 0 0 ]
[GRF_B][3][ 0 0 0 27.3438 0 0 0 0 0 0 0 0 0 0 0 0 ]
[GRF_B][4][ 0 0 0 0 18.4062 0 0 0 0 0 0 0 0 0 0 0 ]
[GRF_B][5][ 0 0 0 0 0 32.4062 0 0 0 0 0 0 0 0 0 0 ]
[GRF_B][6][ 0 0 0 0 0 0 21.4844 0 0 0 0 0 0 0 0 0 ]
[GRF_B][7][ 0 0 0 0 0 0 0 37.4688 0 0 0 0 0 0 0 0 ]
[M_OUT][0000000000000000000000000000000000000000000000000000000000000000000000000000000000000000000000000000000000000000000000000000000000000000000000000000000000000000000000000000000000000000000000000000000000000000000000000000000000000000000000000000000000000000]
[A_OUT][0000000000000000000000000000000000000000000000000000000000000000000000000000000000000000000000000000000000000000000000000000000000000000000000000000000000000000000000000000000000000000000000000000000000000000000000000000000000000000000000000000000000000000]

----------
WRITE ch0 ra0 bg0 b1 r2 c6|| [4] NOP 8x @ 4030
[BANK_R][ 0 0 0 0 0 0 21.4844 0 0 0 0 0 0 0 0 0 ]
[CMD]00000000000000000000000000000111(NOP 8x)
[SRF][0000000000000000000000000000000000000000000000000000000000000000000000000000000000000000000000000000000000000000000000000000000000000000000000000000000000000000000000000000000000000000000000000000000000000000000000000000000000000000000000000000000000000000]
[GRF_A][0][ 1.5 2.5 1.50781 2.50781 1.51562 2.51562 1.52344 2.52344 1.53125 2.53125 1.53906 2.53906 1.54688 2.54688 1.55469 2.55469 ]
[GRF_A][1][ 1.5625 2.5625 1.57031 2.57031 1.57812 2.57812 1.58594 2.58594 1.59375 2.59375 1.60156 2.60156 1.60938 2.60938 1.61719 2.61719 ]
[GRF_A][2][ 1.625 2.625 1.63281 2.63281 1.64062 2.64062 1.64844 2.64844 1.65625 2.65625 1.66406 2.66406 1.67188 2.67188 1.67969 2.67969 ]
[GRF_A][3][ 1.6875 2.6875 1.69531 2.69531 1.70312 2.70312 1.71094 2.71094 1.71875 2.71875 1.72656 2.72656 1.73438 2.73438 1.74219 2.74219 ]
[GRF_A][4][ 1.75 2.75 1.75781 2.75781 1.76562 2.76562 1.77344 2.77344 1.78125 2.78125 1.78906 2.78906 1.79688 2.79688 1.80469 2.80469 ]
[GRF_A][5][ 1.8125 2.8125 1.82031 2.82031 1.82812 2.82812 1.83594 2.83594 1.84375 2.84375 1.85156 2.85156 1.85938 2.85938 1.86719 2.86719 ]
[GRF_A][6][ 1.875 2.875 1.88281 2.88281 1.89062 2.89062 1.89844 2.89844 1.90625 2.90625 1.91406 2.91406 1.92188 2.92188 1.92969 2.92969 ]
[GRF_A][7][ 1.9375 2.9375 1.94531 2.94531 1.95312 2.95312 1.96094 2.96094 1.96875 2.96875 1.97656 2.97656 1.98438 2.98438 1.99219 2.99219 ]
[GRF_B][0][ 12.3438 0 0 0 0 0 0 0 0 0 0 0 0 0 0 0 ]
[GRF_B][1][ 0 22.3125 0 0 0 0 0 0 0 0 0 0 0 0 0 0 ]
[GRF_B][2][ 0 0 15.3594 0 0 0 0 0 0 0 0 0 0 0 0 0 ]
[GRF_B][3][ 0 0 0 27.3438 0 0 0 0 0 0 0 0 0 0 0 0 ]
[GRF_B][4][ 0 0 0 0 18.4062 0 0 0 0 0 0 0 0 0 0 0 ]
[GRF_B][5][ 0 0 0 0 0 32.4062 0 0 0 0 0 0 0 0 0 0 ]
[GRF_B][6][ 0 0 0 0 0 0 21.4844 0 0 0 0 0 0 0 0 0 ]
[GRF_B][7][ 0 0 0 0 0 0 0 37.4688 0 0 0 0 0 0 0 0 ]
[M_OUT][0000000000000000000000000000000000000000000000000000000000000000000000000000000000000000000000000000000000000000000000000000000000000000000000000000000000000000000000000000000000000000000000000000000000000000000000000000000000000000000000000000000000000000]
[A_OUT][0000000000000000000000000000000000000000000000000000000000000000000000000000000000000000000000000000000000000000000000000000000000000000000000000000000000000000000000000000000000000000000000000000000000000000000000000000000000000000000000000000000000000000]

----------
WRITE ch0 ra0 bg0 b1 r2 c7|| [4] NOP 8x @ 4034
[BANK_R][ 0 0 0 0 0 0 0 37.4688 0 0 0 0 0 0 0 0 ]
[CMD]00000000000000000000000000000111(NOP 8x)
[SRF][0000000000000000000000000000000000000000000000000000000000000000000000000000000000000000000000000000000000000000000000000000000000000000000000000000000000000000000000000000000000000000000000000000000000000000000000000000000000000000000000000000000000000000]
[GRF_A][0][ 1.5 2.5 1.50781 2.50781 1.51562 2.51562 1.52344 2.52344 1.53125 2.53125 1.53906 2.53906 1.54688 2.54688 1.55469 2.55469 ]
[GRF_A][1][ 1.5625 2.5625 1.57031 2.57031 1.57812 2.57812 1.58594 2.58594 1.59375 2.59375 1.60156 2.60156 1.60938 2.60938 1.61719 2.61719 ]
[GRF_A][2][ 1.625 2.625 1.63281 2.63281 1.64062 2.64062 1.64844 2.64844 1.65625 2.65625 1.66406 2.66406 1.67188 2.67188 1.67969 2.67969 ]
[GRF_A][3][ 1.6875 2.6875 1.69531 2.69531 1.70312 2.70312 1.71094 2.71094 1.71875 2.71875 1.72656 2.72656 1.73438 2.73438 1.74219 2.74219 ]
[GRF_A][4][ 1.75 2.75 1.75781 2.75781 1.76562 2.76562 1.77344 2.77344 1.78125 2.78125 1.78906 2.78906 1.79688 2.79688 1.80469 2.80469 ]
[GRF_A][5][ 1.8125 2.8125 1.82031 2.82031 1.82812 2.82812 1.83594 2.83594 1.84375 2.84375 1.85156 2.85156 1.85938 2.85938 1.86719 2.86719 ]
[GRF_A][6][ 1.875 2.875 1.88281 2.88281 1.89062 2.89062 1.89844 2.89844 1.90625 2.90625 1.91406 2.91406 1.92188 2.92188 1.92969 2.92969 ]
[GRF_A][7][ 1.9375 2.9375 1.94531 2.94531 1.95312 2.95312 1.96094 2.96094 1.96875 2.96875 1.97656 2.97656 1.98438 2.98438 1.99219 2.99219 ]
[GRF_B][0][ 12.3438 0 0 0 0 0 0 0 0 0 0 0 0 0 0 0 ]
[GRF_B][1][ 0 22.3125 0 0 0 0 0 0 0 0 0 0 0 0 0 0 ]
[GRF_B][2][ 0 0 15.3594 0 0 0 0 0 0 0 0 0 0 0 0 0 ]
[GRF_B][3][ 0 0 0 27.3438 0 0 0 0 0 0 0 0 0 0 0 0 ]
[GRF_B][4][ 0 0 0 0 18.4062 0 0 0 0 0 0 0 0 0 0 0 ]
[GRF_B][5][ 0 0 0 0 0 32.4062 0 0 0 0 0 0 0 0 0 0 ]
[GRF_B][6][ 0 0 0 0 0 0 21.4844 0 0 0 0 0 0 0 0 0 ]
[GRF_B][7][ 0 0 0 0 0 0 0 37.4688 0 0 0 0 0 0 0 0 ]
[M_OUT][0000000000000000000000000000000000000000000000000000000000000000000000000000000000000000000000000000000000000000000000000000000000000000000000000000000000000000000000000000000000000000000000000000000000000000000000000000000000000000000000000000000000000000]
[A_OUT][0000000000000000000000000000000000000000000000000000000000000000000000000000000000000000000000000000000000000000000000000000000000000000000000000000000000000000000000000000000000000000000000000000000000000000000000000000000000000000000000000000000000000000]

----------
ACTIVATE ch[0] ra[0] bg[0] ba[0] ro[16383] co[0] @4034 tag : PIMBAR
HAB mode ch[0] ra[0] @4045
PRECHARGE ch[0] ra[0] bg[0] ba[1] ro[2] @4059
PRECHARGE ch[0] ra[0] bg[0] ba[0] ro[1] @4070
ACTIVATE ch[0] ra[0] bg[0] ba[0] ro[12287] co[31] @4084 tag : START_HAB_TO_SB
WRITE ch[0] ra[0] bg[0] ba[0] ro[12287] co[31] @4095
ACTIVATE ch[0] ra[0] bg[0] ba[1] ro[12287] co[31] @4095 tag : END_HAB_TO_SBBAR
WRITE ch[0] ra[0] bg[0] ba[1] ro[12287] co[31] @4106
PRECHARGE ch[0] ra[0] bg[0] ba[0] ro[1] @4120
PRECHARGE ch[0] ra[0] bg[0] ba[1] ro[2] @4131
SB mode ch[0] ra[0] @4131
ACTIVATE ch[0] ra[0] bg[1] ba[4] ro[8192] co[0] @4132 tag : PARK_OUT_
ACTIVATE ch[0] ra[0] bg[0] ba[0] ro[8192] co[0] @4136 tag : START_PARK_OUT_
ACTIVATE ch[0] ra[0] bg[2] ba[8] ro[8192] co[0] @4140 tag : PARK_OUT_
ACTIVATE ch[0] ra[0] bg[3] ba[12] ro[8192] co[0] @4144 tag : PARK_OUT_
READ ch[0] ra[0] bg[1] ba[4] ro[8192] co[0] @4146
ACTIVATE ch[0] ra[0] bg[0] ba[1] ro[8192] co[0] @4148 tag : PARK_OUT_
READ ch[0] ra[0] bg[0] ba[0] ro[8192] co[0] @4150
ACTIVATE ch[0] ra[0] bg[1] ba[5] ro[8192] co[0] @4152 tag : PARK_OUT_
READ ch[0] ra[0] bg[2] ba[8] ro[8192] co[0] @4154
ACTIVATE ch[0] ra[0] bg[2] ba[9] ro[8192] co[0] @4156 tag : PARK_OUT_
READ ch[0] ra[0] bg[3] ba[12] ro[8192] co[0] @4158
ACTIVATE ch[0] ra[0] bg[3] ba[13] ro[8192] co[0] @4160 tag : PARK_OUT_
READ ch[0] ra[0] bg[0] ba[1] ro[8192] co[0] @4162
ACTIVATE ch[0] ra[0] bg[0] ba[2] ro[8192] co[0] @4164 tag : PARK_OUT_
PRECHARGE ch[0] ra[0] bg[1] ba[4] ro[1] @4165
READ ch[0] ra[0] bg[1] ba[5] ro[8192] co[0] @4166
ACTIVATE ch[0] ra[0] bg[1] ba[6] ro[8192] co[0] @4168 tag : PARK_OUT_
PRECHARGE ch[0] ra[0] bg[0] ba[0] ro[1] @4169
READ ch[0] ra[0] bg[2] ba[9] ro[8192] co[0] @4170
ACTIVATE ch[0] ra[0] bg[2] ba[10] ro[8192] co[0] @4172 tag : PARK_OUT_
PRECHARGE ch[0] ra[0] bg[2] ba[8] ro[1] @4173
READ ch[0] ra[0] bg[3] ba[13] ro[8192] co[0] @4174
ACTIVATE ch[0] ra[0] bg[3] ba[14] ro[8192] co[0] @4176 tag : PARK_OUT_
PRECHARGE ch[0] ra[0] bg[3] ba[12] ro[1] @4177
READ ch[0] ra[0] bg[0] ba[2] ro[8192] co[0] @4178
ACTIVATE ch[0] ra[0] bg[0] ba[3] ro[8192] co[0] @4180 tag : PARK_OUT_
PRECHARGE ch[0] ra[0] bg[0] ba[1] ro[2] @4181
READ ch[0] ra[0] bg[1] ba[6] ro[8192] co[0] @4182
ACTIVATE ch[0] ra[0] bg[1] ba[7] ro[8192] co[0] @4184 tag : PARK_OUT_
PRECHARGE ch[0] ra[0] bg[1] ba[5] ro[2] @4185
READ ch[0] ra[0] bg[2] ba[10] ro[8192] co[0] @4186
ACTIVATE ch[0] ra[0] bg[2] ba[11] ro[8192] co[0] @4188 tag : PARK_OUT_
PRECHARGE ch[0] ra[0] bg[2] ba[9] ro[2] @4189
READ ch[0] ra[0] bg[3] ba[14] ro[8192] co[0] @4190
PRECHARGE ch[0] ra[0] bg[3] ba[13] ro[2] @4193
READ ch[0] ra[0] bg[0] ba[3] ro[8192] co[0] @4194
PRECHARGE ch[0] ra[0] bg[0] ba[2] ro[1] @4197
READ ch[0] ra[0] bg[1] ba[7] ro[8192] co[0] @4198
PRECHARGE ch[0] ra[0] bg[1] ba[6] ro[1] @4201
READ ch[0] ra[0] bg[2] ba[11] ro[8192] co[0] @4202
ACTIVATE ch[0] ra[0] bg[3] ba[15] ro[8192] co[0] @4203 tag : END_PARK_OUT_BAR
PRECHARGE ch[0] ra[0] bg[2] ba[10] ro[1] @4205
ACTIVATE ch[0] ra[0] bg[0] ba[1] ro[2] co[0] @4207 tag : output
PRECHARGE ch[0] ra[0] bg[3] ba[14] ro[1] @4209
PRECHARGE ch[0] ra[0] bg[0] ba[3] ro[2] @4213
READ ch[0] ra[0] bg[3] ba[15] ro[8192] co[0] @4217
PRECHARGE ch[0] ra[0] bg[1] ba[7] ro[2] @4218
READ ch[0] ra[0] bg[0] ba[1] ro[2] co[0] @4221
PRECHARGE ch[0] ra[0] bg[2] ba[11] ro[2] @4222
READ ch[0] ra[0] bg[0] ba[1] ro[2] co[1] @4225
ACTIVATE ch[0] ra[0] bg[0] ba[3] ro[2] co[0] @4227 tag : output
READ ch[0] ra[0] bg[0] ba[1] ro[2] co[2] @4229
READ ch[0] ra[0] bg[0] ba[1] ro[2] co[3] @4233
PRECHARGE ch[0] ra[0] bg[3] ba[15] ro[2] @4236
READ ch[0] ra[0] bg[0] ba[1] ro[2] co[4] @4237
READ ch[0] ra[0] bg[0] ba[1] ro[2] co[5] @4241
READ ch[0] ra[0] bg[0] ba[1] ro[2] co[6] @4245
READ ch[0] ra[0] bg[0] ba[1] ro[2] co[7] @4249
PRECHARGE ch[0] ra[0] bg[0] ba[1] ro[2] @4252
READ ch[0] ra[0] bg[0] ba[3] ro[2] co[0] @4253
READ ch[0] ra[0] bg[0] ba[3] ro[2] co[1] @4257
READ ch[0] ra[0] bg[0] ba[3] ro[2] co[2] @4261
READ ch[0] ra[0] bg[0] ba[3] ro[2] co[3] @4265
READ ch[0] ra[0] bg[0] ba[3] ro[2] co[4] @4269
READ ch[0] ra[0] bg[0] ba[3] ro[2] co[5] @4273
READ ch[0] ra[0] bg[0] ba[3] ro[2] co[6] @4277
READ ch[0] ra[0] bg[0] ba[3] ro[2] co[7] @4281
PRECHARGE ch[0] ra[0] bg[0] ba[3] ro[2] @4284
